arm,seed,readout,marker,protein,source_log1p_threshold,positive_fraction,auroc,model
rna_ridge,,ridge,CD4,ADT_CD4_A0001,3.386991167566789,0.25475938656795344,0.976126580080698,rna_ridge
rna_ridge,,ridge,CD8,ADT_CD8a_A0002,3.160783609736914,0.1723955579058699,0.9905694447166743,rna_ridge
rna_ridge,,ridge,CD19,ADT_CD19_A0093,3.1544484425404233,0.5658381808566896,0.9946926901317064,rna_ridge
totalvi,2026.0,likelihood_mean,CD4,ADT_CD4_A0001,3.386991167566789,0.25475938656795344,0.9843152114444382,totalVI
totalvi,2026.0,likelihood_mean,CD8,ADT_CD8a_A0002,3.160783609736914,0.1723955579058699,0.9935381916540897,totalVI
totalvi,2026.0,likelihood_mean,CD19,ADT_CD19_A0093,3.1544484425404233,0.5658381808566896,0.9946247097225857,totalVI
totalvi,2026.0,likelihood_pred_log,CD4,ADT_CD4_A0001,3.386991167566789,0.25475938656795344,0.9837670871131956,totalVI
totalvi,2026.0,likelihood_pred_log,CD8,ADT_CD8a_A0002,3.160783609736914,0.1723955579058699,0.9894443736647132,totalVI
totalvi,2026.0,likelihood_pred_log,CD19,ADT_CD19_A0093,3.1544484425404233,0.5658381808566896,0.9927989145901397,totalVI
totalvi,2026.0,helper_mean,CD4,ADT_CD4_A0001,3.386991167566789,0.25475938656795344,0.9843152114444383,totalVI
totalvi,2026.0,helper_mean,CD8,ADT_CD8a_A0002,3.160783609736914,0.1723955579058699,0.9935382529057802,totalVI
totalvi,2026.0,helper_mean,CD19,ADT_CD19_A0093,3.1544484425404233,0.5658381808566896,0.9946247097225858,totalVI
totalvi,2026.0,calibrated,CD4,ADT_CD4_A0001,3.386991167566789,0.25475938656795344,0.9843152114444382,totalVI
totalvi,2026.0,calibrated,CD8,ADT_CD8a_A0002,3.160783609736914,0.1723955579058699,0.9935381916540897,totalVI
totalvi,2026.0,calibrated,CD19,ADT_CD19_A0093,3.1544484425404233,0.5658381808566896,0.9946247097225857,totalVI
totalvi,2027.0,likelihood_mean,CD4,ADT_CD4_A0001,3.386991167566789,0.25475938656795344,0.985216845589583,totalVI
totalvi,2027.0,likelihood_mean,CD8,ADT_CD8a_A0002,3.160783609736914,0.1723955579058699,0.9938627031106059,totalVI
totalvi,2027.0,likelihood_mean,CD19,ADT_CD19_A0093,3.1544484425404233,0.5658381808566896,0.9946433145127324,totalVI
totalvi,2027.0,likelihood_pred_log,CD4,ADT_CD4_A0001,3.386991167566789,0.25475938656795344,0.9841644634443696,totalVI
totalvi,2027.0,likelihood_pred_log,CD8,ADT_CD8a_A0002,3.160783609736914,0.1723955579058699,0.9885946902134499,totalVI
totalvi,2027.0,likelihood_pred_log,CD19,ADT_CD19_A0093,3.1544484425404233,0.5658381808566896,0.9931956626293442,totalVI
totalvi,2027.0,helper_mean,CD4,ADT_CD4_A0001,3.386991167566789,0.25475938656795344,0.9852168455895831,totalVI
totalvi,2027.0,helper_mean,CD8,ADT_CD8a_A0002,3.160783609736914,0.1723955579058699,0.9938627031106059,totalVI
totalvi,2027.0,helper_mean,CD19,ADT_CD19_A0093,3.1544484425404233,0.5658381808566896,0.9946433145127322,totalVI
totalvi,2027.0,calibrated,CD4,ADT_CD4_A0001,3.386991167566789,0.25475938656795344,0.985216845589583,totalVI
totalvi,2027.0,calibrated,CD8,ADT_CD8a_A0002,3.160783609736914,0.1723955579058699,0.9938627031106059,totalVI
totalvi,2027.0,calibrated,CD19,ADT_CD19_A0093,3.1544484425404233,0.5658381808566896,0.9946433145127324,totalVI
totalvi,2028.0,likelihood_mean,CD4,ADT_CD4_A0001,3.386991167566789,0.25475938656795344,0.9849498720322092,totalVI
totalvi,2028.0,likelihood_mean,CD8,ADT_CD8a_A0002,3.160783609736914,0.1723955579058699,0.992883656088908,totalVI
totalvi,2028.0,likelihood_mean,CD19,ADT_CD19_A0093,3.1544484425404233,0.5658381808566896,0.9952041617812788,totalVI
totalvi,2028.0,likelihood_pred_log,CD4,ADT_CD4_A0001,3.386991167566789,0.25475938656795344,0.9836036808841133,totalVI
totalvi,2028.0,likelihood_pred_log,CD8,ADT_CD8a_A0002,3.160783609736914,0.1723955579058699,0.9907165100256767,totalVI
totalvi,2028.0,likelihood_pred_log,CD19,ADT_CD19_A0093,3.1544484425404233,0.5658381808566896,0.9935843355493074,totalVI
totalvi,2028.0,helper_mean,CD4,ADT_CD4_A0001,3.386991167566789,0.25475938656795344,0.9849498720322092,totalVI
totalvi,2028.0,helper_mean,CD8,ADT_CD8a_A0002,3.160783609736914,0.1723955579058699,0.992883656088908,totalVI
totalvi,2028.0,helper_mean,CD19,ADT_CD19_A0093,3.1544484425404233,0.5658381808566896,0.9952041617812787,totalVI
totalvi,2028.0,calibrated,CD4,ADT_CD4_A0001,3.386991167566789,0.25475938656795344,0.9849498720322092,totalVI
totalvi,2028.0,calibrated,CD8,ADT_CD8a_A0002,3.160783609736914,0.1723955579058699,0.992883656088908,totalVI
totalvi,2028.0,calibrated,CD19,ADT_CD19_A0093,3.1544484425404233,0.5658381808566896,0.9952041617812788,totalVI
totalvi,2029.0,likelihood_mean,CD4,ADT_CD4_A0001,3.386991167566789,0.25475938656795344,0.9843053610407696,totalVI
totalvi,2029.0,likelihood_mean,CD8,ADT_CD8a_A0002,3.160783609736914,0.1723955579058699,0.9937364021246986,totalVI
totalvi,2029.0,likelihood_mean,CD19,ADT_CD19_A0093,3.1544484425404233,0.5658381808566896,0.9950157660477876,totalVI
totalvi,2029.0,likelihood_pred_log,CD4,ADT_CD4_A0001,3.386991167566789,0.25475938656795344,0.9825275012683545,totalVI
totalvi,2029.0,likelihood_pred_log,CD8,ADT_CD8a_A0002,3.160783609736914,0.1723955579058699,0.990000784021639,totalVI
totalvi,2029.0,likelihood_pred_log,CD19,ADT_CD19_A0093,3.1544484425404233,0.5658381808566896,0.9935342128928705,totalVI
totalvi,2029.0,helper_mean,CD4,ADT_CD4_A0001,3.386991167566789,0.25475938656795344,0.9843053150108462,totalVI
totalvi,2029.0,helper_mean,CD8,ADT_CD8a_A0002,3.160783609736914,0.1723955579058699,0.9937364021246987,totalVI
totalvi,2029.0,helper_mean,CD19,ADT_CD19_A0093,3.1544484425404233,0.5658381808566896,0.9950157660477876,totalVI
totalvi,2029.0,calibrated,CD4,ADT_CD4_A0001,3.386991167566789,0.25475938656795344,0.9843053610407696,totalVI
totalvi,2029.0,calibrated,CD8,ADT_CD8a_A0002,3.160783609736914,0.1723955579058699,0.9937364021246986,totalVI
totalvi,2029.0,calibrated,CD19,ADT_CD19_A0093,3.1544484425404233,0.5658381808566896,0.9950157660477876,totalVI
totalvi,2030.0,likelihood_mean,CD4,ADT_CD4_A0001,3.386991167566789,0.25475938656795344,0.9838107234808492,totalVI
totalvi,2030.0,likelihood_mean,CD8,ADT_CD8a_A0002,3.160783609736914,0.1723955579058699,0.9938329347890003,totalVI
totalvi,2030.0,likelihood_mean,CD19,ADT_CD19_A0093,3.1544484425404233,0.5658381808566896,0.9949832521315468,totalVI
totalvi,2030.0,likelihood_pred_log,CD4,ADT_CD4_A0001,3.386991167566789,0.25475938656795344,0.982203910904848,totalVI
totalvi,2030.0,likelihood_pred_log,CD8,ADT_CD8a_A0002,3.160783609736914,0.1723955579058699,0.9911125022050609,totalVI
totalvi,2030.0,likelihood_pred_log,CD19,ADT_CD19_A0093,3.1544484425404233,0.5658381808566896,0.9933497657859689,totalVI
totalvi,2030.0,helper_mean,CD4,ADT_CD4_A0001,3.386991167566789,0.25475938656795344,0.9838106774509253,totalVI
totalvi,2030.0,helper_mean,CD8,ADT_CD8a_A0002,3.160783609736914,0.1723955579058699,0.9938329347890001,totalVI
totalvi,2030.0,helper_mean,CD19,ADT_CD19_A0093,3.1544484425404233,0.5658381808566896,0.9949832521315468,totalVI
totalvi,2030.0,calibrated,CD4,ADT_CD4_A0001,3.386991167566789,0.25475938656795344,0.9838107234808492,totalVI
totalvi,2030.0,calibrated,CD8,ADT_CD8a_A0002,3.160783609736914,0.1723955579058699,0.9938329347890003,totalVI
totalvi,2030.0,calibrated,CD19,ADT_CD19_A0093,3.1544484425404233,0.5658381808566896,0.9949832521315468,totalVI
totalvi,2031.0,likelihood_mean,CD4,ADT_CD4_A0001,3.386991167566789,0.25475938656795344,0.9860528410635527,totalVI
totalvi,2031.0,likelihood_mean,CD8,ADT_CD8a_A0002,3.160783609736914,0.1723955579058699,0.9927349982359512,totalVI
totalvi,2031.0,likelihood_mean,CD19,ADT_CD19_A0093,3.1544484425404233,0.5658381808566896,0.9947418523114049,totalVI
totalvi,2031.0,likelihood_pred_log,CD4,ADT_CD4_A0001,3.386991167566789,0.25475938656795344,0.9841131861093843,totalVI
totalvi,2031.0,likelihood_pred_log,CD8,ADT_CD8a_A0002,3.160783609736914,0.1723955579058699,0.9888595425233736,totalVI
totalvi,2031.0,likelihood_pred_log,CD19,ADT_CD19_A0093,3.1544484425404233,0.5658381808566896,0.9930612314592415,totalVI
totalvi,2031.0,helper_mean,CD4,ADT_CD4_A0001,3.386991167566789,0.25475938656795344,0.9860528410635526,totalVI
totalvi,2031.0,helper_mean,CD8,ADT_CD8a_A0002,3.160783609736914,0.1723955579058699,0.9927349982359512,totalVI
totalvi,2031.0,helper_mean,CD19,ADT_CD19_A0093,3.1544484425404233,0.5658381808566896,0.9947418523114051,totalVI
totalvi,2031.0,calibrated,CD4,ADT_CD4_A0001,3.386991167566789,0.25475938656795344,0.9860528410635527,totalVI
totalvi,2031.0,calibrated,CD8,ADT_CD8a_A0002,3.160783609736914,0.1723955579058699,0.9927349982359512,totalVI
totalvi,2031.0,calibrated,CD19,ADT_CD19_A0093,3.1544484425404233,0.5658381808566896,0.9947418523114049,totalVI
totalvi,2032.0,likelihood_mean,CD4,ADT_CD4_A0001,3.386991167566789,0.25475938656795344,0.9839740376500841,totalVI
totalvi,2032.0,likelihood_mean,CD8,ADT_CD8a_A0002,3.160783609736914,0.1723955579058699,0.992733283188616,totalVI
totalvi,2032.0,likelihood_mean,CD19,ADT_CD19_A0093,3.1544484425404233,0.5658381808566896,0.9948942479538289,totalVI
totalvi,2032.0,likelihood_pred_log,CD4,ADT_CD4_A0001,3.386991167566789,0.25475938656795344,0.9803385482475073,totalVI
totalvi,2032.0,likelihood_pred_log,CD8,ADT_CD8a_A0002,3.160783609736914,0.1723955579058699,0.9896356626942904,totalVI
totalvi,2032.0,likelihood_pred_log,CD19,ADT_CD19_A0093,3.1544484425404233,0.5658381808566896,0.9941739615467803,totalVI
totalvi,2032.0,helper_mean,CD4,ADT_CD4_A0001,3.386991167566789,0.25475938656795344,0.983974037650084,totalVI
totalvi,2032.0,helper_mean,CD8,ADT_CD8a_A0002,3.160783609736914,0.1723955579058699,0.9927332831886159,totalVI
totalvi,2032.0,helper_mean,CD19,ADT_CD19_A0093,3.1544484425404233,0.5658381808566896,0.9948942479538287,totalVI
totalvi,2032.0,calibrated,CD4,ADT_CD4_A0001,3.386991167566789,0.25475938656795344,0.9839740376500841,totalVI
totalvi,2032.0,calibrated,CD8,ADT_CD8a_A0002,3.160783609736914,0.1723955579058699,0.992733283188616,totalVI
totalvi,2032.0,calibrated,CD19,ADT_CD19_A0093,3.1544484425404233,0.5658381808566896,0.9948942479538289,totalVI
totalvi,2033.0,likelihood_mean,CD4,ADT_CD4_A0001,3.386991167566789,0.25475938656795344,0.9851449468487868,totalVI
totalvi,2033.0,likelihood_mean,CD8,ADT_CD8a_A0002,3.160783609736914,0.1723955579058699,0.9933203806425058,totalVI
totalvi,2033.0,likelihood_mean,CD19,ADT_CD19_A0093,3.1544484425404233,0.5658381808566896,0.9948158445934407,totalVI
totalvi,2033.0,likelihood_pred_log,CD4,ADT_CD4_A0001,3.386991167566789,0.25475938656795344,0.9840066728659768,totalVI
totalvi,2033.0,likelihood_pred_log,CD8,ADT_CD8a_A0002,3.160783609736914,0.1723955579058699,0.9926971446911935,totalVI
totalvi,2033.0,likelihood_pred_log,CD19,ADT_CD19_A0093,3.1544484425404233,0.5658381808566896,0.992917231094972,totalVI
totalvi,2033.0,helper_mean,CD4,ADT_CD4_A0001,3.386991167566789,0.25475938656795344,0.9851449468487868,totalVI
totalvi,2033.0,helper_mean,CD8,ADT_CD8a_A0002,3.160783609736914,0.1723955579058699,0.9933203806425057,totalVI
totalvi,2033.0,helper_mean,CD19,ADT_CD19_A0093,3.1544484425404233,0.5658381808566896,0.9948158090202284,totalVI
totalvi,2033.0,calibrated,CD4,ADT_CD4_A0001,3.386991167566789,0.25475938656795344,0.9851449468487868,totalVI
totalvi,2033.0,calibrated,CD8,ADT_CD8a_A0002,3.160783609736914,0.1723955579058699,0.9933203806425058,totalVI
totalvi,2033.0,calibrated,CD19,ADT_CD19_A0093,3.1544484425404233,0.5658381808566896,0.9948158445934407,totalVI
totalvi,2034.0,likelihood_mean,CD4,ADT_CD4_A0001,3.386991167566789,0.25475938656795344,0.9860646247240162,totalVI
totalvi,2034.0,likelihood_mean,CD8,ADT_CD8a_A0002,3.160783609736914,0.1723955579058699,0.993486005213744,totalVI
totalvi,2034.0,likelihood_mean,CD19,ADT_CD19_A0093,3.1544484425404233,0.5658381808566896,0.9951631458672464,totalVI
totalvi,2034.0,likelihood_pred_log,CD4,ADT_CD4_A0001,3.386991167566789,0.25475938656795344,0.9821329787924491,totalVI
totalvi,2034.0,likelihood_pred_log,CD8,ADT_CD8a_A0002,3.160783609736914,0.1723955579058699,0.989938491052353,totalVI
totalvi,2034.0,likelihood_pred_log,CD19,ADT_CD19_A0093,3.1544484425404233,0.5658381808566896,0.9937109406126561,totalVI
totalvi,2034.0,helper_mean,CD4,ADT_CD4_A0001,3.386991167566789,0.25475938656795344,0.9860646247240162,totalVI
totalvi,2034.0,helper_mean,CD8,ADT_CD8a_A0002,3.160783609736914,0.1723955579058699,0.9934860052137439,totalVI
totalvi,2034.0,helper_mean,CD19,ADT_CD19_A0093,3.1544484425404233,0.5658381808566896,0.995163181440459,totalVI
totalvi,2034.0,calibrated,CD4,ADT_CD4_A0001,3.386991167566789,0.25475938656795344,0.9860646247240162,totalVI
totalvi,2034.0,calibrated,CD8,ADT_CD8a_A0002,3.160783609736914,0.1723955579058699,0.993486005213744,totalVI
totalvi,2034.0,calibrated,CD19,ADT_CD19_A0093,3.1544484425404233,0.5658381808566896,0.9951631458672464,totalVI
totalvi,2035.0,likelihood_mean,CD4,ADT_CD4_A0001,3.386991167566789,0.25475938656795344,0.9841007580299893,totalVI
totalvi,2035.0,likelihood_mean,CD8,ADT_CD8a_A0002,3.160783609736914,0.1723955579058699,0.9931352780336736,totalVI
totalvi,2035.0,likelihood_mean,CD19,ADT_CD19_A0093,3.1544484425404233,0.5658381808566896,0.9950312048220202,totalVI
totalvi,2035.0,likelihood_pred_log,CD4,ADT_CD4_A0001,3.386991167566789,0.25475938656795344,0.9819761548424539,totalVI
totalvi,2035.0,likelihood_pred_log,CD8,ADT_CD8a_A0002,3.160783609736914,0.1723955579058699,0.9905964567122053,totalVI
totalvi,2035.0,likelihood_pred_log,CD19,ADT_CD19_A0093,3.1544484425404233,0.5658381808566896,0.9926640209682744,totalVI
totalvi,2035.0,helper_mean,CD4,ADT_CD4_A0001,3.386991167566789,0.25475938656795344,0.9841006659701419,totalVI
totalvi,2035.0,helper_mean,CD8,ADT_CD8a_A0002,3.160783609736914,0.1723955579058699,0.9931352167819831,totalVI
totalvi,2035.0,helper_mean,CD19,ADT_CD19_A0093,3.1544484425404233,0.5658381808566896,0.9950312403952327,totalVI
totalvi,2035.0,calibrated,CD4,ADT_CD4_A0001,3.386991167566789,0.25475938656795344,0.9841007580299893,totalVI
totalvi,2035.0,calibrated,CD8,ADT_CD8a_A0002,3.160783609736914,0.1723955579058699,0.9931352780336736,totalVI
totalvi,2035.0,calibrated,CD19,ADT_CD19_A0093,3.1544484425404233,0.5658381808566896,0.9950312048220202,totalVI
totalvi,2036.0,likelihood_mean,CD4,ADT_CD4_A0001,3.386991167566789,0.25475938656795344,0.9843607810688867,totalVI
totalvi,2036.0,likelihood_mean,CD8,ADT_CD8a_A0002,3.160783609736914,0.1723955579058699,0.9932497574433053,totalVI
totalvi,2036.0,likelihood_mean,CD19,ADT_CD19_A0093,3.1544484425404233,0.5658381808566896,0.9952595848463806,totalVI
totalvi,2036.0,likelihood_pred_log,CD4,ADT_CD4_A0001,3.386991167566789,0.25475938656795344,0.9832711607154117,totalVI
totalvi,2036.0,likelihood_pred_log,CD8,ADT_CD8a_A0002,3.160783609736914,0.1723955579058699,0.9918886836276681,totalVI
totalvi,2036.0,likelihood_pred_log,CD19,ADT_CD19_A0093,3.1544484425404233,0.5658381808566896,0.9934423272849386,totalVI
totalvi,2036.0,helper_mean,CD4,ADT_CD4_A0001,3.386991167566789,0.25475938656795344,0.9843607810688866,totalVI
totalvi,2036.0,helper_mean,CD8,ADT_CD8a_A0002,3.160783609736914,0.1723955579058699,0.993249818694996,totalVI
totalvi,2036.0,helper_mean,CD19,ADT_CD19_A0093,3.1544484425404233,0.5658381808566896,0.9952595848463806,totalVI
totalvi,2036.0,calibrated,CD4,ADT_CD4_A0001,3.386991167566789,0.25475938656795344,0.9843607810688867,totalVI
totalvi,2036.0,calibrated,CD8,ADT_CD8a_A0002,3.160783609736914,0.1723955579058699,0.9932497574433053,totalVI
totalvi,2036.0,calibrated,CD19,ADT_CD19_A0093,3.1544484425404233,0.5658381808566896,0.9952595848463806,totalVI
totalvi,2037.0,likelihood_mean,CD4,ADT_CD4_A0001,3.386991167566789,0.25475938656795344,0.982923174492352,totalVI
totalvi,2037.0,likelihood_mean,CD8,ADT_CD8a_A0002,3.160783609736914,0.1723955579058699,0.9923933975577727,totalVI
totalvi,2037.0,likelihood_mean,CD19,ADT_CD19_A0093,3.1544484425404233,0.5658381808566896,0.994754302935786,totalVI
totalvi,2037.0,likelihood_pred_log,CD4,ADT_CD4_A0001,3.386991167566789,0.25475938656795344,0.9800383410852328,totalVI
totalvi,2037.0,likelihood_pred_log,CD8,ADT_CD8a_A0002,3.160783609736914,0.1723955579058699,0.9909837511515318,totalVI
totalvi,2037.0,likelihood_pred_log,CD19,ADT_CD19_A0093,3.1544484425404233,0.5658381808566896,0.9930461128439219,totalVI
totalvi,2037.0,helper_mean,CD4,ADT_CD4_A0001,3.386991167566789,0.25475938656795344,0.9829231744923521,totalVI
totalvi,2037.0,helper_mean,CD8,ADT_CD8a_A0002,3.160783609736914,0.1723955579058699,0.9923933975577726,totalVI
totalvi,2037.0,helper_mean,CD19,ADT_CD19_A0093,3.1544484425404233,0.5658381808566896,0.9947543029357861,totalVI
totalvi,2037.0,calibrated,CD4,ADT_CD4_A0001,3.386991167566789,0.25475938656795344,0.982923174492352,totalVI
totalvi,2037.0,calibrated,CD8,ADT_CD8a_A0002,3.160783609736914,0.1723955579058699,0.9923933975577727,totalVI
totalvi,2037.0,calibrated,CD19,ADT_CD19_A0093,3.1544484425404233,0.5658381808566896,0.994754302935786,totalVI
totalvi,2038.0,likelihood_mean,CD4,ADT_CD4_A0001,3.386991167566789,0.25475938656795344,0.9845470181401167,totalVI
totalvi,2038.0,likelihood_mean,CD8,ADT_CD8a_A0002,3.160783609736914,0.1723955579058699,0.9933672994374644,totalVI
totalvi,2038.0,likelihood_mean,CD19,ADT_CD19_A0093,3.1544484425404233,0.5658381808566896,0.995034086252234,totalVI
totalvi,2038.0,likelihood_pred_log,CD4,ADT_CD4_A0001,3.386991167566789,0.25475938656795344,0.98295212731435,totalVI
totalvi,2038.0,likelihood_pred_log,CD8,ADT_CD8a_A0002,3.160783609736914,0.1723955579058699,0.9892923469687763,totalVI
totalvi,2038.0,likelihood_pred_log,CD19,ADT_CD19_A0093,3.1544484425404233,0.5658381808566896,0.9940060204104865,totalVI
totalvi,2038.0,helper_mean,CD4,ADT_CD4_A0001,3.386991167566789,0.25475938656795344,0.9845470181401167,totalVI
totalvi,2038.0,helper_mean,CD8,ADT_CD8a_A0002,3.160783609736914,0.1723955579058699,0.9933672994374645,totalVI
totalvi,2038.0,helper_mean,CD19,ADT_CD19_A0093,3.1544484425404233,0.5658381808566896,0.995034086252234,totalVI
totalvi,2038.0,calibrated,CD4,ADT_CD4_A0001,3.386991167566789,0.25475938656795344,0.9845470181401167,totalVI
totalvi,2038.0,calibrated,CD8,ADT_CD8a_A0002,3.160783609736914,0.1723955579058699,0.9933672994374644,totalVI
totalvi,2038.0,calibrated,CD19,ADT_CD19_A0093,3.1544484425404233,0.5658381808566896,0.995034086252234,totalVI
totalvi,2039.0,likelihood_mean,CD4,ADT_CD4_A0001,3.386991167566789,0.25475938656795344,0.9849132322129558,totalVI
totalvi,2039.0,likelihood_mean,CD8,ADT_CD8a_A0002,3.160783609736914,0.1723955579058699,0.9924139781257963,totalVI
totalvi,2039.0,likelihood_mean,CD19,ADT_CD19_A0093,3.1544484425404233,0.5658381808566896,0.9953446759707218,totalVI
totalvi,2039.0,likelihood_pred_log,CD4,ADT_CD4_A0001,3.386991167566789,0.25475938656795344,0.9829074322584517,totalVI
totalvi,2039.0,likelihood_pred_log,CD8,ADT_CD8a_A0002,3.160783609736914,0.1723955579058699,0.9887820591348321,totalVI
totalvi,2039.0,likelihood_pred_log,CD19,ADT_CD19_A0093,3.1544484425404233,0.5658381808566896,0.9933124494860383,totalVI
totalvi,2039.0,helper_mean,CD4,ADT_CD4_A0001,3.386991167566789,0.25475938656795344,0.9849131861830323,totalVI
totalvi,2039.0,helper_mean,CD8,ADT_CD8a_A0002,3.160783609736914,0.1723955579058699,0.9924139168741057,totalVI
totalvi,2039.0,helper_mean,CD19,ADT_CD19_A0093,3.1544484425404233,0.5658381808566896,0.9953446759707217,totalVI
totalvi,2039.0,calibrated,CD4,ADT_CD4_A0001,3.386991167566789,0.25475938656795344,0.9849132322129558,totalVI
totalvi,2039.0,calibrated,CD8,ADT_CD8a_A0002,3.160783609736914,0.1723955579058699,0.9924139781257963,totalVI
totalvi,2039.0,calibrated,CD19,ADT_CD19_A0093,3.1544484425404233,0.5658381808566896,0.9953446759707218,totalVI
totalvi,2040.0,likelihood_mean,CD4,ADT_CD4_A0001,3.386991167566789,0.25475938656795344,0.9852252230356937,totalVI
totalvi,2040.0,likelihood_mean,CD8,ADT_CD8a_A0002,3.160783609736914,0.1723955579058699,0.9933276083419902,totalVI
totalvi,2040.0,likelihood_mean,CD19,ADT_CD19_A0093,3.1544484425404233,0.5658381808566896,0.9954180279349325,totalVI
totalvi,2040.0,likelihood_pred_log,CD4,ADT_CD4_A0001,3.386991167566789,0.25475938656795344,0.9830374207629387,totalVI
totalvi,2040.0,likelihood_pred_log,CD8,ADT_CD8a_A0002,3.160783609736914,0.1723955579058699,0.9893042297967425,totalVI
totalvi,2040.0,likelihood_pred_log,CD19,ADT_CD19_A0093,3.1544484425404233,0.5658381808566896,0.9933139435609639,totalVI
totalvi,2040.0,helper_mean,CD4,ADT_CD4_A0001,3.386991167566789,0.25475938656795344,0.9852252230356938,totalVI
totalvi,2040.0,helper_mean,CD8,ADT_CD8a_A0002,3.160783609736914,0.1723955579058699,0.9933276695936809,totalVI
totalvi,2040.0,helper_mean,CD19,ADT_CD19_A0093,3.1544484425404233,0.5658381808566896,0.9954180279349323,totalVI
totalvi,2040.0,calibrated,CD4,ADT_CD4_A0001,3.386991167566789,0.25475938656795344,0.9852252230356937,totalVI
totalvi,2040.0,calibrated,CD8,ADT_CD8a_A0002,3.160783609736914,0.1723955579058699,0.9933276083419902,totalVI
totalvi,2040.0,calibrated,CD19,ADT_CD19_A0093,3.1544484425404233,0.5658381808566896,0.9954180279349325,totalVI
totalvi,2041.0,likelihood_mean,CD4,ADT_CD4_A0001,3.386991167566789,0.25475938656795344,0.9847950273689323,totalVI
totalvi,2041.0,likelihood_mean,CD8,ADT_CD8a_A0002,3.160783609736914,0.1723955579058699,0.992634239205002,totalVI
totalvi,2041.0,likelihood_mean,CD19,ADT_CD19_A0093,3.1544484425404233,0.5658381808566896,0.9952085017132059,totalVI
totalvi,2041.0,likelihood_pred_log,CD4,ADT_CD4_A0001,3.386991167566789,0.25475938656795344,0.9827762930058728,totalVI
totalvi,2041.0,likelihood_pred_log,CD8,ADT_CD8a_A0002,3.160783609736914,0.1723955579058699,0.9897506933691369,totalVI
totalvi,2041.0,likelihood_pred_log,CD19,ADT_CD19_A0093,3.1544484425404233,0.5658381808566896,0.9921868418955684,totalVI
totalvi,2041.0,helper_mean,CD4,ADT_CD4_A0001,3.386991167566789,0.25475938656795344,0.9847950273689323,totalVI
totalvi,2041.0,helper_mean,CD8,ADT_CD8a_A0002,3.160783609736914,0.1723955579058699,0.992634239205002,totalVI
totalvi,2041.0,helper_mean,CD19,ADT_CD19_A0093,3.1544484425404233,0.5658381808566896,0.995208501713206,totalVI
totalvi,2041.0,calibrated,CD4,ADT_CD4_A0001,3.386991167566789,0.25475938656795344,0.9847950273689323,totalVI
totalvi,2041.0,calibrated,CD8,ADT_CD8a_A0002,3.160783609736914,0.1723955579058699,0.992634239205002,totalVI
totalvi,2041.0,calibrated,CD19,ADT_CD19_A0093,3.1544484425404233,0.5658381808566896,0.9952085017132059,totalVI
fusionvi,2026.0,likelihood_mean,CD4,ADT_CD4_A0001,3.386991167566789,0.25475938656795344,0.9835171446275851,FusionVI
fusionvi,2026.0,likelihood_mean,CD8,ADT_CD8a_A0002,3.160783609736914,0.1723955579058699,0.9932178453125305,FusionVI
fusionvi,2026.0,likelihood_mean,CD19,ADT_CD19_A0093,3.1544484425404233,0.5658381808566896,0.9950919638689995,FusionVI
fusionvi,2026.0,likelihood_pred_log,CD4,ADT_CD4_A0001,3.386991167566789,0.25475938656795344,0.9828416554975057,FusionVI
fusionvi,2026.0,likelihood_pred_log,CD8,ADT_CD8a_A0002,3.160783609736914,0.1723955579058699,0.9877032331092339,FusionVI
fusionvi,2026.0,likelihood_pred_log,CD19,ADT_CD19_A0093,3.1544484425404233,0.5658381808566896,0.9930317412660649,FusionVI
fusionvi,2026.0,helper_mean,CD4,ADT_CD4_A0001,3.386991167566789,0.25475938656795344,0.9835171446275852,FusionVI
fusionvi,2026.0,helper_mean,CD8,ADT_CD8a_A0002,3.160783609736914,0.1723955579058699,0.9932178453125305,FusionVI
fusionvi,2026.0,helper_mean,CD19,ADT_CD19_A0093,3.1544484425404233,0.5658381808566896,0.9950919638689996,FusionVI
fusionvi,2026.0,calibrated,CD4,ADT_CD4_A0001,3.386991167566789,0.25475938656795344,0.9835171446275851,FusionVI
fusionvi,2026.0,calibrated,CD8,ADT_CD8a_A0002,3.160783609736914,0.1723955579058699,0.9932178453125305,FusionVI
fusionvi,2026.0,calibrated,CD19,ADT_CD19_A0093,3.1544484425404233,0.5658381808566896,0.9950919638689995,FusionVI
fusionvi,2027.0,likelihood_mean,CD4,ADT_CD4_A0001,3.386991167566789,0.25475938656795344,0.9846425762616872,FusionVI
fusionvi,2027.0,likelihood_mean,CD8,ADT_CD8a_A0002,3.160783609736914,0.1723955579058699,0.9926226013837981,FusionVI
fusionvi,2027.0,likelihood_mean,CD19,ADT_CD19_A0093,3.1544484425404233,0.5658381808566896,0.9946701011417578,FusionVI
fusionvi,2027.0,likelihood_pred_log,CD4,ADT_CD4_A0001,3.386991167566789,0.25475938656795344,0.9830117820954459,FusionVI
fusionvi,2027.0,likelihood_pred_log,CD8,ADT_CD8a_A0002,3.160783609736914,0.1723955579058699,0.9896692898724005,FusionVI
fusionvi,2027.0,likelihood_pred_log,CD19,ADT_CD19_A0093,3.1544484425404233,0.5658381808566896,0.9929167330699968,FusionVI
fusionvi,2027.0,helper_mean,CD4,ADT_CD4_A0001,3.386991167566789,0.25475938656795344,0.9846425762616872,FusionVI
fusionvi,2027.0,helper_mean,CD8,ADT_CD8a_A0002,3.160783609736914,0.1723955579058699,0.9926226013837982,FusionVI
fusionvi,2027.0,helper_mean,CD19,ADT_CD19_A0093,3.1544484425404233,0.5658381808566896,0.9946700655685454,FusionVI
fusionvi,2027.0,calibrated,CD4,ADT_CD4_A0001,3.386991167566789,0.25475938656795344,0.9846425762616872,FusionVI
fusionvi,2027.0,calibrated,CD8,ADT_CD8a_A0002,3.160783609736914,0.1723955579058699,0.9926226013837981,FusionVI
fusionvi,2027.0,calibrated,CD19,ADT_CD19_A0093,3.1544484425404233,0.5658381808566896,0.9946701011417578,FusionVI
fusionvi,2028.0,likelihood_mean,CD4,ADT_CD4_A0001,3.386991167566789,0.25475938656795344,0.9839900560635264,FusionVI
fusionvi,2028.0,likelihood_mean,CD8,ADT_CD8a_A0002,3.160783609736914,0.1723955579058699,0.9929994217840413,FusionVI
fusionvi,2028.0,likelihood_mean,CD19,ADT_CD19_A0093,3.1544484425404233,0.5658381808566896,0.9948145639577902,FusionVI
fusionvi,2028.0,likelihood_pred_log,CD4,ADT_CD4_A0001,3.386991167566789,0.25475938656795344,0.9836346590227535,FusionVI
fusionvi,2028.0,likelihood_pred_log,CD8,ADT_CD8a_A0002,3.160783609736914,0.1723955579058699,0.9899091514925811,FusionVI
fusionvi,2028.0,likelihood_pred_log,CD19,ADT_CD19_A0093,3.1544484425404233,0.5658381808566896,0.9934218371145287,FusionVI
fusionvi,2028.0,helper_mean,CD4,ADT_CD4_A0001,3.386991167566789,0.25475938656795344,0.9839900560635265,FusionVI
fusionvi,2028.0,helper_mean,CD8,ADT_CD8a_A0002,3.160783609736914,0.1723955579058699,0.9929994217840413,FusionVI
fusionvi,2028.0,helper_mean,CD19,ADT_CD19_A0093,3.1544484425404233,0.5658381808566896,0.9948146351042153,FusionVI
fusionvi,2028.0,calibrated,CD4,ADT_CD4_A0001,3.386991167566789,0.25475938656795344,0.9839900560635264,FusionVI
fusionvi,2028.0,calibrated,CD8,ADT_CD8a_A0002,3.160783609736914,0.1723955579058699,0.9929994217840413,FusionVI
fusionvi,2028.0,calibrated,CD19,ADT_CD19_A0093,3.1544484425404233,0.5658381808566896,0.9948145639577902,FusionVI
fusionvi,2029.0,likelihood_mean,CD4,ADT_CD4_A0001,3.386991167566789,0.25475938656795344,0.9823153953800134,FusionVI
fusionvi,2029.0,likelihood_mean,CD8,ADT_CD8a_A0002,3.160783609736914,0.1723955579058699,0.9924276985044788,FusionVI
fusionvi,2029.0,likelihood_mean,CD19,ADT_CD19_A0093,3.1544484425404233,0.5658381808566896,0.995179829703917,FusionVI
fusionvi,2029.0,likelihood_pred_log,CD4,ADT_CD4_A0001,3.386991167566789,0.25475938656795344,0.9820152802775862,FusionVI
fusionvi,2029.0,likelihood_pred_log,CD8,ADT_CD8a_A0002,3.160783609736914,0.1723955579058699,0.9899700356729846,FusionVI
fusionvi,2029.0,likelihood_pred_log,CD19,ADT_CD19_A0093,3.1544484425404233,0.5658381808566896,0.9931307415165003,FusionVI
fusionvi,2029.0,helper_mean,CD4,ADT_CD4_A0001,3.386991167566789,0.25475938656795344,0.9823153953800133,FusionVI
fusionvi,2029.0,helper_mean,CD8,ADT_CD8a_A0002,3.160783609736914,0.1723955579058699,0.9924276985044787,FusionVI
fusionvi,2029.0,helper_mean,CD19,ADT_CD19_A0093,3.1544484425404233,0.5658381808566896,0.9951798297039169,FusionVI
fusionvi,2029.0,calibrated,CD4,ADT_CD4_A0001,3.386991167566789,0.25475938656795344,0.9823153953800134,FusionVI
fusionvi,2029.0,calibrated,CD8,ADT_CD8a_A0002,3.160783609736914,0.1723955579058699,0.9924276985044788,FusionVI
fusionvi,2029.0,calibrated,CD19,ADT_CD19_A0093,3.1544484425404233,0.5658381808566896,0.995179829703917,FusionVI
fusionvi,2030.0,likelihood_mean,CD4,ADT_CD4_A0001,3.386991167566789,0.25475938656795344,0.9837592620261693,FusionVI
fusionvi,2030.0,likelihood_mean,CD8,ADT_CD8a_A0002,3.160783609736914,0.1723955579058699,0.9922461484936985,FusionVI
fusionvi,2030.0,likelihood_mean,CD19,ADT_CD19_A0093,3.1544484425404233,0.5658381808566896,0.9944303021161792,FusionVI
fusionvi,2030.0,likelihood_pred_log,CD4,ADT_CD4_A0001,3.386991167566789,0.25475938656795344,0.9819073401065446,FusionVI
fusionvi,2030.0,likelihood_pred_log,CD8,ADT_CD8a_A0002,3.160783609736914,0.1723955579058699,0.9905491091554127,FusionVI
fusionvi,2030.0,likelihood_pred_log,CD19,ADT_CD19_A0093,3.1544484425404233,0.5658381808566896,0.9929062389723041,FusionVI
fusionvi,2030.0,helper_mean,CD4,ADT_CD4_A0001,3.386991167566789,0.25475938656795344,0.983759262026169,FusionVI
fusionvi,2030.0,helper_mean,CD8,ADT_CD8a_A0002,3.160783609736914,0.1723955579058699,0.9922462709970794,FusionVI
fusionvi,2030.0,helper_mean,CD19,ADT_CD19_A0093,3.1544484425404233,0.5658381808566896,0.9944302665429666,FusionVI
fusionvi,2030.0,calibrated,CD4,ADT_CD4_A0001,3.386991167566789,0.25475938656795344,0.983759262026169,FusionVI
fusionvi,2030.0,calibrated,CD8,ADT_CD8a_A0002,3.160783609736914,0.1723955579058699,0.9922461484936985,FusionVI
fusionvi,2030.0,calibrated,CD19,ADT_CD19_A0093,3.1544484425404233,0.5658381808566896,0.9944303021161793,FusionVI
fusionvi,2031.0,likelihood_mean,CD4,ADT_CD4_A0001,3.386991167566789,0.25475938656795344,0.9841846705808673,FusionVI
fusionvi,2031.0,likelihood_mean,CD8,ADT_CD8a_A0002,3.160783609736914,0.1723955579058699,0.9931306841568827,FusionVI
fusionvi,2031.0,likelihood_mean,CD19,ADT_CD19_A0093,3.1544484425404233,0.5658381808566896,0.9948600976698123,FusionVI
fusionvi,2031.0,likelihood_pred_log,CD4,ADT_CD4_A0001,3.386991167566789,0.25475938656795344,0.9823501940023194,FusionVI
fusionvi,2031.0,likelihood_pred_log,CD8,ADT_CD8a_A0002,3.160783609736914,0.1723955579058699,0.9887590897508771,FusionVI
fusionvi,2031.0,likelihood_pred_log,CD19,ADT_CD19_A0093,3.1544484425404233,0.5658381808566896,0.9938084823613783,FusionVI
fusionvi,2031.0,helper_mean,CD4,ADT_CD4_A0001,3.386991167566789,0.25475938656795344,0.9841846705808673,FusionVI
fusionvi,2031.0,helper_mean,CD8,ADT_CD8a_A0002,3.160783609736914,0.1723955579058699,0.9931306841568828,FusionVI
fusionvi,2031.0,helper_mean,CD19,ADT_CD19_A0093,3.1544484425404233,0.5658381808566896,0.9948600976698123,FusionVI
fusionvi,2031.0,calibrated,CD4,ADT_CD4_A0001,3.386991167566789,0.25475938656795344,0.9841846705808673,FusionVI
fusionvi,2031.0,calibrated,CD8,ADT_CD8a_A0002,3.160783609736914,0.1723955579058699,0.9931306841568827,FusionVI
fusionvi,2031.0,calibrated,CD19,ADT_CD19_A0093,3.1544484425404233,0.5658381808566896,0.9948600976698123,FusionVI
fusionvi,2032.0,likelihood_mean,CD4,ADT_CD4_A0001,3.386991167566789,0.25475938656795344,0.9836446475161931,FusionVI
fusionvi,2032.0,likelihood_mean,CD8,ADT_CD8a_A0002,3.160783609736914,0.1723955579058699,0.9913325182775045,FusionVI
fusionvi,2032.0,likelihood_mean,CD19,ADT_CD19_A0093,3.1544484425404233,0.5658381808566896,0.9948297892927477,FusionVI
fusionvi,2032.0,likelihood_pred_log,CD4,ADT_CD4_A0001,3.386991167566789,0.25475938656795344,0.978449296059774,FusionVI
fusionvi,2032.0,likelihood_pred_log,CD8,ADT_CD8a_A0002,3.160783609736914,0.1723955579058699,0.9881035129069563,FusionVI
fusionvi,2032.0,likelihood_pred_log,CD19,ADT_CD19_A0093,3.1544484425404233,0.5658381808566896,0.994441223092422,FusionVI
fusionvi,2032.0,helper_mean,CD4,ADT_CD4_A0001,3.386991167566789,0.25475938656795344,0.9836446475161931,FusionVI
fusionvi,2032.0,helper_mean,CD8,ADT_CD8a_A0002,3.160783609736914,0.1723955579058699,0.991332457025814,FusionVI
fusionvi,2032.0,helper_mean,CD19,ADT_CD19_A0093,3.1544484425404233,0.5658381808566896,0.9948298248659602,FusionVI
fusionvi,2032.0,calibrated,CD4,ADT_CD4_A0001,3.386991167566789,0.25475938656795344,0.9836446475161931,FusionVI
fusionvi,2032.0,calibrated,CD8,ADT_CD8a_A0002,3.160783609736914,0.1723955579058699,0.9913325182775045,FusionVI
fusionvi,2032.0,calibrated,CD19,ADT_CD19_A0093,3.1544484425404233,0.5658381808566896,0.9948297892927477,FusionVI
fusionvi,2033.0,likelihood_mean,CD4,ADT_CD4_A0001,3.386991167566789,0.25475938656795344,0.9837460054081477,FusionVI
fusionvi,2033.0,likelihood_mean,CD8,ADT_CD8a_A0002,3.160783609736914,0.1723955579058699,0.9940655687096964,FusionVI
fusionvi,2033.0,likelihood_mean,CD19,ADT_CD19_A0093,3.1544484425404233,0.5658381808566896,0.9948867420059877,FusionVI
fusionvi,2033.0,likelihood_pred_log,CD4,ADT_CD4_A0001,3.386991167566789,0.25475938656795344,0.9831810341248363,FusionVI
fusionvi,2033.0,likelihood_pred_log,CD8,ADT_CD8a_A0002,3.160783609736914,0.1723955579058699,0.9915703585918971,FusionVI
fusionvi,2033.0,likelihood_pred_log,CD19,ADT_CD19_A0093,3.1544484425404233,0.5658381808566896,0.9934963274215398,FusionVI
fusionvi,2033.0,helper_mean,CD4,ADT_CD4_A0001,3.386991167566789,0.25475938656795344,0.9837460514380715,FusionVI
fusionvi,2033.0,helper_mean,CD8,ADT_CD8a_A0002,3.160783609736914,0.1723955579058699,0.9940655687096963,FusionVI
fusionvi,2033.0,helper_mean,CD19,ADT_CD19_A0093,3.1544484425404233,0.5658381808566896,0.9948867775792002,FusionVI
fusionvi,2033.0,calibrated,CD4,ADT_CD4_A0001,3.386991167566789,0.25475938656795344,0.9837460054081477,FusionVI
fusionvi,2033.0,calibrated,CD8,ADT_CD8a_A0002,3.160783609736914,0.1723955579058699,0.9940655687096964,FusionVI
fusionvi,2033.0,calibrated,CD19,ADT_CD19_A0093,3.1544484425404233,0.5658381808566896,0.9948867420059877,FusionVI
fusionvi,2034.0,likelihood_mean,CD4,ADT_CD4_A0001,3.386991167566789,0.25475938656795344,0.9822946819143551,FusionVI
fusionvi,2034.0,likelihood_mean,CD8,ADT_CD8a_A0002,3.160783609736914,0.1723955579058699,0.9927841833434602,FusionVI
fusionvi,2034.0,likelihood_mean,CD19,ADT_CD19_A0093,3.1544484425404233,0.5658381808566896,0.9950383194645235,FusionVI
fusionvi,2034.0,likelihood_pred_log,CD4,ADT_CD4_A0001,3.386991167566789,0.25475938656795344,0.979396223649825,FusionVI
fusionvi,2034.0,likelihood_pred_log,CD8,ADT_CD8a_A0002,3.160783609736914,0.1723955579058699,0.9879204316039123,FusionVI
fusionvi,2034.0,likelihood_pred_log,CD19,ADT_CD19_A0093,3.1544484425404233,0.5658381808566896,0.9932649592473278,FusionVI
fusionvi,2034.0,helper_mean,CD4,ADT_CD4_A0001,3.386991167566789,0.25475938656795344,0.982294681914355,FusionVI
fusionvi,2034.0,helper_mean,CD8,ADT_CD8a_A0002,3.160783609736914,0.1723955579058699,0.9927841833434603,FusionVI
fusionvi,2034.0,helper_mean,CD19,ADT_CD19_A0093,3.1544484425404233,0.5658381808566896,0.9950382838913111,FusionVI
fusionvi,2034.0,calibrated,CD4,ADT_CD4_A0001,3.386991167566789,0.25475938656795344,0.9822946819143551,FusionVI
fusionvi,2034.0,calibrated,CD8,ADT_CD8a_A0002,3.160783609736914,0.1723955579058699,0.9927841833434602,FusionVI
fusionvi,2034.0,calibrated,CD19,ADT_CD19_A0093,3.1544484425404233,0.5658381808566896,0.9950383194645235,FusionVI
fusionvi,2035.0,likelihood_mean,CD4,ADT_CD4_A0001,3.386991167566789,0.25475938656795344,0.9832556026012061,FusionVI
fusionvi,2035.0,likelihood_mean,CD8,ADT_CD8a_A0002,3.160783609736914,0.1723955579058699,0.9926648650502755,FusionVI
fusionvi,2035.0,likelihood_mean,CD19,ADT_CD19_A0093,3.1544484425404233,0.5658381808566896,0.99496902284654,FusionVI
fusionvi,2035.0,likelihood_pred_log,CD4,ADT_CD4_A0001,3.386991167566789,0.25475938656795344,0.9812144516653118,FusionVI
fusionvi,2035.0,likelihood_pred_log,CD8,ADT_CD8a_A0002,3.160783609736914,0.1723955579058699,0.9891761525118092,FusionVI
fusionvi,2035.0,likelihood_pred_log,CD19,ADT_CD19_A0093,3.1544484425404233,0.5658381808566896,0.9929264801302264,FusionVI
fusionvi,2035.0,helper_mean,CD4,ADT_CD4_A0001,3.386991167566789,0.25475938656795344,0.9832556026012063,FusionVI
fusionvi,2035.0,helper_mean,CD8,ADT_CD8a_A0002,3.160783609736914,0.1723955579058699,0.9926648650502754,FusionVI
fusionvi,2035.0,helper_mean,CD19,ADT_CD19_A0093,3.1544484425404233,0.5658381808566896,0.9949690228465401,FusionVI
fusionvi,2035.0,calibrated,CD4,ADT_CD4_A0001,3.386991167566789,0.25475938656795344,0.9832556026012061,FusionVI
fusionvi,2035.0,calibrated,CD8,ADT_CD8a_A0002,3.160783609736914,0.1723955579058699,0.9926648650502755,FusionVI
fusionvi,2035.0,calibrated,CD19,ADT_CD19_A0093,3.1544484425404233,0.5658381808566896,0.9949690228465399,FusionVI
fusionvi,2036.0,likelihood_mean,CD4,ADT_CD4_A0001,3.386991167566789,0.25475938656795344,0.9834753034269554,FusionVI
fusionvi,2036.0,likelihood_mean,CD8,ADT_CD8a_A0002,3.160783609736914,0.1723955579058699,0.9930933818773398,FusionVI
fusionvi,2036.0,likelihood_mean,CD19,ADT_CD19_A0093,3.1544484425404233,0.5658381808566896,0.9953331858230787,FusionVI
fusionvi,2036.0,likelihood_pred_log,CD4,ADT_CD4_A0001,3.386991167566789,0.25475938656795344,0.9808519199863678,FusionVI
fusionvi,2036.0,likelihood_pred_log,CD8,ADT_CD8a_A0002,3.160783609736914,0.1723955579058699,0.9906364540661322,FusionVI
fusionvi,2036.0,likelihood_pred_log,CD19,ADT_CD19_A0093,3.1544484425404233,0.5658381808566896,0.9939918622719046,FusionVI
fusionvi,2036.0,helper_mean,CD4,ADT_CD4_A0001,3.386991167566789,0.25475938656795344,0.9834752113671081,FusionVI
fusionvi,2036.0,helper_mean,CD8,ADT_CD8a_A0002,3.160783609736914,0.1723955579058699,0.9930933818773398,FusionVI
fusionvi,2036.0,helper_mean,CD19,ADT_CD19_A0093,3.1544484425404233,0.5658381808566896,0.9953331502498663,FusionVI
fusionvi,2036.0,calibrated,CD4,ADT_CD4_A0001,3.386991167566789,0.25475938656795344,0.9834753034269554,FusionVI
fusionvi,2036.0,calibrated,CD8,ADT_CD8a_A0002,3.160783609736914,0.1723955579058699,0.9930933818773398,FusionVI
fusionvi,2036.0,calibrated,CD19,ADT_CD19_A0093,3.1544484425404233,0.5658381808566896,0.9953331858230787,FusionVI
fusionvi,2037.0,likelihood_mean,CD4,ADT_CD4_A0001,3.386991167566789,0.25475938656795344,0.9834144978977672,FusionVI
fusionvi,2037.0,likelihood_mean,CD8,ADT_CD8a_A0002,3.160783609736914,0.1723955579058699,0.992902031596072,FusionVI
fusionvi,2037.0,likelihood_mean,CD19,ADT_CD19_A0093,3.1544484425404233,0.5658381808566896,0.9949249832094437,FusionVI
fusionvi,2037.0,likelihood_pred_log,CD4,ADT_CD4_A0001,3.386991167566789,0.25475938656795344,0.9811740834222401,FusionVI
fusionvi,2037.0,likelihood_pred_log,CD8,ADT_CD8a_A0002,3.160783609736914,0.1723955579058699,0.986960495109665,FusionVI
fusionvi,2037.0,likelihood_pred_log,CD19,ADT_CD19_A0093,3.1544484425404233,0.5658381808566896,0.9938677829066446,FusionVI
fusionvi,2037.0,helper_mean,CD4,ADT_CD4_A0001,3.386991167566789,0.25475938656795344,0.9834144978977674,FusionVI
fusionvi,2037.0,helper_mean,CD8,ADT_CD8a_A0002,3.160783609736914,0.1723955579058699,0.9929020315960719,FusionVI
fusionvi,2037.0,helper_mean,CD19,ADT_CD19_A0093,3.1544484425404233,0.5658381808566896,0.9949249476362313,FusionVI
fusionvi,2037.0,calibrated,CD4,ADT_CD4_A0001,3.386991167566789,0.25475938656795344,0.9834144978977672,FusionVI
fusionvi,2037.0,calibrated,CD8,ADT_CD8a_A0002,3.160783609736914,0.1723955579058699,0.992902031596072,FusionVI
fusionvi,2037.0,calibrated,CD19,ADT_CD19_A0093,3.1544484425404233,0.5658381808566896,0.9949249832094437,FusionVI
fusionvi,2038.0,likelihood_mean,CD4,ADT_CD4_A0001,3.386991167566789,0.25475938656795344,0.9837625301507508,FusionVI
fusionvi,2038.0,likelihood_mean,CD8,ADT_CD8a_A0002,3.160783609736914,0.1723955579058699,0.9918507688312198,FusionVI
fusionvi,2038.0,likelihood_mean,CD19,ADT_CD19_A0093,3.1544484425404233,0.5658381808566896,0.9950924263207622,FusionVI
fusionvi,2038.0,likelihood_pred_log,CD4,ADT_CD4_A0001,3.386991167566789,0.25475938656795344,0.9825521733074497,FusionVI
fusionvi,2038.0,likelihood_pred_log,CD8,ADT_CD8a_A0002,3.160783609736914,0.1723955579058699,0.9883569724024384,FusionVI
fusionvi,2038.0,likelihood_pred_log,CD19,ADT_CD19_A0093,3.1544484425404233,0.5658381808566896,0.9942444676539894,FusionVI
fusionvi,2038.0,helper_mean,CD4,ADT_CD4_A0001,3.386991167566789,0.25475938656795344,0.9837625761806744,FusionVI
fusionvi,2038.0,helper_mean,CD8,ADT_CD8a_A0002,3.160783609736914,0.1723955579058699,0.9918507688312199,FusionVI
fusionvi,2038.0,helper_mean,CD19,ADT_CD19_A0093,3.1544484425404233,0.5658381808566896,0.9950924263207623,FusionVI
fusionvi,2038.0,calibrated,CD4,ADT_CD4_A0001,3.386991167566789,0.25475938656795344,0.9837625301507508,FusionVI
fusionvi,2038.0,calibrated,CD8,ADT_CD8a_A0002,3.160783609736914,0.1723955579058699,0.9918507688312198,FusionVI
fusionvi,2038.0,calibrated,CD19,ADT_CD19_A0093,3.1544484425404233,0.5658381808566896,0.9950924263207622,FusionVI
fusionvi,2039.0,likelihood_mean,CD4,ADT_CD4_A0001,3.386991167566789,0.25475938656795344,0.9830440490719493,FusionVI
fusionvi,2039.0,likelihood_mean,CD8,ADT_CD8a_A0002,3.160783609736914,0.1723955579058699,0.9906565446206315,FusionVI
fusionvi,2039.0,likelihood_mean,CD19,ADT_CD19_A0093,3.1544484425404233,0.5658381808566896,0.9951785490682665,FusionVI
fusionvi,2039.0,likelihood_pred_log,CD4,ADT_CD4_A0001,3.386991167566789,0.25475938656795344,0.9799902858449054,FusionVI
fusionvi,2039.0,likelihood_pred_log,CD8,ADT_CD8a_A0002,3.160783609736914,0.1723955579058699,0.9869014484799781,FusionVI
fusionvi,2039.0,likelihood_pred_log,CD19,ADT_CD19_A0093,3.1544484425404233,0.5658381808566896,0.9930051680763146,FusionVI
fusionvi,2039.0,helper_mean,CD4,ADT_CD4_A0001,3.386991167566789,0.25475938656795344,0.9830440490719493,FusionVI
fusionvi,2039.0,helper_mean,CD8,ADT_CD8a_A0002,3.160783609736914,0.1723955579058699,0.9906564833689411,FusionVI
fusionvi,2039.0,helper_mean,CD19,ADT_CD19_A0093,3.1544484425404233,0.5658381808566896,0.9951785490682666,FusionVI
fusionvi,2039.0,calibrated,CD4,ADT_CD4_A0001,3.386991167566789,0.25475938656795344,0.9830440490719493,FusionVI
fusionvi,2039.0,calibrated,CD8,ADT_CD8a_A0002,3.160783609736914,0.1723955579058699,0.9906565446206315,FusionVI
fusionvi,2039.0,calibrated,CD19,ADT_CD19_A0093,3.1544484425404233,0.5658381808566896,0.9951785490682665,FusionVI
fusionvi,2040.0,likelihood_mean,CD4,ADT_CD4_A0001,3.386991167566789,0.25475938656795344,0.9829501480276316,FusionVI
fusionvi,2040.0,likelihood_mean,CD8,ADT_CD8a_A0002,3.160783609736914,0.1723955579058699,0.9927312618828279,FusionVI
fusionvi,2040.0,likelihood_mean,CD19,ADT_CD19_A0093,3.1544484425404233,0.5658381808566896,0.9952133396701082,FusionVI
fusionvi,2040.0,likelihood_pred_log,CD4,ADT_CD4_A0001,3.386991167566789,0.25475938656795344,0.9798199751272705,FusionVI
fusionvi,2040.0,likelihood_pred_log,CD8,ADT_CD8a_A0002,3.160783609736914,0.1723955579058699,0.9894841872635685,FusionVI
fusionvi,2040.0,likelihood_pred_log,CD19,ADT_CD19_A0093,3.1544484425404233,0.5658381808566896,0.9929506343415256,FusionVI
fusionvi,2040.0,helper_mean,CD4,ADT_CD4_A0001,3.386991167566789,0.25475938656795344,0.9829501480276316,FusionVI
fusionvi,2040.0,helper_mean,CD8,ADT_CD8a_A0002,3.160783609736914,0.1723955579058699,0.9927312618828279,FusionVI
fusionvi,2040.0,helper_mean,CD19,ADT_CD19_A0093,3.1544484425404233,0.5658381808566896,0.9952133040968957,FusionVI
fusionvi,2040.0,calibrated,CD4,ADT_CD4_A0001,3.386991167566789,0.25475938656795344,0.9829501480276316,FusionVI
fusionvi,2040.0,calibrated,CD8,ADT_CD8a_A0002,3.160783609736914,0.1723955579058699,0.9927312618828279,FusionVI
fusionvi,2040.0,calibrated,CD19,ADT_CD19_A0093,3.1544484425404233,0.5658381808566896,0.9952133396701082,FusionVI
fusionvi,2041.0,likelihood_mean,CD4,ADT_CD4_A0001,3.386991167566789,0.25475938656795344,0.9832660053639591,FusionVI
fusionvi,2041.0,likelihood_mean,CD8,ADT_CD8a_A0002,3.160783609736914,0.1723955579058699,0.992633014171191,FusionVI
fusionvi,2041.0,likelihood_mean,CD19,ADT_CD19_A0093,3.1544484425404233,0.5658381808566896,0.9951199244140381,FusionVI
fusionvi,2041.0,likelihood_pred_log,CD4,ADT_CD4_A0001,3.386991167566789,0.25475938656795344,0.9801798370706409,FusionVI
fusionvi,2041.0,likelihood_pred_log,CD8,ADT_CD8a_A0002,3.160783609736914,0.1723955579058699,0.9897865868597974,FusionVI
fusionvi,2041.0,likelihood_pred_log,CD19,ADT_CD19_A0093,3.1544484425404233,0.5658381808566896,0.9928298988582422,FusionVI
fusionvi,2041.0,helper_mean,CD4,ADT_CD4_A0001,3.386991167566789,0.25475938656795344,0.983266005363959,FusionVI
fusionvi,2041.0,helper_mean,CD8,ADT_CD8a_A0002,3.160783609736914,0.1723955579058699,0.9926330141711912,FusionVI
fusionvi,2041.0,helper_mean,CD19,ADT_CD19_A0093,3.1544484425404233,0.5658381808566896,0.9951199244140381,FusionVI
fusionvi,2041.0,calibrated,CD4,ADT_CD4_A0001,3.386991167566789,0.25475938656795344,0.9832660053639591,FusionVI
fusionvi,2041.0,calibrated,CD8,ADT_CD8a_A0002,3.160783609736914,0.1723955579058699,0.992633014171191,FusionVI
fusionvi,2041.0,calibrated,CD19,ADT_CD19_A0093,3.1544484425404233,0.5658381808566896,0.9951199244140381,FusionVI
totalvi_w128,2026.0,likelihood_mean,CD4,ADT_CD4_A0001,3.386991167566789,0.25475938656795344,0.9835417246068331,totalvi_w128
totalvi_w128,2026.0,likelihood_mean,CD8,ADT_CD8a_A0002,3.160783609736914,0.1723955579058699,0.993418873360905,totalvi_w128
totalvi_w128,2026.0,likelihood_mean,CD19,ADT_CD19_A0093,3.1544484425404233,0.5658381808566896,0.994745978804057,totalvi_w128
totalvi_w128,2026.0,likelihood_pred_log,CD4,ADT_CD4_A0001,3.386991167566789,0.25475938656795344,0.9819280996021265,totalvi_w128
totalvi_w128,2026.0,likelihood_pred_log,CD8,ADT_CD8a_A0002,3.160783609736914,0.1723955579058699,0.988953135106529,totalvi_w128
totalvi_w128,2026.0,likelihood_pred_log,CD19,ADT_CD19_A0093,3.1544484425404233,0.5658381808566896,0.9932567418352363,totalvi_w128
totalvi_w128,2026.0,helper_mean,CD4,ADT_CD4_A0001,3.386991167566789,0.25475938656795344,0.9835417246068331,totalvi_w128
totalvi_w128,2026.0,helper_mean,CD8,ADT_CD8a_A0002,3.160783609736914,0.1723955579058699,0.9934188733609048,totalvi_w128
totalvi_w128,2026.0,helper_mean,CD19,ADT_CD19_A0093,3.1544484425404233,0.5658381808566896,0.9947459788040571,totalvi_w128
totalvi_w128,2026.0,calibrated,CD4,ADT_CD4_A0001,3.386991167566789,0.25475938656795344,0.9835417246068331,totalvi_w128
totalvi_w128,2026.0,calibrated,CD8,ADT_CD8a_A0002,3.160783609736914,0.1723955579058699,0.993418873360905,totalvi_w128
totalvi_w128,2026.0,calibrated,CD19,ADT_CD19_A0093,3.1544484425404233,0.5658381808566896,0.994745978804057,totalvi_w128
totalvi_w128,2027.0,likelihood_mean,CD4,ADT_CD4_A0001,3.386991167566789,0.25475938656795344,0.9843309536783387,totalvi_w128
totalvi_w128,2027.0,likelihood_mean,CD8,ADT_CD8a_A0002,3.160783609736914,0.1723955579058699,0.9936371131343225,totalvi_w128
totalvi_w128,2027.0,likelihood_mean,CD19,ADT_CD19_A0093,3.1544484425404233,0.5658381808566896,0.9952414069347844,totalvi_w128
totalvi_w128,2027.0,likelihood_pred_log,CD4,ADT_CD4_A0001,3.386991167566789,0.25475938656795344,0.9835771676480707,totalvi_w128
totalvi_w128,2027.0,likelihood_pred_log,CD8,ADT_CD8a_A0002,3.160783609736914,0.1723955579058699,0.9897629437072464,totalvi_w128
totalvi_w128,2027.0,likelihood_pred_log,CD19,ADT_CD19_A0093,3.1544484425404233,0.5658381808566896,0.9930222787915353,totalvi_w128
totalvi_w128,2027.0,helper_mean,CD4,ADT_CD4_A0001,3.386991167566789,0.25475938656795344,0.9843309536783386,totalvi_w128
totalvi_w128,2027.0,helper_mean,CD8,ADT_CD8a_A0002,3.160783609736914,0.1723955579058699,0.9936371131343227,totalvi_w128
totalvi_w128,2027.0,helper_mean,CD19,ADT_CD19_A0093,3.1544484425404233,0.5658381808566896,0.9952413713615718,totalvi_w128
totalvi_w128,2027.0,calibrated,CD4,ADT_CD4_A0001,3.386991167566789,0.25475938656795344,0.9843309536783387,totalvi_w128
totalvi_w128,2027.0,calibrated,CD8,ADT_CD8a_A0002,3.160783609736914,0.1723955579058699,0.9936371131343225,totalvi_w128
totalvi_w128,2027.0,calibrated,CD19,ADT_CD19_A0093,3.1544484425404233,0.5658381808566896,0.9952414069347844,totalvi_w128
totalvi_w128,2028.0,likelihood_mean,CD4,ADT_CD4_A0001,3.386991167566789,0.25475938656795344,0.9828072711445129,totalvi_w128
totalvi_w128,2028.0,likelihood_mean,CD8,ADT_CD8a_A0002,3.160783609736914,0.1723955579058699,0.9926850781081559,totalvi_w128
totalvi_w128,2028.0,likelihood_mean,CD19,ADT_CD19_A0093,3.1544484425404233,0.5658381808566896,0.9947711646385193,totalvi_w128
totalvi_w128,2028.0,likelihood_pred_log,CD4,ADT_CD4_A0001,3.386991167566789,0.25475938656795344,0.983177858060102,totalvi_w128
totalvi_w128,2028.0,likelihood_pred_log,CD8,ADT_CD8a_A0002,3.160783609736914,0.1723955579058699,0.9898089437268469,totalvi_w128
totalvi_w128,2028.0,likelihood_pred_log,CD19,ADT_CD19_A0093,3.1544484425404233,0.5658381808566896,0.9934188133914648,totalvi_w128
totalvi_w128,2028.0,helper_mean,CD4,ADT_CD4_A0001,3.386991167566789,0.25475938656795344,0.9828072711445128,totalvi_w128
totalvi_w128,2028.0,helper_mean,CD8,ADT_CD8a_A0002,3.160783609736914,0.1723955579058699,0.9926850781081559,totalvi_w128
totalvi_w128,2028.0,helper_mean,CD19,ADT_CD19_A0093,3.1544484425404233,0.5658381808566896,0.9947711646385192,totalvi_w128
totalvi_w128,2028.0,calibrated,CD4,ADT_CD4_A0001,3.386991167566789,0.25475938656795344,0.9828072711445129,totalvi_w128
totalvi_w128,2028.0,calibrated,CD8,ADT_CD8a_A0002,3.160783609736914,0.1723955579058699,0.9926850781081559,totalvi_w128
totalvi_w128,2028.0,calibrated,CD19,ADT_CD19_A0093,3.1544484425404233,0.5658381808566896,0.9947711646385193,totalvi_w128
totalvi_w128,2029.0,likelihood_mean,CD4,ADT_CD4_A0001,3.386991167566789,0.25475938656795344,0.9841399294950454,totalvi_w128
totalvi_w128,2029.0,likelihood_mean,CD8,ADT_CD8a_A0002,3.160783609736914,0.1723955579058699,0.9927779969227152,totalvi_w128
totalvi_w128,2029.0,likelihood_mean,CD19,ADT_CD19_A0093,3.1544484425404233,0.5658381808566896,0.9949025365123454,totalvi_w128
totalvi_w128,2029.0,likelihood_pred_log,CD4,ADT_CD4_A0001,3.386991167566789,0.25475938656795344,0.9828136232739815,totalvi_w128
totalvi_w128,2029.0,likelihood_pred_log,CD8,ADT_CD8a_A0002,3.160783609736914,0.1723955579058699,0.9901384165702973,totalvi_w128
totalvi_w128,2029.0,likelihood_pred_log,CD19,ADT_CD19_A0093,3.1544484425404233,0.5658381808566896,0.9934011335048436,totalvi_w128
totalvi_w128,2029.0,helper_mean,CD4,ADT_CD4_A0001,3.386991167566789,0.25475938656795344,0.9841399294950451,totalvi_w128
totalvi_w128,2029.0,helper_mean,CD8,ADT_CD8a_A0002,3.160783609736914,0.1723955579058699,0.9927779356710245,totalvi_w128
totalvi_w128,2029.0,helper_mean,CD19,ADT_CD19_A0093,3.1544484425404233,0.5658381808566896,0.9949025720855578,totalvi_w128
totalvi_w128,2029.0,calibrated,CD4,ADT_CD4_A0001,3.386991167566789,0.25475938656795344,0.9841399294950454,totalvi_w128
totalvi_w128,2029.0,calibrated,CD8,ADT_CD8a_A0002,3.160783609736914,0.1723955579058699,0.9927779969227152,totalvi_w128
totalvi_w128,2029.0,calibrated,CD19,ADT_CD19_A0093,3.1544484425404233,0.5658381808566896,0.9949025365123454,totalvi_w128
totalvi_w128,2030.0,likelihood_mean,CD4,ADT_CD4_A0001,3.386991167566789,0.25475938656795344,0.9844042333168456,totalvi_w128
totalvi_w128,2030.0,likelihood_mean,CD8,ADT_CD8a_A0002,3.160783609736914,0.1723955579058699,0.993069187459574,totalvi_w128
totalvi_w128,2030.0,likelihood_mean,CD19,ADT_CD19_A0093,3.1544484425404233,0.5658381808566896,0.9948004058192085,totalvi_w128
totalvi_w128,2030.0,likelihood_pred_log,CD4,ADT_CD4_A0001,3.386991167566789,0.25475938656795344,0.9826518741221518,totalvi_w128
totalvi_w128,2030.0,likelihood_pred_log,CD8,ADT_CD8a_A0002,3.160783609736914,0.1723955579058699,0.9888902908720281,totalvi_w128
totalvi_w128,2030.0,likelihood_pred_log,CD19,ADT_CD19_A0093,3.1544484425404233,0.5658381808566896,0.9930163024918324,totalvi_w128
totalvi_w128,2030.0,helper_mean,CD4,ADT_CD4_A0001,3.386991167566789,0.25475938656795344,0.9844042333168453,totalvi_w128
totalvi_w128,2030.0,helper_mean,CD8,ADT_CD8a_A0002,3.160783609736914,0.1723955579058699,0.9930692487112645,totalvi_w128
totalvi_w128,2030.0,helper_mean,CD19,ADT_CD19_A0093,3.1544484425404233,0.5658381808566896,0.9948003702459961,totalvi_w128
totalvi_w128,2030.0,calibrated,CD4,ADT_CD4_A0001,3.386991167566789,0.25475938656795344,0.9844042333168456,totalvi_w128
totalvi_w128,2030.0,calibrated,CD8,ADT_CD8a_A0002,3.160783609736914,0.1723955579058699,0.993069187459574,totalvi_w128
totalvi_w128,2030.0,calibrated,CD19,ADT_CD19_A0093,3.1544484425404233,0.5658381808566896,0.9948004058192085,totalvi_w128
totalvi_w128,2031.0,likelihood_mean,CD4,ADT_CD4_A0001,3.386991167566789,0.25475938656795344,0.9843425532191075,totalvi_w128
totalvi_w128,2031.0,likelihood_mean,CD8,ADT_CD8a_A0002,3.160783609736914,0.1723955579058699,0.9921640712283659,totalvi_w128
totalvi_w128,2031.0,likelihood_mean,CD19,ADT_CD19_A0093,3.1544484425404233,0.5658381808566896,0.9947029352169111,totalvi_w128
totalvi_w128,2031.0,likelihood_pred_log,CD4,ADT_CD4_A0001,3.386991167566789,0.25475938656795344,0.9824013792774573,totalvi_w128
totalvi_w128,2031.0,likelihood_pred_log,CD8,ADT_CD8a_A0002,3.160783609736914,0.1723955579058699,0.9875312383621788,totalvi_w128
totalvi_w128,2031.0,likelihood_pred_log,CD19,ADT_CD19_A0093,3.1544484425404233,0.5658381808566896,0.9933457460129544,totalvi_w128
totalvi_w128,2031.0,helper_mean,CD4,ADT_CD4_A0001,3.386991167566789,0.25475938656795344,0.9843425071891836,totalvi_w128
totalvi_w128,2031.0,helper_mean,CD8,ADT_CD8a_A0002,3.160783609736914,0.1723955579058699,0.9921640712283658,totalvi_w128
totalvi_w128,2031.0,helper_mean,CD19,ADT_CD19_A0093,3.1544484425404233,0.5658381808566896,0.9947029352169111,totalvi_w128
totalvi_w128,2031.0,calibrated,CD4,ADT_CD4_A0001,3.386991167566789,0.25475938656795344,0.9843425532191075,totalvi_w128
totalvi_w128,2031.0,calibrated,CD8,ADT_CD8a_A0002,3.160783609736914,0.1723955579058699,0.9921640712283659,totalvi_w128
totalvi_w128,2031.0,calibrated,CD19,ADT_CD19_A0093,3.1544484425404233,0.5658381808566896,0.9947029352169111,totalvi_w128
totalvi_w128,2032.0,likelihood_mean,CD4,ADT_CD4_A0001,3.386991167566789,0.25475938656795344,0.9846862586592643,totalvi_w128
totalvi_w128,2032.0,likelihood_mean,CD8,ADT_CD8a_A0002,3.160783609736914,0.1723955579058699,0.9927926360767557,totalvi_w128
totalvi_w128,2032.0,likelihood_mean,CD19,ADT_CD19_A0093,3.1544484425404233,0.5658381808566896,0.9951893633248718,totalvi_w128
totalvi_w128,2032.0,likelihood_pred_log,CD4,ADT_CD4_A0001,3.386991167566789,0.25475938656795344,0.9792130245535582,totalvi_w128
totalvi_w128,2032.0,likelihood_pred_log,CD8,ADT_CD8a_A0002,3.160783609736914,0.1723955579058699,0.9887274838785551,totalvi_w128
totalvi_w128,2032.0,likelihood_pred_log,CD19,ADT_CD19_A0093,3.1544484425404233,0.5658381808566896,0.9946075990073651,totalvi_w128
totalvi_w128,2032.0,helper_mean,CD4,ADT_CD4_A0001,3.386991167566789,0.25475938656795344,0.9846863046891879,totalvi_w128
totalvi_w128,2032.0,helper_mean,CD8,ADT_CD8a_A0002,3.160783609736914,0.1723955579058699,0.9927926360767558,totalvi_w128
totalvi_w128,2032.0,helper_mean,CD19,ADT_CD19_A0093,3.1544484425404233,0.5658381808566896,0.9951893988980842,totalvi_w128
totalvi_w128,2032.0,calibrated,CD4,ADT_CD4_A0001,3.386991167566789,0.25475938656795344,0.9846862586592643,totalvi_w128
totalvi_w128,2032.0,calibrated,CD8,ADT_CD8a_A0002,3.160783609736914,0.1723955579058699,0.9927926360767557,totalvi_w128
totalvi_w128,2032.0,calibrated,CD19,ADT_CD19_A0093,3.1544484425404233,0.5658381808566896,0.9951893633248718,totalvi_w128
totalvi_w128,2033.0,likelihood_mean,CD4,ADT_CD4_A0001,3.386991167566789,0.25475938656795344,0.9843000215696223,totalvi_w128
totalvi_w128,2033.0,likelihood_mean,CD8,ADT_CD8a_A0002,3.160783609736914,0.1723955579058699,0.9934414139830259,totalvi_w128
totalvi_w128,2033.0,likelihood_mean,CD19,ADT_CD19_A0093,3.1544484425404233,0.5658381808566896,0.9950111415301605,totalvi_w128
totalvi_w128,2033.0,likelihood_pred_log,CD4,ADT_CD4_A0001,3.386991167566789,0.25475938656795344,0.9822030823662217,totalvi_w128
totalvi_w128,2033.0,likelihood_pred_log,CD8,ADT_CD8a_A0002,3.160783609736914,0.1723955579058699,0.9907801505321547,totalvi_w128
totalvi_w128,2033.0,likelihood_pred_log,CD19,ADT_CD19_A0093,3.1544484425404233,0.5658381808566896,0.993334789463499,totalvi_w128
totalvi_w128,2033.0,helper_mean,CD4,ADT_CD4_A0001,3.386991167566789,0.25475938656795344,0.9843000215696222,totalvi_w128
totalvi_w128,2033.0,helper_mean,CD8,ADT_CD8a_A0002,3.160783609736914,0.1723955579058699,0.9934414139830259,totalvi_w128
totalvi_w128,2033.0,helper_mean,CD19,ADT_CD19_A0093,3.1544484425404233,0.5658381808566896,0.9950111415301603,totalvi_w128
totalvi_w128,2033.0,calibrated,CD4,ADT_CD4_A0001,3.386991167566789,0.25475938656795344,0.9843000215696223,totalvi_w128
totalvi_w128,2033.0,calibrated,CD8,ADT_CD8a_A0002,3.160783609736914,0.1723955579058699,0.9934414139830259,totalvi_w128
totalvi_w128,2033.0,calibrated,CD19,ADT_CD19_A0093,3.1544484425404233,0.5658381808566896,0.9950111415301605,totalvi_w128
totalvi_w128,2034.0,likelihood_mean,CD4,ADT_CD4_A0001,3.386991167566789,0.25475938656795344,0.9839738535303892,totalvi_w128
totalvi_w128,2034.0,likelihood_mean,CD8,ADT_CD8a_A0002,3.160783609736914,0.1723955579058699,0.9933593367176934,totalvi_w128
totalvi_w128,2034.0,likelihood_mean,CD19,ADT_CD19_A0093,3.1544484425404233,0.5658381808566896,0.9953193122701971,totalvi_w128
totalvi_w128,2034.0,likelihood_pred_log,CD4,ADT_CD4_A0001,3.386991167566789,0.25475938656795344,0.9807203664644757,totalvi_w128
totalvi_w128,2034.0,likelihood_pred_log,CD8,ADT_CD8a_A0002,3.160783609736914,0.1723955579058699,0.9894169329073482,totalvi_w128
totalvi_w128,2034.0,likelihood_pred_log,CD19,ADT_CD19_A0093,3.1544484425404233,0.5658381808566896,0.9930028202442884,totalvi_w128
totalvi_w128,2034.0,helper_mean,CD4,ADT_CD4_A0001,3.386991167566789,0.25475938656795344,0.9839738535303894,totalvi_w128
totalvi_w128,2034.0,helper_mean,CD8,ADT_CD8a_A0002,3.160783609736914,0.1723955579058699,0.9933593367176935,totalvi_w128
totalvi_w128,2034.0,helper_mean,CD19,ADT_CD19_A0093,3.1544484425404233,0.5658381808566896,0.995319312270197,totalvi_w128
totalvi_w128,2034.0,calibrated,CD4,ADT_CD4_A0001,3.386991167566789,0.25475938656795344,0.9839738535303892,totalvi_w128
totalvi_w128,2034.0,calibrated,CD8,ADT_CD8a_A0002,3.160783609736914,0.1723955579058699,0.9933593367176934,totalvi_w128
totalvi_w128,2034.0,calibrated,CD19,ADT_CD19_A0093,3.1544484425404233,0.5658381808566896,0.9953193122701971,totalvi_w128
totalvi_w128,2035.0,likelihood_mean,CD4,ADT_CD4_A0001,3.386991167566789,0.25475938656795344,0.9834976279399428,totalvi_w128
totalvi_w128,2035.0,likelihood_mean,CD8,ADT_CD8a_A0002,3.160783609736914,0.1723955579058699,0.9927847958603657,totalvi_w128
totalvi_w128,2035.0,likelihood_mean,CD19,ADT_CD19_A0093,3.1544484425404233,0.5658381808566896,0.9948330620282991,totalvi_w128
totalvi_w128,2035.0,likelihood_pred_log,CD4,ADT_CD4_A0001,3.386991167566789,0.25475938656795344,0.9815777198230352,totalvi_w128
totalvi_w128,2035.0,likelihood_pred_log,CD8,ADT_CD8a_A0002,3.160783609736914,0.1723955579058699,0.990381524530077,totalvi_w128
totalvi_w128,2035.0,likelihood_pred_log,CD19,ADT_CD19_A0093,3.1544484425404233,0.5658381808566896,0.9923844155178891,totalvi_w128
totalvi_w128,2035.0,helper_mean,CD4,ADT_CD4_A0001,3.386991167566789,0.25475938656795344,0.9834976279399428,totalvi_w128
totalvi_w128,2035.0,helper_mean,CD8,ADT_CD8a_A0002,3.160783609736914,0.1723955579058699,0.9927847958603658,totalvi_w128
totalvi_w128,2035.0,helper_mean,CD19,ADT_CD19_A0093,3.1544484425404233,0.5658381808566896,0.9948330620282991,totalvi_w128
totalvi_w128,2035.0,calibrated,CD4,ADT_CD4_A0001,3.386991167566789,0.25475938656795344,0.9834976279399428,totalvi_w128
totalvi_w128,2035.0,calibrated,CD8,ADT_CD8a_A0002,3.160783609736914,0.1723955579058699,0.9927847958603657,totalvi_w128
totalvi_w128,2035.0,calibrated,CD19,ADT_CD19_A0093,3.1544484425404233,0.5658381808566896,0.9948330620282991,totalvi_w128
totalvi_w128,2036.0,likelihood_mean,CD4,ADT_CD4_A0001,3.386991167566789,0.25475938656795344,0.9848301021707803,totalvi_w128
totalvi_w128,2036.0,likelihood_mean,CD8,ADT_CD8a_A0002,3.160783609736914,0.1723955579058699,0.9931477733785451,totalvi_w128
totalvi_w128,2036.0,likelihood_mean,CD19,ADT_CD19_A0093,3.1544484425404233,0.5658381808566896,0.9950450783749019,totalvi_w128
totalvi_w128,2036.0,likelihood_pred_log,CD4,ADT_CD4_A0001,3.386991167566789,0.25475938656795344,0.9826458442021491,totalvi_w128
totalvi_w128,2036.0,likelihood_pred_log,CD8,ADT_CD8a_A0002,3.160783609736914,0.1723955579058699,0.9910992718399028,totalvi_w128
totalvi_w128,2036.0,likelihood_pred_log,CD19,ADT_CD19_A0093,3.1544484425404233,0.5658381808566896,0.9933713587259667,totalvi_w128
totalvi_w128,2036.0,helper_mean,CD4,ADT_CD4_A0001,3.386991167566789,0.25475938656795344,0.9848300561408567,totalvi_w128
totalvi_w128,2036.0,helper_mean,CD8,ADT_CD8a_A0002,3.160783609736914,0.1723955579058699,0.9931477733785452,totalvi_w128
totalvi_w128,2036.0,helper_mean,CD19,ADT_CD19_A0093,3.1544484425404233,0.5658381808566896,0.9950450428016894,totalvi_w128
totalvi_w128,2036.0,calibrated,CD4,ADT_CD4_A0001,3.386991167566789,0.25475938656795344,0.9848301021707803,totalvi_w128
totalvi_w128,2036.0,calibrated,CD8,ADT_CD8a_A0002,3.160783609736914,0.1723955579058699,0.9931477733785451,totalvi_w128
totalvi_w128,2036.0,calibrated,CD19,ADT_CD19_A0093,3.1544484425404233,0.5658381808566896,0.9950450783749019,totalvi_w128
totalvi_w128,2037.0,likelihood_mean,CD4,ADT_CD4_A0001,3.386991167566789,0.25475938656795344,0.9858469031849852,totalvi_w128
totalvi_w128,2037.0,likelihood_mean,CD8,ADT_CD8a_A0002,3.160783609736914,0.1723955579058699,0.992777323154119,totalvi_w128
totalvi_w128,2037.0,likelihood_mean,CD19,ADT_CD19_A0093,3.1544484425404233,0.5658381808566896,0.9952782252097397,totalvi_w128
totalvi_w128,2037.0,likelihood_pred_log,CD4,ADT_CD4_A0001,3.386991167566789,0.25475938656795344,0.980257443521974,totalvi_w128
totalvi_w128,2037.0,likelihood_pred_log,CD8,ADT_CD8a_A0002,3.160783609736914,0.1723955579058699,0.9894708956467199,totalvi_w128
totalvi_w128,2037.0,likelihood_pred_log,CD19,ADT_CD19_A0093,3.1544484425404233,0.5658381808566896,0.9934306236980206,totalvi_w128
totalvi_w128,2037.0,helper_mean,CD4,ADT_CD4_A0001,3.386991167566789,0.25475938656795344,0.9858469031849855,totalvi_w128
totalvi_w128,2037.0,helper_mean,CD8,ADT_CD8a_A0002,3.160783609736914,0.1723955579058699,0.992777323154119,totalvi_w128
totalvi_w128,2037.0,helper_mean,CD19,ADT_CD19_A0093,3.1544484425404233,0.5658381808566896,0.9952782252097399,totalvi_w128
totalvi_w128,2037.0,calibrated,CD4,ADT_CD4_A0001,3.386991167566789,0.25475938656795344,0.9858469031849852,totalvi_w128
totalvi_w128,2037.0,calibrated,CD8,ADT_CD8a_A0002,3.160783609736914,0.1723955579058699,0.992777323154119,totalvi_w128
totalvi_w128,2037.0,calibrated,CD19,ADT_CD19_A0093,3.1544484425404233,0.5658381808566896,0.9952782252097397,totalvi_w128
totalvi_w128,2038.0,likelihood_mean,CD4,ADT_CD4_A0001,3.386991167566789,0.25475938656795344,0.9839901481233739,totalvi_w128
totalvi_w128,2038.0,likelihood_mean,CD8,ADT_CD8a_A0002,3.160783609736914,0.1723955579058699,0.9932071875183756,totalvi_w128
totalvi_w128,2038.0,likelihood_mean,CD19,ADT_CD19_A0093,3.1544484425404233,0.5658381808566896,0.9945713499038099,totalvi_w128
totalvi_w128,2038.0,likelihood_pred_log,CD4,ADT_CD4_A0001,3.386991167566789,0.25475938656795344,0.9819169603605946,totalvi_w128
totalvi_w128,2038.0,likelihood_pred_log,CD8,ADT_CD8a_A0002,3.160783609736914,0.1723955579058699,0.990460845469335,totalvi_w128
totalvi_w128,2038.0,likelihood_pred_log,CD19,ADT_CD19_A0093,3.1544484425404233,0.5658381808566896,0.9931846349334639,totalvi_w128
totalvi_w128,2038.0,helper_mean,CD4,ADT_CD4_A0001,3.386991167566789,0.25475938656795344,0.9839901941532975,totalvi_w128
totalvi_w128,2038.0,helper_mean,CD8,ADT_CD8a_A0002,3.160783609736914,0.1723955579058699,0.9932071875183753,totalvi_w128
totalvi_w128,2038.0,helper_mean,CD19,ADT_CD19_A0093,3.1544484425404233,0.5658381808566896,0.9945713499038099,totalvi_w128
totalvi_w128,2038.0,calibrated,CD4,ADT_CD4_A0001,3.386991167566789,0.25475938656795344,0.9839901481233739,totalvi_w128
totalvi_w128,2038.0,calibrated,CD8,ADT_CD8a_A0002,3.160783609736914,0.1723955579058699,0.9932071875183756,totalvi_w128
totalvi_w128,2038.0,calibrated,CD19,ADT_CD19_A0093,3.1544484425404233,0.5658381808566896,0.9945713499038099,totalvi_w128
totalvi_w128,2039.0,likelihood_mean,CD4,ADT_CD4_A0001,3.386991167566789,0.25475938656795344,0.9849684681213781,totalvi_w128
totalvi_w128,2039.0,likelihood_mean,CD8,ADT_CD8a_A0002,3.160783609736914,0.1723955579058699,0.9926272565122797,totalvi_w128
totalvi_w128,2039.0,likelihood_mean,CD19,ADT_CD19_A0093,3.1544484425404233,0.5658381808566896,0.9948694889979168,totalvi_w128
totalvi_w128,2039.0,likelihood_pred_log,CD4,ADT_CD4_A0001,3.386991167566789,0.25475938656795344,0.9804278923293802,totalvi_w128
totalvi_w128,2039.0,likelihood_pred_log,CD8,ADT_CD8a_A0002,3.160783609736914,0.1723955579058699,0.9910307924498716,totalvi_w128
totalvi_w128,2039.0,likelihood_pred_log,CD19,ADT_CD19_A0093,3.1544484425404233,0.5658381808566896,0.9928117209466459,totalvi_w128
totalvi_w128,2039.0,helper_mean,CD4,ADT_CD4_A0001,3.386991167566789,0.25475938656795344,0.984968468121378,totalvi_w128
totalvi_w128,2039.0,helper_mean,CD8,ADT_CD8a_A0002,3.160783609736914,0.1723955579058699,0.9926274402673513,totalvi_w128
totalvi_w128,2039.0,helper_mean,CD19,ADT_CD19_A0093,3.1544484425404233,0.5658381808566896,0.9948694534247043,totalvi_w128
totalvi_w128,2039.0,calibrated,CD4,ADT_CD4_A0001,3.386991167566789,0.25475938656795344,0.9849684681213781,totalvi_w128
totalvi_w128,2039.0,calibrated,CD8,ADT_CD8a_A0002,3.160783609736914,0.1723955579058699,0.9926272565122797,totalvi_w128
totalvi_w128,2039.0,calibrated,CD19,ADT_CD19_A0093,3.1544484425404233,0.5658381808566896,0.9948694889979168,totalvi_w128
totalvi_w128,2040.0,likelihood_mean,CD4,ADT_CD4_A0001,3.386991167566789,0.25475938656795344,0.9858446016888011,totalvi_w128
totalvi_w128,2040.0,likelihood_mean,CD8,ADT_CD8a_A0002,3.160783609736914,0.1723955579058699,0.9928393098649523,totalvi_w128
totalvi_w128,2040.0,likelihood_mean,CD19,ADT_CD19_A0093,3.1544484425404233,0.5658381808566896,0.995437735494667,totalvi_w128
totalvi_w128,2040.0,likelihood_pred_log,CD4,ADT_CD4_A0001,3.386991167566789,0.25475938656795344,0.9816710224783449,totalvi_w128
totalvi_w128,2040.0,likelihood_pred_log,CD8,ADT_CD8a_A0002,3.160783609736914,0.1723955579058699,0.9889116064603384,totalvi_w128
totalvi_w128,2040.0,likelihood_pred_log,CD19,ADT_CD19_A0093,3.1544484425404233,0.5658381808566896,0.9928112584948832,totalvi_w128
totalvi_w128,2040.0,helper_mean,CD4,ADT_CD4_A0001,3.386991167566789,0.25475938656795344,0.9858446016888011,totalvi_w128
totalvi_w128,2040.0,helper_mean,CD8,ADT_CD8a_A0002,3.160783609736914,0.1723955579058699,0.9928393098649522,totalvi_w128
totalvi_w128,2040.0,helper_mean,CD19,ADT_CD19_A0093,3.1544484425404233,0.5658381808566896,0.9954377354946669,totalvi_w128
totalvi_w128,2040.0,calibrated,CD4,ADT_CD4_A0001,3.386991167566789,0.25475938656795344,0.9858446016888011,totalvi_w128
totalvi_w128,2040.0,calibrated,CD8,ADT_CD8a_A0002,3.160783609736914,0.1723955579058699,0.9928393098649523,totalvi_w128
totalvi_w128,2040.0,calibrated,CD19,ADT_CD19_A0093,3.1544484425404233,0.5658381808566896,0.995437735494667,totalvi_w128
totalvi_w128,2041.0,likelihood_mean,CD4,ADT_CD4_A0001,3.386991167566789,0.25475938656795344,0.9852571678027312,totalvi_w128
totalvi_w128,2041.0,likelihood_mean,CD8,ADT_CD8a_A0002,3.160783609736914,0.1723955579058699,0.9929215096336659,totalvi_w128
totalvi_w128,2041.0,likelihood_mean,CD19,ADT_CD19_A0093,3.1544484425404233,0.5658381808566896,0.995039528953749,totalvi_w128
totalvi_w128,2041.0,likelihood_pred_log,CD4,ADT_CD4_A0001,3.386991167566789,0.25475938656795344,0.9810494343889007,totalvi_w128
totalvi_w128,2041.0,likelihood_pred_log,CD8,ADT_CD8a_A0002,3.160783609736914,0.1723955579058699,0.9898809757149298,totalvi_w128
totalvi_w128,2041.0,likelihood_pred_log,CD19,ADT_CD19_A0093,3.1544484425404233,0.5658381808566896,0.9917897736974512,totalvi_w128
totalvi_w128,2041.0,helper_mean,CD4,ADT_CD4_A0001,3.386991167566789,0.25475938656795344,0.9852571678027311,totalvi_w128
totalvi_w128,2041.0,helper_mean,CD8,ADT_CD8a_A0002,3.160783609736914,0.1723955579058699,0.992921509633666,totalvi_w128
totalvi_w128,2041.0,helper_mean,CD19,ADT_CD19_A0093,3.1544484425404233,0.5658381808566896,0.995039528953749,totalvi_w128
totalvi_w128,2041.0,calibrated,CD4,ADT_CD4_A0001,3.386991167566789,0.25475938656795344,0.9852571678027312,totalvi_w128
totalvi_w128,2041.0,calibrated,CD8,ADT_CD8a_A0002,3.160783609736914,0.1723955579058699,0.9929215096336659,totalvi_w128
totalvi_w128,2041.0,calibrated,CD19,ADT_CD19_A0093,3.1544484425404233,0.5658381808566896,0.995039528953749,totalvi_w128
totalvi_pmatch,2026.0,likelihood_mean,CD4,ADT_CD4_A0001,3.386991167566789,0.25475938656795344,0.9841079847280078,totalvi_pmatch
totalvi_pmatch,2026.0,likelihood_mean,CD8,ADT_CD8a_A0002,3.160783609736914,0.1723955579058699,0.99276286775515,totalvi_pmatch
totalvi_pmatch,2026.0,likelihood_mean,CD19,ADT_CD19_A0093,3.1544484425404233,0.5658381808566896,0.9952597982856557,totalvi_pmatch
totalvi_pmatch,2026.0,likelihood_pred_log,CD4,ADT_CD4_A0001,3.386991167566789,0.25475938656795344,0.9809570063021409,totalvi_pmatch
totalvi_pmatch,2026.0,likelihood_pred_log,CD8,ADT_CD8a_A0002,3.160783609736914,0.1723955579058699,0.9900751435739626,totalvi_pmatch
totalvi_pmatch,2026.0,likelihood_pred_log,CD19,ADT_CD19_A0093,3.1544484425404233,0.5658381808566896,0.9939375064031784,totalvi_pmatch
totalvi_pmatch,2026.0,helper_mean,CD4,ADT_CD4_A0001,3.386991167566789,0.25475938656795344,0.9841079847280079,totalvi_pmatch
totalvi_pmatch,2026.0,helper_mean,CD8,ADT_CD8a_A0002,3.160783609736914,0.1723955579058699,0.9927628677551502,totalvi_pmatch
totalvi_pmatch,2026.0,helper_mean,CD19,ADT_CD19_A0093,3.1544484425404233,0.5658381808566896,0.9952597982856558,totalvi_pmatch
totalvi_pmatch,2026.0,calibrated,CD4,ADT_CD4_A0001,3.386991167566789,0.25475938656795344,0.9841079847280078,totalvi_pmatch
totalvi_pmatch,2026.0,calibrated,CD8,ADT_CD8a_A0002,3.160783609736914,0.1723955579058699,0.99276286775515,totalvi_pmatch
totalvi_pmatch,2026.0,calibrated,CD19,ADT_CD19_A0093,3.1544484425404233,0.5658381808566896,0.9952597982856557,totalvi_pmatch
totalvi_pmatch,2027.0,likelihood_mean,CD4,ADT_CD4_A0001,3.386991167566789,0.25475938656795344,0.9828958787476069,totalvi_pmatch
totalvi_pmatch,2027.0,likelihood_mean,CD8,ADT_CD8a_A0002,3.160783609736914,0.1723955579058699,0.9922753042983986,totalvi_pmatch
totalvi_pmatch,2027.0,likelihood_mean,CD19,ADT_CD19_A0093,3.1544484425404233,0.5658381808566896,0.9950241613259416,totalvi_pmatch
totalvi_pmatch,2027.0,likelihood_pred_log,CD4,ADT_CD4_A0001,3.386991167566789,0.25475938656795344,0.9831382262958092,totalvi_pmatch
totalvi_pmatch,2027.0,likelihood_pred_log,CD8,ADT_CD8a_A0002,3.160783609736914,0.1723955579058699,0.9896948318273584,totalvi_pmatch
totalvi_pmatch,2027.0,likelihood_pred_log,CD19,ADT_CD19_A0093,3.1544484425404233,0.5658381808566896,0.9928566854872676,totalvi_pmatch
totalvi_pmatch,2027.0,helper_mean,CD4,ADT_CD4_A0001,3.386991167566789,0.25475938656795344,0.9828958787476069,totalvi_pmatch
totalvi_pmatch,2027.0,helper_mean,CD8,ADT_CD8a_A0002,3.160783609736914,0.1723955579058699,0.9922753042983986,totalvi_pmatch
totalvi_pmatch,2027.0,helper_mean,CD19,ADT_CD19_A0093,3.1544484425404233,0.5658381808566896,0.9950241613259417,totalvi_pmatch
totalvi_pmatch,2027.0,calibrated,CD4,ADT_CD4_A0001,3.386991167566789,0.25475938656795344,0.9828958787476069,totalvi_pmatch
totalvi_pmatch,2027.0,calibrated,CD8,ADT_CD8a_A0002,3.160783609736914,0.1723955579058699,0.9922753042983986,totalvi_pmatch
totalvi_pmatch,2027.0,calibrated,CD19,ADT_CD19_A0093,3.1544484425404233,0.5658381808566896,0.9950241613259416,totalvi_pmatch
totalvi_pmatch,2028.0,likelihood_mean,CD4,ADT_CD4_A0001,3.386991167566789,0.25475938656795344,0.9833411261994132,totalvi_pmatch
totalvi_pmatch,2028.0,likelihood_mean,CD8,ADT_CD8a_A0002,3.160783609736914,0.1723955579058699,0.9926542072561202,totalvi_pmatch
totalvi_pmatch,2028.0,likelihood_mean,CD19,ADT_CD19_A0093,3.1544484425404233,0.5658381808566896,0.9954236485025101,totalvi_pmatch
totalvi_pmatch,2028.0,likelihood_pred_log,CD4,ADT_CD4_A0001,3.386991167566789,0.25475938656795344,0.9827640030162488,totalvi_pmatch
totalvi_pmatch,2028.0,likelihood_pred_log,CD8,ADT_CD8a_A0002,3.160783609736914,0.1723955579058699,0.9890779048001725,totalvi_pmatch
totalvi_pmatch,2028.0,likelihood_pred_log,CD19,ADT_CD19_A0093,3.1544484425404233,0.5658381808566896,0.9934456355937027,totalvi_pmatch
totalvi_pmatch,2028.0,helper_mean,CD4,ADT_CD4_A0001,3.386991167566789,0.25475938656795344,0.9833411261994133,totalvi_pmatch
totalvi_pmatch,2028.0,helper_mean,CD8,ADT_CD8a_A0002,3.160783609736914,0.1723955579058699,0.9926542072561203,totalvi_pmatch
totalvi_pmatch,2028.0,helper_mean,CD19,ADT_CD19_A0093,3.1544484425404233,0.5658381808566896,0.99542364850251,totalvi_pmatch
totalvi_pmatch,2028.0,calibrated,CD4,ADT_CD4_A0001,3.386991167566789,0.25475938656795344,0.9833411261994132,totalvi_pmatch
totalvi_pmatch,2028.0,calibrated,CD8,ADT_CD8a_A0002,3.160783609736914,0.1723955579058699,0.9926542072561202,totalvi_pmatch
totalvi_pmatch,2028.0,calibrated,CD19,ADT_CD19_A0093,3.1544484425404233,0.5658381808566896,0.9954236485025101,totalvi_pmatch
totalvi_pmatch,2029.0,likelihood_mean,CD4,ADT_CD4_A0001,3.386991167566789,0.25475938656795344,0.9835321503827066,totalvi_pmatch
totalvi_pmatch,2029.0,likelihood_mean,CD8,ADT_CD8a_A0002,3.160783609736914,0.1723955579058699,0.9923485613202925,totalvi_pmatch
totalvi_pmatch,2029.0,likelihood_mean,CD19,ADT_CD19_A0093,3.1544484425404233,0.5658381808566896,0.9952680512709597,totalvi_pmatch
totalvi_pmatch,2029.0,likelihood_pred_log,CD4,ADT_CD4_A0001,3.386991167566789,0.25475938656795344,0.9821136462245014,totalvi_pmatch
totalvi_pmatch,2029.0,likelihood_pred_log,CD8,ADT_CD8a_A0002,3.160783609736914,0.1723955579058699,0.9892508183225857,totalvi_pmatch
totalvi_pmatch,2029.0,likelihood_pred_log,CD19,ADT_CD19_A0093,3.1544484425404233,0.5658381808566896,0.9929377212653818,totalvi_pmatch
totalvi_pmatch,2029.0,helper_mean,CD4,ADT_CD4_A0001,3.386991167566789,0.25475938656795344,0.9835321964126303,totalvi_pmatch
totalvi_pmatch,2029.0,helper_mean,CD8,ADT_CD8a_A0002,3.160783609736914,0.1723955579058699,0.9923485613202924,totalvi_pmatch
totalvi_pmatch,2029.0,helper_mean,CD19,ADT_CD19_A0093,3.1544484425404233,0.5658381808566896,0.9952680156977471,totalvi_pmatch
totalvi_pmatch,2029.0,calibrated,CD4,ADT_CD4_A0001,3.386991167566789,0.25475938656795344,0.9835321503827066,totalvi_pmatch
totalvi_pmatch,2029.0,calibrated,CD8,ADT_CD8a_A0002,3.160783609736914,0.1723955579058699,0.9923485613202925,totalvi_pmatch
totalvi_pmatch,2029.0,calibrated,CD19,ADT_CD19_A0093,3.1544484425404233,0.5658381808566896,0.9952680512709597,totalvi_pmatch
totalvi_pmatch,2030.0,likelihood_mean,CD4,ADT_CD4_A0001,3.386991167566789,0.25475938656795344,0.9823239569458189,totalvi_pmatch
totalvi_pmatch,2030.0,likelihood_mean,CD8,ADT_CD8a_A0002,3.160783609736914,0.1723955579058699,0.9927365295282149,totalvi_pmatch
totalvi_pmatch,2030.0,likelihood_mean,CD19,ADT_CD19_A0093,3.1544484425404233,0.5658381808566896,0.9949140978064134,totalvi_pmatch
totalvi_pmatch,2030.0,likelihood_pred_log,CD4,ADT_CD4_A0001,3.386991167566789,0.25475938656795344,0.9800233353301113,totalvi_pmatch
totalvi_pmatch,2030.0,likelihood_pred_log,CD8,ADT_CD8a_A0002,3.160783609736914,0.1723955579058699,0.9875358322389698,totalvi_pmatch
totalvi_pmatch,2030.0,likelihood_pred_log,CD19,ADT_CD19_A0093,3.1544484425404233,0.5658381808566896,0.9932327654899996,totalvi_pmatch
totalvi_pmatch,2030.0,helper_mean,CD4,ADT_CD4_A0001,3.386991167566789,0.25475938656795344,0.9823239569458186,totalvi_pmatch
totalvi_pmatch,2030.0,helper_mean,CD8,ADT_CD8a_A0002,3.160783609736914,0.1723955579058699,0.992736529528215,totalvi_pmatch
totalvi_pmatch,2030.0,helper_mean,CD19,ADT_CD19_A0093,3.1544484425404233,0.5658381808566896,0.9949140978064134,totalvi_pmatch
totalvi_pmatch,2030.0,calibrated,CD4,ADT_CD4_A0001,3.386991167566789,0.25475938656795344,0.9823239569458189,totalvi_pmatch
totalvi_pmatch,2030.0,calibrated,CD8,ADT_CD8a_A0002,3.160783609736914,0.1723955579058699,0.9927365295282149,totalvi_pmatch
totalvi_pmatch,2030.0,calibrated,CD19,ADT_CD19_A0093,3.1544484425404233,0.5658381808566896,0.9949140978064134,totalvi_pmatch
totalvi_pmatch,2031.0,likelihood_mean,CD4,ADT_CD4_A0001,3.386991167566789,0.25475938656795344,0.9825523574271445,totalvi_pmatch
totalvi_pmatch,2031.0,likelihood_mean,CD8,ADT_CD8a_A0002,3.160783609736914,0.1723955579058699,0.9921094347203983,totalvi_pmatch
totalvi_pmatch,2031.0,likelihood_mean,CD19,ADT_CD19_A0093,3.1544484425404233,0.5658381808566896,0.9944887844775575,totalvi_pmatch
totalvi_pmatch,2031.0,likelihood_pred_log,CD4,ADT_CD4_A0001,3.386991167566789,0.25475938656795344,0.9813810339591286,totalvi_pmatch
totalvi_pmatch,2031.0,likelihood_pred_log,CD8,ADT_CD8a_A0002,3.160783609736914,0.1723955579058699,0.9864130887512496,totalvi_pmatch
totalvi_pmatch,2031.0,likelihood_pred_log,CD19,ADT_CD19_A0093,3.1544484425404233,0.5658381808566896,0.9922550001707513,totalvi_pmatch
totalvi_pmatch,2031.0,helper_mean,CD4,ADT_CD4_A0001,3.386991167566789,0.25475938656795344,0.9825523574271445,totalvi_pmatch
totalvi_pmatch,2031.0,helper_mean,CD8,ADT_CD8a_A0002,3.160783609736914,0.1723955579058699,0.9921094347203983,totalvi_pmatch
totalvi_pmatch,2031.0,helper_mean,CD19,ADT_CD19_A0093,3.1544484425404233,0.5658381808566896,0.9944887844775576,totalvi_pmatch
totalvi_pmatch,2031.0,calibrated,CD4,ADT_CD4_A0001,3.386991167566789,0.25475938656795344,0.9825523574271445,totalvi_pmatch
totalvi_pmatch,2031.0,calibrated,CD8,ADT_CD8a_A0002,3.160783609736914,0.1723955579058699,0.9921094347203983,totalvi_pmatch
totalvi_pmatch,2031.0,calibrated,CD19,ADT_CD19_A0093,3.1544484425404233,0.5658381808566896,0.9944887844775575,totalvi_pmatch
totalvi_pmatch,2032.0,likelihood_mean,CD4,ADT_CD4_A0001,3.386991167566789,0.25475938656795344,0.982991759078643,totalvi_pmatch
totalvi_pmatch,2032.0,likelihood_mean,CD8,ADT_CD8a_A0002,3.160783609736914,0.1723955579058699,0.9918554852113917,totalvi_pmatch
totalvi_pmatch,2032.0,likelihood_mean,CD19,ADT_CD19_A0093,3.1544484425404233,0.5658381808566896,0.9949172638223275,totalvi_pmatch
totalvi_pmatch,2032.0,likelihood_pred_log,CD4,ADT_CD4_A0001,3.386991167566789,0.25475938656795344,0.9775201360202657,totalvi_pmatch
totalvi_pmatch,2032.0,likelihood_pred_log,CD8,ADT_CD8a_A0002,3.160783609736914,0.1723955579058699,0.9875579440992572,totalvi_pmatch
totalvi_pmatch,2032.0,likelihood_pred_log,CD19,ADT_CD19_A0093,3.1544484425404233,0.5658381808566896,0.9933429001559531,totalvi_pmatch
totalvi_pmatch,2032.0,helper_mean,CD4,ADT_CD4_A0001,3.386991167566789,0.25475938656795344,0.982991759078643,totalvi_pmatch
totalvi_pmatch,2032.0,helper_mean,CD8,ADT_CD8a_A0002,3.160783609736914,0.1723955579058699,0.9918555464630823,totalvi_pmatch
totalvi_pmatch,2032.0,helper_mean,CD19,ADT_CD19_A0093,3.1544484425404233,0.5658381808566896,0.994917228249115,totalvi_pmatch
totalvi_pmatch,2032.0,calibrated,CD4,ADT_CD4_A0001,3.386991167566789,0.25475938656795344,0.982991759078643,totalvi_pmatch
totalvi_pmatch,2032.0,calibrated,CD8,ADT_CD8a_A0002,3.160783609736914,0.1723955579058699,0.9918554852113917,totalvi_pmatch
totalvi_pmatch,2032.0,calibrated,CD19,ADT_CD19_A0093,3.1544484425404233,0.5658381808566896,0.9949172638223275,totalvi_pmatch
totalvi_pmatch,2033.0,likelihood_mean,CD4,ADT_CD4_A0001,3.386991167566789,0.25475938656795344,0.9843130940679489,totalvi_pmatch
totalvi_pmatch,2033.0,likelihood_mean,CD8,ADT_CD8a_A0002,3.160783609736914,0.1723955579058699,0.9931638213214685,totalvi_pmatch
totalvi_pmatch,2033.0,likelihood_mean,CD19,ADT_CD19_A0093,3.1544484425404233,0.5658381808566896,0.9951999997154142,totalvi_pmatch
totalvi_pmatch,2033.0,likelihood_pred_log,CD4,ADT_CD4_A0001,3.386991167566789,0.25475938656795344,0.982615740632059,totalvi_pmatch
totalvi_pmatch,2033.0,likelihood_pred_log,CD8,ADT_CD8a_A0002,3.160783609736914,0.1723955579058699,0.989933223406966,totalvi_pmatch
totalvi_pmatch,2033.0,likelihood_pred_log,CD19,ADT_CD19_A0093,3.1544484425404233,0.5658381808566896,0.9925507914328321,totalvi_pmatch
totalvi_pmatch,2033.0,helper_mean,CD4,ADT_CD4_A0001,3.386991167566789,0.25475938656795344,0.9843130940679489,totalvi_pmatch
totalvi_pmatch,2033.0,helper_mean,CD8,ADT_CD8a_A0002,3.160783609736914,0.1723955579058699,0.9931638213214685,totalvi_pmatch
totalvi_pmatch,2033.0,helper_mean,CD19,ADT_CD19_A0093,3.1544484425404233,0.5658381808566896,0.9951999641422017,totalvi_pmatch
totalvi_pmatch,2033.0,calibrated,CD4,ADT_CD4_A0001,3.386991167566789,0.25475938656795344,0.9843130940679489,totalvi_pmatch
totalvi_pmatch,2033.0,calibrated,CD8,ADT_CD8a_A0002,3.160783609736914,0.1723955579058699,0.9931638213214685,totalvi_pmatch
totalvi_pmatch,2033.0,calibrated,CD19,ADT_CD19_A0093,3.1544484425404233,0.5658381808566896,0.9951999997154142,totalvi_pmatch
totalvi_pmatch,2034.0,likelihood_mean,CD4,ADT_CD4_A0001,3.386991167566789,0.25475938656795344,0.9824548200188556,totalvi_pmatch
totalvi_pmatch,2034.0,likelihood_mean,CD8,ADT_CD8a_A0002,3.160783609736914,0.1723955579058699,0.992072989964523,totalvi_pmatch
totalvi_pmatch,2034.0,likelihood_mean,CD19,ADT_CD19_A0093,3.1544484425404233,0.5658381808566896,0.9949685959679898,totalvi_pmatch
totalvi_pmatch,2034.0,likelihood_pred_log,CD4,ADT_CD4_A0001,3.386991167566789,0.25475938656795344,0.9798495263382763,totalvi_pmatch
totalvi_pmatch,2034.0,likelihood_pred_log,CD8,ADT_CD8a_A0002,3.160783609736914,0.1723955579058699,0.9893132337952528,totalvi_pmatch
totalvi_pmatch,2034.0,likelihood_pred_log,CD19,ADT_CD19_A0093,3.1544484425404233,0.5658381808566896,0.9925429297528658,totalvi_pmatch
totalvi_pmatch,2034.0,helper_mean,CD4,ADT_CD4_A0001,3.386991167566789,0.25475938656795344,0.9824548200188558,totalvi_pmatch
totalvi_pmatch,2034.0,helper_mean,CD8,ADT_CD8a_A0002,3.160783609736914,0.1723955579058699,0.992072989964523,totalvi_pmatch
totalvi_pmatch,2034.0,helper_mean,CD19,ADT_CD19_A0093,3.1544484425404233,0.5658381808566896,0.9949685603947772,totalvi_pmatch
totalvi_pmatch,2034.0,calibrated,CD4,ADT_CD4_A0001,3.386991167566789,0.25475938656795344,0.9824548200188556,totalvi_pmatch
totalvi_pmatch,2034.0,calibrated,CD8,ADT_CD8a_A0002,3.160783609736914,0.1723955579058699,0.992072989964523,totalvi_pmatch
totalvi_pmatch,2034.0,calibrated,CD19,ADT_CD19_A0093,3.1544484425404233,0.5658381808566896,0.9949685959679898,totalvi_pmatch
totalvi_pmatch,2035.0,likelihood_mean,CD4,ADT_CD4_A0001,3.386991167566789,0.25475938656795344,0.9831935542640787,totalvi_pmatch
totalvi_pmatch,2035.0,likelihood_mean,CD8,ADT_CD8a_A0002,3.160783609736914,0.1723955579058699,0.9939763862482603,totalvi_pmatch
totalvi_pmatch,2035.0,likelihood_mean,CD19,ADT_CD19_A0093,3.1544484425404233,0.5658381808566896,0.9949872363313486,totalvi_pmatch
totalvi_pmatch,2035.0,likelihood_pred_log,CD4,ADT_CD4_A0001,3.386991167566789,0.25475938656795344,0.9820568913285976,totalvi_pmatch
totalvi_pmatch,2035.0,likelihood_pred_log,CD8,ADT_CD8a_A0002,3.160783609736914,0.1723955579058699,0.9898617426840981,totalvi_pmatch
totalvi_pmatch,2035.0,likelihood_pred_log,CD19,ADT_CD19_A0093,3.1544484425404233,0.5658381808566896,0.9920408494313978,totalvi_pmatch
totalvi_pmatch,2035.0,helper_mean,CD4,ADT_CD4_A0001,3.386991167566789,0.25475938656795344,0.9831935542640786,totalvi_pmatch
totalvi_pmatch,2035.0,helper_mean,CD8,ADT_CD8a_A0002,3.160783609736914,0.1723955579058699,0.9939763862482605,totalvi_pmatch
totalvi_pmatch,2035.0,helper_mean,CD19,ADT_CD19_A0093,3.1544484425404233,0.5658381808566896,0.9949872363313488,totalvi_pmatch
totalvi_pmatch,2035.0,calibrated,CD4,ADT_CD4_A0001,3.386991167566789,0.25475938656795344,0.9831935542640787,totalvi_pmatch
totalvi_pmatch,2035.0,calibrated,CD8,ADT_CD8a_A0002,3.160783609736914,0.1723955579058699,0.9939763862482603,totalvi_pmatch
totalvi_pmatch,2035.0,calibrated,CD19,ADT_CD19_A0093,3.1544484425404233,0.5658381808566896,0.9949872363313486,totalvi_pmatch
totalvi_pmatch,2036.0,likelihood_mean,CD4,ADT_CD4_A0001,3.386991167566789,0.25475938656795344,0.9841960860019411,totalvi_pmatch
totalvi_pmatch,2036.0,likelihood_mean,CD8,ADT_CD8a_A0002,3.160783609736914,0.1723955579058699,0.9929986867637546,totalvi_pmatch
totalvi_pmatch,2036.0,likelihood_mean,CD19,ADT_CD19_A0093,3.1544484425404233,0.5658381808566896,0.9949868094527987,totalvi_pmatch
totalvi_pmatch,2036.0,likelihood_pred_log,CD4,ADT_CD4_A0001,3.386991167566789,0.25475938656795344,0.9825599523645525,totalvi_pmatch
totalvi_pmatch,2036.0,likelihood_pred_log,CD8,ADT_CD8a_A0002,3.160783609736914,0.1723955579058699,0.9911506007565809,totalvi_pmatch
totalvi_pmatch,2036.0,likelihood_pred_log,CD19,ADT_CD19_A0093,3.1544484425404233,0.5658381808566896,0.9933489120288683,totalvi_pmatch
totalvi_pmatch,2036.0,helper_mean,CD4,ADT_CD4_A0001,3.386991167566789,0.25475938656795344,0.9841960860019413,totalvi_pmatch
totalvi_pmatch,2036.0,helper_mean,CD8,ADT_CD8a_A0002,3.160783609736914,0.1723955579058699,0.9929986867637546,totalvi_pmatch
totalvi_pmatch,2036.0,helper_mean,CD19,ADT_CD19_A0093,3.1544484425404233,0.5658381808566896,0.9949868094527987,totalvi_pmatch
totalvi_pmatch,2036.0,calibrated,CD4,ADT_CD4_A0001,3.386991167566789,0.25475938656795344,0.9841960860019411,totalvi_pmatch
totalvi_pmatch,2036.0,calibrated,CD8,ADT_CD8a_A0002,3.160783609736914,0.1723955579058699,0.9929986867637546,totalvi_pmatch
totalvi_pmatch,2036.0,calibrated,CD19,ADT_CD19_A0093,3.1544484425404233,0.5658381808566896,0.9949868094527987,totalvi_pmatch
totalvi_pmatch,2037.0,likelihood_mean,CD4,ADT_CD4_A0001,3.386991167566789,0.25475938656795344,0.9825321963205703,totalvi_pmatch
totalvi_pmatch,2037.0,likelihood_mean,CD8,ADT_CD8a_A0002,3.160783609736914,0.1723955579058699,0.9932899998039946,totalvi_pmatch
totalvi_pmatch,2037.0,likelihood_mean,CD19,ADT_CD19_A0093,3.1544484425404233,0.5658381808566896,0.9952169681377849,totalvi_pmatch
totalvi_pmatch,2037.0,likelihood_pred_log,CD4,ADT_CD4_A0001,3.386991167566789,0.25475938656795344,0.9791305389303143,totalvi_pmatch
totalvi_pmatch,2037.0,likelihood_pred_log,CD8,ADT_CD8a_A0002,3.160783609736914,0.1723955579058699,0.9895916227287874,totalvi_pmatch
totalvi_pmatch,2037.0,likelihood_pred_log,CD19,ADT_CD19_A0093,3.1544484425404233,0.5658381808566896,0.9935126555260851,totalvi_pmatch
totalvi_pmatch,2037.0,helper_mean,CD4,ADT_CD4_A0001,3.386991167566789,0.25475938656795344,0.9825321963205705,totalvi_pmatch
totalvi_pmatch,2037.0,helper_mean,CD8,ADT_CD8a_A0002,3.160783609736914,0.1723955579058699,0.9932899998039946,totalvi_pmatch
totalvi_pmatch,2037.0,helper_mean,CD19,ADT_CD19_A0093,3.1544484425404233,0.5658381808566896,0.9952169681377849,totalvi_pmatch
totalvi_pmatch,2037.0,calibrated,CD4,ADT_CD4_A0001,3.386991167566789,0.25475938656795344,0.9825321963205703,totalvi_pmatch
totalvi_pmatch,2037.0,calibrated,CD8,ADT_CD8a_A0002,3.160783609736914,0.1723955579058699,0.9932899998039946,totalvi_pmatch
totalvi_pmatch,2037.0,calibrated,CD19,ADT_CD19_A0093,3.1544484425404233,0.5658381808566896,0.9952169681377849,totalvi_pmatch
totalvi_pmatch,2038.0,likelihood_mean,CD4,ADT_CD4_A0001,3.386991167566789,0.25475938656795344,0.982000550702007,totalvi_pmatch
totalvi_pmatch,2038.0,likelihood_mean,CD8,ADT_CD8a_A0002,3.160783609736914,0.1723955579058699,0.9928325721789921,totalvi_pmatch
totalvi_pmatch,2038.0,likelihood_mean,CD19,ADT_CD19_A0093,3.1544484425404233,0.5658381808566896,0.9947572910856375,totalvi_pmatch
totalvi_pmatch,2038.0,likelihood_pred_log,CD4,ADT_CD4_A0001,3.386991167566789,0.25475938656795344,0.9795643249311231,totalvi_pmatch
totalvi_pmatch,2038.0,likelihood_pred_log,CD8,ADT_CD8a_A0002,3.160783609736914,0.1723955579058699,0.9884827221231306,totalvi_pmatch
totalvi_pmatch,2038.0,likelihood_pred_log,CD19,ADT_CD19_A0093,3.1544484425404233,0.5658381808566896,0.9932453228340181,totalvi_pmatch
totalvi_pmatch,2038.0,helper_mean,CD4,ADT_CD4_A0001,3.386991167566789,0.25475938656795344,0.982000550702007,totalvi_pmatch
totalvi_pmatch,2038.0,helper_mean,CD8,ADT_CD8a_A0002,3.160783609736914,0.1723955579058699,0.9928325721789921,totalvi_pmatch
totalvi_pmatch,2038.0,helper_mean,CD19,ADT_CD19_A0093,3.1544484425404233,0.5658381808566896,0.9947572910856375,totalvi_pmatch
totalvi_pmatch,2038.0,calibrated,CD4,ADT_CD4_A0001,3.386991167566789,0.25475938656795344,0.982000550702007,totalvi_pmatch
totalvi_pmatch,2038.0,calibrated,CD8,ADT_CD8a_A0002,3.160783609736914,0.1723955579058699,0.9928325721789921,totalvi_pmatch
totalvi_pmatch,2038.0,calibrated,CD19,ADT_CD19_A0093,3.1544484425404233,0.5658381808566896,0.9947572910856375,totalvi_pmatch
totalvi_pmatch,2039.0,likelihood_mean,CD4,ADT_CD4_A0001,3.386991167566789,0.25475938656795344,0.9827954874840493,totalvi_pmatch
totalvi_pmatch,2039.0,likelihood_mean,CD8,ADT_CD8a_A0002,3.160783609736914,0.1723955579058699,0.9921060046257277,totalvi_pmatch
totalvi_pmatch,2039.0,likelihood_mean,CD19,ADT_CD19_A0093,3.1544484425404233,0.5658381808566896,0.9950291415756942,totalvi_pmatch
totalvi_pmatch,2039.0,likelihood_pred_log,CD4,ADT_CD4_A0001,3.386991167566789,0.25475938656795344,0.9793099175429154,totalvi_pmatch
totalvi_pmatch,2039.0,likelihood_pred_log,CD8,ADT_CD8a_A0002,3.160783609736914,0.1723955579058699,0.990277886669672,totalvi_pmatch
totalvi_pmatch,2039.0,likelihood_pred_log,CD19,ADT_CD19_A0093,3.1544484425404233,0.5658381808566896,0.9928166300499732,totalvi_pmatch
totalvi_pmatch,2039.0,helper_mean,CD4,ADT_CD4_A0001,3.386991167566789,0.25475938656795344,0.9827954874840494,totalvi_pmatch
totalvi_pmatch,2039.0,helper_mean,CD8,ADT_CD8a_A0002,3.160783609736914,0.1723955579058699,0.9921060658774182,totalvi_pmatch
totalvi_pmatch,2039.0,helper_mean,CD19,ADT_CD19_A0093,3.1544484425404233,0.5658381808566896,0.9950291415756942,totalvi_pmatch
totalvi_pmatch,2039.0,calibrated,CD4,ADT_CD4_A0001,3.386991167566789,0.25475938656795344,0.9827954874840493,totalvi_pmatch
totalvi_pmatch,2039.0,calibrated,CD8,ADT_CD8a_A0002,3.160783609736914,0.1723955579058699,0.9921060046257277,totalvi_pmatch
totalvi_pmatch,2039.0,calibrated,CD19,ADT_CD19_A0093,3.1544484425404233,0.5658381808566896,0.9950291415756942,totalvi_pmatch
totalvi_pmatch,2040.0,likelihood_mean,CD4,ADT_CD4_A0001,3.386991167566789,0.25475938656795344,0.983114566915035,totalvi_pmatch
totalvi_pmatch,2040.0,likelihood_mean,CD8,ADT_CD8a_A0002,3.160783609736914,0.1723955579058699,0.9923935813128442,totalvi_pmatch
totalvi_pmatch,2040.0,likelihood_mean,CD19,ADT_CD19_A0093,3.1544484425404233,0.5658381808566896,0.9952029167188409,totalvi_pmatch
totalvi_pmatch,2040.0,likelihood_pred_log,CD4,ADT_CD4_A0001,3.386991167566789,0.25475938656795344,0.9805370753083614,totalvi_pmatch
totalvi_pmatch,2040.0,likelihood_pred_log,CD8,ADT_CD8a_A0002,3.160783609736914,0.1723955579058699,0.9898459397479371,totalvi_pmatch
totalvi_pmatch,2040.0,likelihood_pred_log,CD19,ADT_CD19_A0093,3.1544484425404233,0.5658381808566896,0.9927682504809499,totalvi_pmatch
totalvi_pmatch,2040.0,helper_mean,CD4,ADT_CD4_A0001,3.386991167566789,0.25475938656795344,0.9831146129449586,totalvi_pmatch
totalvi_pmatch,2040.0,helper_mean,CD8,ADT_CD8a_A0002,3.160783609736914,0.1723955579058699,0.9923935813128443,totalvi_pmatch
totalvi_pmatch,2040.0,helper_mean,CD19,ADT_CD19_A0093,3.1544484425404233,0.5658381808566896,0.9952029167188408,totalvi_pmatch
totalvi_pmatch,2040.0,calibrated,CD4,ADT_CD4_A0001,3.386991167566789,0.25475938656795344,0.983114566915035,totalvi_pmatch
totalvi_pmatch,2040.0,calibrated,CD8,ADT_CD8a_A0002,3.160783609736914,0.1723955579058699,0.9923935813128442,totalvi_pmatch
totalvi_pmatch,2040.0,calibrated,CD19,ADT_CD19_A0093,3.1544484425404233,0.5658381808566896,0.9952029167188409,totalvi_pmatch
totalvi_pmatch,2041.0,likelihood_mean,CD4,ADT_CD4_A0001,3.386991167566789,0.25475938656795344,0.984410447356543,totalvi_pmatch
totalvi_pmatch,2041.0,likelihood_mean,CD8,ADT_CD8a_A0002,3.160783609736914,0.1723955579058699,0.9931336854897195,totalvi_pmatch
totalvi_pmatch,2041.0,likelihood_mean,CD19,ADT_CD19_A0093,3.1544484425404233,0.5658381808566896,0.9948136390542647,totalvi_pmatch
totalvi_pmatch,2041.0,likelihood_pred_log,CD4,ADT_CD4_A0001,3.386991167566789,0.25475938656795344,0.9796188703906901,totalvi_pmatch
totalvi_pmatch,2041.0,likelihood_pred_log,CD8,ADT_CD8a_A0002,3.160783609736914,0.1723955579058699,0.9878542185264314,totalvi_pmatch
totalvi_pmatch,2041.0,likelihood_pred_log,CD19,ADT_CD19_A0093,3.1544484425404233,0.5658381808566896,0.9915863660682778,totalvi_pmatch
totalvi_pmatch,2041.0,helper_mean,CD4,ADT_CD4_A0001,3.386991167566789,0.25475938656795344,0.9844104933864667,totalvi_pmatch
totalvi_pmatch,2041.0,helper_mean,CD8,ADT_CD8a_A0002,3.160783609736914,0.1723955579058699,0.9931336854897195,totalvi_pmatch
totalvi_pmatch,2041.0,helper_mean,CD19,ADT_CD19_A0093,3.1544484425404233,0.5658381808566896,0.9948136390542648,totalvi_pmatch
totalvi_pmatch,2041.0,calibrated,CD4,ADT_CD4_A0001,3.386991167566789,0.25475938656795344,0.984410447356543,totalvi_pmatch
totalvi_pmatch,2041.0,calibrated,CD8,ADT_CD8a_A0002,3.160783609736914,0.1723955579058699,0.9931336854897195,totalvi_pmatch
totalvi_pmatch,2041.0,calibrated,CD19,ADT_CD19_A0093,3.1544484425404233,0.5658381808566896,0.9948136390542647,totalvi_pmatch
totalvi_avail_w128,2026.0,likelihood_mean,CD4,ADT_CD4_A0001,3.386991167566789,0.25475938656795344,0.9847623921530395,totalvi_avail_w128
totalvi_avail_w128,2026.0,likelihood_mean,CD8,ADT_CD8a_A0002,3.160783609736914,0.1723955579058699,0.99307770144456,totalvi_avail_w128
totalvi_avail_w128,2026.0,likelihood_mean,CD19,ADT_CD19_A0093,3.1544484425404233,0.5658381808566896,0.9949405642765261,totalvi_avail_w128
totalvi_avail_w128,2026.0,likelihood_pred_log,CD4,ADT_CD4_A0001,3.386991167566789,0.25475938656795344,0.9824110915913548,totalvi_avail_w128
totalvi_avail_w128,2026.0,likelihood_pred_log,CD8,ADT_CD8a_A0002,3.160783609736914,0.1723955579058699,0.987822918912562,totalvi_avail_w128
totalvi_avail_w128,2026.0,likelihood_pred_log,CD19,ADT_CD19_A0093,3.1544484425404233,0.5658381808566896,0.9933943390212528,totalvi_avail_w128
totalvi_avail_w128,2026.0,helper_mean,CD4,ADT_CD4_A0001,3.386991167566789,0.25475938656795344,0.9847623921530394,totalvi_avail_w128
totalvi_avail_w128,2026.0,helper_mean,CD8,ADT_CD8a_A0002,3.160783609736914,0.1723955579058699,0.9930777014445599,totalvi_avail_w128
totalvi_avail_w128,2026.0,helper_mean,CD19,ADT_CD19_A0093,3.1544484425404233,0.5658381808566896,0.9949405642765262,totalvi_avail_w128
totalvi_avail_w128,2026.0,calibrated,CD4,ADT_CD4_A0001,3.386991167566789,0.25475938656795344,0.9847623921530395,totalvi_avail_w128
totalvi_avail_w128,2026.0,calibrated,CD8,ADT_CD8a_A0002,3.160783609736914,0.1723955579058699,0.99307770144456,totalvi_avail_w128
totalvi_avail_w128,2026.0,calibrated,CD19,ADT_CD19_A0093,3.1544484425404233,0.5658381808566896,0.9949405642765261,totalvi_avail_w128
totalvi_avail_w128,2027.0,likelihood_mean,CD4,ADT_CD4_A0001,3.386991167566789,0.25475938656795344,0.9852022080738513,totalvi_avail_w128
totalvi_avail_w128,2027.0,likelihood_mean,CD8,ADT_CD8a_A0002,3.160783609736914,0.1723955579058699,0.9933589692075501,totalvi_avail_w128
totalvi_avail_w128,2027.0,likelihood_mean,CD19,ADT_CD19_A0093,3.1544484425404233,0.5658381808566896,0.9952026321331405,totalvi_avail_w128
totalvi_avail_w128,2027.0,likelihood_pred_log,CD4,ADT_CD4_A0001,3.386991167566789,0.25475938656795344,0.9848067649994721,totalvi_avail_w128
totalvi_avail_w128,2027.0,likelihood_pred_log,CD8,ADT_CD8a_A0002,3.160783609736914,0.1723955579058699,0.989656120758933,totalvi_avail_w128
totalvi_avail_w128,2027.0,likelihood_pred_log,CD19,ADT_CD19_A0093,3.1544484425404233,0.5658381808566896,0.9928752902774141,totalvi_avail_w128
totalvi_avail_w128,2027.0,helper_mean,CD4,ADT_CD4_A0001,3.386991167566789,0.25475938656795344,0.985202254103775,totalvi_avail_w128
totalvi_avail_w128,2027.0,helper_mean,CD8,ADT_CD8a_A0002,3.160783609736914,0.1723955579058699,0.9933589692075501,totalvi_avail_w128
totalvi_avail_w128,2027.0,helper_mean,CD19,ADT_CD19_A0093,3.1544484425404233,0.5658381808566896,0.9952025965599282,totalvi_avail_w128
totalvi_avail_w128,2027.0,calibrated,CD4,ADT_CD4_A0001,3.386991167566789,0.25475938656795344,0.9852022080738513,totalvi_avail_w128
totalvi_avail_w128,2027.0,calibrated,CD8,ADT_CD8a_A0002,3.160783609736914,0.1723955579058699,0.9933589692075501,totalvi_avail_w128
totalvi_avail_w128,2027.0,calibrated,CD19,ADT_CD19_A0093,3.1544484425404233,0.5658381808566896,0.9952026321331405,totalvi_avail_w128
totalvi_avail_w128,2028.0,likelihood_mean,CD4,ADT_CD4_A0001,3.386991167566789,0.25475938656795344,0.9839535083041205,totalvi_avail_w128
totalvi_avail_w128,2028.0,likelihood_mean,CD8,ADT_CD8a_A0002,3.160783609736914,0.1723955579058699,0.9932343832689783,totalvi_avail_w128
totalvi_avail_w128,2028.0,likelihood_mean,CD19,ADT_CD19_A0093,3.1544484425404233,0.5658381808566896,0.9954819174246132,totalvi_avail_w128
totalvi_avail_w128,2028.0,likelihood_pred_log,CD4,ADT_CD4_A0001,3.386991167566789,0.25475938656795344,0.9849850849238283,totalvi_avail_w128
totalvi_avail_w128,2028.0,likelihood_pred_log,CD8,ADT_CD8a_A0002,3.160783609736914,0.1723955579058699,0.9895995854485584,totalvi_avail_w128
totalvi_avail_w128,2028.0,likelihood_pred_log,CD19,ADT_CD19_A0093,3.1544484425404233,0.5658381808566896,0.9935117306225596,totalvi_avail_w128
totalvi_avail_w128,2028.0,helper_mean,CD4,ADT_CD4_A0001,3.386991167566789,0.25475938656795344,0.9839535083041204,totalvi_avail_w128
totalvi_avail_w128,2028.0,helper_mean,CD8,ADT_CD8a_A0002,3.160783609736914,0.1723955579058699,0.9932343832689783,totalvi_avail_w128
totalvi_avail_w128,2028.0,helper_mean,CD19,ADT_CD19_A0093,3.1544484425404233,0.5658381808566896,0.9954819174246133,totalvi_avail_w128
totalvi_avail_w128,2028.0,calibrated,CD4,ADT_CD4_A0001,3.386991167566789,0.25475938656795344,0.9839535083041205,totalvi_avail_w128
totalvi_avail_w128,2028.0,calibrated,CD8,ADT_CD8a_A0002,3.160783609736914,0.1723955579058699,0.9932343832689783,totalvi_avail_w128
totalvi_avail_w128,2028.0,calibrated,CD19,ADT_CD19_A0093,3.1544484425404233,0.5658381808566896,0.9954819174246132,totalvi_avail_w128
totalvi_avail_w128,2029.0,likelihood_mean,CD4,ADT_CD4_A0001,3.386991167566789,0.25475938656795344,0.9835988937720501,totalvi_avail_w128
totalvi_avail_w128,2029.0,likelihood_mean,CD8,ADT_CD8a_A0002,3.160783609736914,0.1723955579058699,0.9930973019855348,totalvi_avail_w128
totalvi_avail_w128,2029.0,likelihood_mean,CD19,ADT_CD19_A0093,3.1544484425404233,0.5658381808566896,0.9950127778979362,totalvi_avail_w128
totalvi_avail_w128,2029.0,likelihood_pred_log,CD4,ADT_CD4_A0001,3.386991167566789,0.25475938656795344,0.9826370985166488,totalvi_avail_w128
totalvi_avail_w128,2029.0,likelihood_pred_log,CD8,ADT_CD8a_A0002,3.160783609736914,0.1723955579058699,0.9907157137536995,totalvi_avail_w128
totalvi_avail_w128,2029.0,likelihood_pred_log,CD19,ADT_CD19_A0093,3.1544484425404233,0.5658381808566896,0.9932278208134598,totalvi_avail_w128
totalvi_avail_w128,2029.0,helper_mean,CD4,ADT_CD4_A0001,3.386991167566789,0.25475938656795344,0.9835988937720501,totalvi_avail_w128
totalvi_avail_w128,2029.0,helper_mean,CD8,ADT_CD8a_A0002,3.160783609736914,0.1723955579058699,0.9930973019855348,totalvi_avail_w128
totalvi_avail_w128,2029.0,helper_mean,CD19,ADT_CD19_A0093,3.1544484425404233,0.5658381808566896,0.9950127778979361,totalvi_avail_w128
totalvi_avail_w128,2029.0,calibrated,CD4,ADT_CD4_A0001,3.386991167566789,0.25475938656795344,0.9835988937720501,totalvi_avail_w128
totalvi_avail_w128,2029.0,calibrated,CD8,ADT_CD8a_A0002,3.160783609736914,0.1723955579058699,0.9930973019855348,totalvi_avail_w128
totalvi_avail_w128,2029.0,calibrated,CD19,ADT_CD19_A0093,3.1544484425404233,0.5658381808566896,0.9950127778979362,totalvi_avail_w128
totalvi_avail_w128,2030.0,likelihood_mean,CD4,ADT_CD4_A0001,3.386991167566789,0.25475938656795344,0.983507662463306,totalvi_avail_w128
totalvi_avail_w128,2030.0,likelihood_mean,CD8,ADT_CD8a_A0002,3.160783609736914,0.1723955579058699,0.993395475215116,totalvi_avail_w128
totalvi_avail_w128,2030.0,likelihood_mean,CD19,ADT_CD19_A0093,3.1544484425404233,0.5658381808566896,0.9948875601898756,totalvi_avail_w128
totalvi_avail_w128,2030.0,likelihood_pred_log,CD4,ADT_CD4_A0001,3.386991167566789,0.25475938656795344,0.9822657751222809,totalvi_avail_w128
totalvi_avail_w128,2030.0,likelihood_pred_log,CD8,ADT_CD8a_A0002,3.160783609736914,0.1723955579058699,0.9906623635312335,totalvi_avail_w128
totalvi_avail_w128,2030.0,likelihood_pred_log,CD19,ADT_CD19_A0093,3.1544484425404233,0.5658381808566896,0.9929758913224129,totalvi_avail_w128
totalvi_avail_w128,2030.0,helper_mean,CD4,ADT_CD4_A0001,3.386991167566789,0.25475938656795344,0.9835076624633061,totalvi_avail_w128
totalvi_avail_w128,2030.0,helper_mean,CD8,ADT_CD8a_A0002,3.160783609736914,0.1723955579058699,0.9933954752151161,totalvi_avail_w128
totalvi_avail_w128,2030.0,helper_mean,CD19,ADT_CD19_A0093,3.1544484425404233,0.5658381808566896,0.9948875601898758,totalvi_avail_w128
totalvi_avail_w128,2030.0,calibrated,CD4,ADT_CD4_A0001,3.386991167566789,0.25475938656795344,0.983507662463306,totalvi_avail_w128
totalvi_avail_w128,2030.0,calibrated,CD8,ADT_CD8a_A0002,3.160783609736914,0.1723955579058699,0.993395475215116,totalvi_avail_w128
totalvi_avail_w128,2030.0,calibrated,CD19,ADT_CD19_A0093,3.1544484425404233,0.5658381808566896,0.9948875601898756,totalvi_avail_w128
totalvi_avail_w128,2031.0,likelihood_mean,CD4,ADT_CD4_A0001,3.386991167566789,0.25475938656795344,0.984019193005219,totalvi_avail_w128
totalvi_avail_w128,2031.0,likelihood_mean,CD8,ADT_CD8a_A0002,3.160783609736914,0.1723955579058699,0.9932193153531035,totalvi_avail_w128
totalvi_avail_w128,2031.0,likelihood_mean,CD19,ADT_CD19_A0093,3.1544484425404233,0.5658381808566896,0.9948356944460255,totalvi_avail_w128
totalvi_avail_w128,2031.0,likelihood_pred_log,CD4,ADT_CD4_A0001,3.386991167566789,0.25475938656795344,0.9831050847507559,totalvi_avail_w128
totalvi_avail_w128,2031.0,likelihood_pred_log,CD8,ADT_CD8a_A0002,3.160783609736914,0.1723955579058699,0.9887761177208492,totalvi_avail_w128
totalvi_avail_w128,2031.0,likelihood_pred_log,CD19,ADT_CD19_A0093,3.1544484425404233,0.5658381808566896,0.9929996898015869,totalvi_avail_w128
totalvi_avail_w128,2031.0,helper_mean,CD4,ADT_CD4_A0001,3.386991167566789,0.25475938656795344,0.984019193005219,totalvi_avail_w128
totalvi_avail_w128,2031.0,helper_mean,CD8,ADT_CD8a_A0002,3.160783609736914,0.1723955579058699,0.9932193153531037,totalvi_avail_w128
totalvi_avail_w128,2031.0,helper_mean,CD19,ADT_CD19_A0093,3.1544484425404233,0.5658381808566896,0.9948356944460255,totalvi_avail_w128
totalvi_avail_w128,2031.0,calibrated,CD4,ADT_CD4_A0001,3.386991167566789,0.25475938656795344,0.984019193005219,totalvi_avail_w128
totalvi_avail_w128,2031.0,calibrated,CD8,ADT_CD8a_A0002,3.160783609736914,0.1723955579058699,0.9932193153531035,totalvi_avail_w128
totalvi_avail_w128,2031.0,calibrated,CD19,ADT_CD19_A0093,3.1544484425404233,0.5658381808566896,0.9948356944460255,totalvi_avail_w128
totalvi_avail_w128,2032.0,likelihood_mean,CD4,ADT_CD4_A0001,3.386991167566789,0.25475938656795344,0.9846694577371192,totalvi_avail_w128
totalvi_avail_w128,2032.0,likelihood_mean,CD8,ADT_CD8a_A0002,3.160783609736914,0.1723955579058699,0.99294662282679,totalvi_avail_w128
totalvi_avail_w128,2032.0,likelihood_mean,CD19,ADT_CD19_A0093,3.1544484425404233,0.5658381808566896,0.9949498844582056,totalvi_avail_w128
totalvi_avail_w128,2032.0,likelihood_pred_log,CD4,ADT_CD4_A0001,3.386991167566789,0.25475938656795344,0.9798480533807183,totalvi_avail_w128
totalvi_avail_w128,2032.0,likelihood_pred_log,CD8,ADT_CD8a_A0002,3.160783609736914,0.1723955579058699,0.9880709270075854,totalvi_avail_w128
totalvi_avail_w128,2032.0,likelihood_pred_log,CD19,ADT_CD19_A0093,3.1544484425404233,0.5658381808566896,0.9933802164558836,totalvi_avail_w128
totalvi_avail_w128,2032.0,helper_mean,CD4,ADT_CD4_A0001,3.386991167566789,0.25475938656795344,0.9846694577371193,totalvi_avail_w128
totalvi_avail_w128,2032.0,helper_mean,CD8,ADT_CD8a_A0002,3.160783609736914,0.1723955579058699,0.99294662282679,totalvi_avail_w128
totalvi_avail_w128,2032.0,helper_mean,CD19,ADT_CD19_A0093,3.1544484425404233,0.5658381808566896,0.9949498844582056,totalvi_avail_w128
totalvi_avail_w128,2032.0,calibrated,CD4,ADT_CD4_A0001,3.386991167566789,0.25475938656795344,0.9846694577371192,totalvi_avail_w128
totalvi_avail_w128,2032.0,calibrated,CD8,ADT_CD8a_A0002,3.160783609736914,0.1723955579058699,0.99294662282679,totalvi_avail_w128
totalvi_avail_w128,2032.0,calibrated,CD19,ADT_CD19_A0093,3.1544484425404233,0.5658381808566896,0.9949498844582056,totalvi_avail_w128
totalvi_avail_w128,2033.0,likelihood_mean,CD4,ADT_CD4_A0001,3.386991167566789,0.25475938656795344,0.9851376741208446,totalvi_avail_w128
totalvi_avail_w128,2033.0,likelihood_mean,CD8,ADT_CD8a_A0002,3.160783609736914,0.1723955579058699,0.9933341010211882,totalvi_avail_w128
totalvi_avail_w128,2033.0,likelihood_mean,CD19,ADT_CD19_A0093,3.1544484425404233,0.5658381808566896,0.9950241968991543,totalvi_avail_w128
totalvi_avail_w128,2033.0,likelihood_pred_log,CD4,ADT_CD4_A0001,3.386991167566789,0.25475938656795344,0.9837409421165425,totalvi_avail_w128
totalvi_avail_w128,2033.0,likelihood_pred_log,CD8,ADT_CD8a_A0002,3.160783609736914,0.1723955579058699,0.9913596527764167,totalvi_avail_w128
totalvi_avail_w128,2033.0,likelihood_pred_log,CD19,ADT_CD19_A0093,3.1544484425404233,0.5658381808566896,0.992784756451558,totalvi_avail_w128
totalvi_avail_w128,2033.0,helper_mean,CD4,ADT_CD4_A0001,3.386991167566789,0.25475938656795344,0.9851376741208446,totalvi_avail_w128
totalvi_avail_w128,2033.0,helper_mean,CD8,ADT_CD8a_A0002,3.160783609736914,0.1723955579058699,0.993334101021188,totalvi_avail_w128
totalvi_avail_w128,2033.0,helper_mean,CD19,ADT_CD19_A0093,3.1544484425404233,0.5658381808566896,0.9950241968991542,totalvi_avail_w128
totalvi_avail_w128,2033.0,calibrated,CD4,ADT_CD4_A0001,3.386991167566789,0.25475938656795344,0.9851376741208446,totalvi_avail_w128
totalvi_avail_w128,2033.0,calibrated,CD8,ADT_CD8a_A0002,3.160783609736914,0.1723955579058699,0.9933341010211882,totalvi_avail_w128
totalvi_avail_w128,2033.0,calibrated,CD19,ADT_CD19_A0093,3.1544484425404233,0.5658381808566896,0.9950241968991543,totalvi_avail_w128
totalvi_avail_w128,2034.0,likelihood_mean,CD4,ADT_CD4_A0001,3.386991167566789,0.25475938656795344,0.9839321043896069,totalvi_avail_w128
totalvi_avail_w128,2034.0,likelihood_mean,CD8,ADT_CD8a_A0002,3.160783609736914,0.1723955579058699,0.9932507987220447,totalvi_avail_w128
totalvi_avail_w128,2034.0,likelihood_mean,CD19,ADT_CD19_A0093,3.1544484425404233,0.5658381808566896,0.9951152287499857,totalvi_avail_w128
totalvi_avail_w128,2034.0,likelihood_pred_log,CD4,ADT_CD4_A0001,3.386991167566789,0.25475938656795344,0.9809595839778674,totalvi_avail_w128
totalvi_avail_w128,2034.0,likelihood_pred_log,CD8,ADT_CD8a_A0002,3.160783609736914,0.1723955579058699,0.9894368397067759,totalvi_avail_w128
totalvi_avail_w128,2034.0,likelihood_pred_log,CD19,ADT_CD19_A0093,3.1544484425404233,0.5658381808566896,0.9928423494826233,totalvi_avail_w128
totalvi_avail_w128,2034.0,helper_mean,CD4,ADT_CD4_A0001,3.386991167566789,0.25475938656795344,0.9839321043896068,totalvi_avail_w128
totalvi_avail_w128,2034.0,helper_mean,CD8,ADT_CD8a_A0002,3.160783609736914,0.1723955579058699,0.9932507987220447,totalvi_avail_w128
totalvi_avail_w128,2034.0,helper_mean,CD19,ADT_CD19_A0093,3.1544484425404233,0.5658381808566896,0.9951152287499856,totalvi_avail_w128
totalvi_avail_w128,2034.0,calibrated,CD4,ADT_CD4_A0001,3.386991167566789,0.25475938656795344,0.9839321043896069,totalvi_avail_w128
totalvi_avail_w128,2034.0,calibrated,CD8,ADT_CD8a_A0002,3.160783609736914,0.1723955579058699,0.9932507987220447,totalvi_avail_w128
totalvi_avail_w128,2034.0,calibrated,CD19,ADT_CD19_A0093,3.1544484425404233,0.5658381808566896,0.9951152287499857,totalvi_avail_w128
totalvi_avail_w128,2035.0,likelihood_mean,CD4,ADT_CD4_A0001,3.386991167566789,0.25475938656795344,0.9830460743885914,totalvi_avail_w128
totalvi_avail_w128,2035.0,likelihood_mean,CD8,ADT_CD8a_A0002,3.160783609736914,0.1723955579058699,0.9928760608792803,totalvi_avail_w128
totalvi_avail_w128,2035.0,likelihood_mean,CD19,ADT_CD19_A0093,3.1544484425404233,0.5658381808566896,0.9947260578050474,totalvi_avail_w128
totalvi_avail_w128,2035.0,likelihood_pred_log,CD4,ADT_CD4_A0001,3.386991167566789,0.25475938656795344,0.9816841410065953,totalvi_avail_w128
totalvi_avail_w128,2035.0,likelihood_pred_log,CD8,ADT_CD8a_A0002,3.160783609736914,0.1723955579058699,0.9876146019130129,totalvi_avail_w128
totalvi_avail_w128,2035.0,likelihood_pred_log,CD19,ADT_CD19_A0093,3.1544484425404233,0.5658381808566896,0.9915734885653467,totalvi_avail_w128
totalvi_avail_w128,2035.0,helper_mean,CD4,ADT_CD4_A0001,3.386991167566789,0.25475938656795344,0.9830460743885915,totalvi_avail_w128
totalvi_avail_w128,2035.0,helper_mean,CD8,ADT_CD8a_A0002,3.160783609736914,0.1723955579058699,0.9928760608792802,totalvi_avail_w128
totalvi_avail_w128,2035.0,helper_mean,CD19,ADT_CD19_A0093,3.1544484425404233,0.5658381808566896,0.9947260578050474,totalvi_avail_w128
totalvi_avail_w128,2035.0,calibrated,CD4,ADT_CD4_A0001,3.386991167566789,0.25475938656795344,0.9830460743885914,totalvi_avail_w128
totalvi_avail_w128,2035.0,calibrated,CD8,ADT_CD8a_A0002,3.160783609736914,0.1723955579058699,0.9928760608792803,totalvi_avail_w128
totalvi_avail_w128,2035.0,calibrated,CD19,ADT_CD19_A0093,3.1544484425404233,0.5658381808566896,0.9947260578050474,totalvi_avail_w128
totalvi_avail_w128,2036.0,likelihood_mean,CD4,ADT_CD4_A0001,3.386991167566789,0.25475938656795344,0.9847347281689047,totalvi_avail_w128
totalvi_avail_w128,2036.0,likelihood_mean,CD8,ADT_CD8a_A0002,3.160783609736914,0.1723955579058699,0.9936000558615418,totalvi_avail_w128
totalvi_avail_w128,2036.0,likelihood_mean,CD19,ADT_CD19_A0093,3.1544484425404233,0.5658381808566896,0.9949791256388949,totalvi_avail_w128
totalvi_avail_w128,2036.0,likelihood_pred_log,CD4,ADT_CD4_A0001,3.386991167566789,0.25475938656795344,0.982371597916833,totalvi_avail_w128
totalvi_avail_w128,2036.0,likelihood_pred_log,CD8,ADT_CD8a_A0002,3.160783609736914,0.1723955579058699,0.9915875703169408,totalvi_avail_w128
totalvi_avail_w128,2036.0,likelihood_pred_log,CD19,ADT_CD19_A0093,3.1544484425404233,0.5658381808566896,0.9937331027240544,totalvi_avail_w128
totalvi_avail_w128,2036.0,helper_mean,CD4,ADT_CD4_A0001,3.386991167566789,0.25475938656795344,0.9847347281689048,totalvi_avail_w128
totalvi_avail_w128,2036.0,helper_mean,CD8,ADT_CD8a_A0002,3.160783609736914,0.1723955579058699,0.9936000558615419,totalvi_avail_w128
totalvi_avail_w128,2036.0,helper_mean,CD19,ADT_CD19_A0093,3.1544484425404233,0.5658381808566896,0.9949791256388949,totalvi_avail_w128
totalvi_avail_w128,2036.0,calibrated,CD4,ADT_CD4_A0001,3.386991167566789,0.25475938656795344,0.9847347281689047,totalvi_avail_w128
totalvi_avail_w128,2036.0,calibrated,CD8,ADT_CD8a_A0002,3.160783609736914,0.1723955579058699,0.9936000558615418,totalvi_avail_w128
totalvi_avail_w128,2036.0,calibrated,CD19,ADT_CD19_A0093,3.1544484425404233,0.5658381808566896,0.9949791256388949,totalvi_avail_w128
totalvi_avail_w128,2037.0,likelihood_mean,CD4,ADT_CD4_A0001,3.386991167566789,0.25475938656795344,0.9852809192433529,totalvi_avail_w128
totalvi_avail_w128,2037.0,likelihood_mean,CD8,ADT_CD8a_A0002,3.160783609736914,0.1723955579058699,0.9925860953762323,totalvi_avail_w128
totalvi_avail_w128,2037.0,likelihood_mean,CD19,ADT_CD19_A0093,3.1544484425404233,0.5658381808566896,0.9955317199221374,totalvi_avail_w128
totalvi_avail_w128,2037.0,likelihood_pred_log,CD4,ADT_CD4_A0001,3.386991167566789,0.25475938656795344,0.9809251535949508,totalvi_avail_w128
totalvi_avail_w128,2037.0,likelihood_pred_log,CD8,ADT_CD8a_A0002,3.160783609736914,0.1723955579058699,0.9907775167094612,totalvi_avail_w128
totalvi_avail_w128,2037.0,likelihood_pred_log,CD19,ADT_CD19_A0093,3.1544484425404233,0.5658381808566896,0.9935656240395233,totalvi_avail_w128
totalvi_avail_w128,2037.0,helper_mean,CD4,ADT_CD4_A0001,3.386991167566789,0.25475938656795344,0.9852809192433528,totalvi_avail_w128
totalvi_avail_w128,2037.0,helper_mean,CD8,ADT_CD8a_A0002,3.160783609736914,0.1723955579058699,0.9925860953762324,totalvi_avail_w128
totalvi_avail_w128,2037.0,helper_mean,CD19,ADT_CD19_A0093,3.1544484425404233,0.5658381808566896,0.9955317199221373,totalvi_avail_w128
totalvi_avail_w128,2037.0,calibrated,CD4,ADT_CD4_A0001,3.386991167566789,0.25475938656795344,0.9852809192433529,totalvi_avail_w128
totalvi_avail_w128,2037.0,calibrated,CD8,ADT_CD8a_A0002,3.160783609736914,0.1723955579058699,0.9925860953762323,totalvi_avail_w128
totalvi_avail_w128,2037.0,calibrated,CD19,ADT_CD19_A0093,3.1544484425404233,0.5658381808566896,0.9955317199221374,totalvi_avail_w128
totalvi_avail_w128,2038.0,likelihood_mean,CD4,ADT_CD4_A0001,3.386991167566789,0.25475938656795344,0.9842767304282375,totalvi_avail_w128
totalvi_avail_w128,2038.0,likelihood_mean,CD8,ADT_CD8a_A0002,3.160783609736914,0.1723955579058699,0.9930302926360767,totalvi_avail_w128
totalvi_avail_w128,2038.0,likelihood_mean,CD19,ADT_CD19_A0093,3.1544484425404233,0.5658381808566896,0.9949269753093446,totalvi_avail_w128
totalvi_avail_w128,2038.0,likelihood_pred_log,CD4,ADT_CD4_A0001,3.386991167566789,0.25475938656795344,0.9821552572755128,totalvi_avail_w128
totalvi_avail_w128,2038.0,likelihood_pred_log,CD8,ADT_CD8a_A0002,3.160783609736914,0.1723955579058699,0.9900546242576295,totalvi_avail_w128
totalvi_avail_w128,2038.0,likelihood_pred_log,CD19,ADT_CD19_A0093,3.1544484425404233,0.5658381808566896,0.993582592461894,totalvi_avail_w128
totalvi_avail_w128,2038.0,helper_mean,CD4,ADT_CD4_A0001,3.386991167566789,0.25475938656795344,0.9842767304282375,totalvi_avail_w128
totalvi_avail_w128,2038.0,helper_mean,CD8,ADT_CD8a_A0002,3.160783609736914,0.1723955579058699,0.9930303538877674,totalvi_avail_w128
totalvi_avail_w128,2038.0,helper_mean,CD19,ADT_CD19_A0093,3.1544484425404233,0.5658381808566896,0.9949269397361321,totalvi_avail_w128
totalvi_avail_w128,2038.0,calibrated,CD4,ADT_CD4_A0001,3.386991167566789,0.25475938656795344,0.9842767304282375,totalvi_avail_w128
totalvi_avail_w128,2038.0,calibrated,CD8,ADT_CD8a_A0002,3.160783609736914,0.1723955579058699,0.9930302926360767,totalvi_avail_w128
totalvi_avail_w128,2038.0,calibrated,CD19,ADT_CD19_A0093,3.1544484425404233,0.5658381808566896,0.9949269753093446,totalvi_avail_w128
totalvi_avail_w128,2039.0,likelihood_mean,CD4,ADT_CD4_A0001,3.386991167566789,0.25475938656795344,0.9842116441161467,totalvi_avail_w128
totalvi_avail_w128,2039.0,likelihood_mean,CD8,ADT_CD8a_A0002,3.160783609736914,0.1723955579058699,0.9927879809482743,totalvi_avail_w128
totalvi_avail_w128,2039.0,likelihood_mean,CD19,ADT_CD19_A0093,3.1544484425404233,0.5658381808566896,0.9948184058647421,totalvi_avail_w128
totalvi_avail_w128,2039.0,likelihood_pred_log,CD4,ADT_CD4_A0001,3.386991167566789,0.25475938656795344,0.9827829213148835,totalvi_avail_w128
totalvi_avail_w128,2039.0,likelihood_pred_log,CD8,ADT_CD8a_A0002,3.160783609736914,0.1723955579058699,0.9893448396675749,totalvi_avail_w128
totalvi_avail_w128,2039.0,likelihood_pred_log,CD19,ADT_CD19_A0093,3.1544484425404233,0.5658381808566896,0.9921849209420925,totalvi_avail_w128
totalvi_avail_w128,2039.0,helper_mean,CD4,ADT_CD4_A0001,3.386991167566789,0.25475938656795344,0.9842116441161468,totalvi_avail_w128
totalvi_avail_w128,2039.0,helper_mean,CD8,ADT_CD8a_A0002,3.160783609736914,0.1723955579058699,0.9927879809482741,totalvi_avail_w128
totalvi_avail_w128,2039.0,helper_mean,CD19,ADT_CD19_A0093,3.1544484425404233,0.5658381808566896,0.994818405864742,totalvi_avail_w128
totalvi_avail_w128,2039.0,calibrated,CD4,ADT_CD4_A0001,3.386991167566789,0.25475938656795344,0.9842116441161467,totalvi_avail_w128
totalvi_avail_w128,2039.0,calibrated,CD8,ADT_CD8a_A0002,3.160783609736914,0.1723955579058699,0.9927879809482743,totalvi_avail_w128
totalvi_avail_w128,2039.0,calibrated,CD19,ADT_CD19_A0093,3.1544484425404233,0.5658381808566896,0.9948184058647421,totalvi_avail_w128
totalvi_avail_w128,2040.0,likelihood_mean,CD4,ADT_CD4_A0001,3.386991167566789,0.25475938656795344,0.9846715290836852,totalvi_avail_w128
totalvi_avail_w128,2040.0,likelihood_mean,CD8,ADT_CD8a_A0002,3.160783609736914,0.1723955579058699,0.9931412806993474,totalvi_avail_w128
totalvi_avail_w128,2040.0,likelihood_mean,CD19,ADT_CD19_A0093,3.1544484425404233,0.5658381808566896,0.9954264232130864,totalvi_avail_w128
totalvi_avail_w128,2040.0,likelihood_pred_log,CD4,ADT_CD4_A0001,3.386991167566789,0.25475938656795344,0.9816080995726675,totalvi_avail_w128
totalvi_avail_w128,2040.0,likelihood_pred_log,CD8,ADT_CD8a_A0002,3.160783609736914,0.1723955579058699,0.9895733084733138,totalvi_avail_w128
totalvi_avail_w128,2040.0,likelihood_pred_log,CD19,ADT_CD19_A0093,3.1544484425404233,0.5658381808566896,0.9926036887998451,totalvi_avail_w128
totalvi_avail_w128,2040.0,helper_mean,CD4,ADT_CD4_A0001,3.386991167566789,0.25475938656795344,0.984671529083685,totalvi_avail_w128
totalvi_avail_w128,2040.0,helper_mean,CD8,ADT_CD8a_A0002,3.160783609736914,0.1723955579058699,0.9931412194476565,totalvi_avail_w128
totalvi_avail_w128,2040.0,helper_mean,CD19,ADT_CD19_A0093,3.1544484425404233,0.5658381808566896,0.9954264232130865,totalvi_avail_w128
totalvi_avail_w128,2040.0,calibrated,CD4,ADT_CD4_A0001,3.386991167566789,0.25475938656795344,0.9846715290836852,totalvi_avail_w128
totalvi_avail_w128,2040.0,calibrated,CD8,ADT_CD8a_A0002,3.160783609736914,0.1723955579058699,0.9931412806993474,totalvi_avail_w128
totalvi_avail_w128,2040.0,calibrated,CD19,ADT_CD19_A0093,3.1544484425404233,0.5658381808566896,0.9954264232130864,totalvi_avail_w128
totalvi_avail_w128,2041.0,likelihood_mean,CD4,ADT_CD4_A0001,3.386991167566789,0.25475938656795344,0.9852666499670104,totalvi_avail_w128
totalvi_avail_w128,2041.0,likelihood_mean,CD8,ADT_CD8a_A0002,3.160783609736914,0.1723955579058699,0.993180481781297,totalvi_avail_w128
totalvi_avail_w128,2041.0,likelihood_mean,CD19,ADT_CD19_A0093,3.1544484425404233,0.5658381808566896,0.994896738078705,totalvi_avail_w128
totalvi_avail_w128,2041.0,likelihood_pred_log,CD4,ADT_CD4_A0001,3.386991167566789,0.25475938656795344,0.9820479615234027,totalvi_avail_w128
totalvi_avail_w128,2041.0,likelihood_pred_log,CD8,ADT_CD8a_A0002,3.160783609736914,0.1723955579058699,0.9901139158940787,totalvi_avail_w128
totalvi_avail_w128,2041.0,likelihood_pred_log,CD19,ADT_CD19_A0093,3.1544484425404233,0.5658381808566896,0.9920278296356164,totalvi_avail_w128
totalvi_avail_w128,2041.0,helper_mean,CD4,ADT_CD4_A0001,3.386991167566789,0.25475938656795344,0.9852666499670104,totalvi_avail_w128
totalvi_avail_w128,2041.0,helper_mean,CD8,ADT_CD8a_A0002,3.160783609736914,0.1723955579058699,0.9931804817812971,totalvi_avail_w128
totalvi_avail_w128,2041.0,helper_mean,CD19,ADT_CD19_A0093,3.1544484425404233,0.5658381808566896,0.994896738078705,totalvi_avail_w128
totalvi_avail_w128,2041.0,calibrated,CD4,ADT_CD4_A0001,3.386991167566789,0.25475938656795344,0.9852666499670104,totalvi_avail_w128
totalvi_avail_w128,2041.0,calibrated,CD8,ADT_CD8a_A0002,3.160783609736914,0.1723955579058699,0.993180481781297,totalvi_avail_w128
totalvi_avail_w128,2041.0,calibrated,CD19,ADT_CD19_A0093,3.1544484425404233,0.5658381808566896,0.994896738078705,totalvi_avail_w128
