arm,seed,readout,cell_type,n_cells,n_valid_proteins,mean_spearman,median_spearman,model
fusionvi,2026.0,calibrated,Activated CD4 T,38,110,0.12248150087033839,0.124403947910007,FusionVI
fusionvi,2026.0,calibrated,B doublets,77,110,0.15006904143928831,0.10465195988127296,FusionVI
fusionvi,2026.0,calibrated,B-CD4 T cell doublets,62,110,0.16565782000110235,0.11593479407407331,FusionVI
fusionvi,2026.0,calibrated,B-CD8 T cell doublets,50,110,0.09109876687563233,0.08368556034469465,FusionVI
fusionvi,2026.0,calibrated,B-macrophage doublets,74,110,0.20802758715855038,0.17090659836828426,FusionVI
fusionvi,2026.0,calibrated,B1 B,162,110,0.18484380783410756,0.0949839703961029,FusionVI
fusionvi,2026.0,calibrated,CD122+ CD8 T,258,110,0.1106779105861868,0.0466274304098042,FusionVI
fusionvi,2026.0,calibrated,CD4 T,1077,110,0.07354670414136197,0.02392664386401415,FusionVI
fusionvi,2026.0,calibrated,CD8 T,680,110,0.07759863162186723,0.034395128621642596,FusionVI
fusionvi,2026.0,calibrated,Cycling B/T cells,81,110,0.31875219224314394,0.24493656840972783,FusionVI
fusionvi,2026.0,calibrated,GD T,73,110,0.18054958930231518,0.12336570233558514,FusionVI
fusionvi,2026.0,calibrated,ICOS-high Tregs,91,110,0.1879317313104423,0.14171518895010066,FusionVI
fusionvi,2026.0,calibrated,Ifit3-high B,249,110,0.10029329678210414,0.06694628746621795,FusionVI
fusionvi,2026.0,calibrated,Ifit3-high CD4 T,132,110,0.060575914860157856,0.0390004321777082,FusionVI
fusionvi,2026.0,calibrated,Ifit3-high CD8 T,100,110,0.08438826194892522,0.0585207098938449,FusionVI
fusionvi,2026.0,calibrated,Low quality B cells,230,110,0.09688346949476503,0.045713042026363296,FusionVI
fusionvi,2026.0,calibrated,Low quality T cells,67,110,0.08288469571141903,0.04439718919073435,FusionVI
fusionvi,2026.0,calibrated,Ly6-high mono,77,110,0.23724319711977182,0.18376202462688546,FusionVI
fusionvi,2026.0,calibrated,MZ B,205,110,0.17111067255697712,0.08549585371384244,FusionVI
fusionvi,2026.0,calibrated,MZ/Marco-high macrophages,36,110,0.267894986490243,0.26154830016188,FusionVI
fusionvi,2026.0,calibrated,Mature B,2408,110,0.11380289068213305,0.03309334240185395,FusionVI
fusionvi,2026.0,calibrated,NK,104,110,0.20893198485505246,0.2028468686767744,FusionVI
fusionvi,2026.0,calibrated,NKT,117,110,0.27631439609566383,0.25714390665056064,FusionVI
fusionvi,2026.0,calibrated,Neutrophils,112,110,0.1940656750869063,0.1526702726227585,FusionVI
fusionvi,2026.0,calibrated,Red-pulp macrophages,35,110,0.020664367206893325,0.03967443244908215,FusionVI
fusionvi,2026.0,calibrated,T doublets,55,110,0.13423946305864423,0.0948899556174147,FusionVI
fusionvi,2026.0,calibrated,Transitional B,580,110,0.14293361696725884,0.0357558328988572,FusionVI
fusionvi,2026.0,calibrated,Tregs,115,110,0.1486090818207935,0.08634450063304075,FusionVI
fusionvi,2026.0,calibrated,cDC1s,62,110,0.3105211387637668,0.2742480563592945,FusionVI
fusionvi,2026.0,calibrated,cDC2s,65,110,0.23771234436600117,0.21349637351777745,FusionVI
fusionvi,2026.0,calibrated,pDCs,30,110,0.12907550044004681,0.1168664949874765,FusionVI
fusionvi,2026.0,log_mean,Activated CD4 T,38,110,0.12248150087033839,0.124403947910007,FusionVI
fusionvi,2026.0,log_mean,B doublets,77,110,0.15006904143928831,0.10465195988127296,FusionVI
fusionvi,2026.0,log_mean,B-CD4 T cell doublets,62,110,0.16565782000110235,0.11593479407407331,FusionVI
fusionvi,2026.0,log_mean,B-CD8 T cell doublets,50,110,0.09109876687563233,0.08368556034469465,FusionVI
fusionvi,2026.0,log_mean,B-macrophage doublets,74,110,0.20802758715855038,0.17090659836828426,FusionVI
fusionvi,2026.0,log_mean,B1 B,162,110,0.18484380783410756,0.0949839703961029,FusionVI
fusionvi,2026.0,log_mean,CD122+ CD8 T,258,110,0.1106779105861868,0.0466274304098042,FusionVI
fusionvi,2026.0,log_mean,CD4 T,1077,110,0.07354670414136197,0.02392664386401415,FusionVI
fusionvi,2026.0,log_mean,CD8 T,680,110,0.07759863162186723,0.034395128621642596,FusionVI
fusionvi,2026.0,log_mean,Cycling B/T cells,81,110,0.31875219224314394,0.24493656840972783,FusionVI
fusionvi,2026.0,log_mean,GD T,73,110,0.18054958930231518,0.12336570233558514,FusionVI
fusionvi,2026.0,log_mean,ICOS-high Tregs,91,110,0.1879317313104423,0.14171518895010066,FusionVI
fusionvi,2026.0,log_mean,Ifit3-high B,249,110,0.10029329678210414,0.06694628746621795,FusionVI
fusionvi,2026.0,log_mean,Ifit3-high CD4 T,132,110,0.060575914860157856,0.0390004321777082,FusionVI
fusionvi,2026.0,log_mean,Ifit3-high CD8 T,100,110,0.08438826194892522,0.0585207098938449,FusionVI
fusionvi,2026.0,log_mean,Low quality B cells,230,110,0.09688346949476503,0.045713042026363296,FusionVI
fusionvi,2026.0,log_mean,Low quality T cells,67,110,0.08288469571141903,0.04439718919073435,FusionVI
fusionvi,2026.0,log_mean,Ly6-high mono,77,110,0.23724319711977182,0.18376202462688546,FusionVI
fusionvi,2026.0,log_mean,MZ B,205,110,0.17111067255697712,0.08549585371384244,FusionVI
fusionvi,2026.0,log_mean,MZ/Marco-high macrophages,36,110,0.267894986490243,0.26154830016188,FusionVI
fusionvi,2026.0,log_mean,Mature B,2408,110,0.11380289068213305,0.03309334240185395,FusionVI
fusionvi,2026.0,log_mean,NK,104,110,0.20893198485505246,0.2028468686767744,FusionVI
fusionvi,2026.0,log_mean,NKT,117,110,0.27631439609566383,0.25714390665056064,FusionVI
fusionvi,2026.0,log_mean,Neutrophils,112,110,0.1940656750869063,0.1526702726227585,FusionVI
fusionvi,2026.0,log_mean,Red-pulp macrophages,35,110,0.020664367206893325,0.03967443244908215,FusionVI
fusionvi,2026.0,log_mean,T doublets,55,110,0.13423946305864423,0.0948899556174147,FusionVI
fusionvi,2026.0,log_mean,Transitional B,580,110,0.14293361696725884,0.0357558328988572,FusionVI
fusionvi,2026.0,log_mean,Tregs,115,110,0.1486090818207935,0.08634450063304075,FusionVI
fusionvi,2026.0,log_mean,cDC1s,62,110,0.3105211387637668,0.2742480563592945,FusionVI
fusionvi,2026.0,log_mean,cDC2s,65,110,0.23771234436600117,0.21349637351777745,FusionVI
fusionvi,2026.0,log_mean,pDCs,30,110,0.12907550044004681,0.1168664949874765,FusionVI
fusionvi,2026.0,pred_log,Activated CD4 T,38,110,0.1146274556634086,0.0831246238888752,FusionVI
fusionvi,2026.0,pred_log,B doublets,77,110,0.13928968292252106,0.1064586615968631,FusionVI
fusionvi,2026.0,pred_log,B-CD4 T cell doublets,62,110,0.15806168220313704,0.126347366455166,FusionVI
fusionvi,2026.0,pred_log,B-CD8 T cell doublets,50,110,0.07062398855000805,0.05028289072217635,FusionVI
fusionvi,2026.0,pred_log,B-macrophage doublets,74,110,0.2084533713895799,0.1803471502368062,FusionVI
fusionvi,2026.0,pred_log,B1 B,162,110,0.16529838514918202,0.0578158505017645,FusionVI
fusionvi,2026.0,pred_log,CD122+ CD8 T,258,110,0.09014310901694537,0.0396871156250386,FusionVI
fusionvi,2026.0,pred_log,CD4 T,1077,110,0.06279142615085352,0.022962014521999502,FusionVI
fusionvi,2026.0,pred_log,CD8 T,680,110,0.060926823428758124,0.026084047590802198,FusionVI
fusionvi,2026.0,pred_log,Cycling B/T cells,81,110,0.300874873610585,0.1900589458839982,FusionVI
fusionvi,2026.0,pred_log,GD T,73,110,0.15887348241237184,0.11504670377172616,FusionVI
fusionvi,2026.0,pred_log,ICOS-high Tregs,91,110,0.17487026559718244,0.15409303966647353,FusionVI
fusionvi,2026.0,pred_log,Ifit3-high B,249,110,0.07794321529285879,0.050280694857651,FusionVI
fusionvi,2026.0,pred_log,Ifit3-high CD4 T,132,110,0.051596379096371325,0.04275883002135775,FusionVI
fusionvi,2026.0,pred_log,Ifit3-high CD8 T,100,110,0.06483865620312666,0.0226794380608734,FusionVI
fusionvi,2026.0,pred_log,Low quality B cells,230,110,0.09338519447951812,0.055598312952454404,FusionVI
fusionvi,2026.0,pred_log,Low quality T cells,67,110,0.07642694374798113,0.0429381522283343,FusionVI
fusionvi,2026.0,pred_log,Ly6-high mono,77,110,0.22780132185022733,0.1707975629843461,FusionVI
fusionvi,2026.0,pred_log,MZ B,205,110,0.14298095662122104,0.05358378590016995,FusionVI
fusionvi,2026.0,pred_log,MZ/Marco-high macrophages,36,110,0.2108125775674995,0.2209391943650009,FusionVI
fusionvi,2026.0,pred_log,Mature B,2408,110,0.09594047322011293,0.02207126578297485,FusionVI
fusionvi,2026.0,pred_log,NK,104,110,0.1874642464927049,0.17655356940004546,FusionVI
fusionvi,2026.0,pred_log,NKT,117,110,0.23270943049804946,0.17888499130427404,FusionVI
fusionvi,2026.0,pred_log,Neutrophils,112,110,0.17540646928676223,0.1427551455926086,FusionVI
fusionvi,2026.0,pred_log,Red-pulp macrophages,35,110,0.056635103141743796,0.059965532800128,FusionVI
fusionvi,2026.0,pred_log,T doublets,55,110,0.14377868113003034,0.114848812498238,FusionVI
fusionvi,2026.0,pred_log,Transitional B,580,110,0.12403028131523451,0.02158178029610895,FusionVI
fusionvi,2026.0,pred_log,Tregs,115,110,0.12408669910977979,0.0705877422730482,FusionVI
fusionvi,2026.0,pred_log,cDC1s,62,110,0.2812009633613034,0.25576454775486746,FusionVI
fusionvi,2026.0,pred_log,cDC2s,65,110,0.23723452397591577,0.22947229034747352,FusionVI
fusionvi,2026.0,pred_log,pDCs,30,110,0.12861195128032998,0.1288384320885468,FusionVI
fusionvi,2027.0,calibrated,Activated CD4 T,38,110,0.0951716534352167,0.0677749008181095,FusionVI
fusionvi,2027.0,calibrated,B doublets,77,110,0.12876524118748142,0.0597597794346627,FusionVI
fusionvi,2027.0,calibrated,B-CD4 T cell doublets,62,110,0.17120194305968595,0.13290657831376246,FusionVI
fusionvi,2027.0,calibrated,B-CD8 T cell doublets,50,110,0.12303771452330597,0.09471952257868405,FusionVI
fusionvi,2027.0,calibrated,B-macrophage doublets,74,110,0.21104306119864233,0.1705154049090285,FusionVI
fusionvi,2027.0,calibrated,B1 B,162,110,0.1794723578847672,0.07364426371511465,FusionVI
fusionvi,2027.0,calibrated,CD122+ CD8 T,258,110,0.11828531864786399,0.058879349503405995,FusionVI
fusionvi,2027.0,calibrated,CD4 T,1077,110,0.0753203862676848,0.016432507472416702,FusionVI
fusionvi,2027.0,calibrated,CD8 T,680,110,0.07598292799671895,0.01774271975464005,FusionVI
fusionvi,2027.0,calibrated,Cycling B/T cells,81,110,0.32141707095144323,0.2527979485296304,FusionVI
fusionvi,2027.0,calibrated,GD T,73,110,0.1819921319197177,0.1579495390210653,FusionVI
fusionvi,2027.0,calibrated,ICOS-high Tregs,91,110,0.17736334795363626,0.0872700783776609,FusionVI
fusionvi,2027.0,calibrated,Ifit3-high B,249,110,0.09472106853745134,0.0492759568095788,FusionVI
fusionvi,2027.0,calibrated,Ifit3-high CD4 T,132,110,0.054984704107451945,0.0230378788664877,FusionVI
fusionvi,2027.0,calibrated,Ifit3-high CD8 T,100,110,0.10229347532862172,0.0731367758536845,FusionVI
fusionvi,2027.0,calibrated,Low quality B cells,230,110,0.10344924869783044,0.051208668539156094,FusionVI
fusionvi,2027.0,calibrated,Low quality T cells,67,110,0.12070131957564505,0.0977002635261986,FusionVI
fusionvi,2027.0,calibrated,Ly6-high mono,77,110,0.22437046061268917,0.1771100907181125,FusionVI
fusionvi,2027.0,calibrated,MZ B,205,110,0.17077993273792158,0.07342630737502115,FusionVI
fusionvi,2027.0,calibrated,MZ/Marco-high macrophages,36,110,0.23630728073985546,0.2727543208418717,FusionVI
fusionvi,2027.0,calibrated,Mature B,2408,110,0.11039355728864213,0.033718067601893,FusionVI
fusionvi,2027.0,calibrated,NK,104,110,0.20546477205383679,0.18963605040616838,FusionVI
fusionvi,2027.0,calibrated,NKT,117,110,0.3016637172492747,0.30725318456365325,FusionVI
fusionvi,2027.0,calibrated,Neutrophils,112,110,0.1981538474473916,0.17301529234021595,FusionVI
fusionvi,2027.0,calibrated,Red-pulp macrophages,35,110,0.08828960667758798,0.1071341083164436,FusionVI
fusionvi,2027.0,calibrated,T doublets,55,110,0.15561207947193725,0.1020257991138488,FusionVI
fusionvi,2027.0,calibrated,Transitional B,580,110,0.14548285181887546,0.049626559383289054,FusionVI
fusionvi,2027.0,calibrated,Tregs,115,110,0.16681591014597316,0.11681755703695025,FusionVI
fusionvi,2027.0,calibrated,cDC1s,62,110,0.2912674887649514,0.2529357073125672,FusionVI
fusionvi,2027.0,calibrated,cDC2s,65,110,0.28583218653276465,0.26873461870026166,FusionVI
fusionvi,2027.0,calibrated,pDCs,30,110,0.13306356091558624,0.12763843000434139,FusionVI
fusionvi,2027.0,log_mean,Activated CD4 T,38,110,0.0951716534352167,0.0677749008181095,FusionVI
fusionvi,2027.0,log_mean,B doublets,77,110,0.12876524118748142,0.0597597794346627,FusionVI
fusionvi,2027.0,log_mean,B-CD4 T cell doublets,62,110,0.17120194305968595,0.13290657831376246,FusionVI
fusionvi,2027.0,log_mean,B-CD8 T cell doublets,50,110,0.12303771452330597,0.09471952257868405,FusionVI
fusionvi,2027.0,log_mean,B-macrophage doublets,74,110,0.21104306119864233,0.1705154049090285,FusionVI
fusionvi,2027.0,log_mean,B1 B,162,110,0.1794723578847672,0.07364426371511465,FusionVI
fusionvi,2027.0,log_mean,CD122+ CD8 T,258,110,0.11828531864786399,0.058879349503405995,FusionVI
fusionvi,2027.0,log_mean,CD4 T,1077,110,0.0753203862676848,0.016432507472416702,FusionVI
fusionvi,2027.0,log_mean,CD8 T,680,110,0.07598292799671895,0.01774271975464005,FusionVI
fusionvi,2027.0,log_mean,Cycling B/T cells,81,110,0.32141707095144323,0.2527979485296304,FusionVI
fusionvi,2027.0,log_mean,GD T,73,110,0.1819921319197177,0.1579495390210653,FusionVI
fusionvi,2027.0,log_mean,ICOS-high Tregs,91,110,0.17736334795363626,0.0872700783776609,FusionVI
fusionvi,2027.0,log_mean,Ifit3-high B,249,110,0.09472106853745134,0.0492759568095788,FusionVI
fusionvi,2027.0,log_mean,Ifit3-high CD4 T,132,110,0.054984704107451945,0.0230378788664877,FusionVI
fusionvi,2027.0,log_mean,Ifit3-high CD8 T,100,110,0.10229347532862172,0.0731367758536845,FusionVI
fusionvi,2027.0,log_mean,Low quality B cells,230,110,0.10344924869783044,0.051208668539156094,FusionVI
fusionvi,2027.0,log_mean,Low quality T cells,67,110,0.12070131957564505,0.0977002635261986,FusionVI
fusionvi,2027.0,log_mean,Ly6-high mono,77,110,0.22437046061268917,0.1771100907181125,FusionVI
fusionvi,2027.0,log_mean,MZ B,205,110,0.17077993273792158,0.07342630737502115,FusionVI
fusionvi,2027.0,log_mean,MZ/Marco-high macrophages,36,110,0.23630728073985546,0.2727543208418717,FusionVI
fusionvi,2027.0,log_mean,Mature B,2408,110,0.11039355728864213,0.033718067601893,FusionVI
fusionvi,2027.0,log_mean,NK,104,110,0.20546477205383679,0.18963605040616838,FusionVI
fusionvi,2027.0,log_mean,NKT,117,110,0.3016637172492747,0.30725318456365325,FusionVI
fusionvi,2027.0,log_mean,Neutrophils,112,110,0.1981538474473916,0.17301529234021595,FusionVI
fusionvi,2027.0,log_mean,Red-pulp macrophages,35,110,0.08828960667758798,0.1071341083164436,FusionVI
fusionvi,2027.0,log_mean,T doublets,55,110,0.15561207947193725,0.1020257991138488,FusionVI
fusionvi,2027.0,log_mean,Transitional B,580,110,0.14548285181887546,0.049626559383289054,FusionVI
fusionvi,2027.0,log_mean,Tregs,115,110,0.16681591014597316,0.11681755703695025,FusionVI
fusionvi,2027.0,log_mean,cDC1s,62,110,0.2912674887649514,0.2529357073125672,FusionVI
fusionvi,2027.0,log_mean,cDC2s,65,110,0.28583218653276465,0.26873461870026166,FusionVI
fusionvi,2027.0,log_mean,pDCs,30,110,0.13306356091558624,0.12763843000434139,FusionVI
fusionvi,2027.0,pred_log,Activated CD4 T,38,110,0.08130971177072059,0.0565266590812948,FusionVI
fusionvi,2027.0,pred_log,B doublets,77,110,0.1264024683622498,0.08586513509033175,FusionVI
fusionvi,2027.0,pred_log,B-CD4 T cell doublets,62,110,0.1241598088455718,0.11083083136118005,FusionVI
fusionvi,2027.0,pred_log,B-CD8 T cell doublets,50,110,0.12161812132297779,0.0916503683610745,FusionVI
fusionvi,2027.0,pred_log,B-macrophage doublets,74,110,0.21069867823606395,0.1534571788588944,FusionVI
fusionvi,2027.0,pred_log,B1 B,162,110,0.1597008506053212,0.05947793177799645,FusionVI
fusionvi,2027.0,pred_log,CD122+ CD8 T,258,110,0.0973695750178954,0.06249020126621245,FusionVI
fusionvi,2027.0,pred_log,CD4 T,1077,110,0.06649960993434449,0.02642068919137785,FusionVI
fusionvi,2027.0,pred_log,CD8 T,680,110,0.06471256925825478,0.0263096794388609,FusionVI
fusionvi,2027.0,pred_log,Cycling B/T cells,81,110,0.30005010067313936,0.23535824262126664,FusionVI
fusionvi,2027.0,pred_log,GD T,73,110,0.1689802714704351,0.1353995524888063,FusionVI
fusionvi,2027.0,pred_log,ICOS-high Tregs,91,110,0.17242878929419847,0.10870115036567479,FusionVI
fusionvi,2027.0,pred_log,Ifit3-high B,249,110,0.06790723807240716,0.034375253992461455,FusionVI
fusionvi,2027.0,pred_log,Ifit3-high CD4 T,132,110,0.03478873328399319,0.01202440566508985,FusionVI
fusionvi,2027.0,pred_log,Ifit3-high CD8 T,100,110,0.07909656837303161,0.065516360472791,FusionVI
fusionvi,2027.0,pred_log,Low quality B cells,230,110,0.08751370770370367,0.0476804354009729,FusionVI
fusionvi,2027.0,pred_log,Low quality T cells,67,110,0.11163018192547851,0.0959281932021508,FusionVI
fusionvi,2027.0,pred_log,Ly6-high mono,77,110,0.2019141528126234,0.13961162124566834,FusionVI
fusionvi,2027.0,pred_log,MZ B,205,110,0.137721895184817,0.04325832860760715,FusionVI
fusionvi,2027.0,pred_log,MZ/Marco-high macrophages,36,110,0.21050651262271777,0.24435826776584563,FusionVI
fusionvi,2027.0,pred_log,Mature B,2408,110,0.093673657589636,0.020527054026380498,FusionVI
fusionvi,2027.0,pred_log,NK,104,110,0.18780683227886727,0.1990577078363912,FusionVI
fusionvi,2027.0,pred_log,NKT,117,110,0.24330163881342093,0.2159320749576477,FusionVI
fusionvi,2027.0,pred_log,Neutrophils,112,110,0.17353395189522283,0.1327749560038366,FusionVI
fusionvi,2027.0,pred_log,Red-pulp macrophages,35,110,0.07920419108460319,0.0868925130272619,FusionVI
fusionvi,2027.0,pred_log,T doublets,55,110,0.15174128612703497,0.08059257430405051,FusionVI
fusionvi,2027.0,pred_log,Transitional B,580,110,0.12470822816732269,0.02600298317552885,FusionVI
fusionvi,2027.0,pred_log,Tregs,115,110,0.1398983009383456,0.07400581779586865,FusionVI
fusionvi,2027.0,pred_log,cDC1s,62,110,0.24922932378138798,0.17900642391138016,FusionVI
fusionvi,2027.0,pred_log,cDC2s,65,110,0.2720753932958959,0.24793396706306997,FusionVI
fusionvi,2027.0,pred_log,pDCs,30,110,0.10354516793763602,0.10897513478793219,FusionVI
fusionvi,2028.0,calibrated,Activated CD4 T,38,110,0.1238924532365344,0.11920608244069544,FusionVI
fusionvi,2028.0,calibrated,B doublets,77,110,0.1347371896472727,0.06583097747227054,FusionVI
fusionvi,2028.0,calibrated,B-CD4 T cell doublets,62,110,0.15606734924130494,0.1499275282847442,FusionVI
fusionvi,2028.0,calibrated,B-CD8 T cell doublets,50,110,0.13478436049102063,0.098504369607748,FusionVI
fusionvi,2028.0,calibrated,B-macrophage doublets,74,110,0.22264900591670525,0.15912550834106845,FusionVI
fusionvi,2028.0,calibrated,B1 B,162,110,0.1913306240559912,0.0648898032265912,FusionVI
fusionvi,2028.0,calibrated,CD122+ CD8 T,258,110,0.10939306877749261,0.051765123590175904,FusionVI
fusionvi,2028.0,calibrated,CD4 T,1077,110,0.0817196798220251,0.0278761161148722,FusionVI
fusionvi,2028.0,calibrated,CD8 T,680,110,0.0789877717845594,0.02432332702424475,FusionVI
fusionvi,2028.0,calibrated,Cycling B/T cells,81,110,0.3255231400728379,0.2545948892704552,FusionVI
fusionvi,2028.0,calibrated,GD T,73,110,0.2052906890727087,0.17627875047679953,FusionVI
fusionvi,2028.0,calibrated,ICOS-high Tregs,91,110,0.17950103850644766,0.13359354312829436,FusionVI
fusionvi,2028.0,calibrated,Ifit3-high B,249,110,0.09138054516861825,0.0488546135319256,FusionVI
fusionvi,2028.0,calibrated,Ifit3-high CD4 T,132,110,0.05001878016629583,0.01694305728545595,FusionVI
fusionvi,2028.0,calibrated,Ifit3-high CD8 T,100,110,0.09906033108310057,0.07758328495277181,FusionVI
fusionvi,2028.0,calibrated,Low quality B cells,230,110,0.09449063928783216,0.0441963194211321,FusionVI
fusionvi,2028.0,calibrated,Low quality T cells,67,110,0.09173783231645548,0.03371125136001715,FusionVI
fusionvi,2028.0,calibrated,Ly6-high mono,77,110,0.25474907431324595,0.2118291189667605,FusionVI
fusionvi,2028.0,calibrated,MZ B,205,110,0.16797328625157681,0.06692133513471465,FusionVI
fusionvi,2028.0,calibrated,MZ/Marco-high macrophages,36,110,0.2381205143969815,0.2259766348006974,FusionVI
fusionvi,2028.0,calibrated,Mature B,2408,110,0.11365848596958332,0.0290424094461986,FusionVI
fusionvi,2028.0,calibrated,NK,104,110,0.21088149452018945,0.21110869251877862,FusionVI
fusionvi,2028.0,calibrated,NKT,117,110,0.2887112201597218,0.25864660334099177,FusionVI
fusionvi,2028.0,calibrated,Neutrophils,112,110,0.18386406844227948,0.17523601677276224,FusionVI
fusionvi,2028.0,calibrated,Red-pulp macrophages,35,110,0.0807446350864121,0.08561954545923786,FusionVI
fusionvi,2028.0,calibrated,T doublets,55,110,0.17173729248312766,0.12498249977727804,FusionVI
fusionvi,2028.0,calibrated,Transitional B,580,110,0.14159976514494976,0.0346668266291683,FusionVI
fusionvi,2028.0,calibrated,Tregs,115,110,0.15930952734665652,0.10417998290172284,FusionVI
fusionvi,2028.0,calibrated,cDC1s,62,110,0.2999238064986144,0.26509641605318285,FusionVI
fusionvi,2028.0,calibrated,cDC2s,65,110,0.2858599400243737,0.2650533149898639,FusionVI
fusionvi,2028.0,calibrated,pDCs,30,110,0.12703023990478685,0.137716654704417,FusionVI
fusionvi,2028.0,log_mean,Activated CD4 T,38,110,0.12148102428479038,0.11841705428087945,FusionVI
fusionvi,2028.0,log_mean,B doublets,77,110,0.1362638623831532,0.06861382222245835,FusionVI
fusionvi,2028.0,log_mean,B-CD4 T cell doublets,62,110,0.15300405374105083,0.14471638331571246,FusionVI
fusionvi,2028.0,log_mean,B-CD8 T cell doublets,50,110,0.13552087330269375,0.098504369607748,FusionVI
fusionvi,2028.0,log_mean,B-macrophage doublets,74,110,0.22049565318241945,0.15912550834106845,FusionVI
fusionvi,2028.0,log_mean,B1 B,162,110,0.18913262356325192,0.06357814011274626,FusionVI
fusionvi,2028.0,log_mean,CD122+ CD8 T,258,110,0.1096444286181836,0.051765123590175904,FusionVI
fusionvi,2028.0,log_mean,CD4 T,1077,110,0.0818547393866614,0.0278761161148722,FusionVI
fusionvi,2028.0,log_mean,CD8 T,680,110,0.07989900079579738,0.02486998166653895,FusionVI
fusionvi,2028.0,log_mean,Cycling B/T cells,81,110,0.3243922703450152,0.2545948892704552,FusionVI
fusionvi,2028.0,log_mean,GD T,73,110,0.2034246559918233,0.17627875047679953,FusionVI
fusionvi,2028.0,log_mean,ICOS-high Tregs,91,110,0.17877214322272159,0.13359354312829436,FusionVI
fusionvi,2028.0,log_mean,Ifit3-high B,249,110,0.09275722725615698,0.050855161620502395,FusionVI
fusionvi,2028.0,log_mean,Ifit3-high CD4 T,132,110,0.051931125853468256,0.0192901627881463,FusionVI
fusionvi,2028.0,log_mean,Ifit3-high CD8 T,100,110,0.09885185893858514,0.07758328495277181,FusionVI
fusionvi,2028.0,log_mean,Low quality B cells,230,110,0.09634393291355008,0.050151642212260955,FusionVI
fusionvi,2028.0,log_mean,Low quality T cells,67,110,0.09318776062947834,0.038257418770138496,FusionVI
fusionvi,2028.0,log_mean,Ly6-high mono,77,110,0.2542130350299035,0.2118291189667605,FusionVI
fusionvi,2028.0,log_mean,MZ B,205,110,0.16639795565570026,0.0643234219653039,FusionVI
fusionvi,2028.0,log_mean,MZ/Marco-high macrophages,36,110,0.2357588629285533,0.2259766348006974,FusionVI
fusionvi,2028.0,log_mean,Mature B,2408,110,0.11319628832364456,0.0290424094461986,FusionVI
fusionvi,2028.0,log_mean,NK,104,110,0.21023873543972438,0.21110869251877862,FusionVI
fusionvi,2028.0,log_mean,NKT,117,110,0.2899547886032192,0.25864660334099177,FusionVI
fusionvi,2028.0,log_mean,Neutrophils,112,110,0.18438167016898516,0.17523601677276224,FusionVI
fusionvi,2028.0,log_mean,Red-pulp macrophages,35,110,0.07722817143096129,0.07957783518857156,FusionVI
fusionvi,2028.0,log_mean,T doublets,55,110,0.16988068049969804,0.12498249977727804,FusionVI
fusionvi,2028.0,log_mean,Transitional B,580,110,0.1418252477836733,0.0346668266291683,FusionVI
fusionvi,2028.0,log_mean,Tregs,115,110,0.16014812214623936,0.10417998290172284,FusionVI
fusionvi,2028.0,log_mean,cDC1s,62,110,0.2983516025956985,0.26509641605318285,FusionVI
fusionvi,2028.0,log_mean,cDC2s,65,110,0.2828331958966742,0.2650533149898639,FusionVI
fusionvi,2028.0,log_mean,pDCs,30,110,0.1214764591816558,0.13416154740388134,FusionVI
fusionvi,2028.0,pred_log,Activated CD4 T,38,110,0.09367292272999606,0.0850079694409394,FusionVI
fusionvi,2028.0,pred_log,B doublets,77,110,0.12817345077409933,0.08216264147815686,FusionVI
fusionvi,2028.0,pred_log,B-CD4 T cell doublets,62,110,0.13925027232443946,0.109876893581672,FusionVI
fusionvi,2028.0,pred_log,B-CD8 T cell doublets,50,110,0.11744562557486916,0.0893243476068524,FusionVI
fusionvi,2028.0,pred_log,B-macrophage doublets,74,110,0.2163315019683992,0.14201948816072307,FusionVI
fusionvi,2028.0,pred_log,B1 B,162,110,0.17176393286414557,0.06760847553736565,FusionVI
fusionvi,2028.0,pred_log,CD122+ CD8 T,258,110,0.08897974252026604,0.045735329313608505,FusionVI
fusionvi,2028.0,pred_log,CD4 T,1077,110,0.0681700589183967,0.0250790311212185,FusionVI
fusionvi,2028.0,pred_log,CD8 T,680,110,0.06430696642566305,0.0271716268065375,FusionVI
fusionvi,2028.0,pred_log,Cycling B/T cells,81,110,0.3046622573909625,0.18919876912881028,FusionVI
fusionvi,2028.0,pred_log,GD T,73,110,0.16513463283790947,0.13783624379129344,FusionVI
fusionvi,2028.0,pred_log,ICOS-high Tregs,91,110,0.16475989462737906,0.11944492102219725,FusionVI
fusionvi,2028.0,pred_log,Ifit3-high B,249,110,0.0738441052789136,0.038708741198913196,FusionVI
fusionvi,2028.0,pred_log,Ifit3-high CD4 T,132,110,0.059628588169766523,0.03459161952119765,FusionVI
fusionvi,2028.0,pred_log,Ifit3-high CD8 T,100,110,0.09769862067025463,0.075236319342692,FusionVI
fusionvi,2028.0,pred_log,Low quality B cells,230,110,0.08218328526541231,0.05220702191472515,FusionVI
fusionvi,2028.0,pred_log,Low quality T cells,67,110,0.07746850436585026,0.0286941276119345,FusionVI
fusionvi,2028.0,pred_log,Ly6-high mono,77,110,0.23501759403144765,0.19361243377772094,FusionVI
fusionvi,2028.0,pred_log,MZ B,205,110,0.15571140934102748,0.06977728401026305,FusionVI
fusionvi,2028.0,pred_log,MZ/Marco-high macrophages,36,110,0.2159389228352765,0.23076298613338503,FusionVI
fusionvi,2028.0,pred_log,Mature B,2408,110,0.09668100817971514,0.021002941134255798,FusionVI
fusionvi,2028.0,pred_log,NK,104,110,0.17844142033023594,0.16007258594438584,FusionVI
fusionvi,2028.0,pred_log,NKT,117,110,0.21883005402012423,0.18788877009992394,FusionVI
fusionvi,2028.0,pred_log,Neutrophils,112,110,0.1629654750928001,0.1696253698845494,FusionVI
fusionvi,2028.0,pred_log,Red-pulp macrophages,35,110,0.06473333344593872,0.05975672644640875,FusionVI
fusionvi,2028.0,pred_log,T doublets,55,110,0.14602881293508344,0.09940845644858075,FusionVI
fusionvi,2028.0,pred_log,Transitional B,580,110,0.11931299811628587,0.0084169880329647,FusionVI
fusionvi,2028.0,pred_log,Tregs,115,110,0.13185721416820897,0.085840255518662,FusionVI
fusionvi,2028.0,pred_log,cDC1s,62,110,0.28707915458840494,0.24106062493951805,FusionVI
fusionvi,2028.0,pred_log,cDC2s,65,110,0.26167031371458427,0.24387194381789415,FusionVI
fusionvi,2028.0,pred_log,pDCs,30,110,0.1042627539460461,0.09999824721436434,FusionVI
fusionvi,2029.0,calibrated,Activated CD4 T,38,110,0.12900412929488875,0.1107996393329822,FusionVI
fusionvi,2029.0,calibrated,B doublets,77,110,0.15180631737820657,0.0818695320836874,FusionVI
fusionvi,2029.0,calibrated,B-CD4 T cell doublets,62,110,0.17085937099613796,0.15055224013676777,FusionVI
fusionvi,2029.0,calibrated,B-CD8 T cell doublets,50,110,0.11060155180577373,0.07826454855049986,FusionVI
fusionvi,2029.0,calibrated,B-macrophage doublets,74,110,0.23566534714378365,0.19954294007616413,FusionVI
fusionvi,2029.0,calibrated,B1 B,162,110,0.1981074378473088,0.09808606517462501,FusionVI
fusionvi,2029.0,calibrated,CD122+ CD8 T,258,110,0.12283209272130995,0.06307655284921244,FusionVI
fusionvi,2029.0,calibrated,CD4 T,1077,110,0.08036109355437326,0.027259424147013052,FusionVI
fusionvi,2029.0,calibrated,CD8 T,680,110,0.08638846126973572,0.0296790785380597,FusionVI
fusionvi,2029.0,calibrated,Cycling B/T cells,81,110,0.3170104232085506,0.25174011220051096,FusionVI
fusionvi,2029.0,calibrated,GD T,73,110,0.1789167639384144,0.13887219872873213,FusionVI
fusionvi,2029.0,calibrated,ICOS-high Tregs,91,110,0.18604365166311523,0.14340976095531704,FusionVI
fusionvi,2029.0,calibrated,Ifit3-high B,249,110,0.09161648439497408,0.04539877021502105,FusionVI
fusionvi,2029.0,calibrated,Ifit3-high CD4 T,132,110,0.06158547952685689,0.03193921577480715,FusionVI
fusionvi,2029.0,calibrated,Ifit3-high CD8 T,100,110,0.11458916964227261,0.08526641527460595,FusionVI
fusionvi,2029.0,calibrated,Low quality B cells,230,110,0.10688506086702958,0.07038322592494445,FusionVI
fusionvi,2029.0,calibrated,Low quality T cells,67,110,0.09321210682458549,0.052301505619944,FusionVI
fusionvi,2029.0,calibrated,Ly6-high mono,77,110,0.226458266618507,0.20126503687009084,FusionVI
fusionvi,2029.0,calibrated,MZ B,205,110,0.18724984136226908,0.09067760224149429,FusionVI
fusionvi,2029.0,calibrated,MZ/Marco-high macrophages,36,110,0.24277542588780307,0.2333002803276415,FusionVI
fusionvi,2029.0,calibrated,Mature B,2408,110,0.11740747194744741,0.037292205902748454,FusionVI
fusionvi,2029.0,calibrated,NK,104,110,0.21522422360500476,0.21735241583842851,FusionVI
fusionvi,2029.0,calibrated,NKT,117,110,0.28105843481614956,0.260244448428103,FusionVI
fusionvi,2029.0,calibrated,Neutrophils,112,110,0.20643400209928842,0.1895172919412933,FusionVI
fusionvi,2029.0,calibrated,Red-pulp macrophages,35,110,0.05441953112316178,0.04406819379486525,FusionVI
fusionvi,2029.0,calibrated,T doublets,55,110,0.155106586250078,0.09987948363890195,FusionVI
fusionvi,2029.0,calibrated,Transitional B,580,110,0.13693819407890362,0.03165091274692195,FusionVI
fusionvi,2029.0,calibrated,Tregs,115,110,0.1537326259220884,0.09837640900431846,FusionVI
fusionvi,2029.0,calibrated,cDC1s,62,110,0.2968865032116845,0.32312389544912984,FusionVI
fusionvi,2029.0,calibrated,cDC2s,65,110,0.2641172455505194,0.2513821063189192,FusionVI
fusionvi,2029.0,calibrated,pDCs,30,110,0.13562345772649537,0.1333347309377623,FusionVI
fusionvi,2029.0,log_mean,Activated CD4 T,38,110,0.12900412929488875,0.1107996393329822,FusionVI
fusionvi,2029.0,log_mean,B doublets,77,110,0.15180631737820657,0.0818695320836874,FusionVI
fusionvi,2029.0,log_mean,B-CD4 T cell doublets,62,110,0.17085937099613796,0.15055224013676777,FusionVI
fusionvi,2029.0,log_mean,B-CD8 T cell doublets,50,110,0.11060155180577373,0.07826454855049986,FusionVI
fusionvi,2029.0,log_mean,B-macrophage doublets,74,110,0.23566534714378365,0.19954294007616413,FusionVI
fusionvi,2029.0,log_mean,B1 B,162,110,0.1981074378473088,0.09808606517462501,FusionVI
fusionvi,2029.0,log_mean,CD122+ CD8 T,258,110,0.12283209272130995,0.06307655284921244,FusionVI
fusionvi,2029.0,log_mean,CD4 T,1077,110,0.08036109355437326,0.027259424147013052,FusionVI
fusionvi,2029.0,log_mean,CD8 T,680,110,0.08638846126973572,0.0296790785380597,FusionVI
fusionvi,2029.0,log_mean,Cycling B/T cells,81,110,0.3170104232085506,0.25174011220051096,FusionVI
fusionvi,2029.0,log_mean,GD T,73,110,0.1789167639384144,0.13887219872873213,FusionVI
fusionvi,2029.0,log_mean,ICOS-high Tregs,91,110,0.18604365166311523,0.14340976095531704,FusionVI
fusionvi,2029.0,log_mean,Ifit3-high B,249,110,0.09161648439497408,0.04539877021502105,FusionVI
fusionvi,2029.0,log_mean,Ifit3-high CD4 T,132,110,0.06158547952685689,0.03193921577480715,FusionVI
fusionvi,2029.0,log_mean,Ifit3-high CD8 T,100,110,0.11458916964227261,0.08526641527460595,FusionVI
fusionvi,2029.0,log_mean,Low quality B cells,230,110,0.10688506086702958,0.07038322592494445,FusionVI
fusionvi,2029.0,log_mean,Low quality T cells,67,110,0.09321210682458549,0.052301505619944,FusionVI
fusionvi,2029.0,log_mean,Ly6-high mono,77,110,0.226458266618507,0.20126503687009084,FusionVI
fusionvi,2029.0,log_mean,MZ B,205,110,0.18724984136226908,0.09067760224149429,FusionVI
fusionvi,2029.0,log_mean,MZ/Marco-high macrophages,36,110,0.24277542588780307,0.2333002803276415,FusionVI
fusionvi,2029.0,log_mean,Mature B,2408,110,0.11740747194744741,0.037292205902748454,FusionVI
fusionvi,2029.0,log_mean,NK,104,110,0.21522422360500476,0.21735241583842851,FusionVI
fusionvi,2029.0,log_mean,NKT,117,110,0.28105843481614956,0.260244448428103,FusionVI
fusionvi,2029.0,log_mean,Neutrophils,112,110,0.20643400209928842,0.1895172919412933,FusionVI
fusionvi,2029.0,log_mean,Red-pulp macrophages,35,110,0.05441953112316178,0.04406819379486525,FusionVI
fusionvi,2029.0,log_mean,T doublets,55,110,0.155106586250078,0.09987948363890195,FusionVI
fusionvi,2029.0,log_mean,Transitional B,580,110,0.13693819407890362,0.03165091274692195,FusionVI
fusionvi,2029.0,log_mean,Tregs,115,110,0.1537326259220884,0.09837640900431846,FusionVI
fusionvi,2029.0,log_mean,cDC1s,62,110,0.2968865032116845,0.32312389544912984,FusionVI
fusionvi,2029.0,log_mean,cDC2s,65,110,0.2641172455505194,0.2513821063189192,FusionVI
fusionvi,2029.0,log_mean,pDCs,30,110,0.13562345772649537,0.1333347309377623,FusionVI
fusionvi,2029.0,pred_log,Activated CD4 T,38,110,0.09413503033844217,0.09152816761624855,FusionVI
fusionvi,2029.0,pred_log,B doublets,77,110,0.13621815360706288,0.0768294642194818,FusionVI
fusionvi,2029.0,pred_log,B-CD4 T cell doublets,62,110,0.13857362652117225,0.124696222849803,FusionVI
fusionvi,2029.0,pred_log,B-CD8 T cell doublets,50,110,0.10510349442674985,0.06910460811614591,FusionVI
fusionvi,2029.0,pred_log,B-macrophage doublets,74,110,0.23009724666687478,0.1730345351347335,FusionVI
fusionvi,2029.0,pred_log,B1 B,162,110,0.1869731116367435,0.07792123311236165,FusionVI
fusionvi,2029.0,pred_log,CD122+ CD8 T,258,110,0.09851903376694623,0.043284141766219295,FusionVI
fusionvi,2029.0,pred_log,CD4 T,1077,110,0.06732966603180357,0.0183620573304457,FusionVI
fusionvi,2029.0,pred_log,CD8 T,680,110,0.07034762901484996,0.02643383894540285,FusionVI
fusionvi,2029.0,pred_log,Cycling B/T cells,81,110,0.29827268323180584,0.1920589998853289,FusionVI
fusionvi,2029.0,pred_log,GD T,73,110,0.16216202297231938,0.14451191972577637,FusionVI
fusionvi,2029.0,pred_log,ICOS-high Tregs,91,110,0.1719699135199747,0.12462743044641206,FusionVI
fusionvi,2029.0,pred_log,Ifit3-high B,249,110,0.07664460029987101,0.0552974355689536,FusionVI
fusionvi,2029.0,pred_log,Ifit3-high CD4 T,132,110,0.04511793247981874,0.027846815949782402,FusionVI
fusionvi,2029.0,pred_log,Ifit3-high CD8 T,100,110,0.0791110547300412,0.0552428636306359,FusionVI
fusionvi,2029.0,pred_log,Low quality B cells,230,110,0.07992596719815295,0.0398405719079791,FusionVI
fusionvi,2029.0,pred_log,Low quality T cells,67,110,0.09276878947542082,0.09255675286354556,FusionVI
fusionvi,2029.0,pred_log,Ly6-high mono,77,110,0.19735960789570847,0.13738606241091572,FusionVI
fusionvi,2029.0,pred_log,MZ B,205,110,0.1554176159225144,0.06306759941938375,FusionVI
fusionvi,2029.0,pred_log,MZ/Marco-high macrophages,36,110,0.24608860656905304,0.25036462535825776,FusionVI
fusionvi,2029.0,pred_log,Mature B,2408,110,0.09098804049045515,0.01767824329331715,FusionVI
fusionvi,2029.0,pred_log,NK,104,110,0.1730490309125648,0.16834445314821284,FusionVI
fusionvi,2029.0,pred_log,NKT,117,110,0.24076260292868118,0.19338525026472875,FusionVI
fusionvi,2029.0,pred_log,Neutrophils,112,110,0.19878289090928095,0.1873044951550111,FusionVI
fusionvi,2029.0,pred_log,Red-pulp macrophages,35,110,0.07558773718039212,0.07030752008861285,FusionVI
fusionvi,2029.0,pred_log,T doublets,55,110,0.13445581014414393,0.0914386940298821,FusionVI
fusionvi,2029.0,pred_log,Transitional B,580,110,0.1232352555870709,0.016949459549825553,FusionVI
fusionvi,2029.0,pred_log,Tregs,115,110,0.12526277619639703,0.07681760726430725,FusionVI
fusionvi,2029.0,pred_log,cDC1s,62,110,0.2769422446486547,0.2329663345407895,FusionVI
fusionvi,2029.0,pred_log,cDC2s,65,110,0.2543280428693372,0.24470887409140119,FusionVI
fusionvi,2029.0,pred_log,pDCs,30,110,0.09802292679875912,0.10610402295112425,FusionVI
fusionvi,2030.0,calibrated,Activated CD4 T,38,110,0.12158167140476323,0.07866152455768324,FusionVI
fusionvi,2030.0,calibrated,B doublets,77,110,0.15233320493825095,0.09771235158749669,FusionVI
fusionvi,2030.0,calibrated,B-CD4 T cell doublets,62,110,0.16950478488491744,0.14360451115621586,FusionVI
fusionvi,2030.0,calibrated,B-CD8 T cell doublets,50,110,0.13871802203562772,0.12641574310372525,FusionVI
fusionvi,2030.0,calibrated,B-macrophage doublets,74,110,0.22447333428974658,0.17077002095204705,FusionVI
fusionvi,2030.0,calibrated,B1 B,162,110,0.17401527936802258,0.07440426013727165,FusionVI
fusionvi,2030.0,calibrated,CD122+ CD8 T,258,110,0.1203061178521972,0.06020439581554665,FusionVI
fusionvi,2030.0,calibrated,CD4 T,1077,110,0.08171044882874424,0.0276649541898795,FusionVI
fusionvi,2030.0,calibrated,CD8 T,680,110,0.08264226581234682,0.032125123278171505,FusionVI
fusionvi,2030.0,calibrated,Cycling B/T cells,81,110,0.31338770260437,0.24980831883505025,FusionVI
fusionvi,2030.0,calibrated,GD T,73,110,0.1675646696355592,0.11785838122486805,FusionVI
fusionvi,2030.0,calibrated,ICOS-high Tregs,91,110,0.18319077206322343,0.1286171990659482,FusionVI
fusionvi,2030.0,calibrated,Ifit3-high B,249,110,0.08259538307946795,0.038360498833331494,FusionVI
fusionvi,2030.0,calibrated,Ifit3-high CD4 T,132,110,0.07040591691458492,0.0307179143516673,FusionVI
fusionvi,2030.0,calibrated,Ifit3-high CD8 T,100,110,0.09921063408000619,0.065500780130611,FusionVI
fusionvi,2030.0,calibrated,Low quality B cells,230,110,0.10312083906172251,0.06228847004221065,FusionVI
fusionvi,2030.0,calibrated,Low quality T cells,67,110,0.10188793723995443,0.053204102829277594,FusionVI
fusionvi,2030.0,calibrated,Ly6-high mono,77,110,0.23988352872295815,0.19340536939618663,FusionVI
fusionvi,2030.0,calibrated,MZ B,205,110,0.1793548958453382,0.0897541584624381,FusionVI
fusionvi,2030.0,calibrated,MZ/Marco-high macrophages,36,110,0.26260657950380395,0.2481340536056909,FusionVI
fusionvi,2030.0,calibrated,Mature B,2408,110,0.11455173733478784,0.02988920834111005,FusionVI
fusionvi,2030.0,calibrated,NK,104,110,0.21042480555385248,0.2135725444981487,FusionVI
fusionvi,2030.0,calibrated,NKT,117,110,0.2738758818098812,0.2549435294297806,FusionVI
fusionvi,2030.0,calibrated,Neutrophils,112,110,0.19259800593908774,0.1760526687173446,FusionVI
fusionvi,2030.0,calibrated,Red-pulp macrophages,35,110,0.05370560669888439,0.06640878233014655,FusionVI
fusionvi,2030.0,calibrated,T doublets,55,110,0.1469210279683435,0.07361045030763594,FusionVI
fusionvi,2030.0,calibrated,Transitional B,580,110,0.1392371210760108,0.0323543525618124,FusionVI
fusionvi,2030.0,calibrated,Tregs,115,110,0.170193414370424,0.1007593074352693,FusionVI
fusionvi,2030.0,calibrated,cDC1s,62,110,0.3051064182133762,0.2814911772475646,FusionVI
fusionvi,2030.0,calibrated,cDC2s,65,110,0.276885756602588,0.2335220201323151,FusionVI
fusionvi,2030.0,calibrated,pDCs,30,110,0.16257147089758603,0.15561413479757386,FusionVI
fusionvi,2030.0,log_mean,Activated CD4 T,38,110,0.12158167140476323,0.07866152455768324,FusionVI
fusionvi,2030.0,log_mean,B doublets,77,110,0.15233320493825095,0.09771235158749669,FusionVI
fusionvi,2030.0,log_mean,B-CD4 T cell doublets,62,110,0.16950478488491744,0.14360451115621586,FusionVI
fusionvi,2030.0,log_mean,B-CD8 T cell doublets,50,110,0.13871802203562772,0.12641574310372525,FusionVI
fusionvi,2030.0,log_mean,B-macrophage doublets,74,110,0.22447333428974658,0.17077002095204705,FusionVI
fusionvi,2030.0,log_mean,B1 B,162,110,0.17401527936802258,0.07440426013727165,FusionVI
fusionvi,2030.0,log_mean,CD122+ CD8 T,258,110,0.1203061178521972,0.06020439581554665,FusionVI
fusionvi,2030.0,log_mean,CD4 T,1077,110,0.08171044882874424,0.0276649541898795,FusionVI
fusionvi,2030.0,log_mean,CD8 T,680,110,0.08264226581234682,0.032125123278171505,FusionVI
fusionvi,2030.0,log_mean,Cycling B/T cells,81,110,0.31338770260437,0.24980831883505025,FusionVI
fusionvi,2030.0,log_mean,GD T,73,110,0.1675646696355592,0.11785838122486805,FusionVI
fusionvi,2030.0,log_mean,ICOS-high Tregs,91,110,0.18319077206322343,0.1286171990659482,FusionVI
fusionvi,2030.0,log_mean,Ifit3-high B,249,110,0.08259538307946795,0.038360498833331494,FusionVI
fusionvi,2030.0,log_mean,Ifit3-high CD4 T,132,110,0.07040591691458492,0.0307179143516673,FusionVI
fusionvi,2030.0,log_mean,Ifit3-high CD8 T,100,110,0.09921063408000619,0.065500780130611,FusionVI
fusionvi,2030.0,log_mean,Low quality B cells,230,110,0.10312083906172251,0.06228847004221065,FusionVI
fusionvi,2030.0,log_mean,Low quality T cells,67,110,0.10188793723995443,0.053204102829277594,FusionVI
fusionvi,2030.0,log_mean,Ly6-high mono,77,110,0.23988352872295815,0.19340536939618663,FusionVI
fusionvi,2030.0,log_mean,MZ B,205,110,0.1793548958453382,0.0897541584624381,FusionVI
fusionvi,2030.0,log_mean,MZ/Marco-high macrophages,36,110,0.26260657950380395,0.2481340536056909,FusionVI
fusionvi,2030.0,log_mean,Mature B,2408,110,0.11455173733478784,0.02988920834111005,FusionVI
fusionvi,2030.0,log_mean,NK,104,110,0.21042480555385248,0.2135725444981487,FusionVI
fusionvi,2030.0,log_mean,NKT,117,110,0.2738758818098812,0.2549435294297806,FusionVI
fusionvi,2030.0,log_mean,Neutrophils,112,110,0.19259800593908774,0.1760526687173446,FusionVI
fusionvi,2030.0,log_mean,Red-pulp macrophages,35,110,0.05370560669888439,0.06640878233014655,FusionVI
fusionvi,2030.0,log_mean,T doublets,55,110,0.1469210279683435,0.07361045030763594,FusionVI
fusionvi,2030.0,log_mean,Transitional B,580,110,0.1392371210760108,0.0323543525618124,FusionVI
fusionvi,2030.0,log_mean,Tregs,115,110,0.170193414370424,0.1007593074352693,FusionVI
fusionvi,2030.0,log_mean,cDC1s,62,110,0.3051064182133762,0.2814911772475646,FusionVI
fusionvi,2030.0,log_mean,cDC2s,65,110,0.276885756602588,0.2335220201323151,FusionVI
fusionvi,2030.0,log_mean,pDCs,30,110,0.16257147089758603,0.15561413479757386,FusionVI
fusionvi,2030.0,pred_log,Activated CD4 T,38,110,0.07807560196330757,0.05215701673679175,FusionVI
fusionvi,2030.0,pred_log,B doublets,77,110,0.12755668988652608,0.0776876588341546,FusionVI
fusionvi,2030.0,pred_log,B-CD4 T cell doublets,62,110,0.13202670954951326,0.0840806379686826,FusionVI
fusionvi,2030.0,pred_log,B-CD8 T cell doublets,50,110,0.12189207273332349,0.09460868869061276,FusionVI
fusionvi,2030.0,pred_log,B-macrophage doublets,74,110,0.2183783628341895,0.1825597148789889,FusionVI
fusionvi,2030.0,pred_log,B1 B,162,110,0.17581202743769622,0.06325110071445655,FusionVI
fusionvi,2030.0,pred_log,CD122+ CD8 T,258,110,0.09349373139972102,0.04096464875592725,FusionVI
fusionvi,2030.0,pred_log,CD4 T,1077,110,0.06486214443526088,0.0206743329129928,FusionVI
fusionvi,2030.0,pred_log,CD8 T,680,110,0.061126709218152844,0.0302794132158306,FusionVI
fusionvi,2030.0,pred_log,Cycling B/T cells,81,110,0.3031318698372849,0.21037359708599304,FusionVI
fusionvi,2030.0,pred_log,GD T,73,110,0.17026153064542088,0.1160861287291855,FusionVI
fusionvi,2030.0,pred_log,ICOS-high Tregs,91,110,0.18679748210093305,0.14119849685988664,FusionVI
fusionvi,2030.0,pred_log,Ifit3-high B,249,110,0.07156403923937653,0.03121876756814245,FusionVI
fusionvi,2030.0,pred_log,Ifit3-high CD4 T,132,110,0.056223677124248354,0.03532729517965145,FusionVI
fusionvi,2030.0,pred_log,Ifit3-high CD8 T,100,110,0.07474089123493667,0.04679661390790581,FusionVI
fusionvi,2030.0,pred_log,Low quality B cells,230,110,0.07674433921101809,0.0347065685636604,FusionVI
fusionvi,2030.0,pred_log,Low quality T cells,67,110,0.0706963026363074,0.0433499144212234,FusionVI
fusionvi,2030.0,pred_log,Ly6-high mono,77,110,0.2144362566520515,0.1643466126661903,FusionVI
fusionvi,2030.0,pred_log,MZ B,205,110,0.1473758636963218,0.0616918975579992,FusionVI
fusionvi,2030.0,pred_log,MZ/Marco-high macrophages,36,110,0.24823069758225852,0.27463819775623266,FusionVI
fusionvi,2030.0,pred_log,Mature B,2408,110,0.0938454347336664,0.01802027803346235,FusionVI
fusionvi,2030.0,pred_log,NK,104,110,0.18378230783105895,0.1622875239868209,FusionVI
fusionvi,2030.0,pred_log,NKT,117,110,0.23573707326310658,0.19554397501575016,FusionVI
fusionvi,2030.0,pred_log,Neutrophils,112,110,0.1728914213448514,0.1406118845241082,FusionVI
fusionvi,2030.0,pred_log,Red-pulp macrophages,35,110,0.06524517476300393,0.09515049970674161,FusionVI
fusionvi,2030.0,pred_log,T doublets,55,110,0.12811347945922574,0.07489945579000079,FusionVI
fusionvi,2030.0,pred_log,Transitional B,580,110,0.12530693038814605,0.01781505359038825,FusionVI
fusionvi,2030.0,pred_log,Tregs,115,110,0.1256989427524008,0.07608012881072196,FusionVI
fusionvi,2030.0,pred_log,cDC1s,62,110,0.2873237799448149,0.229647811310264,FusionVI
fusionvi,2030.0,pred_log,cDC2s,65,110,0.2378063817536894,0.22398007945685233,FusionVI
fusionvi,2030.0,pred_log,pDCs,30,110,0.1291924082248925,0.1141817899170131,FusionVI
fusionvi,2031.0,calibrated,Activated CD4 T,38,110,0.13878876536017087,0.13350887798401134,FusionVI
fusionvi,2031.0,calibrated,B doublets,77,110,0.13327015667245165,0.064122305873914,FusionVI
fusionvi,2031.0,calibrated,B-CD4 T cell doublets,62,110,0.15282354507688428,0.14229207523115778,FusionVI
fusionvi,2031.0,calibrated,B-CD8 T cell doublets,50,110,0.1385426414807845,0.0963924369363639,FusionVI
fusionvi,2031.0,calibrated,B-macrophage doublets,74,110,0.21766884090867425,0.15997364918444315,FusionVI
fusionvi,2031.0,calibrated,B1 B,162,110,0.19888600771674808,0.1032297107858845,FusionVI
fusionvi,2031.0,calibrated,CD122+ CD8 T,258,110,0.12483796207858966,0.0719716301913324,FusionVI
fusionvi,2031.0,calibrated,CD4 T,1077,110,0.07907131006054106,0.02452477117701215,FusionVI
fusionvi,2031.0,calibrated,CD8 T,680,110,0.08246369695220415,0.026592028072310002,FusionVI
fusionvi,2031.0,calibrated,Cycling B/T cells,81,110,0.32022716736557183,0.2422469977757539,FusionVI
fusionvi,2031.0,calibrated,GD T,73,110,0.18380487770943868,0.1637683310623057,FusionVI
fusionvi,2031.0,calibrated,ICOS-high Tregs,91,110,0.16543008399102851,0.10057171292682074,FusionVI
fusionvi,2031.0,calibrated,Ifit3-high B,249,110,0.09356553087977047,0.049233866607791096,FusionVI
fusionvi,2031.0,calibrated,Ifit3-high CD4 T,132,110,0.07600891974628529,0.055592928596233146,FusionVI
fusionvi,2031.0,calibrated,Ifit3-high CD8 T,100,110,0.11166919781943523,0.08090321998474215,FusionVI
fusionvi,2031.0,calibrated,Low quality B cells,230,110,0.10466170402326402,0.04631950771841215,FusionVI
fusionvi,2031.0,calibrated,Low quality T cells,67,110,0.10213503021702243,0.07168049053870085,FusionVI
fusionvi,2031.0,calibrated,Ly6-high mono,77,110,0.2437715898253732,0.1851828248942696,FusionVI
fusionvi,2031.0,calibrated,MZ B,205,110,0.18707126447362063,0.08901131837210355,FusionVI
fusionvi,2031.0,calibrated,MZ/Marco-high macrophages,36,110,0.22655663091329392,0.22656903366230047,FusionVI
fusionvi,2031.0,calibrated,Mature B,2408,110,0.11790322953894683,0.033551245811815,FusionVI
fusionvi,2031.0,calibrated,NK,104,110,0.22037712707365967,0.20241888853158174,FusionVI
fusionvi,2031.0,calibrated,NKT,117,110,0.28190586949351976,0.27248817194925523,FusionVI
fusionvi,2031.0,calibrated,Neutrophils,112,110,0.18153841660222914,0.13779083418885352,FusionVI
fusionvi,2031.0,calibrated,Red-pulp macrophages,35,110,0.08530120011122952,0.0971261837267096,FusionVI
fusionvi,2031.0,calibrated,T doublets,55,110,0.13112893943963772,0.08073982806492855,FusionVI
fusionvi,2031.0,calibrated,Transitional B,580,110,0.14329793471652885,0.039665359616669296,FusionVI
fusionvi,2031.0,calibrated,Tregs,115,110,0.15812190580723165,0.11762817087143634,FusionVI
fusionvi,2031.0,calibrated,cDC1s,62,110,0.29073015955768383,0.23215606783431955,FusionVI
fusionvi,2031.0,calibrated,cDC2s,65,110,0.28984821597408955,0.2804446761430418,FusionVI
fusionvi,2031.0,calibrated,pDCs,30,110,0.10340928814585955,0.0965850635513559,FusionVI
fusionvi,2031.0,log_mean,Activated CD4 T,38,110,0.1306309854327867,0.12658739130615954,FusionVI
fusionvi,2031.0,log_mean,B doublets,77,110,0.13446827379051576,0.0658940286075344,FusionVI
fusionvi,2031.0,log_mean,B-CD4 T cell doublets,62,110,0.15123149992527152,0.14229207523115778,FusionVI
fusionvi,2031.0,log_mean,B-CD8 T cell doublets,50,110,0.14020805696777594,0.0963924369363639,FusionVI
fusionvi,2031.0,log_mean,B-macrophage doublets,74,110,0.21599491809291763,0.15997364918444315,FusionVI
fusionvi,2031.0,log_mean,B1 B,162,110,0.19859175785096167,0.1032297107858845,FusionVI
fusionvi,2031.0,log_mean,CD122+ CD8 T,258,110,0.12408124442493655,0.0719716301913324,FusionVI
fusionvi,2031.0,log_mean,CD4 T,1077,110,0.07812377053232655,0.02209983001688605,FusionVI
fusionvi,2031.0,log_mean,CD8 T,680,110,0.08351048319237443,0.02763423356429095,FusionVI
fusionvi,2031.0,log_mean,Cycling B/T cells,81,110,0.31767240999743657,0.2422469977757539,FusionVI
fusionvi,2031.0,log_mean,GD T,73,110,0.1833735927038828,0.1637683310623057,FusionVI
fusionvi,2031.0,log_mean,ICOS-high Tregs,91,110,0.1692536440314159,0.10794815128141835,FusionVI
fusionvi,2031.0,log_mean,Ifit3-high B,249,110,0.09418096114777974,0.049233866607791096,FusionVI
fusionvi,2031.0,log_mean,Ifit3-high CD4 T,132,110,0.0771826364964292,0.056561647771756596,FusionVI
fusionvi,2031.0,log_mean,Ifit3-high CD8 T,100,110,0.10849896543896737,0.07591691555578005,FusionVI
fusionvi,2031.0,log_mean,Low quality B cells,230,110,0.10469095027728392,0.04631950771841215,FusionVI
fusionvi,2031.0,log_mean,Low quality T cells,67,110,0.09756664517667107,0.06820469150557285,FusionVI
fusionvi,2031.0,log_mean,Ly6-high mono,77,110,0.2436598695817577,0.1851828248942696,FusionVI
fusionvi,2031.0,log_mean,MZ B,205,110,0.18474459484437514,0.08674130220452089,FusionVI
fusionvi,2031.0,log_mean,MZ/Marco-high macrophages,36,110,0.2270722949093402,0.22656903366230047,FusionVI
fusionvi,2031.0,log_mean,Mature B,2408,110,0.11743805101104796,0.033551245811815,FusionVI
fusionvi,2031.0,log_mean,NK,104,110,0.21928929380808254,0.20241888853158174,FusionVI
fusionvi,2031.0,log_mean,NKT,117,110,0.28253528902433706,0.27248817194925523,FusionVI
fusionvi,2031.0,log_mean,Neutrophils,112,110,0.18218352831404416,0.13779083418885352,FusionVI
fusionvi,2031.0,log_mean,Red-pulp macrophages,35,110,0.0824983816979077,0.0968233398255896,FusionVI
fusionvi,2031.0,log_mean,T doublets,55,110,0.13318147653725024,0.08623118320658466,FusionVI
fusionvi,2031.0,log_mean,Transitional B,580,110,0.14324690170079554,0.039665359616669296,FusionVI
fusionvi,2031.0,log_mean,Tregs,115,110,0.1598055139501599,0.11762817087143634,FusionVI
fusionvi,2031.0,log_mean,cDC1s,62,110,0.29102289308176504,0.23215606783431955,FusionVI
fusionvi,2031.0,log_mean,cDC2s,65,110,0.2910013545849144,0.2804446761430418,FusionVI
fusionvi,2031.0,log_mean,pDCs,30,110,0.10189154551566687,0.0965850635513559,FusionVI
fusionvi,2031.0,pred_log,Activated CD4 T,38,110,0.08896171180226477,0.07377411080264726,FusionVI
fusionvi,2031.0,pred_log,B doublets,77,110,0.13238585703797395,0.07174168775220695,FusionVI
fusionvi,2031.0,pred_log,B-CD4 T cell doublets,62,110,0.12281537860241178,0.12286950547719244,FusionVI
fusionvi,2031.0,pred_log,B-CD8 T cell doublets,50,110,0.12080326119635258,0.0880396130784013,FusionVI
fusionvi,2031.0,pred_log,B-macrophage doublets,74,110,0.21466413019117972,0.16757230408528878,FusionVI
fusionvi,2031.0,pred_log,B1 B,162,110,0.17117885920972095,0.07153415149583575,FusionVI
fusionvi,2031.0,pred_log,CD122+ CD8 T,258,110,0.10526625208854214,0.05347496893110555,FusionVI
fusionvi,2031.0,pred_log,CD4 T,1077,110,0.06339673400091313,0.020632270312090452,FusionVI
fusionvi,2031.0,pred_log,CD8 T,680,110,0.06962523755411094,0.0180733345320982,FusionVI
fusionvi,2031.0,pred_log,Cycling B/T cells,81,110,0.30615497119237617,0.23290320200372935,FusionVI
fusionvi,2031.0,pred_log,GD T,73,110,0.16743085777054886,0.11693273530911036,FusionVI
fusionvi,2031.0,pred_log,ICOS-high Tregs,91,110,0.17447213816313553,0.1238904856812135,FusionVI
fusionvi,2031.0,pred_log,Ifit3-high B,249,110,0.06578544748712922,0.019249732397755348,FusionVI
fusionvi,2031.0,pred_log,Ifit3-high CD4 T,132,110,0.04272606369753154,0.01226476138807615,FusionVI
fusionvi,2031.0,pred_log,Ifit3-high CD8 T,100,110,0.09242971540918461,0.06684538084482966,FusionVI
fusionvi,2031.0,pred_log,Low quality B cells,230,110,0.08873666707479544,0.056205062122013746,FusionVI
fusionvi,2031.0,pred_log,Low quality T cells,67,110,0.10715315209047876,0.09647267049982741,FusionVI
fusionvi,2031.0,pred_log,Ly6-high mono,77,110,0.21974342598448404,0.1592365505247493,FusionVI
fusionvi,2031.0,pred_log,MZ B,205,110,0.16274674927158556,0.07215230108755545,FusionVI
fusionvi,2031.0,pred_log,MZ/Marco-high macrophages,36,110,0.22647908971573633,0.22498180333469092,FusionVI
fusionvi,2031.0,pred_log,Mature B,2408,110,0.09879352665231463,0.01757939115375195,FusionVI
fusionvi,2031.0,pred_log,NK,104,110,0.1985677797278466,0.1742808266938618,FusionVI
fusionvi,2031.0,pred_log,NKT,117,110,0.23423061909391577,0.1765334148114011,FusionVI
fusionvi,2031.0,pred_log,Neutrophils,112,110,0.1650507759203078,0.1107155203001355,FusionVI
fusionvi,2031.0,pred_log,Red-pulp macrophages,35,110,0.0932896802455875,0.08944670684488715,FusionVI
fusionvi,2031.0,pred_log,T doublets,55,110,0.12650539596810312,0.0891675473861609,FusionVI
fusionvi,2031.0,pred_log,Transitional B,580,110,0.13500613430874778,0.03711709643654175,FusionVI
fusionvi,2031.0,pred_log,Tregs,115,110,0.1418275555235831,0.0847524672207191,FusionVI
fusionvi,2031.0,pred_log,cDC1s,62,110,0.2623621536533358,0.22356303201762057,FusionVI
fusionvi,2031.0,pred_log,cDC2s,65,110,0.25326489212779324,0.20530725607336892,FusionVI
fusionvi,2031.0,pred_log,pDCs,30,110,0.08450088105035525,0.0844853082254567,FusionVI
fusionvi,2032.0,calibrated,Activated CD4 T,38,110,0.12400900133307335,0.07722345238099809,FusionVI
fusionvi,2032.0,calibrated,B doublets,77,110,0.13010159904428653,0.0743114519817392,FusionVI
fusionvi,2032.0,calibrated,B-CD4 T cell doublets,62,110,0.16336089975392903,0.14867670674624484,FusionVI
fusionvi,2032.0,calibrated,B-CD8 T cell doublets,50,110,0.1392744430712794,0.10251864485894704,FusionVI
fusionvi,2032.0,calibrated,B-macrophage doublets,74,110,0.21320732836262,0.1564806508383249,FusionVI
fusionvi,2032.0,calibrated,B1 B,162,110,0.18159052081872754,0.06338265239712029,FusionVI
fusionvi,2032.0,calibrated,CD122+ CD8 T,258,110,0.12429051258551098,0.08063128318820514,FusionVI
fusionvi,2032.0,calibrated,CD4 T,1077,110,0.07729648980153771,0.0222671372247785,FusionVI
fusionvi,2032.0,calibrated,CD8 T,680,110,0.07546636588785857,0.0240279104068578,FusionVI
fusionvi,2032.0,calibrated,Cycling B/T cells,81,110,0.31382887448784397,0.22517769667124238,FusionVI
fusionvi,2032.0,calibrated,GD T,73,110,0.17784322118984425,0.14881203737865428,FusionVI
fusionvi,2032.0,calibrated,ICOS-high Tregs,91,110,0.18860794158824076,0.14920481173657796,FusionVI
fusionvi,2032.0,calibrated,Ifit3-high B,249,110,0.08788759869934264,0.04163757143543005,FusionVI
fusionvi,2032.0,calibrated,Ifit3-high CD4 T,132,110,0.06549663564097193,0.0246710533570441,FusionVI
fusionvi,2032.0,calibrated,Ifit3-high CD8 T,100,110,0.10872772705282849,0.08105462998746985,FusionVI
fusionvi,2032.0,calibrated,Low quality B cells,230,110,0.09989786534355706,0.056399820451737,FusionVI
fusionvi,2032.0,calibrated,Low quality T cells,67,110,0.08163862100464907,0.053792096603561504,FusionVI
fusionvi,2032.0,calibrated,Ly6-high mono,77,110,0.24159897076215384,0.226311407990607,FusionVI
fusionvi,2032.0,calibrated,MZ B,205,110,0.17421837877335422,0.0847104257858112,FusionVI
fusionvi,2032.0,calibrated,MZ/Marco-high macrophages,36,110,0.26867096617418373,0.27207396162472697,FusionVI
fusionvi,2032.0,calibrated,Mature B,2408,110,0.1126346755258494,0.0285231193751862,FusionVI
fusionvi,2032.0,calibrated,NK,104,110,0.2074562225110215,0.1936390006052276,FusionVI
fusionvi,2032.0,calibrated,NKT,117,110,0.2773273954125866,0.267469600337165,FusionVI
fusionvi,2032.0,calibrated,Neutrophils,112,110,0.19243505618548495,0.1742992300136103,FusionVI
fusionvi,2032.0,calibrated,Red-pulp macrophages,35,110,0.13013655568425841,0.1283889071890595,FusionVI
fusionvi,2032.0,calibrated,T doublets,55,110,0.14771136948015332,0.10418213862733255,FusionVI
fusionvi,2032.0,calibrated,Transitional B,580,110,0.1454110460268923,0.0489158198186922,FusionVI
fusionvi,2032.0,calibrated,Tregs,115,110,0.1427820319419916,0.08776558539025034,FusionVI
fusionvi,2032.0,calibrated,cDC1s,62,110,0.28714546501842847,0.2576787854145235,FusionVI
fusionvi,2032.0,calibrated,cDC2s,65,110,0.2711888777926306,0.2572750929942992,FusionVI
fusionvi,2032.0,calibrated,pDCs,30,110,0.10280753503225346,0.08978225119662414,FusionVI
fusionvi,2032.0,log_mean,Activated CD4 T,38,110,0.12400900133307335,0.07722345238099809,FusionVI
fusionvi,2032.0,log_mean,B doublets,77,110,0.13010159904428653,0.0743114519817392,FusionVI
fusionvi,2032.0,log_mean,B-CD4 T cell doublets,62,110,0.16336089975392903,0.14867670674624484,FusionVI
fusionvi,2032.0,log_mean,B-CD8 T cell doublets,50,110,0.1392744430712794,0.10251864485894704,FusionVI
fusionvi,2032.0,log_mean,B-macrophage doublets,74,110,0.21320732836262,0.1564806508383249,FusionVI
fusionvi,2032.0,log_mean,B1 B,162,110,0.18159052081872754,0.06338265239712029,FusionVI
fusionvi,2032.0,log_mean,CD122+ CD8 T,258,110,0.12429051258551098,0.08063128318820514,FusionVI
fusionvi,2032.0,log_mean,CD4 T,1077,110,0.07729648980153771,0.0222671372247785,FusionVI
fusionvi,2032.0,log_mean,CD8 T,680,110,0.07546636588785857,0.0240279104068578,FusionVI
fusionvi,2032.0,log_mean,Cycling B/T cells,81,110,0.31382887448784397,0.22517769667124238,FusionVI
fusionvi,2032.0,log_mean,GD T,73,110,0.17784322118984425,0.14881203737865428,FusionVI
fusionvi,2032.0,log_mean,ICOS-high Tregs,91,110,0.18860794158824076,0.14920481173657796,FusionVI
fusionvi,2032.0,log_mean,Ifit3-high B,249,110,0.08788759869934264,0.04163757143543005,FusionVI
fusionvi,2032.0,log_mean,Ifit3-high CD4 T,132,110,0.06549663564097193,0.0246710533570441,FusionVI
fusionvi,2032.0,log_mean,Ifit3-high CD8 T,100,110,0.10872772705282849,0.08105462998746985,FusionVI
fusionvi,2032.0,log_mean,Low quality B cells,230,110,0.09989786534355706,0.056399820451737,FusionVI
fusionvi,2032.0,log_mean,Low quality T cells,67,110,0.08163862100464907,0.053792096603561504,FusionVI
fusionvi,2032.0,log_mean,Ly6-high mono,77,110,0.24159897076215384,0.226311407990607,FusionVI
fusionvi,2032.0,log_mean,MZ B,205,110,0.17421837877335422,0.0847104257858112,FusionVI
fusionvi,2032.0,log_mean,MZ/Marco-high macrophages,36,110,0.26867096617418373,0.27207396162472697,FusionVI
fusionvi,2032.0,log_mean,Mature B,2408,110,0.1126346755258494,0.0285231193751862,FusionVI
fusionvi,2032.0,log_mean,NK,104,110,0.2074562225110215,0.1936390006052276,FusionVI
fusionvi,2032.0,log_mean,NKT,117,110,0.2773273954125866,0.267469600337165,FusionVI
fusionvi,2032.0,log_mean,Neutrophils,112,110,0.19243505618548495,0.1742992300136103,FusionVI
fusionvi,2032.0,log_mean,Red-pulp macrophages,35,110,0.13013655568425841,0.1283889071890595,FusionVI
fusionvi,2032.0,log_mean,T doublets,55,110,0.14771136948015332,0.10418213862733255,FusionVI
fusionvi,2032.0,log_mean,Transitional B,580,110,0.1454110460268923,0.0489158198186922,FusionVI
fusionvi,2032.0,log_mean,Tregs,115,110,0.1427820319419916,0.08776558539025034,FusionVI
fusionvi,2032.0,log_mean,cDC1s,62,110,0.28714546501842847,0.2576787854145235,FusionVI
fusionvi,2032.0,log_mean,cDC2s,65,110,0.2711888777926306,0.2572750929942992,FusionVI
fusionvi,2032.0,log_mean,pDCs,30,110,0.10280753503225346,0.08978225119662414,FusionVI
fusionvi,2032.0,pred_log,Activated CD4 T,38,110,0.06522088121011294,0.041750034933648456,FusionVI
fusionvi,2032.0,pred_log,B doublets,77,110,0.1257481195894507,0.05278344234537875,FusionVI
fusionvi,2032.0,pred_log,B-CD4 T cell doublets,62,110,0.13601537651458198,0.12772385652890317,FusionVI
fusionvi,2032.0,pred_log,B-CD8 T cell doublets,50,110,0.13721899653507857,0.1187608008577723,FusionVI
fusionvi,2032.0,pred_log,B-macrophage doublets,74,110,0.20779095250095966,0.15392342277047535,FusionVI
fusionvi,2032.0,pred_log,B1 B,162,110,0.1563994524606513,0.02812056167959925,FusionVI
fusionvi,2032.0,pred_log,CD122+ CD8 T,258,110,0.10308682511796324,0.05673705399261985,FusionVI
fusionvi,2032.0,pred_log,CD4 T,1077,110,0.06279813635006105,0.01911693683346105,FusionVI
fusionvi,2032.0,pred_log,CD8 T,680,110,0.06619308201192607,0.02873037516980345,FusionVI
fusionvi,2032.0,pred_log,Cycling B/T cells,81,110,0.29544697711717693,0.1912875834629811,FusionVI
fusionvi,2032.0,pred_log,GD T,73,110,0.17672867841091255,0.12774992274055263,FusionVI
fusionvi,2032.0,pred_log,ICOS-high Tregs,91,110,0.1773288944362798,0.09825015809992865,FusionVI
fusionvi,2032.0,pred_log,Ifit3-high B,249,110,0.06994436083320982,0.04940864417270385,FusionVI
fusionvi,2032.0,pred_log,Ifit3-high CD4 T,132,110,0.06914483466840429,0.042540542767095055,FusionVI
fusionvi,2032.0,pred_log,Ifit3-high CD8 T,100,110,0.08010400116394795,0.0470123935958178,FusionVI
fusionvi,2032.0,pred_log,Low quality B cells,230,110,0.07150626348798966,0.024505015432387298,FusionVI
fusionvi,2032.0,pred_log,Low quality T cells,67,110,0.08317586087510585,0.05298199278162155,FusionVI
fusionvi,2032.0,pred_log,Ly6-high mono,77,110,0.21750187127534026,0.1842548393701338,FusionVI
fusionvi,2032.0,pred_log,MZ B,205,110,0.14275026917967293,0.038627688325557547,FusionVI
fusionvi,2032.0,pred_log,MZ/Marco-high macrophages,36,110,0.2291871322081385,0.2173268911772989,FusionVI
fusionvi,2032.0,pred_log,Mature B,2408,110,0.09317613248606993,0.01617147079862695,FusionVI
fusionvi,2032.0,pred_log,NK,104,110,0.1838458142710274,0.16441991146258494,FusionVI
fusionvi,2032.0,pred_log,NKT,117,110,0.23350360720006746,0.20076325625413544,FusionVI
fusionvi,2032.0,pred_log,Neutrophils,112,110,0.17669787279935495,0.14548213492171086,FusionVI
fusionvi,2032.0,pred_log,Red-pulp macrophages,35,110,0.09268641399398993,0.09967837946050981,FusionVI
fusionvi,2032.0,pred_log,T doublets,55,110,0.13298390088483303,0.08253171896993575,FusionVI
fusionvi,2032.0,pred_log,Transitional B,580,110,0.13134314698629435,0.038007957789354105,FusionVI
fusionvi,2032.0,pred_log,Tregs,115,110,0.1362692430563323,0.10022246367007451,FusionVI
fusionvi,2032.0,pred_log,cDC1s,62,110,0.2603009291399766,0.2390817075212184,FusionVI
fusionvi,2032.0,pred_log,cDC2s,65,110,0.26104203971922607,0.2174045315220517,FusionVI
fusionvi,2032.0,pred_log,pDCs,30,110,0.08332411898144962,0.0958617481486977,FusionVI
fusionvi,2033.0,calibrated,Activated CD4 T,38,110,0.10995661911707937,0.0970880109034573,FusionVI
fusionvi,2033.0,calibrated,B doublets,77,110,0.15559383994137158,0.08098897084011515,FusionVI
fusionvi,2033.0,calibrated,B-CD4 T cell doublets,62,110,0.1379066688666563,0.09668359003724365,FusionVI
fusionvi,2033.0,calibrated,B-CD8 T cell doublets,50,110,0.14038951012159098,0.10442817671434554,FusionVI
fusionvi,2033.0,calibrated,B-macrophage doublets,74,110,0.22066087499847356,0.17386135687481796,FusionVI
fusionvi,2033.0,calibrated,B1 B,162,110,0.19876884866499248,0.0994795502758794,FusionVI
fusionvi,2033.0,calibrated,CD122+ CD8 T,258,110,0.12056187360812297,0.0521109805418795,FusionVI
fusionvi,2033.0,calibrated,CD4 T,1077,110,0.07762281019881867,0.024618890305580253,FusionVI
fusionvi,2033.0,calibrated,CD8 T,680,110,0.08037215154323941,0.02568919439880875,FusionVI
fusionvi,2033.0,calibrated,Cycling B/T cells,81,110,0.31271898888030164,0.2477815178199893,FusionVI
fusionvi,2033.0,calibrated,GD T,73,110,0.20194333412783833,0.17723394758869465,FusionVI
fusionvi,2033.0,calibrated,ICOS-high Tregs,91,110,0.1862030814121643,0.14160430235534371,FusionVI
fusionvi,2033.0,calibrated,Ifit3-high B,249,110,0.09224908045148165,0.0443778424831468,FusionVI
fusionvi,2033.0,calibrated,Ifit3-high CD4 T,132,110,0.06008407930705041,0.0258691008484945,FusionVI
fusionvi,2033.0,calibrated,Ifit3-high CD8 T,100,110,0.11174521265093891,0.09822931234207766,FusionVI
fusionvi,2033.0,calibrated,Low quality B cells,230,110,0.10032601593935413,0.05315003396708455,FusionVI
fusionvi,2033.0,calibrated,Low quality T cells,67,110,0.10039342433367238,0.04611391448087515,FusionVI
fusionvi,2033.0,calibrated,Ly6-high mono,77,110,0.2531118805456581,0.18873354656806673,FusionVI
fusionvi,2033.0,calibrated,MZ B,205,110,0.17962950761976437,0.08272772184327534,FusionVI
fusionvi,2033.0,calibrated,MZ/Marco-high macrophages,36,110,0.22085726038778097,0.22534516627223694,FusionVI
fusionvi,2033.0,calibrated,Mature B,2408,110,0.11600405282060991,0.0299109027800656,FusionVI
fusionvi,2033.0,calibrated,NK,104,110,0.20734604739228732,0.17937786888798019,FusionVI
fusionvi,2033.0,calibrated,NKT,117,110,0.2870696491052085,0.26696027021314683,FusionVI
fusionvi,2033.0,calibrated,Neutrophils,112,110,0.2055426897047019,0.20598058518791496,FusionVI
fusionvi,2033.0,calibrated,Red-pulp macrophages,35,110,0.0684422068790414,0.05952165970862985,FusionVI
fusionvi,2033.0,calibrated,T doublets,55,110,0.15215162948391517,0.10493652976226715,FusionVI
fusionvi,2033.0,calibrated,Transitional B,580,110,0.14277415831113408,0.03510715990534355,FusionVI
fusionvi,2033.0,calibrated,Tregs,115,110,0.1618224746855288,0.1149920117173776,FusionVI
fusionvi,2033.0,calibrated,cDC1s,62,110,0.2988173132407009,0.292804624680782,FusionVI
fusionvi,2033.0,calibrated,cDC2s,65,110,0.27172724879623,0.2697923923225552,FusionVI
fusionvi,2033.0,calibrated,pDCs,30,110,0.13467009037560537,0.12820053358519784,FusionVI
fusionvi,2033.0,log_mean,Activated CD4 T,38,110,0.10995661911707937,0.0970880109034573,FusionVI
fusionvi,2033.0,log_mean,B doublets,77,110,0.15559383994137158,0.08098897084011515,FusionVI
fusionvi,2033.0,log_mean,B-CD4 T cell doublets,62,110,0.1379066688666563,0.09668359003724365,FusionVI
fusionvi,2033.0,log_mean,B-CD8 T cell doublets,50,110,0.14038951012159098,0.10442817671434554,FusionVI
fusionvi,2033.0,log_mean,B-macrophage doublets,74,110,0.22066087499847356,0.17386135687481796,FusionVI
fusionvi,2033.0,log_mean,B1 B,162,110,0.19876884866499248,0.0994795502758794,FusionVI
fusionvi,2033.0,log_mean,CD122+ CD8 T,258,110,0.12056187360812297,0.0521109805418795,FusionVI
fusionvi,2033.0,log_mean,CD4 T,1077,110,0.07762281019881867,0.024618890305580253,FusionVI
fusionvi,2033.0,log_mean,CD8 T,680,110,0.08037215154323941,0.02568919439880875,FusionVI
fusionvi,2033.0,log_mean,Cycling B/T cells,81,110,0.31271898888030164,0.2477815178199893,FusionVI
fusionvi,2033.0,log_mean,GD T,73,110,0.20194333412783833,0.17723394758869465,FusionVI
fusionvi,2033.0,log_mean,ICOS-high Tregs,91,110,0.1862030814121643,0.14160430235534371,FusionVI
fusionvi,2033.0,log_mean,Ifit3-high B,249,110,0.09224908045148165,0.0443778424831468,FusionVI
fusionvi,2033.0,log_mean,Ifit3-high CD4 T,132,110,0.06008407930705041,0.0258691008484945,FusionVI
fusionvi,2033.0,log_mean,Ifit3-high CD8 T,100,110,0.11174521265093891,0.09822931234207766,FusionVI
fusionvi,2033.0,log_mean,Low quality B cells,230,110,0.10032601593935413,0.05315003396708455,FusionVI
fusionvi,2033.0,log_mean,Low quality T cells,67,110,0.10039342433367238,0.04611391448087515,FusionVI
fusionvi,2033.0,log_mean,Ly6-high mono,77,110,0.2531118805456581,0.18873354656806673,FusionVI
fusionvi,2033.0,log_mean,MZ B,205,110,0.17962950761976437,0.08272772184327534,FusionVI
fusionvi,2033.0,log_mean,MZ/Marco-high macrophages,36,110,0.22085726038778097,0.22534516627223694,FusionVI
fusionvi,2033.0,log_mean,Mature B,2408,110,0.11600405282060991,0.0299109027800656,FusionVI
fusionvi,2033.0,log_mean,NK,104,110,0.20734604739228732,0.17937786888798019,FusionVI
fusionvi,2033.0,log_mean,NKT,117,110,0.2870696491052085,0.26696027021314683,FusionVI
fusionvi,2033.0,log_mean,Neutrophils,112,110,0.2055426897047019,0.20598058518791496,FusionVI
fusionvi,2033.0,log_mean,Red-pulp macrophages,35,110,0.0684422068790414,0.05952165970862985,FusionVI
fusionvi,2033.0,log_mean,T doublets,55,110,0.15215162948391517,0.10493652976226715,FusionVI
fusionvi,2033.0,log_mean,Transitional B,580,110,0.14277415831113408,0.03510715990534355,FusionVI
fusionvi,2033.0,log_mean,Tregs,115,110,0.1618224746855288,0.1149920117173776,FusionVI
fusionvi,2033.0,log_mean,cDC1s,62,110,0.2988173132407009,0.292804624680782,FusionVI
fusionvi,2033.0,log_mean,cDC2s,65,110,0.27172724879623,0.2697923923225552,FusionVI
fusionvi,2033.0,log_mean,pDCs,30,110,0.13467009037560537,0.12820053358519784,FusionVI
fusionvi,2033.0,pred_log,Activated CD4 T,38,110,0.10575667586629754,0.1025294380474643,FusionVI
fusionvi,2033.0,pred_log,B doublets,77,110,0.11900598208669552,0.0465097136450138,FusionVI
fusionvi,2033.0,pred_log,B-CD4 T cell doublets,62,110,0.13618000271913783,0.10354841460006475,FusionVI
fusionvi,2033.0,pred_log,B-CD8 T cell doublets,50,110,0.13008953396186937,0.09899406894294174,FusionVI
fusionvi,2033.0,pred_log,B-macrophage doublets,74,110,0.21244992165731252,0.18358008408691845,FusionVI
fusionvi,2033.0,pred_log,B1 B,162,110,0.17915203676852165,0.08406558245738655,FusionVI
fusionvi,2033.0,pred_log,CD122+ CD8 T,258,110,0.10258775299995694,0.04438938061063455,FusionVI
fusionvi,2033.0,pred_log,CD4 T,1077,110,0.06564872934983466,0.01917285360087335,FusionVI
fusionvi,2033.0,pred_log,CD8 T,680,110,0.06671152776618021,0.02906303322824855,FusionVI
fusionvi,2033.0,pred_log,Cycling B/T cells,81,110,0.3053558560692231,0.21030820893950758,FusionVI
fusionvi,2033.0,pred_log,GD T,73,110,0.19251595788042475,0.1637472692985497,FusionVI
fusionvi,2033.0,pred_log,ICOS-high Tregs,91,110,0.16710649735434696,0.1106015964815696,FusionVI
fusionvi,2033.0,pred_log,Ifit3-high B,249,110,0.062424355324830504,0.023912318943070048,FusionVI
fusionvi,2033.0,pred_log,Ifit3-high CD4 T,132,110,0.044168569442746934,0.02964150726985275,FusionVI
fusionvi,2033.0,pred_log,Ifit3-high CD8 T,100,110,0.07484201206912267,0.04961767171913595,FusionVI
fusionvi,2033.0,pred_log,Low quality B cells,230,110,0.07628454145586856,0.03745204965626435,FusionVI
fusionvi,2033.0,pred_log,Low quality T cells,67,110,0.0784841091810654,0.0421526013738451,FusionVI
fusionvi,2033.0,pred_log,Ly6-high mono,77,110,0.23440999357510528,0.19341514565004125,FusionVI
fusionvi,2033.0,pred_log,MZ B,205,110,0.13979210902817765,0.05330424484122,FusionVI
fusionvi,2033.0,pred_log,MZ/Marco-high macrophages,36,110,0.19776317547369046,0.19085300244740266,FusionVI
fusionvi,2033.0,pred_log,Mature B,2408,110,0.09440697240969616,0.01911884589238995,FusionVI
fusionvi,2033.0,pred_log,NK,104,110,0.17738747584914177,0.16033296325669721,FusionVI
fusionvi,2033.0,pred_log,NKT,117,110,0.24065885717204544,0.2165011600951573,FusionVI
fusionvi,2033.0,pred_log,Neutrophils,112,110,0.18878604015911774,0.1911568349677595,FusionVI
fusionvi,2033.0,pred_log,Red-pulp macrophages,35,110,0.07029238683253143,0.06534093713268775,FusionVI
fusionvi,2033.0,pred_log,T doublets,55,110,0.14971907840399978,0.09811009417208319,FusionVI
fusionvi,2033.0,pred_log,Transitional B,580,110,0.12415180657394448,0.0253857186679664,FusionVI
fusionvi,2033.0,pred_log,Tregs,115,110,0.144672030475689,0.0828388036840464,FusionVI
fusionvi,2033.0,pred_log,cDC1s,62,110,0.2902890551481765,0.2654621645849513,FusionVI
fusionvi,2033.0,pred_log,cDC2s,65,110,0.24879814350642482,0.23050225061876045,FusionVI
fusionvi,2033.0,pred_log,pDCs,30,110,0.09727633848366364,0.08261289722003451,FusionVI
fusionvi,2034.0,calibrated,Activated CD4 T,38,110,0.12129484680473329,0.1020566386886744,FusionVI
fusionvi,2034.0,calibrated,B doublets,77,110,0.14674851870542996,0.0903114430792728,FusionVI
fusionvi,2034.0,calibrated,B-CD4 T cell doublets,62,110,0.17134724240388977,0.1391668492249746,FusionVI
fusionvi,2034.0,calibrated,B-CD8 T cell doublets,50,110,0.13612761414474148,0.1058929174562418,FusionVI
fusionvi,2034.0,calibrated,B-macrophage doublets,74,110,0.21490038239792109,0.16363396492681126,FusionVI
fusionvi,2034.0,calibrated,B1 B,162,110,0.19485449583085843,0.08329244391489984,FusionVI
fusionvi,2034.0,calibrated,CD122+ CD8 T,258,110,0.11373256727362484,0.0522315215308352,FusionVI
fusionvi,2034.0,calibrated,CD4 T,1077,110,0.08632608731110686,0.027130438186293203,FusionVI
fusionvi,2034.0,calibrated,CD8 T,680,110,0.08105713698178439,0.03215859088513885,FusionVI
fusionvi,2034.0,calibrated,Cycling B/T cells,81,110,0.31589682889324255,0.24623507528070115,FusionVI
fusionvi,2034.0,calibrated,GD T,73,110,0.1947015137935916,0.1553633154053194,FusionVI
fusionvi,2034.0,calibrated,ICOS-high Tregs,91,110,0.18676253733100392,0.11622976365967236,FusionVI
fusionvi,2034.0,calibrated,Ifit3-high B,249,110,0.10337674964986655,0.055330291063530754,FusionVI
fusionvi,2034.0,calibrated,Ifit3-high CD4 T,132,110,0.06397313202012288,0.0359916805804022,FusionVI
fusionvi,2034.0,calibrated,Ifit3-high CD8 T,100,110,0.11638880610824841,0.09219480586187964,FusionVI
fusionvi,2034.0,calibrated,Low quality B cells,230,110,0.10073701000456492,0.0633718165244384,FusionVI
fusionvi,2034.0,calibrated,Low quality T cells,67,110,0.11715534747244559,0.07923387658743344,FusionVI
fusionvi,2034.0,calibrated,Ly6-high mono,77,110,0.2368825327996773,0.1968162330235462,FusionVI
fusionvi,2034.0,calibrated,MZ B,205,110,0.18176660170599623,0.09029513891958485,FusionVI
fusionvi,2034.0,calibrated,MZ/Marco-high macrophages,36,110,0.26040622064149566,0.27890801024331563,FusionVI
fusionvi,2034.0,calibrated,Mature B,2408,110,0.11242017825267944,0.024888193702378,FusionVI
fusionvi,2034.0,calibrated,NK,104,110,0.2059981683131905,0.20202048411403467,FusionVI
fusionvi,2034.0,calibrated,NKT,117,110,0.2716728345842784,0.24902591355784776,FusionVI
fusionvi,2034.0,calibrated,Neutrophils,112,110,0.1897183827214639,0.18021092143576736,FusionVI
fusionvi,2034.0,calibrated,Red-pulp macrophages,35,110,0.07747504263021486,0.07873826549572885,FusionVI
fusionvi,2034.0,calibrated,T doublets,55,110,0.15090703801251704,0.11237925469083895,FusionVI
fusionvi,2034.0,calibrated,Transitional B,580,110,0.13771720694465908,0.026026952902879548,FusionVI
fusionvi,2034.0,calibrated,Tregs,115,110,0.16104127348247435,0.11476805808837759,FusionVI
fusionvi,2034.0,calibrated,cDC1s,62,110,0.3086049250151162,0.27235554986259447,FusionVI
fusionvi,2034.0,calibrated,cDC2s,65,110,0.27041529277019044,0.2524789724751564,FusionVI
fusionvi,2034.0,calibrated,pDCs,30,110,0.1253778386702157,0.1261469726060258,FusionVI
fusionvi,2034.0,log_mean,Activated CD4 T,38,110,0.12129484680473329,0.1020566386886744,FusionVI
fusionvi,2034.0,log_mean,B doublets,77,110,0.14674851870542996,0.0903114430792728,FusionVI
fusionvi,2034.0,log_mean,B-CD4 T cell doublets,62,110,0.17134724240388977,0.1391668492249746,FusionVI
fusionvi,2034.0,log_mean,B-CD8 T cell doublets,50,110,0.13612761414474148,0.1058929174562418,FusionVI
fusionvi,2034.0,log_mean,B-macrophage doublets,74,110,0.21490038239792109,0.16363396492681126,FusionVI
fusionvi,2034.0,log_mean,B1 B,162,110,0.19485449583085843,0.08329244391489984,FusionVI
fusionvi,2034.0,log_mean,CD122+ CD8 T,258,110,0.11373256727362484,0.0522315215308352,FusionVI
fusionvi,2034.0,log_mean,CD4 T,1077,110,0.08632608731110686,0.027130438186293203,FusionVI
fusionvi,2034.0,log_mean,CD8 T,680,110,0.08105713698178439,0.03215859088513885,FusionVI
fusionvi,2034.0,log_mean,Cycling B/T cells,81,110,0.31589682889324255,0.24623507528070115,FusionVI
fusionvi,2034.0,log_mean,GD T,73,110,0.1947015137935916,0.1553633154053194,FusionVI
fusionvi,2034.0,log_mean,ICOS-high Tregs,91,110,0.18676253733100392,0.11622976365967236,FusionVI
fusionvi,2034.0,log_mean,Ifit3-high B,249,110,0.10337674964986655,0.055330291063530754,FusionVI
fusionvi,2034.0,log_mean,Ifit3-high CD4 T,132,110,0.06397313202012288,0.0359916805804022,FusionVI
fusionvi,2034.0,log_mean,Ifit3-high CD8 T,100,110,0.11638880610824841,0.09219480586187964,FusionVI
fusionvi,2034.0,log_mean,Low quality B cells,230,110,0.10073701000456492,0.0633718165244384,FusionVI
fusionvi,2034.0,log_mean,Low quality T cells,67,110,0.11715534747244559,0.07923387658743344,FusionVI
fusionvi,2034.0,log_mean,Ly6-high mono,77,110,0.2368825327996773,0.1968162330235462,FusionVI
fusionvi,2034.0,log_mean,MZ B,205,110,0.18176660170599623,0.09029513891958485,FusionVI
fusionvi,2034.0,log_mean,MZ/Marco-high macrophages,36,110,0.26040622064149566,0.27890801024331563,FusionVI
fusionvi,2034.0,log_mean,Mature B,2408,110,0.11242017825267944,0.024888193702378,FusionVI
fusionvi,2034.0,log_mean,NK,104,110,0.2059981683131905,0.20202048411403467,FusionVI
fusionvi,2034.0,log_mean,NKT,117,110,0.2716728345842784,0.24902591355784776,FusionVI
fusionvi,2034.0,log_mean,Neutrophils,112,110,0.1897183827214639,0.18021092143576736,FusionVI
fusionvi,2034.0,log_mean,Red-pulp macrophages,35,110,0.07747504263021486,0.07873826549572885,FusionVI
fusionvi,2034.0,log_mean,T doublets,55,110,0.15090703801251704,0.11237925469083895,FusionVI
fusionvi,2034.0,log_mean,Transitional B,580,110,0.13771720694465908,0.026026952902879548,FusionVI
fusionvi,2034.0,log_mean,Tregs,115,110,0.16104127348247435,0.11476805808837759,FusionVI
fusionvi,2034.0,log_mean,cDC1s,62,110,0.3086049250151162,0.27235554986259447,FusionVI
fusionvi,2034.0,log_mean,cDC2s,65,110,0.27041529277019044,0.2524789724751564,FusionVI
fusionvi,2034.0,log_mean,pDCs,30,110,0.1253778386702157,0.1261469726060258,FusionVI
fusionvi,2034.0,pred_log,Activated CD4 T,38,110,0.0752437877082088,0.061961565419813,FusionVI
fusionvi,2034.0,pred_log,B doublets,77,110,0.13047296747543896,0.060573399517584045,FusionVI
fusionvi,2034.0,pred_log,B-CD4 T cell doublets,62,110,0.1480063355684187,0.13019213054041676,FusionVI
fusionvi,2034.0,pred_log,B-CD8 T cell doublets,50,110,0.1133641724595936,0.10140186301314716,FusionVI
fusionvi,2034.0,pred_log,B-macrophage doublets,74,110,0.20355430937660682,0.1676541004625772,FusionVI
fusionvi,2034.0,pred_log,B1 B,162,110,0.16232290201065885,0.0390968683088581,FusionVI
fusionvi,2034.0,pred_log,CD122+ CD8 T,258,110,0.08620788787232912,0.02796051725604015,FusionVI
fusionvi,2034.0,pred_log,CD4 T,1077,110,0.06226198374516563,0.014893874766641849,FusionVI
fusionvi,2034.0,pred_log,CD8 T,680,110,0.06794157504230379,0.034049930902736156,FusionVI
fusionvi,2034.0,pred_log,Cycling B/T cells,81,110,0.2952615860029436,0.1853870798257194,FusionVI
fusionvi,2034.0,pred_log,GD T,73,110,0.15876070256932767,0.137925351574949,FusionVI
fusionvi,2034.0,pred_log,ICOS-high Tregs,91,110,0.17634136298360817,0.14966613232705434,FusionVI
fusionvi,2034.0,pred_log,Ifit3-high B,249,110,0.07460138673738934,0.040424764175244654,FusionVI
fusionvi,2034.0,pred_log,Ifit3-high CD4 T,132,110,0.051591600387591426,0.026515571945044947,FusionVI
fusionvi,2034.0,pred_log,Ifit3-high CD8 T,100,110,0.08523115093410834,0.054219928273193246,FusionVI
fusionvi,2034.0,pred_log,Low quality B cells,230,110,0.07583681490479605,0.032315517955408254,FusionVI
fusionvi,2034.0,pred_log,Low quality T cells,67,110,0.0744249435406923,0.0295598355221133,FusionVI
fusionvi,2034.0,pred_log,Ly6-high mono,77,110,0.20689176992343256,0.17755202087420968,FusionVI
fusionvi,2034.0,pred_log,MZ B,205,110,0.15169875366892233,0.0612181784720159,FusionVI
fusionvi,2034.0,pred_log,MZ/Marco-high macrophages,36,110,0.24147309159220573,0.2617788127183738,FusionVI
fusionvi,2034.0,pred_log,Mature B,2408,110,0.09385790839942197,0.017938047657530598,FusionVI
fusionvi,2034.0,pred_log,NK,104,110,0.17447058696755516,0.1671127651667385,FusionVI
fusionvi,2034.0,pred_log,NKT,117,110,0.22362740747793716,0.1838240034112283,FusionVI
fusionvi,2034.0,pred_log,Neutrophils,112,110,0.17582847990163447,0.15047351914158846,FusionVI
fusionvi,2034.0,pred_log,Red-pulp macrophages,35,110,0.09280640925586907,0.07748090857807699,FusionVI
fusionvi,2034.0,pred_log,T doublets,55,110,0.1388510197807247,0.10136969480888715,FusionVI
fusionvi,2034.0,pred_log,Transitional B,580,110,0.12411769410001541,0.02141221019082505,FusionVI
fusionvi,2034.0,pred_log,Tregs,115,110,0.14215019906860504,0.09452313811709614,FusionVI
fusionvi,2034.0,pred_log,cDC1s,62,110,0.28925503507332173,0.26765980212947255,FusionVI
fusionvi,2034.0,pred_log,cDC2s,65,110,0.25417645619518925,0.21564983811419966,FusionVI
fusionvi,2034.0,pred_log,pDCs,30,110,0.12866285738256325,0.12827926073670937,FusionVI
fusionvi,2035.0,calibrated,Activated CD4 T,38,110,0.10997490469548213,0.06212912442676965,FusionVI
fusionvi,2035.0,calibrated,B doublets,77,110,0.15545541810973879,0.0993252118206151,FusionVI
fusionvi,2035.0,calibrated,B-CD4 T cell doublets,62,110,0.14619426468636143,0.11542456177699009,FusionVI
fusionvi,2035.0,calibrated,B-CD8 T cell doublets,50,110,0.12056284385252913,0.09521565558846375,FusionVI
fusionvi,2035.0,calibrated,B-macrophage doublets,74,110,0.2216817703073673,0.18971037911920596,FusionVI
fusionvi,2035.0,calibrated,B1 B,162,110,0.19052903471958482,0.06850515370029356,FusionVI
fusionvi,2035.0,calibrated,CD122+ CD8 T,258,110,0.11952872335787253,0.06642128606660905,FusionVI
fusionvi,2035.0,calibrated,CD4 T,1077,110,0.08135435939422442,0.03152564096266655,FusionVI
fusionvi,2035.0,calibrated,CD8 T,680,110,0.08029507483987815,0.030140309153128,FusionVI
fusionvi,2035.0,calibrated,Cycling B/T cells,81,110,0.3288173818564583,0.2487676328816014,FusionVI
fusionvi,2035.0,calibrated,GD T,73,110,0.1834496869769865,0.1265293413412807,FusionVI
fusionvi,2035.0,calibrated,ICOS-high Tregs,91,110,0.17108074766419218,0.0984513375183532,FusionVI
fusionvi,2035.0,calibrated,Ifit3-high B,249,110,0.09346948418237773,0.0445103020262468,FusionVI
fusionvi,2035.0,calibrated,Ifit3-high CD4 T,132,110,0.05861366591161903,0.028771806683244597,FusionVI
fusionvi,2035.0,calibrated,Ifit3-high CD8 T,100,110,0.09996434916636904,0.08831714525764575,FusionVI
fusionvi,2035.0,calibrated,Low quality B cells,230,110,0.10289482624759821,0.05003327066017615,FusionVI
fusionvi,2035.0,calibrated,Low quality T cells,67,110,0.08850807643017759,0.0803089855941268,FusionVI
fusionvi,2035.0,calibrated,Ly6-high mono,77,110,0.23966994374903222,0.1988281892101216,FusionVI
fusionvi,2035.0,calibrated,MZ B,205,110,0.18783685184391188,0.09215541500400726,FusionVI
fusionvi,2035.0,calibrated,MZ/Marco-high macrophages,36,110,0.2302698285749843,0.22512825762685257,FusionVI
fusionvi,2035.0,calibrated,Mature B,2408,110,0.11690112149773049,0.035937723000403654,FusionVI
fusionvi,2035.0,calibrated,NK,104,110,0.21726476802775238,0.20769831260106708,FusionVI
fusionvi,2035.0,calibrated,NKT,117,110,0.2877680699051668,0.2654095219244976,FusionVI
fusionvi,2035.0,calibrated,Neutrophils,112,110,0.21909146167293056,0.1942377908677983,FusionVI
fusionvi,2035.0,calibrated,Red-pulp macrophages,35,110,0.11355220395717451,0.10730479528100186,FusionVI
fusionvi,2035.0,calibrated,T doublets,55,110,0.17325093609780515,0.15081055311313424,FusionVI
fusionvi,2035.0,calibrated,Transitional B,580,110,0.14598238204101707,0.043344495839045094,FusionVI
fusionvi,2035.0,calibrated,Tregs,115,110,0.14365766852203904,0.07308757139944111,FusionVI
fusionvi,2035.0,calibrated,cDC1s,62,110,0.2996104975813259,0.2535385004417563,FusionVI
fusionvi,2035.0,calibrated,cDC2s,65,110,0.26258874266980387,0.2551820073540272,FusionVI
fusionvi,2035.0,calibrated,pDCs,30,110,0.06958509288313228,0.0535762593170789,FusionVI
fusionvi,2035.0,log_mean,Activated CD4 T,38,110,0.10997490469548213,0.06212912442676965,FusionVI
fusionvi,2035.0,log_mean,B doublets,77,110,0.15545541810973879,0.0993252118206151,FusionVI
fusionvi,2035.0,log_mean,B-CD4 T cell doublets,62,110,0.14619426468636143,0.11542456177699009,FusionVI
fusionvi,2035.0,log_mean,B-CD8 T cell doublets,50,110,0.12056284385252913,0.09521565558846375,FusionVI
fusionvi,2035.0,log_mean,B-macrophage doublets,74,110,0.2216817703073673,0.18971037911920596,FusionVI
fusionvi,2035.0,log_mean,B1 B,162,110,0.19052903471958482,0.06850515370029356,FusionVI
fusionvi,2035.0,log_mean,CD122+ CD8 T,258,110,0.11952872335787253,0.06642128606660905,FusionVI
fusionvi,2035.0,log_mean,CD4 T,1077,110,0.08135435939422442,0.03152564096266655,FusionVI
fusionvi,2035.0,log_mean,CD8 T,680,110,0.08029507483987815,0.030140309153128,FusionVI
fusionvi,2035.0,log_mean,Cycling B/T cells,81,110,0.3288173818564583,0.2487676328816014,FusionVI
fusionvi,2035.0,log_mean,GD T,73,110,0.1834496869769865,0.1265293413412807,FusionVI
fusionvi,2035.0,log_mean,ICOS-high Tregs,91,110,0.17108074766419218,0.0984513375183532,FusionVI
fusionvi,2035.0,log_mean,Ifit3-high B,249,110,0.09346948418237773,0.0445103020262468,FusionVI
fusionvi,2035.0,log_mean,Ifit3-high CD4 T,132,110,0.05861366591161903,0.028771806683244597,FusionVI
fusionvi,2035.0,log_mean,Ifit3-high CD8 T,100,110,0.09996434916636904,0.08831714525764575,FusionVI
fusionvi,2035.0,log_mean,Low quality B cells,230,110,0.10289482624759821,0.05003327066017615,FusionVI
fusionvi,2035.0,log_mean,Low quality T cells,67,110,0.08850807643017759,0.0803089855941268,FusionVI
fusionvi,2035.0,log_mean,Ly6-high mono,77,110,0.23966994374903222,0.1988281892101216,FusionVI
fusionvi,2035.0,log_mean,MZ B,205,110,0.18783685184391188,0.09215541500400726,FusionVI
fusionvi,2035.0,log_mean,MZ/Marco-high macrophages,36,110,0.2302698285749843,0.22512825762685257,FusionVI
fusionvi,2035.0,log_mean,Mature B,2408,110,0.11690112149773049,0.035937723000403654,FusionVI
fusionvi,2035.0,log_mean,NK,104,110,0.21726476802775238,0.20769831260106708,FusionVI
fusionvi,2035.0,log_mean,NKT,117,110,0.2877680699051668,0.2654095219244976,FusionVI
fusionvi,2035.0,log_mean,Neutrophils,112,110,0.21909146167293056,0.1942377908677983,FusionVI
fusionvi,2035.0,log_mean,Red-pulp macrophages,35,110,0.11355220395717451,0.10730479528100186,FusionVI
fusionvi,2035.0,log_mean,T doublets,55,110,0.17325093609780515,0.15081055311313424,FusionVI
fusionvi,2035.0,log_mean,Transitional B,580,110,0.14598238204101707,0.043344495839045094,FusionVI
fusionvi,2035.0,log_mean,Tregs,115,110,0.14365766852203904,0.07308757139944111,FusionVI
fusionvi,2035.0,log_mean,cDC1s,62,110,0.2996104975813259,0.2535385004417563,FusionVI
fusionvi,2035.0,log_mean,cDC2s,65,110,0.26258874266980387,0.2551820073540272,FusionVI
fusionvi,2035.0,log_mean,pDCs,30,110,0.06958509288313228,0.0535762593170789,FusionVI
fusionvi,2035.0,pred_log,Activated CD4 T,38,110,0.0930322102250106,0.0783616537598222,FusionVI
fusionvi,2035.0,pred_log,B doublets,77,110,0.10952254825582416,0.03131913177097925,FusionVI
fusionvi,2035.0,pred_log,B-CD4 T cell doublets,62,110,0.11975443850825074,0.09934126588870035,FusionVI
fusionvi,2035.0,pred_log,B-CD8 T cell doublets,50,110,0.11433461042113889,0.09971679063453275,FusionVI
fusionvi,2035.0,pred_log,B-macrophage doublets,74,110,0.23023413197362555,0.18187120131131734,FusionVI
fusionvi,2035.0,pred_log,B1 B,162,110,0.17238113125008805,0.056456730873724895,FusionVI
fusionvi,2035.0,pred_log,CD122+ CD8 T,258,110,0.10194891878263869,0.04316598897867375,FusionVI
fusionvi,2035.0,pred_log,CD4 T,1077,110,0.06466619096533589,0.020571658113460553,FusionVI
fusionvi,2035.0,pred_log,CD8 T,680,110,0.06439052261730152,0.025805011806832902,FusionVI
fusionvi,2035.0,pred_log,Cycling B/T cells,81,110,0.31116621916289705,0.19207860723911663,FusionVI
fusionvi,2035.0,pred_log,GD T,73,110,0.16988116403531192,0.1540439933181277,FusionVI
fusionvi,2035.0,pred_log,ICOS-high Tregs,91,110,0.16606954436913426,0.13100186306378336,FusionVI
fusionvi,2035.0,pred_log,Ifit3-high B,249,110,0.07777503921407614,0.040540026096816756,FusionVI
fusionvi,2035.0,pred_log,Ifit3-high CD4 T,132,110,0.03876247799937372,0.01334165576400725,FusionVI
fusionvi,2035.0,pred_log,Ifit3-high CD8 T,100,110,0.07609436869686272,0.06617480080590815,FusionVI
fusionvi,2035.0,pred_log,Low quality B cells,230,110,0.07879901266899186,0.034706462821188,FusionVI
fusionvi,2035.0,pred_log,Low quality T cells,67,110,0.0906990504414926,0.0632179581560723,FusionVI
fusionvi,2035.0,pred_log,Ly6-high mono,77,110,0.21269563262083419,0.13609312029227294,FusionVI
fusionvi,2035.0,pred_log,MZ B,205,110,0.1509079973501642,0.05568233875860505,FusionVI
fusionvi,2035.0,pred_log,MZ/Marco-high macrophages,36,110,0.20672011950804334,0.2168731889207458,FusionVI
fusionvi,2035.0,pred_log,Mature B,2408,110,0.0918793185187657,0.01521975986145185,FusionVI
fusionvi,2035.0,pred_log,NK,104,110,0.1924365095004838,0.16610007359846268,FusionVI
fusionvi,2035.0,pred_log,NKT,117,110,0.24666306121126325,0.22514856411527728,FusionVI
fusionvi,2035.0,pred_log,Neutrophils,112,110,0.19078556454637519,0.1610647253182724,FusionVI
fusionvi,2035.0,pred_log,Red-pulp macrophages,35,110,0.1186614224368341,0.1068735562979055,FusionVI
fusionvi,2035.0,pred_log,T doublets,55,110,0.14741983625265886,0.10427905663511855,FusionVI
fusionvi,2035.0,pred_log,Transitional B,580,110,0.12524560244830807,0.021000800776313402,FusionVI
fusionvi,2035.0,pred_log,Tregs,115,110,0.12339303735801206,0.06988881227846344,FusionVI
fusionvi,2035.0,pred_log,cDC1s,62,110,0.27477779393312923,0.20046578384557434,FusionVI
fusionvi,2035.0,pred_log,cDC2s,65,110,0.2539130355008787,0.22647377471812385,FusionVI
fusionvi,2035.0,pred_log,pDCs,30,110,0.07455830523107784,0.0832690591429679,FusionVI
fusionvi,2036.0,calibrated,Activated CD4 T,38,110,0.10780547460528103,0.07348593585507655,FusionVI
fusionvi,2036.0,calibrated,B doublets,77,110,0.1489748899706546,0.06169517305670315,FusionVI
fusionvi,2036.0,calibrated,B-CD4 T cell doublets,62,110,0.14932800230982216,0.12115674939494656,FusionVI
fusionvi,2036.0,calibrated,B-CD8 T cell doublets,50,110,0.12011771446728708,0.10460764125876745,FusionVI
fusionvi,2036.0,calibrated,B-macrophage doublets,74,110,0.22020623806934464,0.15557724090405206,FusionVI
fusionvi,2036.0,calibrated,B1 B,162,110,0.19191700030913042,0.1017204775204943,FusionVI
fusionvi,2036.0,calibrated,CD122+ CD8 T,258,110,0.12202740864019924,0.055164780383498604,FusionVI
fusionvi,2036.0,calibrated,CD4 T,1077,110,0.08665204822290273,0.032607290018177054,FusionVI
fusionvi,2036.0,calibrated,CD8 T,680,110,0.08586855049391133,0.04025440664859125,FusionVI
fusionvi,2036.0,calibrated,Cycling B/T cells,81,110,0.32869911515889455,0.25011908903939883,FusionVI
fusionvi,2036.0,calibrated,GD T,73,110,0.17286453403949334,0.15029170661414745,FusionVI
fusionvi,2036.0,calibrated,ICOS-high Tregs,91,110,0.1823009810336178,0.12460059590259154,FusionVI
fusionvi,2036.0,calibrated,Ifit3-high B,249,110,0.10355110680627372,0.04917302564012285,FusionVI
fusionvi,2036.0,calibrated,Ifit3-high CD4 T,132,110,0.07098698967331041,0.04675884137529775,FusionVI
fusionvi,2036.0,calibrated,Ifit3-high CD8 T,100,110,0.09049760709194607,0.06637747130082125,FusionVI
fusionvi,2036.0,calibrated,Low quality B cells,230,110,0.09614849306300816,0.05011916505569495,FusionVI
fusionvi,2036.0,calibrated,Low quality T cells,67,110,0.1007199914445236,0.0921516274054856,FusionVI
fusionvi,2036.0,calibrated,Ly6-high mono,77,110,0.25645793212777035,0.218252786647396,FusionVI
fusionvi,2036.0,calibrated,MZ B,205,110,0.19046940574790816,0.10112989605355735,FusionVI
fusionvi,2036.0,calibrated,MZ/Marco-high macrophages,36,110,0.2594219697653328,0.22665111064603088,FusionVI
fusionvi,2036.0,calibrated,Mature B,2408,110,0.11469085628803843,0.031002533948931897,FusionVI
fusionvi,2036.0,calibrated,NK,104,110,0.21361485477226638,0.20707273047659874,FusionVI
fusionvi,2036.0,calibrated,NKT,117,110,0.28989384775106136,0.28346721975946554,FusionVI
fusionvi,2036.0,calibrated,Neutrophils,112,110,0.19519002662125315,0.20753772470108764,FusionVI
fusionvi,2036.0,calibrated,Red-pulp macrophages,35,110,0.0665370171961535,0.0638385538488087,FusionVI
fusionvi,2036.0,calibrated,T doublets,55,110,0.14465157794372588,0.07980170260302505,FusionVI
fusionvi,2036.0,calibrated,Transitional B,580,110,0.14144935650440849,0.028089755843160598,FusionVI
fusionvi,2036.0,calibrated,Tregs,115,110,0.1518737883930162,0.0904915252758269,FusionVI
fusionvi,2036.0,calibrated,cDC1s,62,110,0.30550189002223793,0.3220005897627125,FusionVI
fusionvi,2036.0,calibrated,cDC2s,65,110,0.2719909184806687,0.23998711643676435,FusionVI
fusionvi,2036.0,calibrated,pDCs,30,110,0.11268322442832754,0.12570212503378744,FusionVI
fusionvi,2036.0,log_mean,Activated CD4 T,38,110,0.10780547460528103,0.07348593585507655,FusionVI
fusionvi,2036.0,log_mean,B doublets,77,110,0.1489748899706546,0.06169517305670315,FusionVI
fusionvi,2036.0,log_mean,B-CD4 T cell doublets,62,110,0.14932800230982216,0.12115674939494656,FusionVI
fusionvi,2036.0,log_mean,B-CD8 T cell doublets,50,110,0.12011771446728708,0.10460764125876745,FusionVI
fusionvi,2036.0,log_mean,B-macrophage doublets,74,110,0.22020623806934464,0.15557724090405206,FusionVI
fusionvi,2036.0,log_mean,B1 B,162,110,0.19191700030913042,0.1017204775204943,FusionVI
fusionvi,2036.0,log_mean,CD122+ CD8 T,258,110,0.12202740864019924,0.055164780383498604,FusionVI
fusionvi,2036.0,log_mean,CD4 T,1077,110,0.08665204822290273,0.032607290018177054,FusionVI
fusionvi,2036.0,log_mean,CD8 T,680,110,0.08586855049391133,0.04025440664859125,FusionVI
fusionvi,2036.0,log_mean,Cycling B/T cells,81,110,0.32869911515889455,0.25011908903939883,FusionVI
fusionvi,2036.0,log_mean,GD T,73,110,0.17286453403949334,0.15029170661414745,FusionVI
fusionvi,2036.0,log_mean,ICOS-high Tregs,91,110,0.1823009810336178,0.12460059590259154,FusionVI
fusionvi,2036.0,log_mean,Ifit3-high B,249,110,0.10355110680627372,0.04917302564012285,FusionVI
fusionvi,2036.0,log_mean,Ifit3-high CD4 T,132,110,0.07098698967331041,0.04675884137529775,FusionVI
fusionvi,2036.0,log_mean,Ifit3-high CD8 T,100,110,0.09049760709194607,0.06637747130082125,FusionVI
fusionvi,2036.0,log_mean,Low quality B cells,230,110,0.09614849306300816,0.05011916505569495,FusionVI
fusionvi,2036.0,log_mean,Low quality T cells,67,110,0.1007199914445236,0.0921516274054856,FusionVI
fusionvi,2036.0,log_mean,Ly6-high mono,77,110,0.25645793212777035,0.218252786647396,FusionVI
fusionvi,2036.0,log_mean,MZ B,205,110,0.19046940574790816,0.10112989605355735,FusionVI
fusionvi,2036.0,log_mean,MZ/Marco-high macrophages,36,110,0.2594219697653328,0.22665111064603088,FusionVI
fusionvi,2036.0,log_mean,Mature B,2408,110,0.11469085628803843,0.031002533948931897,FusionVI
fusionvi,2036.0,log_mean,NK,104,110,0.21361485477226638,0.20707273047659874,FusionVI
fusionvi,2036.0,log_mean,NKT,117,110,0.28989384775106136,0.28346721975946554,FusionVI
fusionvi,2036.0,log_mean,Neutrophils,112,110,0.19519002662125315,0.20753772470108764,FusionVI
fusionvi,2036.0,log_mean,Red-pulp macrophages,35,110,0.0665370171961535,0.0638385538488087,FusionVI
fusionvi,2036.0,log_mean,T doublets,55,110,0.14465157794372588,0.07980170260302505,FusionVI
fusionvi,2036.0,log_mean,Transitional B,580,110,0.14144935650440849,0.028089755843160598,FusionVI
fusionvi,2036.0,log_mean,Tregs,115,110,0.1518737883930162,0.0904915252758269,FusionVI
fusionvi,2036.0,log_mean,cDC1s,62,110,0.30550189002223793,0.3220005897627125,FusionVI
fusionvi,2036.0,log_mean,cDC2s,65,110,0.2719909184806687,0.23998711643676435,FusionVI
fusionvi,2036.0,log_mean,pDCs,30,110,0.11268322442832754,0.12570212503378744,FusionVI
fusionvi,2036.0,pred_log,Activated CD4 T,38,110,0.09624203552209434,0.09013168159263495,FusionVI
fusionvi,2036.0,pred_log,B doublets,77,110,0.12208126154982235,0.058321912688764604,FusionVI
fusionvi,2036.0,pred_log,B-CD4 T cell doublets,62,110,0.13168878690810398,0.10548472917960211,FusionVI
fusionvi,2036.0,pred_log,B-CD8 T cell doublets,50,110,0.11826361318088714,0.11358710251834775,FusionVI
fusionvi,2036.0,pred_log,B-macrophage doublets,74,110,0.2090358082381595,0.1646729727494499,FusionVI
fusionvi,2036.0,pred_log,B1 B,162,110,0.1776569025962724,0.07475501420740116,FusionVI
fusionvi,2036.0,pred_log,CD122+ CD8 T,258,110,0.09634648341943898,0.046372790718686496,FusionVI
fusionvi,2036.0,pred_log,CD4 T,1077,110,0.06766984091035035,0.0187938800783616,FusionVI
fusionvi,2036.0,pred_log,CD8 T,680,110,0.07228434440876891,0.03141624228410329,FusionVI
fusionvi,2036.0,pred_log,Cycling B/T cells,81,110,0.297457694546327,0.1800709353105511,FusionVI
fusionvi,2036.0,pred_log,GD T,73,110,0.16998307760642575,0.1227446797338856,FusionVI
fusionvi,2036.0,pred_log,ICOS-high Tregs,91,110,0.1627307004121153,0.1361033199446487,FusionVI
fusionvi,2036.0,pred_log,Ifit3-high B,249,110,0.0785224489521774,0.031830966098826,FusionVI
fusionvi,2036.0,pred_log,Ifit3-high CD4 T,132,110,0.03884196592219805,0.0213771867614511,FusionVI
fusionvi,2036.0,pred_log,Ifit3-high CD8 T,100,110,0.06649847771930721,0.0360491024387285,FusionVI
fusionvi,2036.0,pred_log,Low quality B cells,230,110,0.08095491773377926,0.0338564784684141,FusionVI
fusionvi,2036.0,pred_log,Low quality T cells,67,110,0.07673260061331803,0.063267403183067,FusionVI
fusionvi,2036.0,pred_log,Ly6-high mono,77,110,0.20952984254640622,0.1635315014935207,FusionVI
fusionvi,2036.0,pred_log,MZ B,205,110,0.15207817637290336,0.0660408553060709,FusionVI
fusionvi,2036.0,pred_log,MZ/Marco-high macrophages,36,110,0.23594281628071442,0.26663342951243607,FusionVI
fusionvi,2036.0,pred_log,Mature B,2408,110,0.09300808454701602,0.01408835269519605,FusionVI
fusionvi,2036.0,pred_log,NK,104,110,0.1801093397102913,0.16177586945399514,FusionVI
fusionvi,2036.0,pred_log,NKT,117,110,0.24219131386754794,0.2460990431386338,FusionVI
fusionvi,2036.0,pred_log,Neutrophils,112,110,0.18058623908597388,0.17688023080075826,FusionVI
fusionvi,2036.0,pred_log,Red-pulp macrophages,35,110,0.06360826339779707,0.09835677057819525,FusionVI
fusionvi,2036.0,pred_log,T doublets,55,110,0.13743359116154025,0.11065455684994205,FusionVI
fusionvi,2036.0,pred_log,Transitional B,580,110,0.13405463880861954,0.0357107069864781,FusionVI
fusionvi,2036.0,pred_log,Tregs,115,110,0.13167218357826385,0.08470876597537805,FusionVI
fusionvi,2036.0,pred_log,cDC1s,62,110,0.302351495092791,0.23582461600044805,FusionVI
fusionvi,2036.0,pred_log,cDC2s,65,110,0.2571582244644186,0.22966654838991216,FusionVI
fusionvi,2036.0,pred_log,pDCs,30,110,0.11451530997401942,0.10266272962661449,FusionVI
fusionvi,2037.0,calibrated,Activated CD4 T,38,110,0.1282442760716288,0.14840538499269657,FusionVI
fusionvi,2037.0,calibrated,B doublets,77,110,0.13350693631435517,0.0644548704086898,FusionVI
fusionvi,2037.0,calibrated,B-CD4 T cell doublets,62,110,0.16795311569309138,0.17286884328995838,FusionVI
fusionvi,2037.0,calibrated,B-CD8 T cell doublets,50,110,0.12334671630249407,0.09259626604899426,FusionVI
fusionvi,2037.0,calibrated,B-macrophage doublets,74,110,0.21369552859532007,0.17808362393505933,FusionVI
fusionvi,2037.0,calibrated,B1 B,162,110,0.17995032608432682,0.0696711849317149,FusionVI
fusionvi,2037.0,calibrated,CD122+ CD8 T,258,110,0.11597657644859509,0.05527770574732185,FusionVI
fusionvi,2037.0,calibrated,CD4 T,1077,110,0.08263667462841068,0.031187275688180353,FusionVI
fusionvi,2037.0,calibrated,CD8 T,680,110,0.0789134513777678,0.03285067630161105,FusionVI
fusionvi,2037.0,calibrated,Cycling B/T cells,81,110,0.31129148085882724,0.22930968214315295,FusionVI
fusionvi,2037.0,calibrated,GD T,73,110,0.160435171325149,0.1159513702460092,FusionVI
fusionvi,2037.0,calibrated,ICOS-high Tregs,91,110,0.1842511936472962,0.11954893919908555,FusionVI
fusionvi,2037.0,calibrated,Ifit3-high B,249,110,0.09086599514687546,0.058111727006425654,FusionVI
fusionvi,2037.0,calibrated,Ifit3-high CD4 T,132,110,0.04653999751306035,0.0079303866920987,FusionVI
fusionvi,2037.0,calibrated,Ifit3-high CD8 T,100,110,0.11923460433184573,0.09409055864965225,FusionVI
fusionvi,2037.0,calibrated,Low quality B cells,230,110,0.11058618437758493,0.06949550479086665,FusionVI
fusionvi,2037.0,calibrated,Low quality T cells,67,110,0.1061202027074642,0.08408021306823829,FusionVI
fusionvi,2037.0,calibrated,Ly6-high mono,77,110,0.22856931792774027,0.17938816090944476,FusionVI
fusionvi,2037.0,calibrated,MZ B,205,110,0.17321432388464594,0.08993240081627005,FusionVI
fusionvi,2037.0,calibrated,MZ/Marco-high macrophages,36,110,0.2635106558853182,0.29251863181000665,FusionVI
fusionvi,2037.0,calibrated,Mature B,2408,110,0.10947827552585211,0.036418045791856646,FusionVI
fusionvi,2037.0,calibrated,NK,104,110,0.1987144728150612,0.2122272181757009,FusionVI
fusionvi,2037.0,calibrated,NKT,117,110,0.29230216756427146,0.28057856159407557,FusionVI
fusionvi,2037.0,calibrated,Neutrophils,112,110,0.1908628677211637,0.14661041439952227,FusionVI
fusionvi,2037.0,calibrated,Red-pulp macrophages,35,110,0.10716336630521942,0.09195566554252466,FusionVI
fusionvi,2037.0,calibrated,T doublets,55,110,0.14416732796662998,0.0889471392026551,FusionVI
fusionvi,2037.0,calibrated,Transitional B,580,110,0.14312730460919046,0.0444429161728215,FusionVI
fusionvi,2037.0,calibrated,Tregs,115,110,0.16403394496639326,0.12172191441188879,FusionVI
fusionvi,2037.0,calibrated,cDC1s,62,110,0.3258112472095413,0.29949843195146053,FusionVI
fusionvi,2037.0,calibrated,cDC2s,65,110,0.2804419795914626,0.27466194344226713,FusionVI
fusionvi,2037.0,calibrated,pDCs,30,110,0.13843275725929965,0.13224170558906956,FusionVI
fusionvi,2037.0,log_mean,Activated CD4 T,38,110,0.1282442760716288,0.14840538499269657,FusionVI
fusionvi,2037.0,log_mean,B doublets,77,110,0.13350693631435517,0.0644548704086898,FusionVI
fusionvi,2037.0,log_mean,B-CD4 T cell doublets,62,110,0.16795311569309138,0.17286884328995838,FusionVI
fusionvi,2037.0,log_mean,B-CD8 T cell doublets,50,110,0.12334671630249407,0.09259626604899426,FusionVI
fusionvi,2037.0,log_mean,B-macrophage doublets,74,110,0.21369552859532007,0.17808362393505933,FusionVI
fusionvi,2037.0,log_mean,B1 B,162,110,0.17995032608432682,0.0696711849317149,FusionVI
fusionvi,2037.0,log_mean,CD122+ CD8 T,258,110,0.11597657644859509,0.05527770574732185,FusionVI
fusionvi,2037.0,log_mean,CD4 T,1077,110,0.08263667462841068,0.031187275688180353,FusionVI
fusionvi,2037.0,log_mean,CD8 T,680,110,0.0789134513777678,0.03285067630161105,FusionVI
fusionvi,2037.0,log_mean,Cycling B/T cells,81,110,0.31129148085882724,0.22930968214315295,FusionVI
fusionvi,2037.0,log_mean,GD T,73,110,0.160435171325149,0.1159513702460092,FusionVI
fusionvi,2037.0,log_mean,ICOS-high Tregs,91,110,0.1842511936472962,0.11954893919908555,FusionVI
fusionvi,2037.0,log_mean,Ifit3-high B,249,110,0.09086599514687546,0.058111727006425654,FusionVI
fusionvi,2037.0,log_mean,Ifit3-high CD4 T,132,110,0.04653999751306035,0.0079303866920987,FusionVI
fusionvi,2037.0,log_mean,Ifit3-high CD8 T,100,110,0.11923460433184573,0.09409055864965225,FusionVI
fusionvi,2037.0,log_mean,Low quality B cells,230,110,0.11058618437758493,0.06949550479086665,FusionVI
fusionvi,2037.0,log_mean,Low quality T cells,67,110,0.1061202027074642,0.08408021306823829,FusionVI
fusionvi,2037.0,log_mean,Ly6-high mono,77,110,0.22856931792774027,0.17938816090944476,FusionVI
fusionvi,2037.0,log_mean,MZ B,205,110,0.17321432388464594,0.08993240081627005,FusionVI
fusionvi,2037.0,log_mean,MZ/Marco-high macrophages,36,110,0.2635106558853182,0.29251863181000665,FusionVI
fusionvi,2037.0,log_mean,Mature B,2408,110,0.10947827552585211,0.036418045791856646,FusionVI
fusionvi,2037.0,log_mean,NK,104,110,0.1987144728150612,0.2122272181757009,FusionVI
fusionvi,2037.0,log_mean,NKT,117,110,0.29230216756427146,0.28057856159407557,FusionVI
fusionvi,2037.0,log_mean,Neutrophils,112,110,0.1908628677211637,0.14661041439952227,FusionVI
fusionvi,2037.0,log_mean,Red-pulp macrophages,35,110,0.10716336630521942,0.09195566554252466,FusionVI
fusionvi,2037.0,log_mean,T doublets,55,110,0.14416732796662998,0.0889471392026551,FusionVI
fusionvi,2037.0,log_mean,Transitional B,580,110,0.14312730460919046,0.0444429161728215,FusionVI
fusionvi,2037.0,log_mean,Tregs,115,110,0.16403394496639326,0.12172191441188879,FusionVI
fusionvi,2037.0,log_mean,cDC1s,62,110,0.3258112472095413,0.29949843195146053,FusionVI
fusionvi,2037.0,log_mean,cDC2s,65,110,0.2804419795914626,0.27466194344226713,FusionVI
fusionvi,2037.0,log_mean,pDCs,30,110,0.13843275725929965,0.13224170558906956,FusionVI
fusionvi,2037.0,pred_log,Activated CD4 T,38,110,0.107392824890163,0.072298042035676,FusionVI
fusionvi,2037.0,pred_log,B doublets,77,110,0.1381313557349693,0.09458072026150645,FusionVI
fusionvi,2037.0,pred_log,B-CD4 T cell doublets,62,110,0.13723219935905218,0.11301998711141795,FusionVI
fusionvi,2037.0,pred_log,B-CD8 T cell doublets,50,110,0.09315967263030742,0.070682723534461,FusionVI
fusionvi,2037.0,pred_log,B-macrophage doublets,74,110,0.21545355027405377,0.19167079851446275,FusionVI
fusionvi,2037.0,pred_log,B1 B,162,110,0.16588548166046088,0.07294193884435424,FusionVI
fusionvi,2037.0,pred_log,CD122+ CD8 T,258,110,0.10118475408031416,0.03888121809660655,FusionVI
fusionvi,2037.0,pred_log,CD4 T,1077,110,0.06531202207552479,0.01972583364336675,FusionVI
fusionvi,2037.0,pred_log,CD8 T,680,110,0.0671762362494688,0.03550540045107685,FusionVI
fusionvi,2037.0,pred_log,Cycling B/T cells,81,110,0.29128094803651444,0.18832056509196765,FusionVI
fusionvi,2037.0,pred_log,GD T,73,110,0.16963751352622478,0.1527915248131457,FusionVI
fusionvi,2037.0,pred_log,ICOS-high Tregs,91,110,0.163418533327892,0.09363630597974276,FusionVI
fusionvi,2037.0,pred_log,Ifit3-high B,249,110,0.07618276557226424,0.036864401654422646,FusionVI
fusionvi,2037.0,pred_log,Ifit3-high CD4 T,132,110,0.04326278328119585,0.02578760018110125,FusionVI
fusionvi,2037.0,pred_log,Ifit3-high CD8 T,100,110,0.07935871483056524,0.05244643987161675,FusionVI
fusionvi,2037.0,pred_log,Low quality B cells,230,110,0.08672449615370553,0.049103366143303254,FusionVI
fusionvi,2037.0,pred_log,Low quality T cells,67,110,0.09431715420574785,0.0535485079441097,FusionVI
fusionvi,2037.0,pred_log,Ly6-high mono,77,110,0.20955855587120606,0.1671365885923784,FusionVI
fusionvi,2037.0,pred_log,MZ B,205,110,0.14661721054097207,0.059856888881500495,FusionVI
fusionvi,2037.0,pred_log,MZ/Marco-high macrophages,36,110,0.2307514072253834,0.2282196585600222,FusionVI
fusionvi,2037.0,pred_log,Mature B,2408,110,0.08901735286774391,0.01937353475533525,FusionVI
fusionvi,2037.0,pred_log,NK,104,110,0.16628220954671905,0.154990243527244,FusionVI
fusionvi,2037.0,pred_log,NKT,117,110,0.23934385398657013,0.22302066977841312,FusionVI
fusionvi,2037.0,pred_log,Neutrophils,112,110,0.16461689952541075,0.12962740770287134,FusionVI
fusionvi,2037.0,pred_log,Red-pulp macrophages,35,110,0.09968020262330209,0.0956202122039008,FusionVI
fusionvi,2037.0,pred_log,T doublets,55,110,0.10813445131551096,0.08471839166280615,FusionVI
fusionvi,2037.0,pred_log,Transitional B,580,110,0.12156491431684814,0.02271237489502705,FusionVI
fusionvi,2037.0,pred_log,Tregs,115,110,0.13565253647770642,0.0810160911417245,FusionVI
fusionvi,2037.0,pred_log,cDC1s,62,110,0.29446161129643056,0.2916702570328042,FusionVI
fusionvi,2037.0,pred_log,cDC2s,65,110,0.25591626288239266,0.26888325299147475,FusionVI
fusionvi,2037.0,pred_log,pDCs,30,110,0.1278569691552595,0.127782006304255,FusionVI
fusionvi,2038.0,calibrated,Activated CD4 T,38,110,0.1254996639900609,0.1059783279929441,FusionVI
fusionvi,2038.0,calibrated,B doublets,77,110,0.15044633995393314,0.08117621080332174,FusionVI
fusionvi,2038.0,calibrated,B-CD4 T cell doublets,62,110,0.16209361160074584,0.13911406937247017,FusionVI
fusionvi,2038.0,calibrated,B-CD8 T cell doublets,50,110,0.12333870927370819,0.1065953747953449,FusionVI
fusionvi,2038.0,calibrated,B-macrophage doublets,74,110,0.214150358770861,0.16813043807099837,FusionVI
fusionvi,2038.0,calibrated,B1 B,162,110,0.2044240266979199,0.08878871207035235,FusionVI
fusionvi,2038.0,calibrated,CD122+ CD8 T,258,110,0.11424247981389177,0.059597356324922746,FusionVI
fusionvi,2038.0,calibrated,CD4 T,1077,110,0.08097365382229021,0.0272786149189479,FusionVI
fusionvi,2038.0,calibrated,CD8 T,680,110,0.08393021443180504,0.0281864789673913,FusionVI
fusionvi,2038.0,calibrated,Cycling B/T cells,81,110,0.3345798088962823,0.2503714504802625,FusionVI
fusionvi,2038.0,calibrated,GD T,73,110,0.1891667791829856,0.1622043755515491,FusionVI
fusionvi,2038.0,calibrated,ICOS-high Tregs,91,110,0.18624441413812892,0.14270647025421523,FusionVI
fusionvi,2038.0,calibrated,Ifit3-high B,249,110,0.09933834482769961,0.05993765993162385,FusionVI
fusionvi,2038.0,calibrated,Ifit3-high CD4 T,132,110,0.05897046088188373,0.033331256988551605,FusionVI
fusionvi,2038.0,calibrated,Ifit3-high CD8 T,100,110,0.1008273521570416,0.0843953909780665,FusionVI
fusionvi,2038.0,calibrated,Low quality B cells,230,110,0.10153125985285312,0.03873913864866725,FusionVI
fusionvi,2038.0,calibrated,Low quality T cells,67,110,0.08903165682231086,0.04724839610549145,FusionVI
fusionvi,2038.0,calibrated,Ly6-high mono,77,110,0.24564166398727047,0.1974861270447609,FusionVI
fusionvi,2038.0,calibrated,MZ B,205,110,0.17433453434072854,0.08156273208740185,FusionVI
fusionvi,2038.0,calibrated,MZ/Marco-high macrophages,36,110,0.25158756012196976,0.27417699934862794,FusionVI
fusionvi,2038.0,calibrated,Mature B,2408,110,0.10954699236695598,0.027450910451703,FusionVI
fusionvi,2038.0,calibrated,NK,104,110,0.2129237669257395,0.19651319173462806,FusionVI
fusionvi,2038.0,calibrated,NKT,117,110,0.28009731616680184,0.2503665770019087,FusionVI
fusionvi,2038.0,calibrated,Neutrophils,112,110,0.19961852704618543,0.18592363160021708,FusionVI
fusionvi,2038.0,calibrated,Red-pulp macrophages,35,110,0.13207690470810757,0.1548848559056334,FusionVI
fusionvi,2038.0,calibrated,T doublets,55,110,0.14886538086816212,0.06945061388565399,FusionVI
fusionvi,2038.0,calibrated,Transitional B,580,110,0.14504270112489537,0.043750053769790104,FusionVI
fusionvi,2038.0,calibrated,Tregs,115,110,0.15799228789917236,0.11115520118024065,FusionVI
fusionvi,2038.0,calibrated,cDC1s,62,110,0.3032375151679379,0.2796023436522908,FusionVI
fusionvi,2038.0,calibrated,cDC2s,65,110,0.2767390157656002,0.2961566585346008,FusionVI
fusionvi,2038.0,calibrated,pDCs,30,110,0.13748724802691287,0.1194317966088147,FusionVI
fusionvi,2038.0,log_mean,Activated CD4 T,38,110,0.1254996639900609,0.1059783279929441,FusionVI
fusionvi,2038.0,log_mean,B doublets,77,110,0.15044633995393314,0.08117621080332174,FusionVI
fusionvi,2038.0,log_mean,B-CD4 T cell doublets,62,110,0.16209361160074584,0.13911406937247017,FusionVI
fusionvi,2038.0,log_mean,B-CD8 T cell doublets,50,110,0.12333870927370819,0.1065953747953449,FusionVI
fusionvi,2038.0,log_mean,B-macrophage doublets,74,110,0.214150358770861,0.16813043807099837,FusionVI
fusionvi,2038.0,log_mean,B1 B,162,110,0.2044240266979199,0.08878871207035235,FusionVI
fusionvi,2038.0,log_mean,CD122+ CD8 T,258,110,0.11424247981389177,0.059597356324922746,FusionVI
fusionvi,2038.0,log_mean,CD4 T,1077,110,0.08097365382229021,0.0272786149189479,FusionVI
fusionvi,2038.0,log_mean,CD8 T,680,110,0.08393021443180504,0.0281864789673913,FusionVI
fusionvi,2038.0,log_mean,Cycling B/T cells,81,110,0.3345798088962823,0.2503714504802625,FusionVI
fusionvi,2038.0,log_mean,GD T,73,110,0.1891667791829856,0.1622043755515491,FusionVI
fusionvi,2038.0,log_mean,ICOS-high Tregs,91,110,0.18624441413812892,0.14270647025421523,FusionVI
fusionvi,2038.0,log_mean,Ifit3-high B,249,110,0.09933834482769961,0.05993765993162385,FusionVI
fusionvi,2038.0,log_mean,Ifit3-high CD4 T,132,110,0.05897046088188373,0.033331256988551605,FusionVI
fusionvi,2038.0,log_mean,Ifit3-high CD8 T,100,110,0.1008273521570416,0.0843953909780665,FusionVI
fusionvi,2038.0,log_mean,Low quality B cells,230,110,0.10153125985285312,0.03873913864866725,FusionVI
fusionvi,2038.0,log_mean,Low quality T cells,67,110,0.08903165682231086,0.04724839610549145,FusionVI
fusionvi,2038.0,log_mean,Ly6-high mono,77,110,0.24564166398727047,0.1974861270447609,FusionVI
fusionvi,2038.0,log_mean,MZ B,205,110,0.17433453434072854,0.08156273208740185,FusionVI
fusionvi,2038.0,log_mean,MZ/Marco-high macrophages,36,110,0.25158756012196976,0.27417699934862794,FusionVI
fusionvi,2038.0,log_mean,Mature B,2408,110,0.10954699236695598,0.027450910451703,FusionVI
fusionvi,2038.0,log_mean,NK,104,110,0.2129237669257395,0.19651319173462806,FusionVI
fusionvi,2038.0,log_mean,NKT,117,110,0.28009731616680184,0.2503665770019087,FusionVI
fusionvi,2038.0,log_mean,Neutrophils,112,110,0.19961852704618543,0.18592363160021708,FusionVI
fusionvi,2038.0,log_mean,Red-pulp macrophages,35,110,0.13207690470810757,0.1548848559056334,FusionVI
fusionvi,2038.0,log_mean,T doublets,55,110,0.14886538086816212,0.06945061388565399,FusionVI
fusionvi,2038.0,log_mean,Transitional B,580,110,0.14504270112489537,0.043750053769790104,FusionVI
fusionvi,2038.0,log_mean,Tregs,115,110,0.15799228789917236,0.11115520118024065,FusionVI
fusionvi,2038.0,log_mean,cDC1s,62,110,0.3032375151679379,0.2796023436522908,FusionVI
fusionvi,2038.0,log_mean,cDC2s,65,110,0.2767390157656002,0.2961566585346008,FusionVI
fusionvi,2038.0,log_mean,pDCs,30,110,0.13748724802691287,0.1194317966088147,FusionVI
fusionvi,2038.0,pred_log,Activated CD4 T,38,110,0.08956840866472526,0.09959131935439136,FusionVI
fusionvi,2038.0,pred_log,B doublets,77,110,0.13268515090259259,0.06203409637009015,FusionVI
fusionvi,2038.0,pred_log,B-CD4 T cell doublets,62,110,0.12676663095271373,0.0938193582661126,FusionVI
fusionvi,2038.0,pred_log,B-CD8 T cell doublets,50,110,0.12324386703593944,0.08650699586686515,FusionVI
fusionvi,2038.0,pred_log,B-macrophage doublets,74,110,0.19709624737697493,0.17137837996670446,FusionVI
fusionvi,2038.0,pred_log,B1 B,162,110,0.16615866038186722,0.0505543911900358,FusionVI
fusionvi,2038.0,pred_log,CD122+ CD8 T,258,110,0.09999198862423773,0.052871337954555,FusionVI
fusionvi,2038.0,pred_log,CD4 T,1077,110,0.06640818313120589,0.0203972588917242,FusionVI
fusionvi,2038.0,pred_log,CD8 T,680,110,0.06715975549250168,0.029072956575148502,FusionVI
fusionvi,2038.0,pred_log,Cycling B/T cells,81,110,0.31478287821902495,0.2119112561461755,FusionVI
fusionvi,2038.0,pred_log,GD T,73,110,0.1871328929073562,0.14019946770886343,FusionVI
fusionvi,2038.0,pred_log,ICOS-high Tregs,91,110,0.15406059434119235,0.12217885969528111,FusionVI
fusionvi,2038.0,pred_log,Ifit3-high B,249,110,0.07729514846792558,0.046856123600157853,FusionVI
fusionvi,2038.0,pred_log,Ifit3-high CD4 T,132,110,0.046087265649820706,0.00700957579285275,FusionVI
fusionvi,2038.0,pred_log,Ifit3-high CD8 T,100,110,0.08851357246083544,0.05751930039236685,FusionVI
fusionvi,2038.0,pred_log,Low quality B cells,230,110,0.07068948933153286,0.02714783953684985,FusionVI
fusionvi,2038.0,pred_log,Low quality T cells,67,110,0.09352557912434535,0.0684194331333393,FusionVI
fusionvi,2038.0,pred_log,Ly6-high mono,77,110,0.216634485650346,0.1419339251117641,FusionVI
fusionvi,2038.0,pred_log,MZ B,205,110,0.14404732544876503,0.057110447601018244,FusionVI
fusionvi,2038.0,pred_log,MZ/Marco-high macrophages,36,110,0.23074074263433544,0.2321992698401919,FusionVI
fusionvi,2038.0,pred_log,Mature B,2408,110,0.09256987465708487,0.01546756793540225,FusionVI
fusionvi,2038.0,pred_log,NK,104,110,0.1860606271172993,0.17899165854449825,FusionVI
fusionvi,2038.0,pred_log,NKT,117,110,0.23109736125604116,0.19808329041799,FusionVI
fusionvi,2038.0,pred_log,Neutrophils,112,110,0.1818542174300509,0.15897896142587686,FusionVI
fusionvi,2038.0,pred_log,Red-pulp macrophages,35,110,0.11679996295937813,0.13113574172977682,FusionVI
fusionvi,2038.0,pred_log,T doublets,55,110,0.14301287100674684,0.08694232149743966,FusionVI
fusionvi,2038.0,pred_log,Transitional B,580,110,0.12940275268501736,0.03348493705468135,FusionVI
fusionvi,2038.0,pred_log,Tregs,115,110,0.13339764924783562,0.0731374921992988,FusionVI
fusionvi,2038.0,pred_log,cDC1s,62,110,0.27901156472567573,0.22834004788372053,FusionVI
fusionvi,2038.0,pred_log,cDC2s,65,110,0.24032706350065358,0.1910975362914163,FusionVI
fusionvi,2038.0,pred_log,pDCs,30,110,0.10588240755719693,0.0942396625833129,FusionVI
fusionvi,2039.0,calibrated,Activated CD4 T,38,110,0.14926843947490648,0.14689728842784974,FusionVI
fusionvi,2039.0,calibrated,B doublets,77,110,0.1309632722941446,0.052546044236527256,FusionVI
fusionvi,2039.0,calibrated,B-CD4 T cell doublets,62,110,0.15313044567745726,0.14262434029994508,FusionVI
fusionvi,2039.0,calibrated,B-CD8 T cell doublets,50,110,0.09990792002113513,0.059936642238376206,FusionVI
fusionvi,2039.0,calibrated,B-macrophage doublets,74,110,0.24022874509850758,0.20139759334055518,FusionVI
fusionvi,2039.0,calibrated,B1 B,162,110,0.18256857883518077,0.0738096376341935,FusionVI
fusionvi,2039.0,calibrated,CD122+ CD8 T,258,110,0.12651871463169115,0.06835971842955685,FusionVI
fusionvi,2039.0,calibrated,CD4 T,1077,110,0.07914269209528066,0.0241079228118181,FusionVI
fusionvi,2039.0,calibrated,CD8 T,680,110,0.07813292128624552,0.0274990292124134,FusionVI
fusionvi,2039.0,calibrated,Cycling B/T cells,81,110,0.328272786669189,0.2401607249997127,FusionVI
fusionvi,2039.0,calibrated,GD T,73,110,0.17633981620521472,0.1406792774291415,FusionVI
fusionvi,2039.0,calibrated,ICOS-high Tregs,91,110,0.18872358395933314,0.13694837202473414,FusionVI
fusionvi,2039.0,calibrated,Ifit3-high B,249,110,0.09207110034490328,0.05227214969375055,FusionVI
fusionvi,2039.0,calibrated,Ifit3-high CD4 T,132,110,0.06326602779928349,0.02884374771983065,FusionVI
fusionvi,2039.0,calibrated,Ifit3-high CD8 T,100,110,0.09236418037474871,0.0502958922907244,FusionVI
fusionvi,2039.0,calibrated,Low quality B cells,230,110,0.09211665949417072,0.04064600446499385,FusionVI
fusionvi,2039.0,calibrated,Low quality T cells,67,110,0.0897407293266863,0.07406838837787645,FusionVI
fusionvi,2039.0,calibrated,Ly6-high mono,77,110,0.2524039902566806,0.2174029600530365,FusionVI
fusionvi,2039.0,calibrated,MZ B,205,110,0.17835388839387847,0.08832523155561756,FusionVI
fusionvi,2039.0,calibrated,MZ/Marco-high macrophages,36,110,0.24832774236498112,0.26310737276353424,FusionVI
fusionvi,2039.0,calibrated,Mature B,2408,110,0.11204415839907197,0.02886516857419175,FusionVI
fusionvi,2039.0,calibrated,NK,104,110,0.20639605188663523,0.18113353826154738,FusionVI
fusionvi,2039.0,calibrated,NKT,117,110,0.2904995382854739,0.25814782902562566,FusionVI
fusionvi,2039.0,calibrated,Neutrophils,112,110,0.20665558488615957,0.19670028969601178,FusionVI
fusionvi,2039.0,calibrated,Red-pulp macrophages,35,110,0.08883092674558858,0.08974214569774135,FusionVI
fusionvi,2039.0,calibrated,T doublets,55,110,0.15052128825980854,0.09308071885284175,FusionVI
fusionvi,2039.0,calibrated,Transitional B,580,110,0.13195401562291503,0.029882951645802,FusionVI
fusionvi,2039.0,calibrated,Tregs,115,110,0.15009877894239207,0.08965909092759289,FusionVI
fusionvi,2039.0,calibrated,cDC1s,62,110,0.29368026663306085,0.260131831026884,FusionVI
fusionvi,2039.0,calibrated,cDC2s,65,110,0.2890138043929059,0.31214673277659744,FusionVI
fusionvi,2039.0,calibrated,pDCs,30,110,0.12277143459551777,0.15359792897062863,FusionVI
fusionvi,2039.0,log_mean,Activated CD4 T,38,110,0.14926843947490648,0.14689728842784974,FusionVI
fusionvi,2039.0,log_mean,B doublets,77,110,0.1309632722941446,0.052546044236527256,FusionVI
fusionvi,2039.0,log_mean,B-CD4 T cell doublets,62,110,0.15313044567745726,0.14262434029994508,FusionVI
fusionvi,2039.0,log_mean,B-CD8 T cell doublets,50,110,0.09990792002113513,0.059936642238376206,FusionVI
fusionvi,2039.0,log_mean,B-macrophage doublets,74,110,0.24022874509850758,0.20139759334055518,FusionVI
fusionvi,2039.0,log_mean,B1 B,162,110,0.18256857883518077,0.0738096376341935,FusionVI
fusionvi,2039.0,log_mean,CD122+ CD8 T,258,110,0.12651871463169115,0.06835971842955685,FusionVI
fusionvi,2039.0,log_mean,CD4 T,1077,110,0.07914269209528066,0.0241079228118181,FusionVI
fusionvi,2039.0,log_mean,CD8 T,680,110,0.07813292128624552,0.0274990292124134,FusionVI
fusionvi,2039.0,log_mean,Cycling B/T cells,81,110,0.328272786669189,0.2401607249997127,FusionVI
fusionvi,2039.0,log_mean,GD T,73,110,0.17633981620521472,0.1406792774291415,FusionVI
fusionvi,2039.0,log_mean,ICOS-high Tregs,91,110,0.18872358395933314,0.13694837202473414,FusionVI
fusionvi,2039.0,log_mean,Ifit3-high B,249,110,0.09207110034490328,0.05227214969375055,FusionVI
fusionvi,2039.0,log_mean,Ifit3-high CD4 T,132,110,0.06326602779928349,0.02884374771983065,FusionVI
fusionvi,2039.0,log_mean,Ifit3-high CD8 T,100,110,0.09236418037474871,0.0502958922907244,FusionVI
fusionvi,2039.0,log_mean,Low quality B cells,230,110,0.09211665949417072,0.04064600446499385,FusionVI
fusionvi,2039.0,log_mean,Low quality T cells,67,110,0.0897407293266863,0.07406838837787645,FusionVI
fusionvi,2039.0,log_mean,Ly6-high mono,77,110,0.2524039902566806,0.2174029600530365,FusionVI
fusionvi,2039.0,log_mean,MZ B,205,110,0.17835388839387847,0.08832523155561756,FusionVI
fusionvi,2039.0,log_mean,MZ/Marco-high macrophages,36,110,0.24832774236498112,0.26310737276353424,FusionVI
fusionvi,2039.0,log_mean,Mature B,2408,110,0.11204415839907197,0.02886516857419175,FusionVI
fusionvi,2039.0,log_mean,NK,104,110,0.20639605188663523,0.18113353826154738,FusionVI
fusionvi,2039.0,log_mean,NKT,117,110,0.2904995382854739,0.25814782902562566,FusionVI
fusionvi,2039.0,log_mean,Neutrophils,112,110,0.20665558488615957,0.19670028969601178,FusionVI
fusionvi,2039.0,log_mean,Red-pulp macrophages,35,110,0.08883092674558858,0.08974214569774135,FusionVI
fusionvi,2039.0,log_mean,T doublets,55,110,0.15052128825980854,0.09308071885284175,FusionVI
fusionvi,2039.0,log_mean,Transitional B,580,110,0.13195401562291503,0.029882951645802,FusionVI
fusionvi,2039.0,log_mean,Tregs,115,110,0.15009877894239207,0.08965909092759289,FusionVI
fusionvi,2039.0,log_mean,cDC1s,62,110,0.29368026663306085,0.260131831026884,FusionVI
fusionvi,2039.0,log_mean,cDC2s,65,110,0.2890138043929059,0.31214673277659744,FusionVI
fusionvi,2039.0,log_mean,pDCs,30,110,0.12277143459551777,0.15359792897062863,FusionVI
fusionvi,2039.0,pred_log,Activated CD4 T,38,110,0.10797257951900809,0.09052687965042891,FusionVI
fusionvi,2039.0,pred_log,B doublets,77,110,0.12943463287180026,0.070754578235885,FusionVI
fusionvi,2039.0,pred_log,B-CD4 T cell doublets,62,110,0.1427681453396845,0.1282243388105611,FusionVI
fusionvi,2039.0,pred_log,B-CD8 T cell doublets,50,110,0.08838705371230628,0.048799494812854255,FusionVI
fusionvi,2039.0,pred_log,B-macrophage doublets,74,110,0.22075874410166388,0.1692066518841871,FusionVI
fusionvi,2039.0,pred_log,B1 B,162,110,0.1596386713228431,0.053063574479140896,FusionVI
fusionvi,2039.0,pred_log,CD122+ CD8 T,258,110,0.10255389529155594,0.05147020290871855,FusionVI
fusionvi,2039.0,pred_log,CD4 T,1077,110,0.06244225604015203,0.01702219037821555,FusionVI
fusionvi,2039.0,pred_log,CD8 T,680,110,0.06580756199216979,0.032079988904491,FusionVI
fusionvi,2039.0,pred_log,Cycling B/T cells,81,110,0.29960521537850154,0.19973052964647556,FusionVI
fusionvi,2039.0,pred_log,GD T,73,110,0.16017250822528406,0.13998335227221895,FusionVI
fusionvi,2039.0,pred_log,ICOS-high Tregs,91,110,0.1681194580192546,0.1387716644419183,FusionVI
fusionvi,2039.0,pred_log,Ifit3-high B,249,110,0.06969475212301994,0.0325178503563451,FusionVI
fusionvi,2039.0,pred_log,Ifit3-high CD4 T,132,110,0.04932296360978111,0.0250136622575232,FusionVI
fusionvi,2039.0,pred_log,Ifit3-high CD8 T,100,110,0.07955433970619608,0.0596266015727486,FusionVI
fusionvi,2039.0,pred_log,Low quality B cells,230,110,0.09081343724360176,0.039569018687812804,FusionVI
fusionvi,2039.0,pred_log,Low quality T cells,67,110,0.07368914677575379,0.0531805164494598,FusionVI
fusionvi,2039.0,pred_log,Ly6-high mono,77,110,0.21411882094655899,0.1771268497781249,FusionVI
fusionvi,2039.0,pred_log,MZ B,205,110,0.14546590964159423,0.055837648094567,FusionVI
fusionvi,2039.0,pred_log,MZ/Marco-high macrophages,36,110,0.22441236413440588,0.22568961866141715,FusionVI
fusionvi,2039.0,pred_log,Mature B,2408,110,0.09218181193788279,0.018295558793681,FusionVI
fusionvi,2039.0,pred_log,NK,104,110,0.1751851260079865,0.15871383860563681,FusionVI
fusionvi,2039.0,pred_log,NKT,117,110,0.2435858411807644,0.20195097254772137,FusionVI
fusionvi,2039.0,pred_log,Neutrophils,112,110,0.18408626866820202,0.1810643242088822,FusionVI
fusionvi,2039.0,pred_log,Red-pulp macrophages,35,110,0.08508813613940457,0.0778890264720278,FusionVI
fusionvi,2039.0,pred_log,T doublets,55,110,0.13432679468156075,0.0988866522523624,FusionVI
fusionvi,2039.0,pred_log,Transitional B,580,110,0.12575497142602457,0.01766432504520525,FusionVI
fusionvi,2039.0,pred_log,Tregs,115,110,0.1300181422238316,0.05879678691869446,FusionVI
fusionvi,2039.0,pred_log,cDC1s,62,110,0.28306888208555153,0.2460955251393715,FusionVI
fusionvi,2039.0,pred_log,cDC2s,65,110,0.24990369560804898,0.240458313153347,FusionVI
fusionvi,2039.0,pred_log,pDCs,30,110,0.09017405691030113,0.11435027565480074,FusionVI
fusionvi,2040.0,calibrated,Activated CD4 T,38,110,0.112934466720934,0.0926902519734917,FusionVI
fusionvi,2040.0,calibrated,B doublets,77,110,0.1302295084048003,0.05826799734560115,FusionVI
fusionvi,2040.0,calibrated,B-CD4 T cell doublets,62,110,0.1677976225219881,0.1807156296666762,FusionVI
fusionvi,2040.0,calibrated,B-CD8 T cell doublets,50,110,0.1362007466796916,0.10151272737199665,FusionVI
fusionvi,2040.0,calibrated,B-macrophage doublets,74,110,0.2354259073155402,0.17209014149806154,FusionVI
fusionvi,2040.0,calibrated,B1 B,162,110,0.1868212675896128,0.07066779549361485,FusionVI
fusionvi,2040.0,calibrated,CD122+ CD8 T,258,110,0.12124514587070787,0.04909556265802155,FusionVI
fusionvi,2040.0,calibrated,CD4 T,1077,110,0.0830885471084565,0.0245035070026365,FusionVI
fusionvi,2040.0,calibrated,CD8 T,680,110,0.08694192722513291,0.03267214388380965,FusionVI
fusionvi,2040.0,calibrated,Cycling B/T cells,81,110,0.32281493079986423,0.21601741218736337,FusionVI
fusionvi,2040.0,calibrated,GD T,73,110,0.17948005333487477,0.142379109244761,FusionVI
fusionvi,2040.0,calibrated,ICOS-high Tregs,91,110,0.1911946825338045,0.13834393053926974,FusionVI
fusionvi,2040.0,calibrated,Ifit3-high B,249,110,0.09431734729997598,0.0401554545382946,FusionVI
fusionvi,2040.0,calibrated,Ifit3-high CD4 T,132,110,0.06578599685350306,0.04184953221411525,FusionVI
fusionvi,2040.0,calibrated,Ifit3-high CD8 T,100,110,0.13231288004503833,0.09116185435728019,FusionVI
fusionvi,2040.0,calibrated,Low quality B cells,230,110,0.10552647014563982,0.0648650724445321,FusionVI
fusionvi,2040.0,calibrated,Low quality T cells,67,110,0.08012148513085034,0.044429515353929805,FusionVI
fusionvi,2040.0,calibrated,Ly6-high mono,77,110,0.23878275073131083,0.1943485020605466,FusionVI
fusionvi,2040.0,calibrated,MZ B,205,110,0.17394235576560726,0.0883963416638733,FusionVI
fusionvi,2040.0,calibrated,MZ/Marco-high macrophages,36,110,0.23386336510675937,0.2359373069233783,FusionVI
fusionvi,2040.0,calibrated,Mature B,2408,110,0.1162239415308019,0.0347093462627875,FusionVI
fusionvi,2040.0,calibrated,NK,104,110,0.20211973032475855,0.19709635275909865,FusionVI
fusionvi,2040.0,calibrated,NKT,117,110,0.27426534799678126,0.2697037728260758,FusionVI
fusionvi,2040.0,calibrated,Neutrophils,112,110,0.19464815626563195,0.17364479034302527,FusionVI
fusionvi,2040.0,calibrated,Red-pulp macrophages,35,110,0.05602134766856241,0.07278893716553675,FusionVI
fusionvi,2040.0,calibrated,T doublets,55,110,0.15824344643450977,0.10345053291632486,FusionVI
fusionvi,2040.0,calibrated,Transitional B,580,110,0.14004611982935908,0.038680185219604105,FusionVI
fusionvi,2040.0,calibrated,Tregs,115,110,0.14874309824148965,0.10582706276588019,FusionVI
fusionvi,2040.0,calibrated,cDC1s,62,110,0.30011770452071257,0.25600252287767666,FusionVI
fusionvi,2040.0,calibrated,cDC2s,65,110,0.2469822874329363,0.2294508083200667,FusionVI
fusionvi,2040.0,calibrated,pDCs,30,110,0.12378510049330615,0.13897040494571145,FusionVI
fusionvi,2040.0,log_mean,Activated CD4 T,38,110,0.112934466720934,0.0926902519734917,FusionVI
fusionvi,2040.0,log_mean,B doublets,77,110,0.1302295084048003,0.05826799734560115,FusionVI
fusionvi,2040.0,log_mean,B-CD4 T cell doublets,62,110,0.1677976225219881,0.1807156296666762,FusionVI
fusionvi,2040.0,log_mean,B-CD8 T cell doublets,50,110,0.1362007466796916,0.10151272737199665,FusionVI
fusionvi,2040.0,log_mean,B-macrophage doublets,74,110,0.2354259073155402,0.17209014149806154,FusionVI
fusionvi,2040.0,log_mean,B1 B,162,110,0.1868212675896128,0.07066779549361485,FusionVI
fusionvi,2040.0,log_mean,CD122+ CD8 T,258,110,0.12124514587070787,0.04909556265802155,FusionVI
fusionvi,2040.0,log_mean,CD4 T,1077,110,0.0830885471084565,0.0245035070026365,FusionVI
fusionvi,2040.0,log_mean,CD8 T,680,110,0.08694192722513291,0.03267214388380965,FusionVI
fusionvi,2040.0,log_mean,Cycling B/T cells,81,110,0.32281493079986423,0.21601741218736337,FusionVI
fusionvi,2040.0,log_mean,GD T,73,110,0.17948005333487477,0.142379109244761,FusionVI
fusionvi,2040.0,log_mean,ICOS-high Tregs,91,110,0.1911946825338045,0.13834393053926974,FusionVI
fusionvi,2040.0,log_mean,Ifit3-high B,249,110,0.09431734729997598,0.0401554545382946,FusionVI
fusionvi,2040.0,log_mean,Ifit3-high CD4 T,132,110,0.06578599685350306,0.04184953221411525,FusionVI
fusionvi,2040.0,log_mean,Ifit3-high CD8 T,100,110,0.13231288004503833,0.09116185435728019,FusionVI
fusionvi,2040.0,log_mean,Low quality B cells,230,110,0.10552647014563982,0.0648650724445321,FusionVI
fusionvi,2040.0,log_mean,Low quality T cells,67,110,0.08012148513085034,0.044429515353929805,FusionVI
fusionvi,2040.0,log_mean,Ly6-high mono,77,110,0.23878275073131083,0.1943485020605466,FusionVI
fusionvi,2040.0,log_mean,MZ B,205,110,0.17394235576560726,0.0883963416638733,FusionVI
fusionvi,2040.0,log_mean,MZ/Marco-high macrophages,36,110,0.23386336510675937,0.2359373069233783,FusionVI
fusionvi,2040.0,log_mean,Mature B,2408,110,0.1162239415308019,0.0347093462627875,FusionVI
fusionvi,2040.0,log_mean,NK,104,110,0.20211973032475855,0.19709635275909865,FusionVI
fusionvi,2040.0,log_mean,NKT,117,110,0.27426534799678126,0.2697037728260758,FusionVI
fusionvi,2040.0,log_mean,Neutrophils,112,110,0.19464815626563195,0.17364479034302527,FusionVI
fusionvi,2040.0,log_mean,Red-pulp macrophages,35,110,0.05602134766856241,0.07278893716553675,FusionVI
fusionvi,2040.0,log_mean,T doublets,55,110,0.15824344643450977,0.10345053291632486,FusionVI
fusionvi,2040.0,log_mean,Transitional B,580,110,0.14004611982935908,0.038680185219604105,FusionVI
fusionvi,2040.0,log_mean,Tregs,115,110,0.14874309824148965,0.10582706276588019,FusionVI
fusionvi,2040.0,log_mean,cDC1s,62,110,0.30011770452071257,0.25600252287767666,FusionVI
fusionvi,2040.0,log_mean,cDC2s,65,110,0.2469822874329363,0.2294508083200667,FusionVI
fusionvi,2040.0,log_mean,pDCs,30,110,0.12378510049330615,0.13897040494571145,FusionVI
fusionvi,2040.0,pred_log,Activated CD4 T,38,110,0.08570418840383129,0.051252968407302,FusionVI
fusionvi,2040.0,pred_log,B doublets,77,110,0.12623456173952105,0.0732072172931279,FusionVI
fusionvi,2040.0,pred_log,B-CD4 T cell doublets,62,110,0.1434017321919277,0.12044212398508874,FusionVI
fusionvi,2040.0,pred_log,B-CD8 T cell doublets,50,110,0.11496744267075176,0.086371670731619,FusionVI
fusionvi,2040.0,pred_log,B-macrophage doublets,74,110,0.21150371461493064,0.1577840196259682,FusionVI
fusionvi,2040.0,pred_log,B1 B,162,110,0.16936893168150188,0.057783714977432246,FusionVI
fusionvi,2040.0,pred_log,CD122+ CD8 T,258,110,0.09622110992832696,0.03982224235222215,FusionVI
fusionvi,2040.0,pred_log,CD4 T,1077,110,0.06449047004426314,0.0206095162470403,FusionVI
fusionvi,2040.0,pred_log,CD8 T,680,110,0.07189622772649673,0.0299034316600589,FusionVI
fusionvi,2040.0,pred_log,Cycling B/T cells,81,110,0.30997914669233045,0.21223728354722585,FusionVI
fusionvi,2040.0,pred_log,GD T,73,110,0.15697754051589635,0.13278443613106294,FusionVI
fusionvi,2040.0,pred_log,ICOS-high Tregs,91,110,0.188682314234998,0.1552534638672421,FusionVI
fusionvi,2040.0,pred_log,Ifit3-high B,249,110,0.07924828835922805,0.033660396772648496,FusionVI
fusionvi,2040.0,pred_log,Ifit3-high CD4 T,132,110,0.061568554613850635,0.05031341191795765,FusionVI
fusionvi,2040.0,pred_log,Ifit3-high CD8 T,100,110,0.10089734176043078,0.0770975790162822,FusionVI
fusionvi,2040.0,pred_log,Low quality B cells,230,110,0.08174433812790205,0.0509282236854278,FusionVI
fusionvi,2040.0,pred_log,Low quality T cells,67,110,0.07891906518685539,0.04500548749386045,FusionVI
fusionvi,2040.0,pred_log,Ly6-high mono,77,110,0.21048057921309693,0.17870994403346105,FusionVI
fusionvi,2040.0,pred_log,MZ B,205,110,0.14940822270674203,0.06264896337642595,FusionVI
fusionvi,2040.0,pred_log,MZ/Marco-high macrophages,36,110,0.22240123129043796,0.22337675166114854,FusionVI
fusionvi,2040.0,pred_log,Mature B,2408,110,0.09192788196746984,0.0184135676544891,FusionVI
fusionvi,2040.0,pred_log,NK,104,110,0.18873918578912635,0.17643767536229432,FusionVI
fusionvi,2040.0,pred_log,NKT,117,110,0.2248237043772731,0.18576505341920224,FusionVI
fusionvi,2040.0,pred_log,Neutrophils,112,110,0.1726686137197702,0.14520288196479575,FusionVI
fusionvi,2040.0,pred_log,Red-pulp macrophages,35,110,0.06644322741033298,0.06683723622794971,FusionVI
fusionvi,2040.0,pred_log,T doublets,55,110,0.14688260836268188,0.12052661579917939,FusionVI
fusionvi,2040.0,pred_log,Transitional B,580,110,0.11960257388109329,0.0200463533370382,FusionVI
fusionvi,2040.0,pred_log,Tregs,115,110,0.11747585338670931,0.0426479651555178,FusionVI
fusionvi,2040.0,pred_log,cDC1s,62,110,0.27149433133365136,0.22748197516753949,FusionVI
fusionvi,2040.0,pred_log,cDC2s,65,110,0.22729874182170212,0.19095954907884582,FusionVI
fusionvi,2040.0,pred_log,pDCs,30,110,0.10773470959201296,0.1467158288613492,FusionVI
fusionvi,2041.0,calibrated,Activated CD4 T,38,110,0.13025452881494,0.10897578552273775,FusionVI
fusionvi,2041.0,calibrated,B doublets,77,110,0.1500522157125133,0.11589153785851014,FusionVI
fusionvi,2041.0,calibrated,B-CD4 T cell doublets,62,110,0.14646811828682788,0.13900481245309454,FusionVI
fusionvi,2041.0,calibrated,B-CD8 T cell doublets,50,110,0.16175363810309937,0.14230962016613655,FusionVI
fusionvi,2041.0,calibrated,B-macrophage doublets,74,110,0.19710340818328173,0.126138215561505,FusionVI
fusionvi,2041.0,calibrated,B1 B,162,110,0.1810733085328499,0.0778243287428458,FusionVI
fusionvi,2041.0,calibrated,CD122+ CD8 T,258,110,0.12419836887970842,0.0571606383041845,FusionVI
fusionvi,2041.0,calibrated,CD4 T,1077,110,0.07948490167438144,0.02832236255730295,FusionVI
fusionvi,2041.0,calibrated,CD8 T,680,110,0.08301834948618399,0.03065831679664995,FusionVI
fusionvi,2041.0,calibrated,Cycling B/T cells,81,110,0.3184435152499501,0.2178581844314525,FusionVI
fusionvi,2041.0,calibrated,GD T,73,110,0.1963219371935671,0.1731305064397518,FusionVI
fusionvi,2041.0,calibrated,ICOS-high Tregs,91,110,0.1823341854618054,0.1383723428565531,FusionVI
fusionvi,2041.0,calibrated,Ifit3-high B,249,110,0.08760985521668879,0.03847759505396085,FusionVI
fusionvi,2041.0,calibrated,Ifit3-high CD4 T,132,110,0.06080421461217929,0.0210680322704632,FusionVI
fusionvi,2041.0,calibrated,Ifit3-high CD8 T,100,110,0.08819320105599422,0.054248461226210645,FusionVI
fusionvi,2041.0,calibrated,Low quality B cells,230,110,0.10309016065036157,0.057993083447852256,FusionVI
fusionvi,2041.0,calibrated,Low quality T cells,67,110,0.09866446946605449,0.0570499796361736,FusionVI
fusionvi,2041.0,calibrated,Ly6-high mono,77,110,0.23439362707010172,0.19026619157794689,FusionVI
fusionvi,2041.0,calibrated,MZ B,205,110,0.18254284620187416,0.10439119759757079,FusionVI
fusionvi,2041.0,calibrated,MZ/Marco-high macrophages,36,110,0.2572017063553753,0.2505250939719438,FusionVI
fusionvi,2041.0,calibrated,Mature B,2408,110,0.11390387516616686,0.03581932995605425,FusionVI
fusionvi,2041.0,calibrated,NK,104,110,0.20599496221823088,0.2005915654335915,FusionVI
fusionvi,2041.0,calibrated,NKT,117,110,0.27766055791234473,0.25376961405675447,FusionVI
fusionvi,2041.0,calibrated,Neutrophils,112,110,0.20998213147120917,0.18275471528032838,FusionVI
fusionvi,2041.0,calibrated,Red-pulp macrophages,35,110,0.06834565892335162,0.050818022181804354,FusionVI
fusionvi,2041.0,calibrated,T doublets,55,110,0.1233011735175505,0.07086869844829086,FusionVI
fusionvi,2041.0,calibrated,Transitional B,580,110,0.13682533369084773,0.02615655313321305,FusionVI
fusionvi,2041.0,calibrated,Tregs,115,110,0.16239680872398085,0.08215498889133274,FusionVI
fusionvi,2041.0,calibrated,cDC1s,62,110,0.28783796388384286,0.2603676550740565,FusionVI
fusionvi,2041.0,calibrated,cDC2s,65,110,0.27865770171488174,0.25724702888808076,FusionVI
fusionvi,2041.0,calibrated,pDCs,30,110,0.15163544003975363,0.15398514156464865,FusionVI
fusionvi,2041.0,log_mean,Activated CD4 T,38,110,0.13025452881494,0.10897578552273775,FusionVI
fusionvi,2041.0,log_mean,B doublets,77,110,0.1500522157125133,0.11589153785851014,FusionVI
fusionvi,2041.0,log_mean,B-CD4 T cell doublets,62,110,0.14646811828682788,0.13900481245309454,FusionVI
fusionvi,2041.0,log_mean,B-CD8 T cell doublets,50,110,0.16175363810309937,0.14230962016613655,FusionVI
fusionvi,2041.0,log_mean,B-macrophage doublets,74,110,0.19710340818328173,0.126138215561505,FusionVI
fusionvi,2041.0,log_mean,B1 B,162,110,0.1810733085328499,0.0778243287428458,FusionVI
fusionvi,2041.0,log_mean,CD122+ CD8 T,258,110,0.12419836887970842,0.0571606383041845,FusionVI
fusionvi,2041.0,log_mean,CD4 T,1077,110,0.07948490167438144,0.02832236255730295,FusionVI
fusionvi,2041.0,log_mean,CD8 T,680,110,0.08301834948618399,0.03065831679664995,FusionVI
fusionvi,2041.0,log_mean,Cycling B/T cells,81,110,0.3184435152499501,0.2178581844314525,FusionVI
fusionvi,2041.0,log_mean,GD T,73,110,0.1963219371935671,0.1731305064397518,FusionVI
fusionvi,2041.0,log_mean,ICOS-high Tregs,91,110,0.1823341854618054,0.1383723428565531,FusionVI
fusionvi,2041.0,log_mean,Ifit3-high B,249,110,0.08760985521668879,0.03847759505396085,FusionVI
fusionvi,2041.0,log_mean,Ifit3-high CD4 T,132,110,0.06080421461217929,0.0210680322704632,FusionVI
fusionvi,2041.0,log_mean,Ifit3-high CD8 T,100,110,0.08819320105599422,0.054248461226210645,FusionVI
fusionvi,2041.0,log_mean,Low quality B cells,230,110,0.10309016065036157,0.057993083447852256,FusionVI
fusionvi,2041.0,log_mean,Low quality T cells,67,110,0.09866446946605449,0.0570499796361736,FusionVI
fusionvi,2041.0,log_mean,Ly6-high mono,77,110,0.23439362707010172,0.19026619157794689,FusionVI
fusionvi,2041.0,log_mean,MZ B,205,110,0.18254284620187416,0.10439119759757079,FusionVI
fusionvi,2041.0,log_mean,MZ/Marco-high macrophages,36,110,0.2572017063553753,0.2505250939719438,FusionVI
fusionvi,2041.0,log_mean,Mature B,2408,110,0.11390387516616686,0.03581932995605425,FusionVI
fusionvi,2041.0,log_mean,NK,104,110,0.20599496221823088,0.2005915654335915,FusionVI
fusionvi,2041.0,log_mean,NKT,117,110,0.27766055791234473,0.25376961405675447,FusionVI
fusionvi,2041.0,log_mean,Neutrophils,112,110,0.20998213147120917,0.18275471528032838,FusionVI
fusionvi,2041.0,log_mean,Red-pulp macrophages,35,110,0.06834565892335162,0.050818022181804354,FusionVI
fusionvi,2041.0,log_mean,T doublets,55,110,0.1233011735175505,0.07086869844829086,FusionVI
fusionvi,2041.0,log_mean,Transitional B,580,110,0.13682533369084773,0.02615655313321305,FusionVI
fusionvi,2041.0,log_mean,Tregs,115,110,0.16239680872398085,0.08215498889133274,FusionVI
fusionvi,2041.0,log_mean,cDC1s,62,110,0.28783796388384286,0.2603676550740565,FusionVI
fusionvi,2041.0,log_mean,cDC2s,65,110,0.27865770171488174,0.25724702888808076,FusionVI
fusionvi,2041.0,log_mean,pDCs,30,110,0.15163544003975363,0.15398514156464865,FusionVI
fusionvi,2041.0,pred_log,Activated CD4 T,38,110,0.07571986763903878,0.0804230140075794,FusionVI
fusionvi,2041.0,pred_log,B doublets,77,110,0.1326548707458709,0.06633235744802854,FusionVI
fusionvi,2041.0,pred_log,B-CD4 T cell doublets,62,110,0.11870397662734541,0.0974519035486028,FusionVI
fusionvi,2041.0,pred_log,B-CD8 T cell doublets,50,110,0.12343391201106192,0.10548419376718465,FusionVI
fusionvi,2041.0,pred_log,B-macrophage doublets,74,110,0.20626170889844786,0.16039944881842616,FusionVI
fusionvi,2041.0,pred_log,B1 B,162,110,0.16454258485600629,0.0581512103684025,FusionVI
fusionvi,2041.0,pred_log,CD122+ CD8 T,258,110,0.0997292673962768,0.0395143408054176,FusionVI
fusionvi,2041.0,pred_log,CD4 T,1077,110,0.06651541953244135,0.021185872168322503,FusionVI
fusionvi,2041.0,pred_log,CD8 T,680,110,0.0638861171390862,0.025403174003166648,FusionVI
fusionvi,2041.0,pred_log,Cycling B/T cells,81,110,0.33468956388903354,0.2380051608624619,FusionVI
fusionvi,2041.0,pred_log,GD T,73,110,0.16129231828612497,0.1271284180809561,FusionVI
fusionvi,2041.0,pred_log,ICOS-high Tregs,91,110,0.1532818898127077,0.11195341690870339,FusionVI
fusionvi,2041.0,pred_log,Ifit3-high B,249,110,0.06875677185235872,0.02577991398724315,FusionVI
fusionvi,2041.0,pred_log,Ifit3-high CD4 T,132,110,0.05665615549016955,0.03794140536093535,FusionVI
fusionvi,2041.0,pred_log,Ifit3-high CD8 T,100,110,0.08187774821284352,0.06074519811073205,FusionVI
fusionvi,2041.0,pred_log,Low quality B cells,230,110,0.08893260235274365,0.043817421669162554,FusionVI
fusionvi,2041.0,pred_log,Low quality T cells,67,110,0.08284832926579559,0.06724029039093685,FusionVI
fusionvi,2041.0,pred_log,Ly6-high mono,77,110,0.2205784629262802,0.1691219300131399,FusionVI
fusionvi,2041.0,pred_log,MZ B,205,110,0.14688382284432888,0.047688450646651406,FusionVI
fusionvi,2041.0,pred_log,MZ/Marco-high macrophages,36,110,0.23882631105596608,0.26020808446659194,FusionVI
fusionvi,2041.0,pred_log,Mature B,2408,110,0.09330904352756042,0.021797983148750498,FusionVI
fusionvi,2041.0,pred_log,NK,104,110,0.1734193229255819,0.15770153738536702,FusionVI
fusionvi,2041.0,pred_log,NKT,117,110,0.21060690161721415,0.16608011295489034,FusionVI
fusionvi,2041.0,pred_log,Neutrophils,112,110,0.19449458804505682,0.16178241402396482,FusionVI
fusionvi,2041.0,pred_log,Red-pulp macrophages,35,110,0.07769937839031353,0.061056517218027295,FusionVI
fusionvi,2041.0,pred_log,T doublets,55,110,0.11800634794426303,0.09861971936160065,FusionVI
fusionvi,2041.0,pred_log,Transitional B,580,110,0.12401111527265646,0.0164280485061566,FusionVI
fusionvi,2041.0,pred_log,Tregs,115,110,0.13946245528323842,0.0974192710969547,FusionVI
fusionvi,2041.0,pred_log,cDC1s,62,110,0.27499743219599965,0.23322330872401387,FusionVI
fusionvi,2041.0,pred_log,cDC2s,65,110,0.24805604258481873,0.25386713071084405,FusionVI
fusionvi,2041.0,pred_log,pDCs,30,110,0.12194279995414616,0.122226194431446,FusionVI
rna_ridge,,ridge,Activated CD4 T,38,110,0.11465214892554661,0.12787846803146463,rna_ridge
rna_ridge,,ridge,B doublets,77,110,0.14106312163150922,0.08838818100293719,rna_ridge
rna_ridge,,ridge,B-CD4 T cell doublets,62,110,0.19120937531173773,0.13973011625568846,rna_ridge
rna_ridge,,ridge,B-CD8 T cell doublets,50,110,0.17049878945292932,0.1313307474695296,rna_ridge
rna_ridge,,ridge,B-macrophage doublets,74,110,0.25489243380749244,0.20285492483817463,rna_ridge
rna_ridge,,ridge,B1 B,162,110,0.1856419849207442,0.0936170800694558,rna_ridge
rna_ridge,,ridge,CD122+ CD8 T,258,110,0.1017379813986967,0.05834501584648795,rna_ridge
rna_ridge,,ridge,CD4 T,1077,110,0.07414171473198253,0.0352778214283134,rna_ridge
rna_ridge,,ridge,CD8 T,680,110,0.09330099216744722,0.05402253007071865,rna_ridge
rna_ridge,,ridge,Cycling B/T cells,81,110,0.3577857236978014,0.3008849631774939,rna_ridge
rna_ridge,,ridge,GD T,73,110,0.18089675632034646,0.160776522825407,rna_ridge
rna_ridge,,ridge,ICOS-high Tregs,91,110,0.17656231087267174,0.1412979089310224,rna_ridge
rna_ridge,,ridge,Ifit3-high B,249,110,0.0927330184618231,0.0740500305679455,rna_ridge
rna_ridge,,ridge,Ifit3-high CD4 T,132,110,0.061471362032721515,0.04602798829623775,rna_ridge
rna_ridge,,ridge,Ifit3-high CD8 T,100,110,0.10524625159313297,0.0801390873181696,rna_ridge
rna_ridge,,ridge,Low quality B cells,230,110,0.1049105521893912,0.0795001140200094,rna_ridge
rna_ridge,,ridge,Low quality T cells,67,110,0.11191078344748903,0.08255062273573464,rna_ridge
rna_ridge,,ridge,Ly6-high mono,77,110,0.2626866368318133,0.2436288526541458,rna_ridge
rna_ridge,,ridge,MZ B,205,110,0.1852175306340849,0.09731322589733345,rna_ridge
rna_ridge,,ridge,MZ/Marco-high macrophages,36,110,0.1683226006572404,0.1864458871044386,rna_ridge
rna_ridge,,ridge,Mature B,2408,110,0.12326389884732096,0.04700644904287135,rna_ridge
rna_ridge,,ridge,NK,104,110,0.2077066518635049,0.2123057856820931,rna_ridge
rna_ridge,,ridge,NKT,117,110,0.26086652962871354,0.252931089054362,rna_ridge
rna_ridge,,ridge,Neutrophils,112,110,0.20460657741285637,0.2209395171201199,rna_ridge
rna_ridge,,ridge,Red-pulp macrophages,35,110,0.1630835279681999,0.17454054649664713,rna_ridge
rna_ridge,,ridge,T doublets,55,110,0.11978006974561926,0.07220445891745705,rna_ridge
rna_ridge,,ridge,Transitional B,580,110,0.14133766286643698,0.0468459784397997,rna_ridge
rna_ridge,,ridge,Tregs,115,110,0.15211771350080008,0.0983008270545445,rna_ridge
rna_ridge,,ridge,cDC1s,62,110,0.29964134806729853,0.26315892842356653,rna_ridge
rna_ridge,,ridge,cDC2s,65,110,0.25263204576816284,0.24807022203557216,rna_ridge
rna_ridge,,ridge,pDCs,30,110,0.1789996787570858,0.16074583895016695,rna_ridge
totalvi,2026.0,calibrated,Activated CD4 T,38,110,0.13027311094250366,0.132863645976441,totalVI
totalvi,2026.0,calibrated,B doublets,77,110,0.1618298902600205,0.1149723758314534,totalVI
totalvi,2026.0,calibrated,B-CD4 T cell doublets,62,110,0.15800044781660597,0.1325002625190618,totalVI
totalvi,2026.0,calibrated,B-CD8 T cell doublets,50,110,0.12491586947224077,0.08373404670568366,totalVI
totalvi,2026.0,calibrated,B-macrophage doublets,74,110,0.19652709913645824,0.15375468129464093,totalVI
totalvi,2026.0,calibrated,B1 B,162,110,0.18443333548123433,0.07494186878213525,totalVI
totalvi,2026.0,calibrated,CD122+ CD8 T,258,110,0.12042503552329355,0.062402142217462195,totalVI
totalvi,2026.0,calibrated,CD4 T,1077,110,0.0813196130822176,0.031607471463713996,totalVI
totalvi,2026.0,calibrated,CD8 T,680,110,0.08609159540833031,0.0466995486968014,totalVI
totalvi,2026.0,calibrated,Cycling B/T cells,81,110,0.321303278918904,0.22808724037715794,totalVI
totalvi,2026.0,calibrated,GD T,73,110,0.18347350679878108,0.1508604418431422,totalVI
totalvi,2026.0,calibrated,ICOS-high Tregs,91,110,0.17572291005893473,0.10694114789182649,totalVI
totalvi,2026.0,calibrated,Ifit3-high B,249,110,0.09330189524245402,0.042088414239773,totalVI
totalvi,2026.0,calibrated,Ifit3-high CD4 T,132,110,0.07224837037752548,0.04291876075759325,totalVI
totalvi,2026.0,calibrated,Ifit3-high CD8 T,100,110,0.09824144318579069,0.06682107476926286,totalVI
totalvi,2026.0,calibrated,Low quality B cells,230,110,0.09700718314923118,0.05348356586682135,totalVI
totalvi,2026.0,calibrated,Low quality T cells,67,110,0.0991703419881549,0.0883395068555357,totalVI
totalvi,2026.0,calibrated,Ly6-high mono,77,110,0.26344486967675723,0.22436632804807616,totalVI
totalvi,2026.0,calibrated,MZ B,205,110,0.16863686321613286,0.0640192400136705,totalVI
totalvi,2026.0,calibrated,MZ/Marco-high macrophages,36,110,0.2279122935110373,0.23051850268014273,totalVI
totalvi,2026.0,calibrated,Mature B,2408,110,0.11197440762408974,0.03073476532855715,totalVI
totalvi,2026.0,calibrated,NK,104,110,0.20552216101824664,0.18417392083253126,totalVI
totalvi,2026.0,calibrated,NKT,117,110,0.27820045662200105,0.26867138877646723,totalVI
totalvi,2026.0,calibrated,Neutrophils,112,110,0.1897535111080103,0.15610744169390778,totalVI
totalvi,2026.0,calibrated,Red-pulp macrophages,35,110,0.08371648457480123,0.08891731469217859,totalVI
totalvi,2026.0,calibrated,T doublets,55,110,0.16122582804465901,0.1495048725651837,totalVI
totalvi,2026.0,calibrated,Transitional B,580,110,0.13837961525164336,0.02777843631523285,totalVI
totalvi,2026.0,calibrated,Tregs,115,110,0.1422281410077182,0.07343448055500346,totalVI
totalvi,2026.0,calibrated,cDC1s,62,110,0.3017986547737018,0.25603910940344843,totalVI
totalvi,2026.0,calibrated,cDC2s,65,110,0.2825228330221262,0.2884874723030369,totalVI
totalvi,2026.0,calibrated,pDCs,30,110,0.12150588848264147,0.13725954744946745,totalVI
totalvi,2026.0,log_mean,Activated CD4 T,38,110,0.13027311094250366,0.132863645976441,totalVI
totalvi,2026.0,log_mean,B doublets,77,110,0.16183302528620744,0.1149723758314534,totalVI
totalvi,2026.0,log_mean,B-CD4 T cell doublets,62,110,0.15800044781660597,0.1325002625190618,totalVI
totalvi,2026.0,log_mean,B-CD8 T cell doublets,50,110,0.12491586947224077,0.08373404670568366,totalVI
totalvi,2026.0,log_mean,B-macrophage doublets,74,110,0.19652709913645824,0.15375468129464093,totalVI
totalvi,2026.0,log_mean,B1 B,162,110,0.18443616590021822,0.07494186878213525,totalVI
totalvi,2026.0,log_mean,CD122+ CD8 T,258,110,0.12042442485062747,0.062402142217462195,totalVI
totalvi,2026.0,log_mean,CD4 T,1077,110,0.08132041702734455,0.031651688445696005,totalVI
totalvi,2026.0,log_mean,CD8 T,680,110,0.08609172867365779,0.046706878289812445,totalVI
totalvi,2026.0,log_mean,Cycling B/T cells,81,110,0.321303278918904,0.22808724037715794,totalVI
totalvi,2026.0,log_mean,GD T,73,110,0.18347350679878108,0.1508604418431422,totalVI
totalvi,2026.0,log_mean,ICOS-high Tregs,91,110,0.17572291005893473,0.10694114789182649,totalVI
totalvi,2026.0,log_mean,Ifit3-high B,249,110,0.09329762204795128,0.042088414239773,totalVI
totalvi,2026.0,log_mean,Ifit3-high CD4 T,132,110,0.07224613526699512,0.04291876075759325,totalVI
totalvi,2026.0,log_mean,Ifit3-high CD8 T,100,110,0.09823327857053392,0.06682107476926286,totalVI
totalvi,2026.0,log_mean,Low quality B cells,230,110,0.0970081722647708,0.05348356586682135,totalVI
totalvi,2026.0,log_mean,Low quality T cells,67,110,0.0991703419881549,0.0883395068555357,totalVI
totalvi,2026.0,log_mean,Ly6-high mono,77,110,0.26344486967675723,0.22436632804807616,totalVI
totalvi,2026.0,log_mean,MZ B,205,110,0.1686371841373387,0.0640192400136705,totalVI
totalvi,2026.0,log_mean,MZ/Marco-high macrophages,36,110,0.2279122935110373,0.23051850268014273,totalVI
totalvi,2026.0,log_mean,Mature B,2408,110,0.11197380844721777,0.03073476532855715,totalVI
totalvi,2026.0,log_mean,NK,104,110,0.20552216101824664,0.18417392083253126,totalVI
totalvi,2026.0,log_mean,NKT,117,110,0.27820045662200105,0.26867138877646723,totalVI
totalvi,2026.0,log_mean,Neutrophils,112,110,0.1897535111080103,0.15610744169390778,totalVI
totalvi,2026.0,log_mean,Red-pulp macrophages,35,110,0.08371648457480123,0.08891731469217859,totalVI
totalvi,2026.0,log_mean,T doublets,55,110,0.16122582804465901,0.1495048725651837,totalVI
totalvi,2026.0,log_mean,Transitional B,580,110,0.13837932568959313,0.02777843631523285,totalVI
totalvi,2026.0,log_mean,Tregs,115,110,0.1422281410077182,0.07343448055500346,totalVI
totalvi,2026.0,log_mean,cDC1s,62,110,0.3017986547737018,0.25603910940344843,totalVI
totalvi,2026.0,log_mean,cDC2s,65,110,0.2825228330221262,0.2884874723030369,totalVI
totalvi,2026.0,log_mean,pDCs,30,110,0.12150588848264147,0.13725954744946745,totalVI
totalvi,2026.0,pred_log,Activated CD4 T,38,110,0.11999420165012799,0.09098291995959096,totalVI
totalvi,2026.0,pred_log,B doublets,77,110,0.1468259363440393,0.09378303438161059,totalVI
totalvi,2026.0,pred_log,B-CD4 T cell doublets,62,110,0.15428956787820086,0.1181272466281619,totalVI
totalvi,2026.0,pred_log,B-CD8 T cell doublets,50,110,0.10511972744744909,0.0673706106456967,totalVI
totalvi,2026.0,pred_log,B-macrophage doublets,74,110,0.19217427356068736,0.13672895089958081,totalVI
totalvi,2026.0,pred_log,B1 B,162,110,0.16987508711652866,0.05289261015072705,totalVI
totalvi,2026.0,pred_log,CD122+ CD8 T,258,110,0.09674637253153838,0.0463553156632072,totalVI
totalvi,2026.0,pred_log,CD4 T,1077,110,0.06866603090155261,0.02315375377577665,totalVI
totalvi,2026.0,pred_log,CD8 T,680,110,0.06744423719260877,0.030945663174059848,totalVI
totalvi,2026.0,pred_log,Cycling B/T cells,81,110,0.3048711005457463,0.1758035287689782,totalVI
totalvi,2026.0,pred_log,GD T,73,110,0.16633988519178328,0.118495789239706,totalVI
totalvi,2026.0,pred_log,ICOS-high Tregs,91,110,0.17344529995153596,0.14179209093069545,totalVI
totalvi,2026.0,pred_log,Ifit3-high B,249,110,0.08057315602397151,0.04811704251827725,totalVI
totalvi,2026.0,pred_log,Ifit3-high CD4 T,132,110,0.05990780117283711,0.04177054743621175,totalVI
totalvi,2026.0,pred_log,Ifit3-high CD8 T,100,110,0.07622507172692365,0.03865846808351845,totalVI
totalvi,2026.0,pred_log,Low quality B cells,230,110,0.09661286142140212,0.0536954479372532,totalVI
totalvi,2026.0,pred_log,Low quality T cells,67,110,0.09144011638824859,0.0551764366218805,totalVI
totalvi,2026.0,pred_log,Ly6-high mono,77,110,0.24334561720952805,0.227266100016622,totalVI
totalvi,2026.0,pred_log,MZ B,205,110,0.1447612875753939,0.07044295367564145,totalVI
totalvi,2026.0,pred_log,MZ/Marco-high macrophages,36,110,0.1883647280253721,0.20966550324201771,totalVI
totalvi,2026.0,pred_log,Mature B,2408,110,0.09761664270771583,0.0269826459215531,totalVI
totalvi,2026.0,pred_log,NK,104,110,0.19525056499423524,0.19444350739649308,totalVI
totalvi,2026.0,pred_log,NKT,117,110,0.24076421749717108,0.21181867998278225,totalVI
totalvi,2026.0,pred_log,Neutrophils,112,110,0.1810217679694501,0.14648270074778463,totalVI
totalvi,2026.0,pred_log,Red-pulp macrophages,35,110,0.07921485859973676,0.08171502008905496,totalVI
totalvi,2026.0,pred_log,T doublets,55,110,0.1530610717271807,0.1164532664496921,totalVI
totalvi,2026.0,pred_log,Transitional B,580,110,0.12499575112197504,0.021174389319243002,totalVI
totalvi,2026.0,pred_log,Tregs,115,110,0.11442114808248409,0.0597766978526829,totalVI
totalvi,2026.0,pred_log,cDC1s,62,110,0.27930336049865145,0.2492138685544481,totalVI
totalvi,2026.0,pred_log,cDC2s,65,110,0.2667123230764994,0.2569189114411265,totalVI
totalvi,2026.0,pred_log,pDCs,30,110,0.1367564043934867,0.14531977806328444,totalVI
totalvi,2027.0,calibrated,Activated CD4 T,38,110,0.1045484663402143,0.08207261729647584,totalVI
totalvi,2027.0,calibrated,B doublets,77,110,0.17501110174346662,0.11738537399684235,totalVI
totalvi,2027.0,calibrated,B-CD4 T cell doublets,62,110,0.1690322146122331,0.1417336508253946,totalVI
totalvi,2027.0,calibrated,B-CD8 T cell doublets,50,110,0.132506718148169,0.0941686223625756,totalVI
totalvi,2027.0,calibrated,B-macrophage doublets,74,110,0.24754137644901247,0.2279318624278276,totalVI
totalvi,2027.0,calibrated,B1 B,162,110,0.19652609711167163,0.0975568373697987,totalVI
totalvi,2027.0,calibrated,CD122+ CD8 T,258,110,0.11374140801579585,0.055592318286206754,totalVI
totalvi,2027.0,calibrated,CD4 T,1077,110,0.08038783529319601,0.01971615163463935,totalVI
totalvi,2027.0,calibrated,CD8 T,680,110,0.08051746898634901,0.0269942764683236,totalVI
totalvi,2027.0,calibrated,Cycling B/T cells,81,110,0.3273983667919347,0.22497823290409036,totalVI
totalvi,2027.0,calibrated,GD T,73,110,0.19614775520395605,0.16307185645246303,totalVI
totalvi,2027.0,calibrated,ICOS-high Tregs,91,110,0.18984446517033293,0.12193406538906795,totalVI
totalvi,2027.0,calibrated,Ifit3-high B,249,110,0.09720888570832323,0.05361000915824825,totalVI
totalvi,2027.0,calibrated,Ifit3-high CD4 T,132,110,0.06187993845037678,0.0383492871293651,totalVI
totalvi,2027.0,calibrated,Ifit3-high CD8 T,100,110,0.10606659083555446,0.0958741628688437,totalVI
totalvi,2027.0,calibrated,Low quality B cells,230,110,0.1037884810812974,0.06742911235433904,totalVI
totalvi,2027.0,calibrated,Low quality T cells,67,110,0.10970552872487545,0.09682080608103774,totalVI
totalvi,2027.0,calibrated,Ly6-high mono,77,110,0.25631147804328247,0.24530400594648727,totalVI
totalvi,2027.0,calibrated,MZ B,205,110,0.17536297754890007,0.08520326454998475,totalVI
totalvi,2027.0,calibrated,MZ/Marco-high macrophages,36,110,0.24730729321008765,0.26113101663434735,totalVI
totalvi,2027.0,calibrated,Mature B,2408,110,0.11730184365254706,0.0424697752410535,totalVI
totalvi,2027.0,calibrated,NK,104,110,0.2183013438349754,0.19952290930148409,totalVI
totalvi,2027.0,calibrated,NKT,117,110,0.28791717467069494,0.2914586465310055,totalVI
totalvi,2027.0,calibrated,Neutrophils,112,110,0.1750899443631578,0.14233967069706827,totalVI
totalvi,2027.0,calibrated,Red-pulp macrophages,35,110,0.10303966522408677,0.11548524936145085,totalVI
totalvi,2027.0,calibrated,T doublets,55,110,0.14762212679569428,0.0579592063653998,totalVI
totalvi,2027.0,calibrated,Transitional B,580,110,0.14983525944635143,0.04343901984312985,totalVI
totalvi,2027.0,calibrated,Tregs,115,110,0.15191370010508193,0.0977613591903483,totalVI
totalvi,2027.0,calibrated,cDC1s,62,110,0.3074185247045599,0.2704658974461591,totalVI
totalvi,2027.0,calibrated,cDC2s,65,110,0.2753139079643714,0.2674893950772891,totalVI
totalvi,2027.0,calibrated,pDCs,30,110,0.16242678388254594,0.16489160284975085,totalVI
totalvi,2027.0,log_mean,Activated CD4 T,38,110,0.1045484663402143,0.08207261729647584,totalVI
totalvi,2027.0,log_mean,B doublets,77,110,0.17501110174346662,0.11738537399684235,totalVI
totalvi,2027.0,log_mean,B-CD4 T cell doublets,62,110,0.1690322146122331,0.1417336508253946,totalVI
totalvi,2027.0,log_mean,B-CD8 T cell doublets,50,110,0.132506718148169,0.0941686223625756,totalVI
totalvi,2027.0,log_mean,B-macrophage doublets,74,110,0.24754137644901247,0.2279318624278276,totalVI
totalvi,2027.0,log_mean,B1 B,162,110,0.19652609711167163,0.0975568373697987,totalVI
totalvi,2027.0,log_mean,CD122+ CD8 T,258,110,0.11374140801579585,0.055592318286206754,totalVI
totalvi,2027.0,log_mean,CD4 T,1077,110,0.08038783529319601,0.01971615163463935,totalVI
totalvi,2027.0,log_mean,CD8 T,680,110,0.08051746898634901,0.0269942764683236,totalVI
totalvi,2027.0,log_mean,Cycling B/T cells,81,110,0.3273983667919347,0.22497823290409036,totalVI
totalvi,2027.0,log_mean,GD T,73,110,0.19614775520395605,0.16307185645246303,totalVI
totalvi,2027.0,log_mean,ICOS-high Tregs,91,110,0.18984446517033293,0.12193406538906795,totalVI
totalvi,2027.0,log_mean,Ifit3-high B,249,110,0.09720888570832323,0.05361000915824825,totalVI
totalvi,2027.0,log_mean,Ifit3-high CD4 T,132,110,0.06187993845037678,0.0383492871293651,totalVI
totalvi,2027.0,log_mean,Ifit3-high CD8 T,100,110,0.10606659083555446,0.0958741628688437,totalVI
totalvi,2027.0,log_mean,Low quality B cells,230,110,0.1037884810812974,0.06742911235433904,totalVI
totalvi,2027.0,log_mean,Low quality T cells,67,110,0.10970552872487545,0.09682080608103774,totalVI
totalvi,2027.0,log_mean,Ly6-high mono,77,110,0.25631147804328247,0.24530400594648727,totalVI
totalvi,2027.0,log_mean,MZ B,205,110,0.17536297754890007,0.08520326454998475,totalVI
totalvi,2027.0,log_mean,MZ/Marco-high macrophages,36,110,0.24730729321008765,0.26113101663434735,totalVI
totalvi,2027.0,log_mean,Mature B,2408,110,0.11730184365254706,0.0424697752410535,totalVI
totalvi,2027.0,log_mean,NK,104,110,0.2183013438349754,0.19952290930148409,totalVI
totalvi,2027.0,log_mean,NKT,117,110,0.28791717467069494,0.2914586465310055,totalVI
totalvi,2027.0,log_mean,Neutrophils,112,110,0.1750899443631578,0.14233967069706827,totalVI
totalvi,2027.0,log_mean,Red-pulp macrophages,35,110,0.10303966522408677,0.11548524936145085,totalVI
totalvi,2027.0,log_mean,T doublets,55,110,0.14762212679569428,0.0579592063653998,totalVI
totalvi,2027.0,log_mean,Transitional B,580,110,0.14983525944635143,0.04343901984312985,totalVI
totalvi,2027.0,log_mean,Tregs,115,110,0.15191370010508193,0.0977613591903483,totalVI
totalvi,2027.0,log_mean,cDC1s,62,110,0.3074185247045599,0.2704658974461591,totalVI
totalvi,2027.0,log_mean,cDC2s,65,110,0.2753139079643714,0.2674893950772891,totalVI
totalvi,2027.0,log_mean,pDCs,30,110,0.16242678388254594,0.16489160284975085,totalVI
totalvi,2027.0,pred_log,Activated CD4 T,38,110,0.0820976979672382,0.050267539143667,totalVI
totalvi,2027.0,pred_log,B doublets,77,110,0.152480055019047,0.09177550801375431,totalVI
totalvi,2027.0,pred_log,B-CD4 T cell doublets,62,110,0.13257018701569376,0.11472941207189585,totalVI
totalvi,2027.0,pred_log,B-CD8 T cell doublets,50,110,0.13312169947645194,0.10307193990252114,totalVI
totalvi,2027.0,pred_log,B-macrophage doublets,74,110,0.23954512794843422,0.16840012023259765,totalVI
totalvi,2027.0,pred_log,B1 B,162,110,0.1680525608458658,0.0579074781299171,totalVI
totalvi,2027.0,pred_log,CD122+ CD8 T,258,110,0.09659136875255044,0.060660438361929844,totalVI
totalvi,2027.0,pred_log,CD4 T,1077,110,0.07096609933397968,0.0232836993598267,totalVI
totalvi,2027.0,pred_log,CD8 T,680,110,0.06986711283340837,0.0271810198289808,totalVI
totalvi,2027.0,pred_log,Cycling B/T cells,81,110,0.30319048638962126,0.23636597946035692,totalVI
totalvi,2027.0,pred_log,GD T,73,110,0.17773129992838427,0.13198511326355072,totalVI
totalvi,2027.0,pred_log,ICOS-high Tregs,91,110,0.1734984725889699,0.10674506429864355,totalVI
totalvi,2027.0,pred_log,Ifit3-high B,249,110,0.07458830925483491,0.034796408455935054,totalVI
totalvi,2027.0,pred_log,Ifit3-high CD4 T,132,110,0.03929373628353059,0.0190071297271852,totalVI
totalvi,2027.0,pred_log,Ifit3-high CD8 T,100,110,0.08619052326786938,0.07444091115939955,totalVI
totalvi,2027.0,pred_log,Low quality B cells,230,110,0.09226958114259784,0.0604436477574588,totalVI
totalvi,2027.0,pred_log,Low quality T cells,67,110,0.10686842910595067,0.08026527028417015,totalVI
totalvi,2027.0,pred_log,Ly6-high mono,77,110,0.2388210956067904,0.1627235281270787,totalVI
totalvi,2027.0,pred_log,MZ B,205,110,0.14585674522548078,0.038072344621288695,totalVI
totalvi,2027.0,pred_log,MZ/Marco-high macrophages,36,110,0.2179853104961014,0.22723307595229836,totalVI
totalvi,2027.0,pred_log,Mature B,2408,110,0.10212629455767144,0.0243567342496318,totalVI
totalvi,2027.0,pred_log,NK,104,110,0.19086931225381723,0.20869370630870715,totalVI
totalvi,2027.0,pred_log,NKT,117,110,0.2423484454494782,0.20251206882153455,totalVI
totalvi,2027.0,pred_log,Neutrophils,112,110,0.1657368833205815,0.1422113378295038,totalVI
totalvi,2027.0,pred_log,Red-pulp macrophages,35,110,0.09278715612208992,0.10242114397319635,totalVI
totalvi,2027.0,pred_log,T doublets,55,110,0.14578031237920705,0.10359103275088549,totalVI
totalvi,2027.0,pred_log,Transitional B,580,110,0.1296921540678772,0.029855810494151,totalVI
totalvi,2027.0,pred_log,Tregs,115,110,0.12828095625022914,0.07553233317466365,totalVI
totalvi,2027.0,pred_log,cDC1s,62,110,0.26552516121664743,0.22238849363123542,totalVI
totalvi,2027.0,pred_log,cDC2s,65,110,0.265555755523886,0.24975112842226888,totalVI
totalvi,2027.0,pred_log,pDCs,30,110,0.12752678734883147,0.1108152116599314,totalVI
totalvi,2028.0,calibrated,Activated CD4 T,38,110,0.12126399646510434,0.11735729844268394,totalVI
totalvi,2028.0,calibrated,B doublets,77,110,0.19116631562622058,0.1453742054065188,totalVI
totalvi,2028.0,calibrated,B-CD4 T cell doublets,62,110,0.1416412326920119,0.12712243726679756,totalVI
totalvi,2028.0,calibrated,B-CD8 T cell doublets,50,110,0.09909106308553878,0.0393624416850802,totalVI
totalvi,2028.0,calibrated,B-macrophage doublets,74,110,0.21695321572990517,0.17516055084358806,totalVI
totalvi,2028.0,calibrated,B1 B,162,110,0.19184889644429026,0.0709634956788596,totalVI
totalvi,2028.0,calibrated,CD122+ CD8 T,258,110,0.11715312925604411,0.0525034500273429,totalVI
totalvi,2028.0,calibrated,CD4 T,1077,110,0.0813763480246714,0.02434302615539025,totalVI
totalvi,2028.0,calibrated,CD8 T,680,110,0.08259766600392512,0.0317516368218191,totalVI
totalvi,2028.0,calibrated,Cycling B/T cells,81,110,0.31712428301032874,0.24147805818798057,totalVI
totalvi,2028.0,calibrated,GD T,73,110,0.19161531756865943,0.15741909410838129,totalVI
totalvi,2028.0,calibrated,ICOS-high Tregs,91,110,0.18043310299642634,0.11813584649720205,totalVI
totalvi,2028.0,calibrated,Ifit3-high B,249,110,0.08774528549273486,0.03486195630596805,totalVI
totalvi,2028.0,calibrated,Ifit3-high CD4 T,132,110,0.04865566099094771,0.0174929701839332,totalVI
totalvi,2028.0,calibrated,Ifit3-high CD8 T,100,110,0.10196669588586169,0.07075160389417351,totalVI
totalvi,2028.0,calibrated,Low quality B cells,230,110,0.11184019082535848,0.08057983204647526,totalVI
totalvi,2028.0,calibrated,Low quality T cells,67,110,0.09900347071401472,0.09123148502094694,totalVI
totalvi,2028.0,calibrated,Ly6-high mono,77,110,0.2613046632476475,0.23690917636219527,totalVI
totalvi,2028.0,calibrated,MZ B,205,110,0.16550937631470064,0.06321287863500274,totalVI
totalvi,2028.0,calibrated,MZ/Marco-high macrophages,36,110,0.23141158254004468,0.2322157513053717,totalVI
totalvi,2028.0,calibrated,Mature B,2408,110,0.11181405178014722,0.02852015400199425,totalVI
totalvi,2028.0,calibrated,NK,104,110,0.21204966289399563,0.18438564985281,totalVI
totalvi,2028.0,calibrated,NKT,117,110,0.29235616561149647,0.26547906073603483,totalVI
totalvi,2028.0,calibrated,Neutrophils,112,110,0.1920530704179056,0.15972156343559857,totalVI
totalvi,2028.0,calibrated,Red-pulp macrophages,35,110,0.0551216641423292,0.0529500603790343,totalVI
totalvi,2028.0,calibrated,T doublets,55,110,0.158556784082909,0.11637179890364585,totalVI
totalvi,2028.0,calibrated,Transitional B,580,110,0.14556746954149832,0.04624916413660405,totalVI
totalvi,2028.0,calibrated,Tregs,115,110,0.1561957211264307,0.1006278140214633,totalVI
totalvi,2028.0,calibrated,cDC1s,62,110,0.3183280185032461,0.26784737976027967,totalVI
totalvi,2028.0,calibrated,cDC2s,65,110,0.28680018333580576,0.30864688721736777,totalVI
totalvi,2028.0,calibrated,pDCs,30,110,0.11267622485628649,0.1187317289343188,totalVI
totalvi,2028.0,log_mean,Activated CD4 T,38,110,0.12126399646510434,0.11735729844268394,totalVI
totalvi,2028.0,log_mean,B doublets,77,110,0.19116631562622058,0.1453742054065188,totalVI
totalvi,2028.0,log_mean,B-CD4 T cell doublets,62,110,0.1416412326920119,0.12712243726679756,totalVI
totalvi,2028.0,log_mean,B-CD8 T cell doublets,50,110,0.09909106308553878,0.0393624416850802,totalVI
totalvi,2028.0,log_mean,B-macrophage doublets,74,110,0.21695321572990517,0.17516055084358806,totalVI
totalvi,2028.0,log_mean,B1 B,162,110,0.19184889644429026,0.0709634956788596,totalVI
totalvi,2028.0,log_mean,CD122+ CD8 T,258,110,0.11715312925604411,0.0525034500273429,totalVI
totalvi,2028.0,log_mean,CD4 T,1077,110,0.0813763480246714,0.02434302615539025,totalVI
totalvi,2028.0,log_mean,CD8 T,680,110,0.08259766600392512,0.0317516368218191,totalVI
totalvi,2028.0,log_mean,Cycling B/T cells,81,110,0.31712428301032874,0.24147805818798057,totalVI
totalvi,2028.0,log_mean,GD T,73,110,0.19161531756865943,0.15741909410838129,totalVI
totalvi,2028.0,log_mean,ICOS-high Tregs,91,110,0.18043310299642634,0.11813584649720205,totalVI
totalvi,2028.0,log_mean,Ifit3-high B,249,110,0.08774528549273486,0.03486195630596805,totalVI
totalvi,2028.0,log_mean,Ifit3-high CD4 T,132,110,0.04865566099094771,0.0174929701839332,totalVI
totalvi,2028.0,log_mean,Ifit3-high CD8 T,100,110,0.10196669588586169,0.07075160389417351,totalVI
totalvi,2028.0,log_mean,Low quality B cells,230,110,0.11184019082535848,0.08057983204647526,totalVI
totalvi,2028.0,log_mean,Low quality T cells,67,110,0.09900347071401472,0.09123148502094694,totalVI
totalvi,2028.0,log_mean,Ly6-high mono,77,110,0.2613046632476475,0.23690917636219527,totalVI
totalvi,2028.0,log_mean,MZ B,205,110,0.16550937631470064,0.06321287863500274,totalVI
totalvi,2028.0,log_mean,MZ/Marco-high macrophages,36,110,0.23141158254004468,0.2322157513053717,totalVI
totalvi,2028.0,log_mean,Mature B,2408,110,0.11181405178014722,0.02852015400199425,totalVI
totalvi,2028.0,log_mean,NK,104,110,0.21204966289399563,0.18438564985281,totalVI
totalvi,2028.0,log_mean,NKT,117,110,0.29235616561149647,0.26547906073603483,totalVI
totalvi,2028.0,log_mean,Neutrophils,112,110,0.1920530704179056,0.15972156343559857,totalVI
totalvi,2028.0,log_mean,Red-pulp macrophages,35,110,0.0551216641423292,0.0529500603790343,totalVI
totalvi,2028.0,log_mean,T doublets,55,110,0.158556784082909,0.11637179890364585,totalVI
totalvi,2028.0,log_mean,Transitional B,580,110,0.14556746954149832,0.04624916413660405,totalVI
totalvi,2028.0,log_mean,Tregs,115,110,0.1561957211264307,0.1006278140214633,totalVI
totalvi,2028.0,log_mean,cDC1s,62,110,0.3183280185032461,0.26784737976027967,totalVI
totalvi,2028.0,log_mean,cDC2s,65,110,0.28680018333580576,0.30864688721736777,totalVI
totalvi,2028.0,log_mean,pDCs,30,110,0.11267622485628649,0.1187317289343188,totalVI
totalvi,2028.0,pred_log,Activated CD4 T,38,110,0.1062320528408137,0.07503228298730674,totalVI
totalvi,2028.0,pred_log,B doublets,77,110,0.16882974942874188,0.13539375356346312,totalVI
totalvi,2028.0,pred_log,B-CD4 T cell doublets,62,110,0.14031429232332915,0.11127649550589319,totalVI
totalvi,2028.0,pred_log,B-CD8 T cell doublets,50,110,0.10445865874617172,0.0808545982848307,totalVI
totalvi,2028.0,pred_log,B-macrophage doublets,74,110,0.21079473183063321,0.1466660246315588,totalVI
totalvi,2028.0,pred_log,B1 B,162,110,0.17673259678885953,0.06835813078687136,totalVI
totalvi,2028.0,pred_log,CD122+ CD8 T,258,110,0.09640245053016538,0.050655341930297595,totalVI
totalvi,2028.0,pred_log,CD4 T,1077,110,0.07285670487928118,0.02542499869163055,totalVI
totalvi,2028.0,pred_log,CD8 T,680,110,0.06878916014708764,0.03150522627011505,totalVI
totalvi,2028.0,pred_log,Cycling B/T cells,81,110,0.3040658843002422,0.2246349567610458,totalVI
totalvi,2028.0,pred_log,GD T,73,110,0.1758995993388019,0.12396701936675786,totalVI
totalvi,2028.0,pred_log,ICOS-high Tregs,91,110,0.1664510748998791,0.11563911233102425,totalVI
totalvi,2028.0,pred_log,Ifit3-high B,249,110,0.07296828132860878,0.03808226929514605,totalVI
totalvi,2028.0,pred_log,Ifit3-high CD4 T,132,110,0.061892479121707665,0.0226874726603228,totalVI
totalvi,2028.0,pred_log,Ifit3-high CD8 T,100,110,0.09605747641766466,0.07302083318664876,totalVI
totalvi,2028.0,pred_log,Low quality B cells,230,110,0.08745392726564784,0.05646091446528035,totalVI
totalvi,2028.0,pred_log,Low quality T cells,67,110,0.07054415740250276,0.04527408940053215,totalVI
totalvi,2028.0,pred_log,Ly6-high mono,77,110,0.2528140451171326,0.22283639977421682,totalVI
totalvi,2028.0,pred_log,MZ B,205,110,0.16099259183288536,0.06350989063812995,totalVI
totalvi,2028.0,pred_log,MZ/Marco-high macrophages,36,110,0.21242644587574214,0.2202041068296407,totalVI
totalvi,2028.0,pred_log,Mature B,2408,110,0.09944612354775255,0.02436284014813935,totalVI
totalvi,2028.0,pred_log,NK,104,110,0.18536306619360032,0.16730518722364274,totalVI
totalvi,2028.0,pred_log,NKT,117,110,0.23231094719655596,0.212394768512682,totalVI
totalvi,2028.0,pred_log,Neutrophils,112,110,0.1750234209800297,0.1487652713880515,totalVI
totalvi,2028.0,pred_log,Red-pulp macrophages,35,110,0.05175942886215323,0.0811763251473557,totalVI
totalvi,2028.0,pred_log,T doublets,55,110,0.14495396348962086,0.09559442960240025,totalVI
totalvi,2028.0,pred_log,Transitional B,580,110,0.12116937417448927,0.0165505166557322,totalVI
totalvi,2028.0,pred_log,Tregs,115,110,0.12840000943977928,0.08233710844336155,totalVI
totalvi,2028.0,pred_log,cDC1s,62,110,0.30184232589900367,0.273523530142874,totalVI
totalvi,2028.0,pred_log,cDC2s,65,110,0.2652120696830455,0.2692630791255489,totalVI
totalvi,2028.0,pred_log,pDCs,30,110,0.11163849986574674,0.12276776557756755,totalVI
totalvi,2029.0,calibrated,Activated CD4 T,38,110,0.14004047125004163,0.09323877919254794,totalVI
totalvi,2029.0,calibrated,B doublets,77,110,0.18805529272442006,0.11855279832473836,totalVI
totalvi,2029.0,calibrated,B-CD4 T cell doublets,62,110,0.17225376556558794,0.14827669637157384,totalVI
totalvi,2029.0,calibrated,B-CD8 T cell doublets,50,110,0.11902807621829338,0.10097829922004359,totalVI
totalvi,2029.0,calibrated,B-macrophage doublets,74,110,0.221667362959592,0.17854552483810904,totalVI
totalvi,2029.0,calibrated,B1 B,162,110,0.19837459928433565,0.10012468340294439,totalVI
totalvi,2029.0,calibrated,CD122+ CD8 T,258,110,0.11414529405806627,0.05640709885949555,totalVI
totalvi,2029.0,calibrated,CD4 T,1077,110,0.08096409203961262,0.0325137506765246,totalVI
totalvi,2029.0,calibrated,CD8 T,680,110,0.08090354393175819,0.02708435312087585,totalVI
totalvi,2029.0,calibrated,Cycling B/T cells,81,110,0.3245209101783272,0.22043912348705494,totalVI
totalvi,2029.0,calibrated,GD T,73,110,0.19946748727969368,0.14438406692961814,totalVI
totalvi,2029.0,calibrated,ICOS-high Tregs,91,110,0.20132536866121997,0.1654067319318553,totalVI
totalvi,2029.0,calibrated,Ifit3-high B,249,110,0.09593367080181336,0.04210837015679145,totalVI
totalvi,2029.0,calibrated,Ifit3-high CD4 T,132,110,0.0495644368647788,0.02578921591868295,totalVI
totalvi,2029.0,calibrated,Ifit3-high CD8 T,100,110,0.11108562795549343,0.0901595377431936,totalVI
totalvi,2029.0,calibrated,Low quality B cells,230,110,0.09901368818589727,0.05483188709840865,totalVI
totalvi,2029.0,calibrated,Low quality T cells,67,110,0.10319941836780427,0.07496764290086495,totalVI
totalvi,2029.0,calibrated,Ly6-high mono,77,110,0.2563961279103107,0.20969614571598572,totalVI
totalvi,2029.0,calibrated,MZ B,205,110,0.1731294643212725,0.09616843583171375,totalVI
totalvi,2029.0,calibrated,MZ/Marco-high macrophages,36,110,0.2548975886032462,0.24284250326860515,totalVI
totalvi,2029.0,calibrated,Mature B,2408,110,0.11487868592546155,0.03615800890483715,totalVI
totalvi,2029.0,calibrated,NK,104,110,0.22036320912105703,0.2125682588141922,totalVI
totalvi,2029.0,calibrated,NKT,117,110,0.28048635293429414,0.2746538108534672,totalVI
totalvi,2029.0,calibrated,Neutrophils,112,110,0.2128227774644324,0.20032020608680695,totalVI
totalvi,2029.0,calibrated,Red-pulp macrophages,35,110,0.09571504870936523,0.0988943347169219,totalVI
totalvi,2029.0,calibrated,T doublets,55,110,0.16984908380454997,0.1406728383768486,totalVI
totalvi,2029.0,calibrated,Transitional B,580,110,0.14218240585681957,0.0387811709018004,totalVI
totalvi,2029.0,calibrated,Tregs,115,110,0.1544518319215037,0.11181834886014785,totalVI
totalvi,2029.0,calibrated,cDC1s,62,110,0.3192086383534388,0.2993665586441423,totalVI
totalvi,2029.0,calibrated,cDC2s,65,110,0.2886172721183883,0.29516685841573875,totalVI
totalvi,2029.0,calibrated,pDCs,30,110,0.1485452783831098,0.14434719829472137,totalVI
totalvi,2029.0,log_mean,Activated CD4 T,38,110,0.14004047125004163,0.09323877919254794,totalVI
totalvi,2029.0,log_mean,B doublets,77,110,0.18805529272442006,0.11855279832473836,totalVI
totalvi,2029.0,log_mean,B-CD4 T cell doublets,62,110,0.17225376556558794,0.14827669637157384,totalVI
totalvi,2029.0,log_mean,B-CD8 T cell doublets,50,110,0.11902807621829338,0.10097829922004359,totalVI
totalvi,2029.0,log_mean,B-macrophage doublets,74,110,0.221667362959592,0.17854552483810904,totalVI
totalvi,2029.0,log_mean,B1 B,162,110,0.19837459928433565,0.10012468340294439,totalVI
totalvi,2029.0,log_mean,CD122+ CD8 T,258,110,0.11414529405806627,0.05640709885949555,totalVI
totalvi,2029.0,log_mean,CD4 T,1077,110,0.08096409203961262,0.0325137506765246,totalVI
totalvi,2029.0,log_mean,CD8 T,680,110,0.08090354393175819,0.02708435312087585,totalVI
totalvi,2029.0,log_mean,Cycling B/T cells,81,110,0.3245209101783272,0.22043912348705494,totalVI
totalvi,2029.0,log_mean,GD T,73,110,0.19946748727969368,0.14438406692961814,totalVI
totalvi,2029.0,log_mean,ICOS-high Tregs,91,110,0.20132536866121997,0.1654067319318553,totalVI
totalvi,2029.0,log_mean,Ifit3-high B,249,110,0.09593367080181336,0.04210837015679145,totalVI
totalvi,2029.0,log_mean,Ifit3-high CD4 T,132,110,0.0495644368647788,0.02578921591868295,totalVI
totalvi,2029.0,log_mean,Ifit3-high CD8 T,100,110,0.11108562795549343,0.0901595377431936,totalVI
totalvi,2029.0,log_mean,Low quality B cells,230,110,0.09901368818589727,0.05483188709840865,totalVI
totalvi,2029.0,log_mean,Low quality T cells,67,110,0.10319941836780427,0.07496764290086495,totalVI
totalvi,2029.0,log_mean,Ly6-high mono,77,110,0.2563961279103107,0.20969614571598572,totalVI
totalvi,2029.0,log_mean,MZ B,205,110,0.1731294643212725,0.09616843583171375,totalVI
totalvi,2029.0,log_mean,MZ/Marco-high macrophages,36,110,0.2548975886032462,0.24284250326860515,totalVI
totalvi,2029.0,log_mean,Mature B,2408,110,0.11487868592546155,0.03615800890483715,totalVI
totalvi,2029.0,log_mean,NK,104,110,0.22036320912105703,0.2125682588141922,totalVI
totalvi,2029.0,log_mean,NKT,117,110,0.28048635293429414,0.2746538108534672,totalVI
totalvi,2029.0,log_mean,Neutrophils,112,110,0.2128227774644324,0.20032020608680695,totalVI
totalvi,2029.0,log_mean,Red-pulp macrophages,35,110,0.09571504870936523,0.0988943347169219,totalVI
totalvi,2029.0,log_mean,T doublets,55,110,0.16984908380454997,0.1406728383768486,totalVI
totalvi,2029.0,log_mean,Transitional B,580,110,0.14218240585681957,0.0387811709018004,totalVI
totalvi,2029.0,log_mean,Tregs,115,110,0.1544518319215037,0.11181834886014785,totalVI
totalvi,2029.0,log_mean,cDC1s,62,110,0.3192086383534388,0.2993665586441423,totalVI
totalvi,2029.0,log_mean,cDC2s,65,110,0.2886172721183883,0.29516685841573875,totalVI
totalvi,2029.0,log_mean,pDCs,30,110,0.1485452783831098,0.14434719829472137,totalVI
totalvi,2029.0,pred_log,Activated CD4 T,38,110,0.10854780330574164,0.0870584144880931,totalVI
totalvi,2029.0,pred_log,B doublets,77,110,0.15324855261617007,0.10703850194301295,totalVI
totalvi,2029.0,pred_log,B-CD4 T cell doublets,62,110,0.14520832059014935,0.13118587731426756,totalVI
totalvi,2029.0,pred_log,B-CD8 T cell doublets,50,110,0.10089769207665973,0.04405668458403725,totalVI
totalvi,2029.0,pred_log,B-macrophage doublets,74,110,0.22719343593603125,0.17890637654990255,totalVI
totalvi,2029.0,pred_log,B1 B,162,110,0.19019599015482652,0.09879513036596124,totalVI
totalvi,2029.0,pred_log,CD122+ CD8 T,258,110,0.09387291628637912,0.034162606257974446,totalVI
totalvi,2029.0,pred_log,CD4 T,1077,110,0.07126461491027014,0.02052458736828465,totalVI
totalvi,2029.0,pred_log,CD8 T,680,110,0.07028411259027728,0.0267434042311487,totalVI
totalvi,2029.0,pred_log,Cycling B/T cells,81,110,0.30878207835933524,0.19475657769971474,totalVI
totalvi,2029.0,pred_log,GD T,73,110,0.17990235126442994,0.16024971823958395,totalVI
totalvi,2029.0,pred_log,ICOS-high Tregs,91,110,0.18600955383874973,0.13960100171584455,totalVI
totalvi,2029.0,pred_log,Ifit3-high B,249,110,0.08436645918355365,0.0491042746444513,totalVI
totalvi,2029.0,pred_log,Ifit3-high CD4 T,132,110,0.04097428752644278,0.0249399957591281,totalVI
totalvi,2029.0,pred_log,Ifit3-high CD8 T,100,110,0.0807973163947554,0.05421608198517085,totalVI
totalvi,2029.0,pred_log,Low quality B cells,230,110,0.07972192201597035,0.033412623050012,totalVI
totalvi,2029.0,pred_log,Low quality T cells,67,110,0.10661356695750586,0.08129986579281459,totalVI
totalvi,2029.0,pred_log,Ly6-high mono,77,110,0.227426533153855,0.15785092691555247,totalVI
totalvi,2029.0,pred_log,MZ B,205,110,0.1505013251156068,0.0491688623494175,totalVI
totalvi,2029.0,pred_log,MZ/Marco-high macrophages,36,110,0.2526533117340767,0.2623488473991874,totalVI
totalvi,2029.0,pred_log,Mature B,2408,110,0.09402259740823836,0.02070859698527195,totalVI
totalvi,2029.0,pred_log,NK,104,110,0.17677730800362287,0.171557050380308,totalVI
totalvi,2029.0,pred_log,NKT,117,110,0.2410397977826815,0.22625013141546835,totalVI
totalvi,2029.0,pred_log,Neutrophils,112,110,0.21729449705328702,0.2086883236816242,totalVI
totalvi,2029.0,pred_log,Red-pulp macrophages,35,110,0.10408681635905456,0.12030979158607015,totalVI
totalvi,2029.0,pred_log,T doublets,55,110,0.14265471915642927,0.10353630239662474,totalVI
totalvi,2029.0,pred_log,Transitional B,580,110,0.12710919363169743,0.01781523574312505,totalVI
totalvi,2029.0,pred_log,Tregs,115,110,0.12708325879847493,0.0787142371357568,totalVI
totalvi,2029.0,pred_log,cDC1s,62,110,0.28846671529082946,0.21451722855852728,totalVI
totalvi,2029.0,pred_log,cDC2s,65,110,0.2644598090942284,0.2629963100345551,totalVI
totalvi,2029.0,pred_log,pDCs,30,110,0.1170529671573438,0.09196391494325465,totalVI
totalvi,2030.0,calibrated,Activated CD4 T,38,110,0.12941274094282745,0.08124470439742346,totalVI
totalvi,2030.0,calibrated,B doublets,77,110,0.1660970482967391,0.1048846100878409,totalVI
totalvi,2030.0,calibrated,B-CD4 T cell doublets,62,110,0.1664006913843641,0.1326970011277562,totalVI
totalvi,2030.0,calibrated,B-CD8 T cell doublets,50,110,0.12924512876168032,0.0901980574613549,totalVI
totalvi,2030.0,calibrated,B-macrophage doublets,74,110,0.22693552446752407,0.19520505134243266,totalVI
totalvi,2030.0,calibrated,B1 B,162,110,0.17670174727252608,0.07870578793708165,totalVI
totalvi,2030.0,calibrated,CD122+ CD8 T,258,110,0.11508276784882694,0.0533961016191733,totalVI
totalvi,2030.0,calibrated,CD4 T,1077,110,0.08018206564824322,0.02452717824134895,totalVI
totalvi,2030.0,calibrated,CD8 T,680,110,0.08148780335083985,0.03948092638635545,totalVI
totalvi,2030.0,calibrated,Cycling B/T cells,81,110,0.3145885760984474,0.22925891322731168,totalVI
totalvi,2030.0,calibrated,GD T,73,110,0.18727952879408244,0.15298575924200375,totalVI
totalvi,2030.0,calibrated,ICOS-high Tregs,91,110,0.18646112038254642,0.1343231178847221,totalVI
totalvi,2030.0,calibrated,Ifit3-high B,249,110,0.08852793280689097,0.04170210207579275,totalVI
totalvi,2030.0,calibrated,Ifit3-high CD4 T,132,110,0.06765757555467833,0.036293091378557796,totalVI
totalvi,2030.0,calibrated,Ifit3-high CD8 T,100,110,0.1027242257596759,0.09770308726628135,totalVI
totalvi,2030.0,calibrated,Low quality B cells,230,110,0.09310769570282033,0.0485854185904887,totalVI
totalvi,2030.0,calibrated,Low quality T cells,67,110,0.11308168628168977,0.07783393661590475,totalVI
totalvi,2030.0,calibrated,Ly6-high mono,77,110,0.26468731954344654,0.21748211491525477,totalVI
totalvi,2030.0,calibrated,MZ B,205,110,0.17440318573928323,0.08630198286587475,totalVI
totalvi,2030.0,calibrated,MZ/Marco-high macrophages,36,110,0.24161212757389777,0.2335654697139312,totalVI
totalvi,2030.0,calibrated,Mature B,2408,110,0.11216449574679739,0.0327257354580417,totalVI
totalvi,2030.0,calibrated,NK,104,110,0.21615861042098194,0.2028739394207142,totalVI
totalvi,2030.0,calibrated,NKT,117,110,0.2943388764357241,0.2853211447382953,totalVI
totalvi,2030.0,calibrated,Neutrophils,112,110,0.19849596090469296,0.2011314041344784,totalVI
totalvi,2030.0,calibrated,Red-pulp macrophages,35,110,0.07974665222422497,0.08046103240372121,totalVI
totalvi,2030.0,calibrated,T doublets,55,110,0.15769950139912356,0.10677593519321515,totalVI
totalvi,2030.0,calibrated,Transitional B,580,110,0.14282794216103364,0.028681554097628847,totalVI
totalvi,2030.0,calibrated,Tregs,115,110,0.15185123519969665,0.0924846614156168,totalVI
totalvi,2030.0,calibrated,cDC1s,62,110,0.29362198663526456,0.26879658706177856,totalVI
totalvi,2030.0,calibrated,cDC2s,65,110,0.2655221087736871,0.261293663933893,totalVI
totalvi,2030.0,calibrated,pDCs,30,110,0.14641518832996886,0.1516511648111599,totalVI
totalvi,2030.0,log_mean,Activated CD4 T,38,110,0.12941274094282745,0.08124470439742346,totalVI
totalvi,2030.0,log_mean,B doublets,77,110,0.1660970482967391,0.1048846100878409,totalVI
totalvi,2030.0,log_mean,B-CD4 T cell doublets,62,110,0.1664006913843641,0.1326970011277562,totalVI
totalvi,2030.0,log_mean,B-CD8 T cell doublets,50,110,0.12924512876168032,0.0901980574613549,totalVI
totalvi,2030.0,log_mean,B-macrophage doublets,74,110,0.22693552446752407,0.19520505134243266,totalVI
totalvi,2030.0,log_mean,B1 B,162,110,0.17670174727252608,0.07870578793708165,totalVI
totalvi,2030.0,log_mean,CD122+ CD8 T,258,110,0.11508276784882694,0.0533961016191733,totalVI
totalvi,2030.0,log_mean,CD4 T,1077,110,0.08018206564824322,0.02452717824134895,totalVI
totalvi,2030.0,log_mean,CD8 T,680,110,0.08148780335083985,0.03948092638635545,totalVI
totalvi,2030.0,log_mean,Cycling B/T cells,81,110,0.3145885760984474,0.22925891322731168,totalVI
totalvi,2030.0,log_mean,GD T,73,110,0.18727952879408244,0.15298575924200375,totalVI
totalvi,2030.0,log_mean,ICOS-high Tregs,91,110,0.18646112038254642,0.1343231178847221,totalVI
totalvi,2030.0,log_mean,Ifit3-high B,249,110,0.08852793280689097,0.04170210207579275,totalVI
totalvi,2030.0,log_mean,Ifit3-high CD4 T,132,110,0.06765757555467833,0.036293091378557796,totalVI
totalvi,2030.0,log_mean,Ifit3-high CD8 T,100,110,0.1027242257596759,0.09770308726628135,totalVI
totalvi,2030.0,log_mean,Low quality B cells,230,110,0.09310769570282033,0.0485854185904887,totalVI
totalvi,2030.0,log_mean,Low quality T cells,67,110,0.11308168628168977,0.07783393661590475,totalVI
totalvi,2030.0,log_mean,Ly6-high mono,77,110,0.26468731954344654,0.21748211491525477,totalVI
totalvi,2030.0,log_mean,MZ B,205,110,0.17440318573928323,0.08630198286587475,totalVI
totalvi,2030.0,log_mean,MZ/Marco-high macrophages,36,110,0.24161212757389777,0.2335654697139312,totalVI
totalvi,2030.0,log_mean,Mature B,2408,110,0.11216449574679739,0.0327257354580417,totalVI
totalvi,2030.0,log_mean,NK,104,110,0.21615861042098194,0.2028739394207142,totalVI
totalvi,2030.0,log_mean,NKT,117,110,0.2943388764357241,0.2853211447382953,totalVI
totalvi,2030.0,log_mean,Neutrophils,112,110,0.19849596090469296,0.2011314041344784,totalVI
totalvi,2030.0,log_mean,Red-pulp macrophages,35,110,0.07974665222422497,0.08046103240372121,totalVI
totalvi,2030.0,log_mean,T doublets,55,110,0.15769950139912356,0.10677593519321515,totalVI
totalvi,2030.0,log_mean,Transitional B,580,110,0.14282794216103364,0.028681554097628847,totalVI
totalvi,2030.0,log_mean,Tregs,115,110,0.15185123519969665,0.0924846614156168,totalVI
totalvi,2030.0,log_mean,cDC1s,62,110,0.29362198663526456,0.26879658706177856,totalVI
totalvi,2030.0,log_mean,cDC2s,65,110,0.2655221087736871,0.261293663933893,totalVI
totalvi,2030.0,log_mean,pDCs,30,110,0.14641518832996886,0.1516511648111599,totalVI
totalvi,2030.0,pred_log,Activated CD4 T,38,110,0.08518180947630202,0.04051807265732205,totalVI
totalvi,2030.0,pred_log,B doublets,77,110,0.1446659235788488,0.0890589668911193,totalVI
totalvi,2030.0,pred_log,B-CD4 T cell doublets,62,110,0.1356778090047426,0.0912496383738356,totalVI
totalvi,2030.0,pred_log,B-CD8 T cell doublets,50,110,0.12182286857492813,0.0921818926091248,totalVI
totalvi,2030.0,pred_log,B-macrophage doublets,74,110,0.23096362668067416,0.19945383513003162,totalVI
totalvi,2030.0,pred_log,B1 B,162,110,0.17714642439651468,0.0645172607492949,totalVI
totalvi,2030.0,pred_log,CD122+ CD8 T,258,110,0.0904181608282664,0.0316477626718456,totalVI
totalvi,2030.0,pred_log,CD4 T,1077,110,0.06904705576888649,0.0217133815804679,totalVI
totalvi,2030.0,pred_log,CD8 T,680,110,0.06768077731709991,0.03108012094065475,totalVI
totalvi,2030.0,pred_log,Cycling B/T cells,81,110,0.3037494820826893,0.2085771263308378,totalVI
totalvi,2030.0,pred_log,GD T,73,110,0.18001604682568942,0.14072288058308968,totalVI
totalvi,2030.0,pred_log,ICOS-high Tregs,91,110,0.19688778353822722,0.1461228035606258,totalVI
totalvi,2030.0,pred_log,Ifit3-high B,249,110,0.0792810457033358,0.0310303348972614,totalVI
totalvi,2030.0,pred_log,Ifit3-high CD4 T,132,110,0.05773973773096878,0.0279803868027838,totalVI
totalvi,2030.0,pred_log,Ifit3-high CD8 T,100,110,0.07671795521972587,0.0476785712768008,totalVI
totalvi,2030.0,pred_log,Low quality B cells,230,110,0.0808182539989951,0.0389002361537943,totalVI
totalvi,2030.0,pred_log,Low quality T cells,67,110,0.08148449243636875,0.0398909205781817,totalVI
totalvi,2030.0,pred_log,Ly6-high mono,77,110,0.23820326624918817,0.1940312975013183,totalVI
totalvi,2030.0,pred_log,MZ B,205,110,0.15019621118519003,0.0608697147175216,totalVI
totalvi,2030.0,pred_log,MZ/Marco-high macrophages,36,110,0.23352412062016592,0.2357947354195543,totalVI
totalvi,2030.0,pred_log,Mature B,2408,110,0.09686206446722792,0.020155607992871,totalVI
totalvi,2030.0,pred_log,NK,104,110,0.1884640380045601,0.17890132149637025,totalVI
totalvi,2030.0,pred_log,NKT,117,110,0.25603467887280884,0.21364152514717025,totalVI
totalvi,2030.0,pred_log,Neutrophils,112,110,0.18477578070159248,0.17859221807860926,totalVI
totalvi,2030.0,pred_log,Red-pulp macrophages,35,110,0.08879973568369898,0.07996941904792715,totalVI
totalvi,2030.0,pred_log,T doublets,55,110,0.1413675629364952,0.0807393699597116,totalVI
totalvi,2030.0,pred_log,Transitional B,580,110,0.1280023504478962,0.022659236439089347,totalVI
totalvi,2030.0,pred_log,Tregs,115,110,0.12018505954291382,0.0598956439558099,totalVI
totalvi,2030.0,pred_log,cDC1s,62,110,0.2859912919626224,0.2694556559852458,totalVI
totalvi,2030.0,pred_log,cDC2s,65,110,0.22853563636262172,0.2187920052334646,totalVI
totalvi,2030.0,pred_log,pDCs,30,110,0.12921688698450076,0.1302841025483077,totalVI
totalvi,2031.0,calibrated,Activated CD4 T,38,110,0.1476945839126371,0.13326896619830725,totalVI
totalvi,2031.0,calibrated,B doublets,77,110,0.16881062831799007,0.10437225873962269,totalVI
totalvi,2031.0,calibrated,B-CD4 T cell doublets,62,110,0.17528810150079693,0.16168846456437094,totalVI
totalvi,2031.0,calibrated,B-CD8 T cell doublets,50,110,0.12403371443377571,0.08678980271193795,totalVI
totalvi,2031.0,calibrated,B-macrophage doublets,74,110,0.23355740647617426,0.18118737206431546,totalVI
totalvi,2031.0,calibrated,B1 B,162,110,0.20101024683102475,0.0970264728752061,totalVI
totalvi,2031.0,calibrated,CD122+ CD8 T,258,110,0.12289763378953883,0.06884546180722925,totalVI
totalvi,2031.0,calibrated,CD4 T,1077,110,0.08051506405941912,0.02872398021584125,totalVI
totalvi,2031.0,calibrated,CD8 T,680,110,0.08292950272337822,0.03656240781074425,totalVI
totalvi,2031.0,calibrated,Cycling B/T cells,81,110,0.3276902382106624,0.23070231961183935,totalVI
totalvi,2031.0,calibrated,GD T,73,110,0.1902551085475596,0.14386207734520423,totalVI
totalvi,2031.0,calibrated,ICOS-high Tregs,91,110,0.17573242153785967,0.1260906236782464,totalVI
totalvi,2031.0,calibrated,Ifit3-high B,249,110,0.09178046706704894,0.04785013850601315,totalVI
totalvi,2031.0,calibrated,Ifit3-high CD4 T,132,110,0.057125289386842436,0.023628487597712848,totalVI
totalvi,2031.0,calibrated,Ifit3-high CD8 T,100,110,0.11834871655050015,0.08531672433288859,totalVI
totalvi,2031.0,calibrated,Low quality B cells,230,110,0.09908934916519654,0.05661034858593095,totalVI
totalvi,2031.0,calibrated,Low quality T cells,67,110,0.09685960757054604,0.0604760739137778,totalVI
totalvi,2031.0,calibrated,Ly6-high mono,77,110,0.23543912885443158,0.1988669285343567,totalVI
totalvi,2031.0,calibrated,MZ B,205,110,0.16960002301838473,0.0653819995247025,totalVI
totalvi,2031.0,calibrated,MZ/Marco-high macrophages,36,110,0.20590928293177937,0.2236152656213275,totalVI
totalvi,2031.0,calibrated,Mature B,2408,110,0.11833896854351926,0.03924157507456605,totalVI
totalvi,2031.0,calibrated,NK,104,110,0.21369407732918957,0.18892944991693816,totalVI
totalvi,2031.0,calibrated,NKT,117,110,0.28688290754368395,0.2698898213883115,totalVI
totalvi,2031.0,calibrated,Neutrophils,112,110,0.17888841747807255,0.15578402248714757,totalVI
totalvi,2031.0,calibrated,Red-pulp macrophages,35,110,0.0312902119824678,0.04322619441932205,totalVI
totalvi,2031.0,calibrated,T doublets,55,110,0.12370305547767517,0.07806120504486555,totalVI
totalvi,2031.0,calibrated,Transitional B,580,110,0.14028368098813845,0.0352633656092689,totalVI
totalvi,2031.0,calibrated,Tregs,115,110,0.16041048767232347,0.09334023179908385,totalVI
totalvi,2031.0,calibrated,cDC1s,62,110,0.3099785775370991,0.28972485870049935,totalVI
totalvi,2031.0,calibrated,cDC2s,65,110,0.2736302936696502,0.25411336835976234,totalVI
totalvi,2031.0,calibrated,pDCs,30,110,0.0641438802937039,0.0696069076022047,totalVI
totalvi,2031.0,log_mean,Activated CD4 T,38,110,0.1476945839126371,0.13326896619830725,totalVI
totalvi,2031.0,log_mean,B doublets,77,110,0.16881062831799007,0.10437225873962269,totalVI
totalvi,2031.0,log_mean,B-CD4 T cell doublets,62,110,0.17528810150079693,0.16168846456437094,totalVI
totalvi,2031.0,log_mean,B-CD8 T cell doublets,50,110,0.12403371443377571,0.08678980271193795,totalVI
totalvi,2031.0,log_mean,B-macrophage doublets,74,110,0.23355740647617426,0.18118737206431546,totalVI
totalvi,2031.0,log_mean,B1 B,162,110,0.20101024683102475,0.0970264728752061,totalVI
totalvi,2031.0,log_mean,CD122+ CD8 T,258,110,0.12289763378953883,0.06884546180722925,totalVI
totalvi,2031.0,log_mean,CD4 T,1077,110,0.08051506405941912,0.02872398021584125,totalVI
totalvi,2031.0,log_mean,CD8 T,680,110,0.08292950272337822,0.03656240781074425,totalVI
totalvi,2031.0,log_mean,Cycling B/T cells,81,110,0.3276902382106624,0.23070231961183935,totalVI
totalvi,2031.0,log_mean,GD T,73,110,0.1902551085475596,0.14386207734520423,totalVI
totalvi,2031.0,log_mean,ICOS-high Tregs,91,110,0.17573242153785967,0.1260906236782464,totalVI
totalvi,2031.0,log_mean,Ifit3-high B,249,110,0.09178046706704894,0.04785013850601315,totalVI
totalvi,2031.0,log_mean,Ifit3-high CD4 T,132,110,0.057125289386842436,0.023628487597712848,totalVI
totalvi,2031.0,log_mean,Ifit3-high CD8 T,100,110,0.11834871655050015,0.08531672433288859,totalVI
totalvi,2031.0,log_mean,Low quality B cells,230,110,0.09908934916519654,0.05661034858593095,totalVI
totalvi,2031.0,log_mean,Low quality T cells,67,110,0.09685960757054604,0.0604760739137778,totalVI
totalvi,2031.0,log_mean,Ly6-high mono,77,110,0.23543912885443158,0.1988669285343567,totalVI
totalvi,2031.0,log_mean,MZ B,205,110,0.16960002301838473,0.0653819995247025,totalVI
totalvi,2031.0,log_mean,MZ/Marco-high macrophages,36,110,0.20590928293177937,0.2236152656213275,totalVI
totalvi,2031.0,log_mean,Mature B,2408,110,0.11833896854351926,0.03924157507456605,totalVI
totalvi,2031.0,log_mean,NK,104,110,0.21369407732918957,0.18892944991693816,totalVI
totalvi,2031.0,log_mean,NKT,117,110,0.28688290754368395,0.2698898213883115,totalVI
totalvi,2031.0,log_mean,Neutrophils,112,110,0.17888841747807255,0.15578402248714757,totalVI
totalvi,2031.0,log_mean,Red-pulp macrophages,35,110,0.0312902119824678,0.04322619441932205,totalVI
totalvi,2031.0,log_mean,T doublets,55,110,0.12370305547767517,0.07806120504486555,totalVI
totalvi,2031.0,log_mean,Transitional B,580,110,0.14028368098813845,0.0352633656092689,totalVI
totalvi,2031.0,log_mean,Tregs,115,110,0.16041048767232347,0.09334023179908385,totalVI
totalvi,2031.0,log_mean,cDC1s,62,110,0.3099785775370991,0.28972485870049935,totalVI
totalvi,2031.0,log_mean,cDC2s,65,110,0.2736302936696502,0.25411336835976234,totalVI
totalvi,2031.0,log_mean,pDCs,30,110,0.0641438802937039,0.0696069076022047,totalVI
totalvi,2031.0,pred_log,Activated CD4 T,38,110,0.09295840924700655,0.06662258748550995,totalVI
totalvi,2031.0,pred_log,B doublets,77,110,0.14795738190673877,0.0787476676122793,totalVI
totalvi,2031.0,pred_log,B-CD4 T cell doublets,62,110,0.13766739237282621,0.14056187752059152,totalVI
totalvi,2031.0,pred_log,B-CD8 T cell doublets,50,110,0.11097026914488367,0.0795481981027036,totalVI
totalvi,2031.0,pred_log,B-macrophage doublets,74,110,0.23461066108574766,0.19584127969193094,totalVI
totalvi,2031.0,pred_log,B1 B,162,110,0.17868132701018255,0.0670078149589852,totalVI
totalvi,2031.0,pred_log,CD122+ CD8 T,258,110,0.10338188866057466,0.04811046662273235,totalVI
totalvi,2031.0,pred_log,CD4 T,1077,110,0.06647566601504214,0.02136181860003205,totalVI
totalvi,2031.0,pred_log,CD8 T,680,110,0.06863869916416276,0.0192310397490797,totalVI
totalvi,2031.0,pred_log,Cycling B/T cells,81,110,0.31321114694958097,0.2369183710968698,totalVI
totalvi,2031.0,pred_log,GD T,73,110,0.18995957691189244,0.15324839835078197,totalVI
totalvi,2031.0,pred_log,ICOS-high Tregs,91,110,0.17529375809469358,0.1363896779363756,totalVI
totalvi,2031.0,pred_log,Ifit3-high B,249,110,0.07136802275154029,0.020378312429352348,totalVI
totalvi,2031.0,pred_log,Ifit3-high CD4 T,132,110,0.03609533909241953,0.02010621430406245,totalVI
totalvi,2031.0,pred_log,Ifit3-high CD8 T,100,110,0.10220563777907243,0.0863092091160801,totalVI
totalvi,2031.0,pred_log,Low quality B cells,230,110,0.08285856754725292,0.04544488934504835,totalVI
totalvi,2031.0,pred_log,Low quality T cells,67,110,0.10083517222216679,0.0851823882791647,totalVI
totalvi,2031.0,pred_log,Ly6-high mono,77,110,0.22412599165553163,0.184374008516054,totalVI
totalvi,2031.0,pred_log,MZ B,205,110,0.15665295020984948,0.06801470959843325,totalVI
totalvi,2031.0,pred_log,MZ/Marco-high macrophages,36,110,0.20000723837732431,0.2084575421696931,totalVI
totalvi,2031.0,pred_log,Mature B,2408,110,0.10002258117765034,0.0197216099057059,totalVI
totalvi,2031.0,pred_log,NK,104,110,0.19579923113594788,0.1777265525984011,totalVI
totalvi,2031.0,pred_log,NKT,117,110,0.23970886400797076,0.1941785745341329,totalVI
totalvi,2031.0,pred_log,Neutrophils,112,110,0.16626117521886608,0.15805882003469213,totalVI
totalvi,2031.0,pred_log,Red-pulp macrophages,35,110,0.06263886830800568,0.06876031224403781,totalVI
totalvi,2031.0,pred_log,T doublets,55,110,0.11992699031840896,0.08011002173756784,totalVI
totalvi,2031.0,pred_log,Transitional B,580,110,0.13627305558510897,0.03726775152961105,totalVI
totalvi,2031.0,pred_log,Tregs,115,110,0.15240049943972755,0.1027646345071735,totalVI
totalvi,2031.0,pred_log,cDC1s,62,110,0.2823472379778769,0.24036782735065165,totalVI
totalvi,2031.0,pred_log,cDC2s,65,110,0.24020570543801853,0.1946560232476134,totalVI
totalvi,2031.0,pred_log,pDCs,30,110,0.05820361515650336,0.07253091643885325,totalVI
totalvi,2032.0,calibrated,Activated CD4 T,38,110,0.13811180013848487,0.11853651833585305,totalVI
totalvi,2032.0,calibrated,B doublets,77,110,0.1586905791223061,0.1022795235626809,totalVI
totalvi,2032.0,calibrated,B-CD4 T cell doublets,62,110,0.17515655451520315,0.15467921148205116,totalVI
totalvi,2032.0,calibrated,B-CD8 T cell doublets,50,110,0.11539291986095793,0.09925128170150975,totalVI
totalvi,2032.0,calibrated,B-macrophage doublets,74,110,0.22551226836342467,0.1944640778856489,totalVI
totalvi,2032.0,calibrated,B1 B,162,110,0.18646740715481716,0.0718813701370268,totalVI
totalvi,2032.0,calibrated,CD122+ CD8 T,258,110,0.12009979572915469,0.06488780216202986,totalVI
totalvi,2032.0,calibrated,CD4 T,1077,110,0.07876103889401626,0.020103549820644002,totalVI
totalvi,2032.0,calibrated,CD8 T,680,110,0.07415355113360385,0.02530577554714905,totalVI
totalvi,2032.0,calibrated,Cycling B/T cells,81,110,0.32833706747433467,0.2555983491830393,totalVI
totalvi,2032.0,calibrated,GD T,73,110,0.1852408694503701,0.15691180935533425,totalVI
totalvi,2032.0,calibrated,ICOS-high Tregs,91,110,0.17629834945777742,0.1276168870778778,totalVI
totalvi,2032.0,calibrated,Ifit3-high B,249,110,0.09890164905456406,0.06762476172111759,totalVI
totalvi,2032.0,calibrated,Ifit3-high CD4 T,132,110,0.06790113578644832,0.03834521402683315,totalVI
totalvi,2032.0,calibrated,Ifit3-high CD8 T,100,110,0.10109828984955378,0.0771318747630195,totalVI
totalvi,2032.0,calibrated,Low quality B cells,230,110,0.09969542837650117,0.0618738889406854,totalVI
totalvi,2032.0,calibrated,Low quality T cells,67,110,0.09448899907528392,0.061126762096590945,totalVI
totalvi,2032.0,calibrated,Ly6-high mono,77,110,0.26523391833249427,0.24262964199012194,totalVI
totalvi,2032.0,calibrated,MZ B,205,110,0.16960393789825998,0.07307402168641469,totalVI
totalvi,2032.0,calibrated,MZ/Marco-high macrophages,36,110,0.24951329392107038,0.25702521937931155,totalVI
totalvi,2032.0,calibrated,Mature B,2408,110,0.11583746494997252,0.03298223001525945,totalVI
totalvi,2032.0,calibrated,NK,104,110,0.2086409607925249,0.19774336835759454,totalVI
totalvi,2032.0,calibrated,NKT,117,110,0.2843332673824717,0.2867075301290629,totalVI
totalvi,2032.0,calibrated,Neutrophils,112,110,0.19967963905990804,0.1684436059738973,totalVI
totalvi,2032.0,calibrated,Red-pulp macrophages,35,110,0.08925956978165683,0.10186775906459455,totalVI
totalvi,2032.0,calibrated,T doublets,55,110,0.1475520122079492,0.1204822775407915,totalVI
totalvi,2032.0,calibrated,Transitional B,580,110,0.14169632010670485,0.04540450831502825,totalVI
totalvi,2032.0,calibrated,Tregs,115,110,0.15771111825571793,0.0907638081772925,totalVI
totalvi,2032.0,calibrated,cDC1s,62,110,0.303490818169221,0.2661682799998141,totalVI
totalvi,2032.0,calibrated,cDC2s,65,110,0.2923819631443419,0.30206960907902575,totalVI
totalvi,2032.0,calibrated,pDCs,30,110,0.13531406363324833,0.14459888157139866,totalVI
totalvi,2032.0,log_mean,Activated CD4 T,38,110,0.13811180013848487,0.11853651833585305,totalVI
totalvi,2032.0,log_mean,B doublets,77,110,0.1586905791223061,0.1022795235626809,totalVI
totalvi,2032.0,log_mean,B-CD4 T cell doublets,62,110,0.17515655451520315,0.15467921148205116,totalVI
totalvi,2032.0,log_mean,B-CD8 T cell doublets,50,110,0.11539291986095793,0.09925128170150975,totalVI
totalvi,2032.0,log_mean,B-macrophage doublets,74,110,0.22551226836342467,0.1944640778856489,totalVI
totalvi,2032.0,log_mean,B1 B,162,110,0.18646740715481716,0.0718813701370268,totalVI
totalvi,2032.0,log_mean,CD122+ CD8 T,258,110,0.12009979572915469,0.06488780216202986,totalVI
totalvi,2032.0,log_mean,CD4 T,1077,110,0.07876103889401626,0.020103549820644002,totalVI
totalvi,2032.0,log_mean,CD8 T,680,110,0.07415355113360385,0.02530577554714905,totalVI
totalvi,2032.0,log_mean,Cycling B/T cells,81,110,0.32833706747433467,0.2555983491830393,totalVI
totalvi,2032.0,log_mean,GD T,73,110,0.1852408694503701,0.15691180935533425,totalVI
totalvi,2032.0,log_mean,ICOS-high Tregs,91,110,0.17629834945777742,0.1276168870778778,totalVI
totalvi,2032.0,log_mean,Ifit3-high B,249,110,0.09890164905456406,0.06762476172111759,totalVI
totalvi,2032.0,log_mean,Ifit3-high CD4 T,132,110,0.06790113578644832,0.03834521402683315,totalVI
totalvi,2032.0,log_mean,Ifit3-high CD8 T,100,110,0.10109828984955378,0.0771318747630195,totalVI
totalvi,2032.0,log_mean,Low quality B cells,230,110,0.09969542837650117,0.0618738889406854,totalVI
totalvi,2032.0,log_mean,Low quality T cells,67,110,0.09448899907528392,0.061126762096590945,totalVI
totalvi,2032.0,log_mean,Ly6-high mono,77,110,0.26523391833249427,0.24262964199012194,totalVI
totalvi,2032.0,log_mean,MZ B,205,110,0.16960393789825998,0.07307402168641469,totalVI
totalvi,2032.0,log_mean,MZ/Marco-high macrophages,36,110,0.24951329392107038,0.25702521937931155,totalVI
totalvi,2032.0,log_mean,Mature B,2408,110,0.11583746494997252,0.03298223001525945,totalVI
totalvi,2032.0,log_mean,NK,104,110,0.2086409607925249,0.19774336835759454,totalVI
totalvi,2032.0,log_mean,NKT,117,110,0.2843332673824717,0.2867075301290629,totalVI
totalvi,2032.0,log_mean,Neutrophils,112,110,0.19967963905990804,0.1684436059738973,totalVI
totalvi,2032.0,log_mean,Red-pulp macrophages,35,110,0.08925956978165683,0.10186775906459455,totalVI
totalvi,2032.0,log_mean,T doublets,55,110,0.1475520122079492,0.1204822775407915,totalVI
totalvi,2032.0,log_mean,Transitional B,580,110,0.14169632010670485,0.04540450831502825,totalVI
totalvi,2032.0,log_mean,Tregs,115,110,0.15771111825571793,0.0907638081772925,totalVI
totalvi,2032.0,log_mean,cDC1s,62,110,0.303490818169221,0.2661682799998141,totalVI
totalvi,2032.0,log_mean,cDC2s,65,110,0.2923819631443419,0.30206960907902575,totalVI
totalvi,2032.0,log_mean,pDCs,30,110,0.13531406363324833,0.14459888157139866,totalVI
totalvi,2032.0,pred_log,Activated CD4 T,38,110,0.09761479910828115,0.0788127194831057,totalVI
totalvi,2032.0,pred_log,B doublets,77,110,0.13905830196710012,0.07352044419290185,totalVI
totalvi,2032.0,pred_log,B-CD4 T cell doublets,62,110,0.14673413646121913,0.1042264930006578,totalVI
totalvi,2032.0,pred_log,B-CD8 T cell doublets,50,110,0.11061651706340461,0.0833526054116709,totalVI
totalvi,2032.0,pred_log,B-macrophage doublets,74,110,0.22045866224322744,0.2059753081729524,totalVI
totalvi,2032.0,pred_log,B1 B,162,110,0.16469534379564124,0.04388296705303015,totalVI
totalvi,2032.0,pred_log,CD122+ CD8 T,258,110,0.10446661152803337,0.059318607683324004,totalVI
totalvi,2032.0,pred_log,CD4 T,1077,110,0.06572008880674633,0.0186681092256578,totalVI
totalvi,2032.0,pred_log,CD8 T,680,110,0.06730149654433998,0.032385777057438545,totalVI
totalvi,2032.0,pred_log,Cycling B/T cells,81,110,0.30664326775628814,0.2069473288080885,totalVI
totalvi,2032.0,pred_log,GD T,73,110,0.18101856573595335,0.1328256664716804,totalVI
totalvi,2032.0,pred_log,ICOS-high Tregs,91,110,0.16612884754975954,0.0947667103685004,totalVI
totalvi,2032.0,pred_log,Ifit3-high B,249,110,0.08113412483935462,0.0501334553951693,totalVI
totalvi,2032.0,pred_log,Ifit3-high CD4 T,132,110,0.06971012372393856,0.041311032899016706,totalVI
totalvi,2032.0,pred_log,Ifit3-high CD8 T,100,110,0.08178089208879515,0.0436525427296455,totalVI
totalvi,2032.0,pred_log,Low quality B cells,230,110,0.07309011767661215,0.02717669863021,totalVI
totalvi,2032.0,pred_log,Low quality T cells,67,110,0.09744981701308496,0.0599758292127452,totalVI
totalvi,2032.0,pred_log,Ly6-high mono,77,110,0.24515505573935267,0.1906026286593817,totalVI
totalvi,2032.0,pred_log,MZ B,205,110,0.14638229335712918,0.0561613801259806,totalVI
totalvi,2032.0,pred_log,MZ/Marco-high macrophages,36,110,0.21131875447746254,0.20526729502109992,totalVI
totalvi,2032.0,pred_log,Mature B,2408,110,0.09716813379626692,0.01780284733467155,totalVI
totalvi,2032.0,pred_log,NK,104,110,0.17835967933965438,0.1638216556767643,totalVI
totalvi,2032.0,pred_log,NKT,117,110,0.24672099626506833,0.22960278047202815,totalVI
totalvi,2032.0,pred_log,Neutrophils,112,110,0.1852302714917661,0.1652472758301713,totalVI
totalvi,2032.0,pred_log,Red-pulp macrophages,35,110,0.07937349552754865,0.0844877116486148,totalVI
totalvi,2032.0,pred_log,T doublets,55,110,0.13781882436347032,0.07827620962520365,totalVI
totalvi,2032.0,pred_log,Transitional B,580,110,0.1314377184571989,0.0348944404017095,totalVI
totalvi,2032.0,pred_log,Tregs,115,110,0.14648839500545982,0.09533372880312935,totalVI
totalvi,2032.0,pred_log,cDC1s,62,110,0.2661588256307991,0.22029996286490466,totalVI
totalvi,2032.0,pred_log,cDC2s,65,110,0.2689273715050407,0.2514943842297309,totalVI
totalvi,2032.0,pred_log,pDCs,30,110,0.1295445884602692,0.1561048187768645,totalVI
totalvi,2033.0,calibrated,Activated CD4 T,38,110,0.128061113676263,0.1179994697881315,totalVI
totalvi,2033.0,calibrated,B doublets,77,110,0.1704233487326224,0.10217070532381489,totalVI
totalvi,2033.0,calibrated,B-CD4 T cell doublets,62,110,0.1542442252160016,0.1332606942282638,totalVI
totalvi,2033.0,calibrated,B-CD8 T cell doublets,50,110,0.13200523619067667,0.12084302055066534,totalVI
totalvi,2033.0,calibrated,B-macrophage doublets,74,110,0.22106788397638752,0.17467569521286694,totalVI
totalvi,2033.0,calibrated,B1 B,162,110,0.20237573576000856,0.1072342105428761,totalVI
totalvi,2033.0,calibrated,CD122+ CD8 T,258,110,0.1253731870635643,0.07429768755632304,totalVI
totalvi,2033.0,calibrated,CD4 T,1077,110,0.08055302741146987,0.027464358542768,totalVI
totalvi,2033.0,calibrated,CD8 T,680,110,0.08611357166953894,0.044429442184540244,totalVI
totalvi,2033.0,calibrated,Cycling B/T cells,81,110,0.32033873949540087,0.2301081476407918,totalVI
totalvi,2033.0,calibrated,GD T,73,110,0.2084572737403774,0.17791435681295664,totalVI
totalvi,2033.0,calibrated,ICOS-high Tregs,91,110,0.19275793294346358,0.1257735315818773,totalVI
totalvi,2033.0,calibrated,Ifit3-high B,249,110,0.09519351788289027,0.0514492460468417,totalVI
totalvi,2033.0,calibrated,Ifit3-high CD4 T,132,110,0.052431630606061735,0.02448913849535625,totalVI
totalvi,2033.0,calibrated,Ifit3-high CD8 T,100,110,0.12188129260187754,0.1150550623615153,totalVI
totalvi,2033.0,calibrated,Low quality B cells,230,110,0.11274599312519089,0.0602541934817419,totalVI
totalvi,2033.0,calibrated,Low quality T cells,67,110,0.10956785348943654,0.087781489496031,totalVI
totalvi,2033.0,calibrated,Ly6-high mono,77,110,0.25865680460326695,0.19375863985645275,totalVI
totalvi,2033.0,calibrated,MZ B,205,110,0.1746809983529898,0.08445316540853105,totalVI
totalvi,2033.0,calibrated,MZ/Marco-high macrophages,36,110,0.2400270166081096,0.24214248161585178,totalVI
totalvi,2033.0,calibrated,Mature B,2408,110,0.11244340124715513,0.03111562864275435,totalVI
totalvi,2033.0,calibrated,NK,104,110,0.21507819953262827,0.19450752547330397,totalVI
totalvi,2033.0,calibrated,NKT,117,110,0.28463189295878616,0.2826906886308093,totalVI
totalvi,2033.0,calibrated,Neutrophils,112,110,0.1973847139237063,0.16790565589180023,totalVI
totalvi,2033.0,calibrated,Red-pulp macrophages,35,110,0.08097471450541636,0.07837750519710765,totalVI
totalvi,2033.0,calibrated,T doublets,55,110,0.14311373752337173,0.1018612716264723,totalVI
totalvi,2033.0,calibrated,Transitional B,580,110,0.14237032454940318,0.031594182476107,totalVI
totalvi,2033.0,calibrated,Tregs,115,110,0.16056779243561614,0.11231773380257845,totalVI
totalvi,2033.0,calibrated,cDC1s,62,110,0.2984905799547455,0.2628609526856407,totalVI
totalvi,2033.0,calibrated,cDC2s,65,110,0.2996834781429392,0.27400134062288034,totalVI
totalvi,2033.0,calibrated,pDCs,30,110,0.17889321961207447,0.1961881012160559,totalVI
totalvi,2033.0,log_mean,Activated CD4 T,38,110,0.128061113676263,0.1179994697881315,totalVI
totalvi,2033.0,log_mean,B doublets,77,110,0.1704233487326224,0.10217070532381489,totalVI
totalvi,2033.0,log_mean,B-CD4 T cell doublets,62,110,0.1542442252160016,0.1332606942282638,totalVI
totalvi,2033.0,log_mean,B-CD8 T cell doublets,50,110,0.13200523619067667,0.12084302055066534,totalVI
totalvi,2033.0,log_mean,B-macrophage doublets,74,110,0.22106788397638752,0.17467569521286694,totalVI
totalvi,2033.0,log_mean,B1 B,162,110,0.20237573576000856,0.1072342105428761,totalVI
totalvi,2033.0,log_mean,CD122+ CD8 T,258,110,0.1253731870635643,0.07429768755632304,totalVI
totalvi,2033.0,log_mean,CD4 T,1077,110,0.08055302741146987,0.027464358542768,totalVI
totalvi,2033.0,log_mean,CD8 T,680,110,0.08611357166953894,0.044429442184540244,totalVI
totalvi,2033.0,log_mean,Cycling B/T cells,81,110,0.32033873949540087,0.2301081476407918,totalVI
totalvi,2033.0,log_mean,GD T,73,110,0.2084572737403774,0.17791435681295664,totalVI
totalvi,2033.0,log_mean,ICOS-high Tregs,91,110,0.19275793294346358,0.1257735315818773,totalVI
totalvi,2033.0,log_mean,Ifit3-high B,249,110,0.09519351788289027,0.0514492460468417,totalVI
totalvi,2033.0,log_mean,Ifit3-high CD4 T,132,110,0.052431630606061735,0.02448913849535625,totalVI
totalvi,2033.0,log_mean,Ifit3-high CD8 T,100,110,0.12188129260187754,0.1150550623615153,totalVI
totalvi,2033.0,log_mean,Low quality B cells,230,110,0.11274599312519089,0.0602541934817419,totalVI
totalvi,2033.0,log_mean,Low quality T cells,67,110,0.10956785348943654,0.087781489496031,totalVI
totalvi,2033.0,log_mean,Ly6-high mono,77,110,0.25865680460326695,0.19375863985645275,totalVI
totalvi,2033.0,log_mean,MZ B,205,110,0.1746809983529898,0.08445316540853105,totalVI
totalvi,2033.0,log_mean,MZ/Marco-high macrophages,36,110,0.2400270166081096,0.24214248161585178,totalVI
totalvi,2033.0,log_mean,Mature B,2408,110,0.11244340124715513,0.03111562864275435,totalVI
totalvi,2033.0,log_mean,NK,104,110,0.21507819953262827,0.19450752547330397,totalVI
totalvi,2033.0,log_mean,NKT,117,110,0.28463189295878616,0.2826906886308093,totalVI
totalvi,2033.0,log_mean,Neutrophils,112,110,0.1973847139237063,0.16790565589180023,totalVI
totalvi,2033.0,log_mean,Red-pulp macrophages,35,110,0.08097471450541636,0.07837750519710765,totalVI
totalvi,2033.0,log_mean,T doublets,55,110,0.14311373752337173,0.1018612716264723,totalVI
totalvi,2033.0,log_mean,Transitional B,580,110,0.14237032454940318,0.031594182476107,totalVI
totalvi,2033.0,log_mean,Tregs,115,110,0.16056779243561614,0.11231773380257845,totalVI
totalvi,2033.0,log_mean,cDC1s,62,110,0.2984905799547455,0.2628609526856407,totalVI
totalvi,2033.0,log_mean,cDC2s,65,110,0.2996834781429392,0.27400134062288034,totalVI
totalvi,2033.0,log_mean,pDCs,30,110,0.17889321961207447,0.1961881012160559,totalVI
totalvi,2033.0,pred_log,Activated CD4 T,38,110,0.1142288751728638,0.0955141924109315,totalVI
totalvi,2033.0,pred_log,B doublets,77,110,0.1259737695756345,0.048561077421548304,totalVI
totalvi,2033.0,pred_log,B-CD4 T cell doublets,62,110,0.13854461426176498,0.12549904331535805,totalVI
totalvi,2033.0,pred_log,B-CD8 T cell doublets,50,110,0.13090039386763203,0.1187935111801975,totalVI
totalvi,2033.0,pred_log,B-macrophage doublets,74,110,0.22172652419141747,0.18209334792459086,totalVI
totalvi,2033.0,pred_log,B1 B,162,110,0.1813443806773154,0.0882928578783274,totalVI
totalvi,2033.0,pred_log,CD122+ CD8 T,258,110,0.10393610748006953,0.0381953594304629,totalVI
totalvi,2033.0,pred_log,CD4 T,1077,110,0.0676517437006312,0.01823643447769335,totalVI
totalvi,2033.0,pred_log,CD8 T,680,110,0.06887705405085692,0.031948278688535,totalVI
totalvi,2033.0,pred_log,Cycling B/T cells,81,110,0.3153534622447775,0.2158538204785581,totalVI
totalvi,2033.0,pred_log,GD T,73,110,0.2009934577478627,0.17780278990103285,totalVI
totalvi,2033.0,pred_log,ICOS-high Tregs,91,110,0.18313930146929777,0.11477395773465504,totalVI
totalvi,2033.0,pred_log,Ifit3-high B,249,110,0.0653691318836404,0.0253444368080085,totalVI
totalvi,2033.0,pred_log,Ifit3-high CD4 T,132,110,0.04223154120787661,0.025907271147366302,totalVI
totalvi,2033.0,pred_log,Ifit3-high CD8 T,100,110,0.08438315392171716,0.0611077559369166,totalVI
totalvi,2033.0,pred_log,Low quality B cells,230,110,0.08319038588857748,0.0331261057724659,totalVI
totalvi,2033.0,pred_log,Low quality T cells,67,110,0.08451349944708567,0.04688423294166345,totalVI
totalvi,2033.0,pred_log,Ly6-high mono,77,110,0.23923864013003598,0.21024864767003335,totalVI
totalvi,2033.0,pred_log,MZ B,205,110,0.1387570107436028,0.060936722389027295,totalVI
totalvi,2033.0,pred_log,MZ/Marco-high macrophages,36,110,0.21050691688588172,0.1927579056753182,totalVI
totalvi,2033.0,pred_log,Mature B,2408,110,0.09506270087043774,0.020909761974690903,totalVI
totalvi,2033.0,pred_log,NK,104,110,0.18653216533661152,0.16207025207174774,totalVI
totalvi,2033.0,pred_log,NKT,117,110,0.23565376891664402,0.2063183360181442,totalVI
totalvi,2033.0,pred_log,Neutrophils,112,110,0.1887120050314681,0.16614480711127694,totalVI
totalvi,2033.0,pred_log,Red-pulp macrophages,35,110,0.06515072131686098,0.0509889807528833,totalVI
totalvi,2033.0,pred_log,T doublets,55,110,0.14812510889802644,0.09501147834513855,totalVI
totalvi,2033.0,pred_log,Transitional B,580,110,0.1256489187940782,0.02633620537601595,totalVI
totalvi,2033.0,pred_log,Tregs,115,110,0.1498544756051086,0.0785346653603054,totalVI
totalvi,2033.0,pred_log,cDC1s,62,110,0.2842585671500933,0.2554441527782014,totalVI
totalvi,2033.0,pred_log,cDC2s,65,110,0.27134114271693704,0.2695044205720565,totalVI
totalvi,2033.0,pred_log,pDCs,30,110,0.1319354956298798,0.1198831797576093,totalVI
totalvi,2034.0,calibrated,Activated CD4 T,38,110,0.12622988557437081,0.10881800019875429,totalVI
totalvi,2034.0,calibrated,B doublets,77,110,0.1618093553188689,0.12979422655404615,totalVI
totalvi,2034.0,calibrated,B-CD4 T cell doublets,62,110,0.16555719961765217,0.1448679196879166,totalVI
totalvi,2034.0,calibrated,B-CD8 T cell doublets,50,110,0.12115026125298593,0.0791604856904064,totalVI
totalvi,2034.0,calibrated,B-macrophage doublets,74,110,0.24219573413343726,0.23974394415526812,totalVI
totalvi,2034.0,calibrated,B1 B,162,110,0.18430024239742884,0.08191859384534014,totalVI
totalvi,2034.0,calibrated,CD122+ CD8 T,258,110,0.11796143174254056,0.051825087798074196,totalVI
totalvi,2034.0,calibrated,CD4 T,1077,110,0.083766579506623,0.0263886154404537,totalVI
totalvi,2034.0,calibrated,CD8 T,680,110,0.08701498230680366,0.0389054806286094,totalVI
totalvi,2034.0,calibrated,Cycling B/T cells,81,110,0.3232707337397221,0.2242989844394179,totalVI
totalvi,2034.0,calibrated,GD T,73,110,0.1856206052513163,0.13418914769731421,totalVI
totalvi,2034.0,calibrated,ICOS-high Tregs,91,110,0.2009185544260034,0.1345604212927464,totalVI
totalvi,2034.0,calibrated,Ifit3-high B,249,110,0.09848436487329798,0.0571051371416775,totalVI
totalvi,2034.0,calibrated,Ifit3-high CD4 T,132,110,0.05724576208132658,0.02764343438839185,totalVI
totalvi,2034.0,calibrated,Ifit3-high CD8 T,100,110,0.12408593894687929,0.1008898986930603,totalVI
totalvi,2034.0,calibrated,Low quality B cells,230,110,0.10799861837770686,0.061046093556759745,totalVI
totalvi,2034.0,calibrated,Low quality T cells,67,110,0.12841669261752625,0.10087484980047434,totalVI
totalvi,2034.0,calibrated,Ly6-high mono,77,110,0.277390194637453,0.24652381732513712,totalVI
totalvi,2034.0,calibrated,MZ B,205,110,0.18143087772118713,0.0832832827935231,totalVI
totalvi,2034.0,calibrated,MZ/Marco-high macrophages,36,110,0.22673049875922507,0.20495706670347555,totalVI
totalvi,2034.0,calibrated,Mature B,2408,110,0.11170140429185235,0.028496383115896,totalVI
totalvi,2034.0,calibrated,NK,104,110,0.208165260013873,0.1905123083986534,totalVI
totalvi,2034.0,calibrated,NKT,117,110,0.2820269745117988,0.2676874262005319,totalVI
totalvi,2034.0,calibrated,Neutrophils,112,110,0.20553176550724414,0.1999599320473435,totalVI
totalvi,2034.0,calibrated,Red-pulp macrophages,35,110,0.08240865325750434,0.08172771725561576,totalVI
totalvi,2034.0,calibrated,T doublets,55,110,0.14292185959891368,0.1061324241878515,totalVI
totalvi,2034.0,calibrated,Transitional B,580,110,0.14127938606412788,0.038177396359551155,totalVI
totalvi,2034.0,calibrated,Tregs,115,110,0.16312466458327632,0.0978703952798104,totalVI
totalvi,2034.0,calibrated,cDC1s,62,110,0.31608345496305335,0.2900994703142802,totalVI
totalvi,2034.0,calibrated,cDC2s,65,110,0.30469431765992405,0.3248924464092652,totalVI
totalvi,2034.0,calibrated,pDCs,30,110,0.12693160548639168,0.1294535151760103,totalVI
totalvi,2034.0,log_mean,Activated CD4 T,38,110,0.12622988557437081,0.10881800019875429,totalVI
totalvi,2034.0,log_mean,B doublets,77,110,0.1618093553188689,0.12979422655404615,totalVI
totalvi,2034.0,log_mean,B-CD4 T cell doublets,62,110,0.16555719961765217,0.1448679196879166,totalVI
totalvi,2034.0,log_mean,B-CD8 T cell doublets,50,110,0.12115026125298593,0.0791604856904064,totalVI
totalvi,2034.0,log_mean,B-macrophage doublets,74,110,0.24219573413343726,0.23974394415526812,totalVI
totalvi,2034.0,log_mean,B1 B,162,110,0.18430024239742884,0.08191859384534014,totalVI
totalvi,2034.0,log_mean,CD122+ CD8 T,258,110,0.11796143174254056,0.051825087798074196,totalVI
totalvi,2034.0,log_mean,CD4 T,1077,110,0.083766579506623,0.0263886154404537,totalVI
totalvi,2034.0,log_mean,CD8 T,680,110,0.08701498230680366,0.0389054806286094,totalVI
totalvi,2034.0,log_mean,Cycling B/T cells,81,110,0.3232707337397221,0.2242989844394179,totalVI
totalvi,2034.0,log_mean,GD T,73,110,0.1856206052513163,0.13418914769731421,totalVI
totalvi,2034.0,log_mean,ICOS-high Tregs,91,110,0.2009185544260034,0.1345604212927464,totalVI
totalvi,2034.0,log_mean,Ifit3-high B,249,110,0.09848436487329798,0.0571051371416775,totalVI
totalvi,2034.0,log_mean,Ifit3-high CD4 T,132,110,0.05724576208132658,0.02764343438839185,totalVI
totalvi,2034.0,log_mean,Ifit3-high CD8 T,100,110,0.12408593894687929,0.1008898986930603,totalVI
totalvi,2034.0,log_mean,Low quality B cells,230,110,0.10799861837770686,0.061046093556759745,totalVI
totalvi,2034.0,log_mean,Low quality T cells,67,110,0.12841669261752625,0.10087484980047434,totalVI
totalvi,2034.0,log_mean,Ly6-high mono,77,110,0.277390194637453,0.24652381732513712,totalVI
totalvi,2034.0,log_mean,MZ B,205,110,0.18143087772118713,0.0832832827935231,totalVI
totalvi,2034.0,log_mean,MZ/Marco-high macrophages,36,110,0.22673049875922507,0.20495706670347555,totalVI
totalvi,2034.0,log_mean,Mature B,2408,110,0.11170140429185235,0.028496383115896,totalVI
totalvi,2034.0,log_mean,NK,104,110,0.208165260013873,0.1905123083986534,totalVI
totalvi,2034.0,log_mean,NKT,117,110,0.2820269745117988,0.2676874262005319,totalVI
totalvi,2034.0,log_mean,Neutrophils,112,110,0.20553176550724414,0.1999599320473435,totalVI
totalvi,2034.0,log_mean,Red-pulp macrophages,35,110,0.08240865325750434,0.08172771725561576,totalVI
totalvi,2034.0,log_mean,T doublets,55,110,0.14292185959891368,0.1061324241878515,totalVI
totalvi,2034.0,log_mean,Transitional B,580,110,0.14127938606412788,0.038177396359551155,totalVI
totalvi,2034.0,log_mean,Tregs,115,110,0.16312466458327632,0.0978703952798104,totalVI
totalvi,2034.0,log_mean,cDC1s,62,110,0.31608345496305335,0.2900994703142802,totalVI
totalvi,2034.0,log_mean,cDC2s,65,110,0.30469431765992405,0.3248924464092652,totalVI
totalvi,2034.0,log_mean,pDCs,30,110,0.12693160548639168,0.1294535151760103,totalVI
totalvi,2034.0,pred_log,Activated CD4 T,38,110,0.08772452148913268,0.0665945278910123,totalVI
totalvi,2034.0,pred_log,B doublets,77,110,0.13794413347652829,0.06298450968242075,totalVI
totalvi,2034.0,pred_log,B-CD4 T cell doublets,62,110,0.14634500972495265,0.12558912872607703,totalVI
totalvi,2034.0,pred_log,B-CD8 T cell doublets,50,110,0.11959987315523028,0.1034525581506866,totalVI
totalvi,2034.0,pred_log,B-macrophage doublets,74,110,0.2276826646285729,0.20448145035744955,totalVI
totalvi,2034.0,pred_log,B1 B,162,110,0.16278307380216117,0.0482599161764187,totalVI
totalvi,2034.0,pred_log,CD122+ CD8 T,258,110,0.09076007301152726,0.03536808166528945,totalVI
totalvi,2034.0,pred_log,CD4 T,1077,110,0.06678657149337097,0.018523578436787952,totalVI
totalvi,2034.0,pred_log,CD8 T,680,110,0.07409614417607181,0.0363738443443511,totalVI
totalvi,2034.0,pred_log,Cycling B/T cells,81,110,0.30166324724803323,0.1739715459578233,totalVI
totalvi,2034.0,pred_log,GD T,73,110,0.16478486714962814,0.11517763589731331,totalVI
totalvi,2034.0,pred_log,ICOS-high Tregs,91,110,0.1899570032897087,0.1389102985184901,totalVI
totalvi,2034.0,pred_log,Ifit3-high B,249,110,0.0767924002410584,0.04213195186172325,totalVI
totalvi,2034.0,pred_log,Ifit3-high CD4 T,132,110,0.05837329745442135,0.0331715210905041,totalVI
totalvi,2034.0,pred_log,Ifit3-high CD8 T,100,110,0.09715931850563031,0.07128049818551595,totalVI
totalvi,2034.0,pred_log,Low quality B cells,230,110,0.08381731022790202,0.045151638766554605,totalVI
totalvi,2034.0,pred_log,Low quality T cells,67,110,0.08251033952459644,0.039513731847795,totalVI
totalvi,2034.0,pred_log,Ly6-high mono,77,110,0.2428917505702558,0.24172471871950418,totalVI
totalvi,2034.0,pred_log,MZ B,205,110,0.1580401068836309,0.0698121483632501,totalVI
totalvi,2034.0,pred_log,MZ/Marco-high macrophages,36,110,0.2113022263131662,0.19802561320579093,totalVI
totalvi,2034.0,pred_log,Mature B,2408,110,0.09762822629316728,0.02291702492633895,totalVI
totalvi,2034.0,pred_log,NK,104,110,0.18536841730286946,0.16614057840499855,totalVI
totalvi,2034.0,pred_log,NKT,117,110,0.24385075544683046,0.2106191895430819,totalVI
totalvi,2034.0,pred_log,Neutrophils,112,110,0.19510108442083957,0.1624383428670783,totalVI
totalvi,2034.0,pred_log,Red-pulp macrophages,35,110,0.10239772665230282,0.10542762974982445,totalVI
totalvi,2034.0,pred_log,T doublets,55,110,0.1506404040557266,0.10489429957444925,totalVI
totalvi,2034.0,pred_log,Transitional B,580,110,0.12776512266429466,0.02094024991664265,totalVI
totalvi,2034.0,pred_log,Tregs,115,110,0.14266642732061807,0.09156745216101245,totalVI
totalvi,2034.0,pred_log,cDC1s,62,110,0.2948035415819203,0.26451885916061546,totalVI
totalvi,2034.0,pred_log,cDC2s,65,110,0.2781272684550862,0.24739430666033607,totalVI
totalvi,2034.0,pred_log,pDCs,30,110,0.13202876919066203,0.1103933716832976,totalVI
totalvi,2035.0,calibrated,Activated CD4 T,38,110,0.11046181131067541,0.09179010290141505,totalVI
totalvi,2035.0,calibrated,B doublets,77,110,0.19331395124927,0.1508215255739444,totalVI
totalvi,2035.0,calibrated,B-CD4 T cell doublets,62,110,0.1628428037046568,0.13547083584030384,totalVI
totalvi,2035.0,calibrated,B-CD8 T cell doublets,50,110,0.12229659949982047,0.08058919993040245,totalVI
totalvi,2035.0,calibrated,B-macrophage doublets,74,110,0.24245657245161117,0.2088802075129901,totalVI
totalvi,2035.0,calibrated,B1 B,162,110,0.18776361213883777,0.0761205612783148,totalVI
totalvi,2035.0,calibrated,CD122+ CD8 T,258,110,0.12035460931242857,0.0577314222411111,totalVI
totalvi,2035.0,calibrated,CD4 T,1077,110,0.07938451161838744,0.0227379472112055,totalVI
totalvi,2035.0,calibrated,CD8 T,680,110,0.08691900489609665,0.0389020040239502,totalVI
totalvi,2035.0,calibrated,Cycling B/T cells,81,110,0.3255986788780808,0.23374379534028983,totalVI
totalvi,2035.0,calibrated,GD T,73,110,0.1838470309505712,0.1589415054890169,totalVI
totalvi,2035.0,calibrated,ICOS-high Tregs,91,110,0.1839596998787539,0.1333620883109601,totalVI
totalvi,2035.0,calibrated,Ifit3-high B,249,110,0.08914937304348311,0.04374974701398125,totalVI
totalvi,2035.0,calibrated,Ifit3-high CD4 T,132,110,0.06303460794896608,0.027186320871923,totalVI
totalvi,2035.0,calibrated,Ifit3-high CD8 T,100,110,0.10906485880679587,0.07552307544133186,totalVI
totalvi,2035.0,calibrated,Low quality B cells,230,110,0.10175938704694219,0.0640896286041136,totalVI
totalvi,2035.0,calibrated,Low quality T cells,67,110,0.09964453341746062,0.08873602599003745,totalVI
totalvi,2035.0,calibrated,Ly6-high mono,77,110,0.255428102689625,0.19633476218140639,totalVI
totalvi,2035.0,calibrated,MZ B,205,110,0.18631504330594403,0.1042133383032558,totalVI
totalvi,2035.0,calibrated,MZ/Marco-high macrophages,36,110,0.2570737365945185,0.2682438501262956,totalVI
totalvi,2035.0,calibrated,Mature B,2408,110,0.11413450353567926,0.0339379548679281,totalVI
totalvi,2035.0,calibrated,NK,104,110,0.21737606231714188,0.2223589113360395,totalVI
totalvi,2035.0,calibrated,NKT,117,110,0.2998516055981296,0.2964199310215371,totalVI
totalvi,2035.0,calibrated,Neutrophils,112,110,0.20492169689754272,0.1554109051450066,totalVI
totalvi,2035.0,calibrated,Red-pulp macrophages,35,110,0.10091800781357102,0.09928190081602625,totalVI
totalvi,2035.0,calibrated,T doublets,55,110,0.13034634089061992,0.0950416331517771,totalVI
totalvi,2035.0,calibrated,Transitional B,580,110,0.14381608606520158,0.0397343770001234,totalVI
totalvi,2035.0,calibrated,Tregs,115,110,0.1562435231288414,0.10081363032173885,totalVI
totalvi,2035.0,calibrated,cDC1s,62,110,0.3246244407751787,0.2916657563829609,totalVI
totalvi,2035.0,calibrated,cDC2s,65,110,0.28008933114845447,0.28355040925003927,totalVI
totalvi,2035.0,calibrated,pDCs,30,110,0.1506851838964345,0.15864128237700195,totalVI
totalvi,2035.0,log_mean,Activated CD4 T,38,110,0.11046181131067541,0.09179010290141505,totalVI
totalvi,2035.0,log_mean,B doublets,77,110,0.19331395124927,0.1508215255739444,totalVI
totalvi,2035.0,log_mean,B-CD4 T cell doublets,62,110,0.1628428037046568,0.13547083584030384,totalVI
totalvi,2035.0,log_mean,B-CD8 T cell doublets,50,110,0.12229659949982047,0.08058919993040245,totalVI
totalvi,2035.0,log_mean,B-macrophage doublets,74,110,0.24245657245161117,0.2088802075129901,totalVI
totalvi,2035.0,log_mean,B1 B,162,110,0.18776361213883777,0.0761205612783148,totalVI
totalvi,2035.0,log_mean,CD122+ CD8 T,258,110,0.12035460931242857,0.0577314222411111,totalVI
totalvi,2035.0,log_mean,CD4 T,1077,110,0.07938451161838744,0.0227379472112055,totalVI
totalvi,2035.0,log_mean,CD8 T,680,110,0.08691900489609665,0.0389020040239502,totalVI
totalvi,2035.0,log_mean,Cycling B/T cells,81,110,0.3255986788780808,0.23374379534028983,totalVI
totalvi,2035.0,log_mean,GD T,73,110,0.1838470309505712,0.1589415054890169,totalVI
totalvi,2035.0,log_mean,ICOS-high Tregs,91,110,0.1839596998787539,0.1333620883109601,totalVI
totalvi,2035.0,log_mean,Ifit3-high B,249,110,0.08914937304348311,0.04374974701398125,totalVI
totalvi,2035.0,log_mean,Ifit3-high CD4 T,132,110,0.06303460794896608,0.027186320871923,totalVI
totalvi,2035.0,log_mean,Ifit3-high CD8 T,100,110,0.10906485880679587,0.07552307544133186,totalVI
totalvi,2035.0,log_mean,Low quality B cells,230,110,0.10175938704694219,0.0640896286041136,totalVI
totalvi,2035.0,log_mean,Low quality T cells,67,110,0.09964453341746062,0.08873602599003745,totalVI
totalvi,2035.0,log_mean,Ly6-high mono,77,110,0.255428102689625,0.19633476218140639,totalVI
totalvi,2035.0,log_mean,MZ B,205,110,0.18631504330594403,0.1042133383032558,totalVI
totalvi,2035.0,log_mean,MZ/Marco-high macrophages,36,110,0.2570737365945185,0.2682438501262956,totalVI
totalvi,2035.0,log_mean,Mature B,2408,110,0.11413450353567926,0.0339379548679281,totalVI
totalvi,2035.0,log_mean,NK,104,110,0.21737606231714188,0.2223589113360395,totalVI
totalvi,2035.0,log_mean,NKT,117,110,0.2998516055981296,0.2964199310215371,totalVI
totalvi,2035.0,log_mean,Neutrophils,112,110,0.20492169689754272,0.1554109051450066,totalVI
totalvi,2035.0,log_mean,Red-pulp macrophages,35,110,0.10091800781357102,0.09928190081602625,totalVI
totalvi,2035.0,log_mean,T doublets,55,110,0.13034634089061992,0.0950416331517771,totalVI
totalvi,2035.0,log_mean,Transitional B,580,110,0.14381608606520158,0.0397343770001234,totalVI
totalvi,2035.0,log_mean,Tregs,115,110,0.1562435231288414,0.10081363032173885,totalVI
totalvi,2035.0,log_mean,cDC1s,62,110,0.3246244407751787,0.2916657563829609,totalVI
totalvi,2035.0,log_mean,cDC2s,65,110,0.28008933114845447,0.28355040925003927,totalVI
totalvi,2035.0,log_mean,pDCs,30,110,0.1506851838964345,0.15864128237700195,totalVI
totalvi,2035.0,pred_log,Activated CD4 T,38,110,0.10391033989991218,0.0815720066156158,totalVI
totalvi,2035.0,pred_log,B doublets,77,110,0.1369920386639416,0.0872917515051459,totalVI
totalvi,2035.0,pred_log,B-CD4 T cell doublets,62,110,0.14207488981654537,0.1360688292299706,totalVI
totalvi,2035.0,pred_log,B-CD8 T cell doublets,50,110,0.11341509969575377,0.1039127035023312,totalVI
totalvi,2035.0,pred_log,B-macrophage doublets,74,110,0.24021932047627878,0.2137729088763086,totalVI
totalvi,2035.0,pred_log,B1 B,162,110,0.17146769723721964,0.0591501891694866,totalVI
totalvi,2035.0,pred_log,CD122+ CD8 T,258,110,0.1010605218792461,0.04851276359738535,totalVI
totalvi,2035.0,pred_log,CD4 T,1077,110,0.06915463887797317,0.0198014791486006,totalVI
totalvi,2035.0,pred_log,CD8 T,680,110,0.07041064288880171,0.0313038221354993,totalVI
totalvi,2035.0,pred_log,Cycling B/T cells,81,110,0.32267319552749996,0.2376433737310229,totalVI
totalvi,2035.0,pred_log,GD T,73,110,0.1711562740928014,0.14175672684292245,totalVI
totalvi,2035.0,pred_log,ICOS-high Tregs,91,110,0.16749768371541862,0.1207574063427033,totalVI
totalvi,2035.0,pred_log,Ifit3-high B,249,110,0.08235291885146181,0.045043853303095197,totalVI
totalvi,2035.0,pred_log,Ifit3-high CD4 T,132,110,0.04710977681849455,0.01568532404566275,totalVI
totalvi,2035.0,pred_log,Ifit3-high CD8 T,100,110,0.09055101714830141,0.07956555953778875,totalVI
totalvi,2035.0,pred_log,Low quality B cells,230,110,0.0725043741831837,0.037315676598354705,totalVI
totalvi,2035.0,pred_log,Low quality T cells,67,110,0.10139346377931921,0.07912007052144035,totalVI
totalvi,2035.0,pred_log,Ly6-high mono,77,110,0.22320367887795442,0.145589259605158,totalVI
totalvi,2035.0,pred_log,MZ B,205,110,0.1565662322119578,0.0605787294540186,totalVI
totalvi,2035.0,pred_log,MZ/Marco-high macrophages,36,110,0.23586966703557627,0.24140631932491305,totalVI
totalvi,2035.0,pred_log,Mature B,2408,110,0.09352644748222526,0.020590660870398403,totalVI
totalvi,2035.0,pred_log,NK,104,110,0.19682266886177663,0.19748632206872951,totalVI
totalvi,2035.0,pred_log,NKT,117,110,0.2631100392439173,0.25353925164690366,totalVI
totalvi,2035.0,pred_log,Neutrophils,112,110,0.18255693506348827,0.1410804707972028,totalVI
totalvi,2035.0,pred_log,Red-pulp macrophages,35,110,0.11477747523767654,0.1191518815765305,totalVI
totalvi,2035.0,pred_log,T doublets,55,110,0.13529619783343752,0.10114646136041419,totalVI
totalvi,2035.0,pred_log,Transitional B,580,110,0.12375875615273983,0.01803555299136805,totalVI
totalvi,2035.0,pred_log,Tregs,115,110,0.13722342659178824,0.07887681712348299,totalVI
totalvi,2035.0,pred_log,cDC1s,62,110,0.2889369698364906,0.2484335003109559,totalVI
totalvi,2035.0,pred_log,cDC2s,65,110,0.27087629521641043,0.24589591044803494,totalVI
totalvi,2035.0,pred_log,pDCs,30,110,0.12168099127956976,0.11839536726719875,totalVI
totalvi,2036.0,calibrated,Activated CD4 T,38,110,0.1309035238699184,0.10804870211389819,totalVI
totalvi,2036.0,calibrated,B doublets,77,110,0.1722336910210959,0.1067211669618846,totalVI
totalvi,2036.0,calibrated,B-CD4 T cell doublets,62,110,0.15301119235167976,0.11859950854967935,totalVI
totalvi,2036.0,calibrated,B-CD8 T cell doublets,50,110,0.11138623247171264,0.08267163797750075,totalVI
totalvi,2036.0,calibrated,B-macrophage doublets,74,110,0.2402246019253581,0.2051493721520845,totalVI
totalvi,2036.0,calibrated,B1 B,162,110,0.1912377745669258,0.0921612966329379,totalVI
totalvi,2036.0,calibrated,CD122+ CD8 T,258,110,0.11696641508494357,0.06346195864400915,totalVI
totalvi,2036.0,calibrated,CD4 T,1077,110,0.08213437717679725,0.02977522957930915,totalVI
totalvi,2036.0,calibrated,CD8 T,680,110,0.08081193146136005,0.03403738621058125,totalVI
totalvi,2036.0,calibrated,Cycling B/T cells,81,110,0.3281519752550574,0.2209036294300008,totalVI
totalvi,2036.0,calibrated,GD T,73,110,0.1835068935863597,0.1381138517785533,totalVI
totalvi,2036.0,calibrated,ICOS-high Tregs,91,110,0.19100421685754726,0.13795967445465046,totalVI
totalvi,2036.0,calibrated,Ifit3-high B,249,110,0.10225412337444016,0.054622442227064055,totalVI
totalvi,2036.0,calibrated,Ifit3-high CD4 T,132,110,0.07443559885785897,0.05423186508004975,totalVI
totalvi,2036.0,calibrated,Ifit3-high CD8 T,100,110,0.11133700068474311,0.0829726844689665,totalVI
totalvi,2036.0,calibrated,Low quality B cells,230,110,0.09370916233765848,0.05085298363813055,totalVI
totalvi,2036.0,calibrated,Low quality T cells,67,110,0.09107062004059992,0.07507911901357014,totalVI
totalvi,2036.0,calibrated,Ly6-high mono,77,110,0.28219049709275607,0.25781114561186846,totalVI
totalvi,2036.0,calibrated,MZ B,205,110,0.18732876408452176,0.10783734653850774,totalVI
totalvi,2036.0,calibrated,MZ/Marco-high macrophages,36,110,0.24427836078421528,0.2724756209126161,totalVI
totalvi,2036.0,calibrated,Mature B,2408,110,0.1141901196915787,0.034203468041407295,totalVI
totalvi,2036.0,calibrated,NK,104,110,0.20608156082242815,0.21274169847256555,totalVI
totalvi,2036.0,calibrated,NKT,117,110,0.3022722800353813,0.3010524034850123,totalVI
totalvi,2036.0,calibrated,Neutrophils,112,110,0.1737249222413861,0.14192661311778954,totalVI
totalvi,2036.0,calibrated,Red-pulp macrophages,35,110,0.09639757543047754,0.08309845259043495,totalVI
totalvi,2036.0,calibrated,T doublets,55,110,0.1313623783088864,0.06247045092815515,totalVI
totalvi,2036.0,calibrated,Transitional B,580,110,0.14185436950877894,0.03830651601295105,totalVI
totalvi,2036.0,calibrated,Tregs,115,110,0.15004910530395554,0.09468110707320125,totalVI
totalvi,2036.0,calibrated,cDC1s,62,110,0.30108707184364647,0.2826577347760655,totalVI
totalvi,2036.0,calibrated,cDC2s,65,110,0.27526867693070967,0.27133473317620826,totalVI
totalvi,2036.0,calibrated,pDCs,30,110,0.10269295849385154,0.1355906385791818,totalVI
totalvi,2036.0,log_mean,Activated CD4 T,38,110,0.1309035238699184,0.10804870211389819,totalVI
totalvi,2036.0,log_mean,B doublets,77,110,0.1722336910210959,0.1067211669618846,totalVI
totalvi,2036.0,log_mean,B-CD4 T cell doublets,62,110,0.15301119235167976,0.11859950854967935,totalVI
totalvi,2036.0,log_mean,B-CD8 T cell doublets,50,110,0.11138623247171264,0.08267163797750075,totalVI
totalvi,2036.0,log_mean,B-macrophage doublets,74,110,0.2402246019253581,0.2051493721520845,totalVI
totalvi,2036.0,log_mean,B1 B,162,110,0.1912377745669258,0.0921612966329379,totalVI
totalvi,2036.0,log_mean,CD122+ CD8 T,258,110,0.11696641508494357,0.06346195864400915,totalVI
totalvi,2036.0,log_mean,CD4 T,1077,110,0.08213437717679725,0.02977522957930915,totalVI
totalvi,2036.0,log_mean,CD8 T,680,110,0.08081193146136005,0.03403738621058125,totalVI
totalvi,2036.0,log_mean,Cycling B/T cells,81,110,0.3281519752550574,0.2209036294300008,totalVI
totalvi,2036.0,log_mean,GD T,73,110,0.1835068935863597,0.1381138517785533,totalVI
totalvi,2036.0,log_mean,ICOS-high Tregs,91,110,0.19100421685754726,0.13795967445465046,totalVI
totalvi,2036.0,log_mean,Ifit3-high B,249,110,0.10225412337444016,0.054622442227064055,totalVI
totalvi,2036.0,log_mean,Ifit3-high CD4 T,132,110,0.07443559885785897,0.05423186508004975,totalVI
totalvi,2036.0,log_mean,Ifit3-high CD8 T,100,110,0.11133700068474311,0.0829726844689665,totalVI
totalvi,2036.0,log_mean,Low quality B cells,230,110,0.09370916233765848,0.05085298363813055,totalVI
totalvi,2036.0,log_mean,Low quality T cells,67,110,0.09107062004059992,0.07507911901357014,totalVI
totalvi,2036.0,log_mean,Ly6-high mono,77,110,0.28219049709275607,0.25781114561186846,totalVI
totalvi,2036.0,log_mean,MZ B,205,110,0.18732876408452176,0.10783734653850774,totalVI
totalvi,2036.0,log_mean,MZ/Marco-high macrophages,36,110,0.24427836078421528,0.2724756209126161,totalVI
totalvi,2036.0,log_mean,Mature B,2408,110,0.11419011969147064,0.034203468041407295,totalVI
totalvi,2036.0,log_mean,NK,104,110,0.20608156082242815,0.21274169847256555,totalVI
totalvi,2036.0,log_mean,NKT,117,110,0.3022722800353813,0.3010524034850123,totalVI
totalvi,2036.0,log_mean,Neutrophils,112,110,0.1737249222413861,0.14192661311778954,totalVI
totalvi,2036.0,log_mean,Red-pulp macrophages,35,110,0.09639757543047754,0.08309845259043495,totalVI
totalvi,2036.0,log_mean,T doublets,55,110,0.1313623783088864,0.06247045092815515,totalVI
totalvi,2036.0,log_mean,Transitional B,580,110,0.14185436950877894,0.03830651601295105,totalVI
totalvi,2036.0,log_mean,Tregs,115,110,0.15004910530395554,0.09468110707320125,totalVI
totalvi,2036.0,log_mean,cDC1s,62,110,0.30108707184364647,0.2826577347760655,totalVI
totalvi,2036.0,log_mean,cDC2s,65,110,0.27526867693070967,0.27133473317620826,totalVI
totalvi,2036.0,log_mean,pDCs,30,110,0.10269295849385154,0.1355906385791818,totalVI
totalvi,2036.0,pred_log,Activated CD4 T,38,110,0.10641296660934216,0.0912962294668768,totalVI
totalvi,2036.0,pred_log,B doublets,77,110,0.13679030602649894,0.0715220399347111,totalVI
totalvi,2036.0,pred_log,B-CD4 T cell doublets,62,110,0.14319756015342128,0.13642695857690285,totalVI
totalvi,2036.0,pred_log,B-CD8 T cell doublets,50,110,0.12308750252846103,0.0883281436974553,totalVI
totalvi,2036.0,pred_log,B-macrophage doublets,74,110,0.22726674811560957,0.1984103384448737,totalVI
totalvi,2036.0,pred_log,B1 B,162,110,0.18371748680704053,0.07934538050648195,totalVI
totalvi,2036.0,pred_log,CD122+ CD8 T,258,110,0.09849329446346236,0.052510123057822544,totalVI
totalvi,2036.0,pred_log,CD4 T,1077,110,0.06861403478359634,0.01958875827446835,totalVI
totalvi,2036.0,pred_log,CD8 T,680,110,0.07351759184248914,0.038319225581775695,totalVI
totalvi,2036.0,pred_log,Cycling B/T cells,81,110,0.30256675707627073,0.18586820137974608,totalVI
totalvi,2036.0,pred_log,GD T,73,110,0.1807009700970749,0.13431669206507735,totalVI
totalvi,2036.0,pred_log,ICOS-high Tregs,91,110,0.16974020340126722,0.13784094942194094,totalVI
totalvi,2036.0,pred_log,Ifit3-high B,249,110,0.08652486875155638,0.050777877811373454,totalVI
totalvi,2036.0,pred_log,Ifit3-high CD4 T,132,110,0.04232850115855693,0.0216545009974318,totalVI
totalvi,2036.0,pred_log,Ifit3-high CD8 T,100,110,0.07415689880381857,0.0181806963386078,totalVI
totalvi,2036.0,pred_log,Low quality B cells,230,110,0.08468469638805885,0.03911872964128145,totalVI
totalvi,2036.0,pred_log,Low quality T cells,67,110,0.0819611788260366,0.0677033639311649,totalVI
totalvi,2036.0,pred_log,Ly6-high mono,77,110,0.24285485275168067,0.22507096675268407,totalVI
totalvi,2036.0,pred_log,MZ B,205,110,0.15825590707725187,0.07692432213102271,totalVI
totalvi,2036.0,pred_log,MZ/Marco-high macrophages,36,110,0.21926030666708157,0.2034619713285146,totalVI
totalvi,2036.0,pred_log,Mature B,2408,110,0.0943319252786767,0.01612350568227205,totalVI
totalvi,2036.0,pred_log,NK,104,110,0.18569566829689832,0.16232729050958167,totalVI
totalvi,2036.0,pred_log,NKT,117,110,0.25247224925289113,0.2346984770010532,totalVI
totalvi,2036.0,pred_log,Neutrophils,112,110,0.16254642325148444,0.14157271896299906,totalVI
totalvi,2036.0,pred_log,Red-pulp macrophages,35,110,0.0865067670329669,0.0976706906805155,totalVI
totalvi,2036.0,pred_log,T doublets,55,110,0.136035403596248,0.11145273062415889,totalVI
totalvi,2036.0,pred_log,Transitional B,580,110,0.1329076068765299,0.03442711917299625,totalVI
totalvi,2036.0,pred_log,Tregs,115,110,0.12874171440609328,0.06838166789412051,totalVI
totalvi,2036.0,pred_log,cDC1s,62,110,0.2972146171253347,0.2518589061955405,totalVI
totalvi,2036.0,pred_log,cDC2s,65,110,0.2577191989096018,0.22583519571861094,totalVI
totalvi,2036.0,pred_log,pDCs,30,110,0.11033065858149568,0.1050879389272871,totalVI
totalvi,2037.0,calibrated,Activated CD4 T,38,110,0.13548284359426707,0.13851468614095125,totalVI
totalvi,2037.0,calibrated,B doublets,77,110,0.1574173043780977,0.1022578458056177,totalVI
totalvi,2037.0,calibrated,B-CD4 T cell doublets,62,110,0.16341603168826452,0.14656652934963194,totalVI
totalvi,2037.0,calibrated,B-CD8 T cell doublets,50,110,0.13373280002362226,0.11428023097533399,totalVI
totalvi,2037.0,calibrated,B-macrophage doublets,74,110,0.22686591150221816,0.19834931368280825,totalVI
totalvi,2037.0,calibrated,B1 B,162,110,0.18850536802172638,0.0764291359847801,totalVI
totalvi,2037.0,calibrated,CD122+ CD8 T,258,110,0.11251963159962336,0.056646233141761856,totalVI
totalvi,2037.0,calibrated,CD4 T,1077,110,0.07654944601578254,0.026476406272806702,totalVI
totalvi,2037.0,calibrated,CD8 T,680,110,0.0787912428283193,0.02849898303131765,totalVI
totalvi,2037.0,calibrated,Cycling B/T cells,81,110,0.3191849421077073,0.22379004536527192,totalVI
totalvi,2037.0,calibrated,GD T,73,110,0.1981925484566421,0.15263638565510157,totalVI
totalvi,2037.0,calibrated,ICOS-high Tregs,91,110,0.1831280833321112,0.14258383111718065,totalVI
totalvi,2037.0,calibrated,Ifit3-high B,249,110,0.09559434114425137,0.050332438889929346,totalVI
totalvi,2037.0,calibrated,Ifit3-high CD4 T,132,110,0.05435209349111697,0.0159218625280479,totalVI
totalvi,2037.0,calibrated,Ifit3-high CD8 T,100,110,0.10947371356331899,0.08623432067237524,totalVI
totalvi,2037.0,calibrated,Low quality B cells,230,110,0.10517846071359782,0.0654474642050301,totalVI
totalvi,2037.0,calibrated,Low quality T cells,67,110,0.10983156348745123,0.08830471640848245,totalVI
totalvi,2037.0,calibrated,Ly6-high mono,77,110,0.2715921470404398,0.2595230067230764,totalVI
totalvi,2037.0,calibrated,MZ B,205,110,0.17847187100645198,0.08285968894924625,totalVI
totalvi,2037.0,calibrated,MZ/Marco-high macrophages,36,110,0.24453775181631726,0.2340278101812232,totalVI
totalvi,2037.0,calibrated,Mature B,2408,110,0.11092517176808858,0.03167028027702755,totalVI
totalvi,2037.0,calibrated,NK,104,110,0.216303477375402,0.20357639147864698,totalVI
totalvi,2037.0,calibrated,NKT,117,110,0.2940437439624147,0.256129554695843,totalVI
totalvi,2037.0,calibrated,Neutrophils,112,110,0.20184775644918665,0.19736715932022963,totalVI
totalvi,2037.0,calibrated,Red-pulp macrophages,35,110,0.0403163437640146,0.05393025221930365,totalVI
totalvi,2037.0,calibrated,T doublets,55,110,0.15377495230829158,0.11279097280874151,totalVI
totalvi,2037.0,calibrated,Transitional B,580,110,0.1386986837356308,0.040871368320695906,totalVI
totalvi,2037.0,calibrated,Tregs,115,110,0.1551771928651742,0.10999416405808675,totalVI
totalvi,2037.0,calibrated,cDC1s,62,110,0.3143702600423146,0.2985990801242048,totalVI
totalvi,2037.0,calibrated,cDC2s,65,110,0.29614279889278133,0.308628255257118,totalVI
totalvi,2037.0,calibrated,pDCs,30,110,0.12271124294177405,0.13333972523648355,totalVI
totalvi,2037.0,log_mean,Activated CD4 T,38,110,0.13548284359426707,0.13851468614095125,totalVI
totalvi,2037.0,log_mean,B doublets,77,110,0.1574173043780977,0.1022578458056177,totalVI
totalvi,2037.0,log_mean,B-CD4 T cell doublets,62,110,0.16341603168826452,0.14656652934963194,totalVI
totalvi,2037.0,log_mean,B-CD8 T cell doublets,50,110,0.13373280002362226,0.11428023097533399,totalVI
totalvi,2037.0,log_mean,B-macrophage doublets,74,110,0.22686591150221816,0.19834931368280825,totalVI
totalvi,2037.0,log_mean,B1 B,162,110,0.18850536802172638,0.0764291359847801,totalVI
totalvi,2037.0,log_mean,CD122+ CD8 T,258,110,0.11251963159962336,0.056646233141761856,totalVI
totalvi,2037.0,log_mean,CD4 T,1077,110,0.07654944601578254,0.026476406272806702,totalVI
totalvi,2037.0,log_mean,CD8 T,680,110,0.0787912428283193,0.02849898303131765,totalVI
totalvi,2037.0,log_mean,Cycling B/T cells,81,110,0.3191849421077073,0.22379004536527192,totalVI
totalvi,2037.0,log_mean,GD T,73,110,0.1981925484566421,0.15263638565510157,totalVI
totalvi,2037.0,log_mean,ICOS-high Tregs,91,110,0.1831280833321112,0.14258383111718065,totalVI
totalvi,2037.0,log_mean,Ifit3-high B,249,110,0.09559434114425137,0.050332438889929346,totalVI
totalvi,2037.0,log_mean,Ifit3-high CD4 T,132,110,0.05435209349111697,0.0159218625280479,totalVI
totalvi,2037.0,log_mean,Ifit3-high CD8 T,100,110,0.10947371356331899,0.08623432067237524,totalVI
totalvi,2037.0,log_mean,Low quality B cells,230,110,0.10517846071359782,0.0654474642050301,totalVI
totalvi,2037.0,log_mean,Low quality T cells,67,110,0.10983156348745123,0.08830471640848245,totalVI
totalvi,2037.0,log_mean,Ly6-high mono,77,110,0.2715921470404398,0.2595230067230764,totalVI
totalvi,2037.0,log_mean,MZ B,205,110,0.17847187100645198,0.08285968894924625,totalVI
totalvi,2037.0,log_mean,MZ/Marco-high macrophages,36,110,0.24453775181631726,0.2340278101812232,totalVI
totalvi,2037.0,log_mean,Mature B,2408,110,0.11092517407079616,0.03167028027702755,totalVI
totalvi,2037.0,log_mean,NK,104,110,0.216303477375402,0.20357639147864698,totalVI
totalvi,2037.0,log_mean,NKT,117,110,0.2940437439624147,0.256129554695843,totalVI
totalvi,2037.0,log_mean,Neutrophils,112,110,0.20184775644918665,0.19736715932022963,totalVI
totalvi,2037.0,log_mean,Red-pulp macrophages,35,110,0.0403163437640146,0.05393025221930365,totalVI
totalvi,2037.0,log_mean,T doublets,55,110,0.15377495230829158,0.11279097280874151,totalVI
totalvi,2037.0,log_mean,Transitional B,580,110,0.1386986837356308,0.040871368320695906,totalVI
totalvi,2037.0,log_mean,Tregs,115,110,0.1551771928651742,0.10999416405808675,totalVI
totalvi,2037.0,log_mean,cDC1s,62,110,0.3143702600423146,0.2985990801242048,totalVI
totalvi,2037.0,log_mean,cDC2s,65,110,0.29614279889278133,0.308628255257118,totalVI
totalvi,2037.0,log_mean,pDCs,30,110,0.12271124294177405,0.13333972523648355,totalVI
totalvi,2037.0,pred_log,Activated CD4 T,38,110,0.11393638900054091,0.0890959474848617,totalVI
totalvi,2037.0,pred_log,B doublets,77,110,0.14566943281588018,0.1097284747476869,totalVI
totalvi,2037.0,pred_log,B-CD4 T cell doublets,62,110,0.14708883363642616,0.12292591596618754,totalVI
totalvi,2037.0,pred_log,B-CD8 T cell doublets,50,110,0.09052586156803814,0.06316537743297265,totalVI
totalvi,2037.0,pred_log,B-macrophage doublets,74,110,0.21993563127131865,0.17342999783768656,totalVI
totalvi,2037.0,pred_log,B1 B,162,110,0.17128818952528949,0.0725369379817126,totalVI
totalvi,2037.0,pred_log,CD122+ CD8 T,258,110,0.10546586540323796,0.04628635074947535,totalVI
totalvi,2037.0,pred_log,CD4 T,1077,110,0.06431422602533755,0.01863126625487555,totalVI
totalvi,2037.0,pred_log,CD8 T,680,110,0.07093187855170935,0.032808437150454145,totalVI
totalvi,2037.0,pred_log,Cycling B/T cells,81,110,0.29808287325374094,0.19976041307723044,totalVI
totalvi,2037.0,pred_log,GD T,73,110,0.19626985189891086,0.18270342573507506,totalVI
totalvi,2037.0,pred_log,ICOS-high Tregs,91,110,0.16315854671017108,0.09699587329163506,totalVI
totalvi,2037.0,pred_log,Ifit3-high B,249,110,0.08124915173581475,0.0346503653109973,totalVI
totalvi,2037.0,pred_log,Ifit3-high CD4 T,132,110,0.04956407714730258,0.03602714029515185,totalVI
totalvi,2037.0,pred_log,Ifit3-high CD8 T,100,110,0.07985348807836065,0.0488649741389712,totalVI
totalvi,2037.0,pred_log,Low quality B cells,230,110,0.08740264748190668,0.043740772686016546,totalVI
totalvi,2037.0,pred_log,Low quality T cells,67,110,0.09576394488287832,0.0678535188320322,totalVI
totalvi,2037.0,pred_log,Ly6-high mono,77,110,0.24376010438746512,0.20029886329897445,totalVI
totalvi,2037.0,pred_log,MZ B,205,110,0.16237642051289453,0.0799849852514708,totalVI
totalvi,2037.0,pred_log,MZ/Marco-high macrophages,36,110,0.22512171797457944,0.2262716748963322,totalVI
totalvi,2037.0,pred_log,Mature B,2408,110,0.09369878572197587,0.020461398938130253,totalVI
totalvi,2037.0,pred_log,NK,104,110,0.17802065371343492,0.17415149608482094,totalVI
totalvi,2037.0,pred_log,NKT,117,110,0.2534638785829764,0.2194009689747899,totalVI
totalvi,2037.0,pred_log,Neutrophils,112,110,0.1775089711611055,0.13868417901616142,totalVI
totalvi,2037.0,pred_log,Red-pulp macrophages,35,110,0.06485101356062666,0.05792703520932685,totalVI
totalvi,2037.0,pred_log,T doublets,55,110,0.12476704515231826,0.10561960344828944,totalVI
totalvi,2037.0,pred_log,Transitional B,580,110,0.12275502378370133,0.020277583408064,totalVI
totalvi,2037.0,pred_log,Tregs,115,110,0.13110995640983206,0.067070203597259,totalVI
totalvi,2037.0,pred_log,cDC1s,62,110,0.274050092166438,0.24580749475864522,totalVI
totalvi,2037.0,pred_log,cDC2s,65,110,0.25816468959001443,0.2077803312572854,totalVI
totalvi,2037.0,pred_log,pDCs,30,110,0.12342069484432244,0.11915100997688174,totalVI
totalvi,2038.0,calibrated,Activated CD4 T,38,110,0.13181482830613162,0.12337626654680985,totalVI
totalvi,2038.0,calibrated,B doublets,77,110,0.1702646406884363,0.1296314713787688,totalVI
totalvi,2038.0,calibrated,B-CD4 T cell doublets,62,110,0.16781609390351213,0.15756712507634957,totalVI
totalvi,2038.0,calibrated,B-CD8 T cell doublets,50,110,0.119154355136139,0.1055520820351599,totalVI
totalvi,2038.0,calibrated,B-macrophage doublets,74,110,0.2189971692755189,0.17568824101666086,totalVI
totalvi,2038.0,calibrated,B1 B,162,110,0.2037245123724123,0.10445024497512781,totalVI
totalvi,2038.0,calibrated,CD122+ CD8 T,258,110,0.1190388495381901,0.0648322405713555,totalVI
totalvi,2038.0,calibrated,CD4 T,1077,110,0.0810270324912266,0.02487525471283285,totalVI
totalvi,2038.0,calibrated,CD8 T,680,110,0.07892478312138818,0.0301778266303748,totalVI
totalvi,2038.0,calibrated,Cycling B/T cells,81,110,0.3227734812554641,0.21175885818175355,totalVI
totalvi,2038.0,calibrated,GD T,73,110,0.19294114911422652,0.17012439397245577,totalVI
totalvi,2038.0,calibrated,ICOS-high Tregs,91,110,0.20682730517350004,0.156414656667246,totalVI
totalvi,2038.0,calibrated,Ifit3-high B,249,110,0.09170787974189187,0.0522212891950018,totalVI
totalvi,2038.0,calibrated,Ifit3-high CD4 T,132,110,0.054432089133738266,0.018887638810988552,totalVI
totalvi,2038.0,calibrated,Ifit3-high CD8 T,100,110,0.09974680237119643,0.07194065920632034,totalVI
totalvi,2038.0,calibrated,Low quality B cells,230,110,0.10437843856063984,0.06609554429172575,totalVI
totalvi,2038.0,calibrated,Low quality T cells,67,110,0.10943083414726075,0.06062599150521155,totalVI
totalvi,2038.0,calibrated,Ly6-high mono,77,110,0.24765595161751103,0.19804100649664108,totalVI
totalvi,2038.0,calibrated,MZ B,205,110,0.17625580586279532,0.0936443456112364,totalVI
totalvi,2038.0,calibrated,MZ/Marco-high macrophages,36,110,0.23913061843398556,0.28056761413920156,totalVI
totalvi,2038.0,calibrated,Mature B,2408,110,0.11346188730480952,0.033036639621036,totalVI
totalvi,2038.0,calibrated,NK,104,110,0.2131430121119981,0.19337559547192457,totalVI
totalvi,2038.0,calibrated,NKT,117,110,0.2964721102513363,0.31317955944370135,totalVI
totalvi,2038.0,calibrated,Neutrophils,112,110,0.20189017127982795,0.17177013256579898,totalVI
totalvi,2038.0,calibrated,Red-pulp macrophages,35,110,0.08766666221543988,0.10793315653095664,totalVI
totalvi,2038.0,calibrated,T doublets,55,110,0.1483656019270736,0.08691340817639309,totalVI
totalvi,2038.0,calibrated,Transitional B,580,110,0.14404582606957705,0.03463044773712135,totalVI
totalvi,2038.0,calibrated,Tregs,115,110,0.16451406137583013,0.10059309009092485,totalVI
totalvi,2038.0,calibrated,cDC1s,62,110,0.30478246112457646,0.2469111918799362,totalVI
totalvi,2038.0,calibrated,cDC2s,65,110,0.286684966472307,0.29204329096535525,totalVI
totalvi,2038.0,calibrated,pDCs,30,110,0.14454315939342618,0.1526976167297956,totalVI
totalvi,2038.0,log_mean,Activated CD4 T,38,110,0.13181482830613162,0.12337626654680985,totalVI
totalvi,2038.0,log_mean,B doublets,77,110,0.1702646406884363,0.1296314713787688,totalVI
totalvi,2038.0,log_mean,B-CD4 T cell doublets,62,110,0.16781609390351213,0.15756712507634957,totalVI
totalvi,2038.0,log_mean,B-CD8 T cell doublets,50,110,0.119154355136139,0.1055520820351599,totalVI
totalvi,2038.0,log_mean,B-macrophage doublets,74,110,0.2189971692755189,0.17568824101666086,totalVI
totalvi,2038.0,log_mean,B1 B,162,110,0.2037245123724123,0.10445024497512781,totalVI
totalvi,2038.0,log_mean,CD122+ CD8 T,258,110,0.1190388495381901,0.0648322405713555,totalVI
totalvi,2038.0,log_mean,CD4 T,1077,110,0.0810270324912266,0.02487525471283285,totalVI
totalvi,2038.0,log_mean,CD8 T,680,110,0.07892478312138818,0.0301778266303748,totalVI
totalvi,2038.0,log_mean,Cycling B/T cells,81,110,0.3227734812554641,0.21175885818175355,totalVI
totalvi,2038.0,log_mean,GD T,73,110,0.19294114911422652,0.17012439397245577,totalVI
totalvi,2038.0,log_mean,ICOS-high Tregs,91,110,0.20682730517350004,0.156414656667246,totalVI
totalvi,2038.0,log_mean,Ifit3-high B,249,110,0.09170787974189187,0.0522212891950018,totalVI
totalvi,2038.0,log_mean,Ifit3-high CD4 T,132,110,0.054432089133738266,0.018887638810988552,totalVI
totalvi,2038.0,log_mean,Ifit3-high CD8 T,100,110,0.09974680237119643,0.07194065920632034,totalVI
totalvi,2038.0,log_mean,Low quality B cells,230,110,0.10437843856063984,0.06609554429172575,totalVI
totalvi,2038.0,log_mean,Low quality T cells,67,110,0.10943083414726075,0.06062599150521155,totalVI
totalvi,2038.0,log_mean,Ly6-high mono,77,110,0.24765595161751103,0.19804100649664108,totalVI
totalvi,2038.0,log_mean,MZ B,205,110,0.17625580586279532,0.0936443456112364,totalVI
totalvi,2038.0,log_mean,MZ/Marco-high macrophages,36,110,0.23913061843398556,0.28056761413920156,totalVI
totalvi,2038.0,log_mean,Mature B,2408,110,0.11346188730480952,0.033036639621036,totalVI
totalvi,2038.0,log_mean,NK,104,110,0.2131430121119981,0.19337559547192457,totalVI
totalvi,2038.0,log_mean,NKT,117,110,0.2964721102513363,0.31317955944370135,totalVI
totalvi,2038.0,log_mean,Neutrophils,112,110,0.20189017127982795,0.17177013256579898,totalVI
totalvi,2038.0,log_mean,Red-pulp macrophages,35,110,0.08766666221543988,0.10793315653095664,totalVI
totalvi,2038.0,log_mean,T doublets,55,110,0.1483656019270736,0.08691340817639309,totalVI
totalvi,2038.0,log_mean,Transitional B,580,110,0.14404582606957705,0.03463044773712135,totalVI
totalvi,2038.0,log_mean,Tregs,115,110,0.16451406137583013,0.10059309009092485,totalVI
totalvi,2038.0,log_mean,cDC1s,62,110,0.30478246112457646,0.2469111918799362,totalVI
totalvi,2038.0,log_mean,cDC2s,65,110,0.286684966472307,0.29204329096535525,totalVI
totalvi,2038.0,log_mean,pDCs,30,110,0.14454315939342618,0.1526976167297956,totalVI
totalvi,2038.0,pred_log,Activated CD4 T,38,110,0.09970347980880838,0.0982461635413014,totalVI
totalvi,2038.0,pred_log,B doublets,77,110,0.15235026685843053,0.0843938938978815,totalVI
totalvi,2038.0,pred_log,B-CD4 T cell doublets,62,110,0.14357577254341375,0.09279397503598319,totalVI
totalvi,2038.0,pred_log,B-CD8 T cell doublets,50,110,0.11539991178324982,0.09858743220187036,totalVI
totalvi,2038.0,pred_log,B-macrophage doublets,74,110,0.20424396429666672,0.17760560774934095,totalVI
totalvi,2038.0,pred_log,B1 B,162,110,0.16652589072145735,0.041509946320775745,totalVI
totalvi,2038.0,pred_log,CD122+ CD8 T,258,110,0.10088218633982131,0.046340741490831755,totalVI
totalvi,2038.0,pred_log,CD4 T,1077,110,0.07024762867162408,0.0250799233220401,totalVI
totalvi,2038.0,pred_log,CD8 T,680,110,0.06638803341068282,0.025820754366526047,totalVI
totalvi,2038.0,pred_log,Cycling B/T cells,81,110,0.31277433714035674,0.2353228465597149,totalVI
totalvi,2038.0,pred_log,GD T,73,110,0.1921693056890242,0.15784988516873935,totalVI
totalvi,2038.0,pred_log,ICOS-high Tregs,91,110,0.16821459908898267,0.11253978470588274,totalVI
totalvi,2038.0,pred_log,Ifit3-high B,249,110,0.0807404097422343,0.049671824947679105,totalVI
totalvi,2038.0,pred_log,Ifit3-high CD4 T,132,110,0.054008885872613585,0.02540818639392685,totalVI
totalvi,2038.0,pred_log,Ifit3-high CD8 T,100,110,0.090820087233846,0.062400418373958905,totalVI
totalvi,2038.0,pred_log,Low quality B cells,230,110,0.07493200115596446,0.03581093922426095,totalVI
totalvi,2038.0,pred_log,Low quality T cells,67,110,0.11522275732514829,0.07251028310389945,totalVI
totalvi,2038.0,pred_log,Ly6-high mono,77,110,0.2227551733044504,0.1360484066126953,totalVI
totalvi,2038.0,pred_log,MZ B,205,110,0.14757765546994928,0.06060285046284465,totalVI
totalvi,2038.0,pred_log,MZ/Marco-high macrophages,36,110,0.23133914611595383,0.26507876438847355,totalVI
totalvi,2038.0,pred_log,Mature B,2408,110,0.09587500164015654,0.018696874345217752,totalVI
totalvi,2038.0,pred_log,NK,104,110,0.19594181962568263,0.1688893996803075,totalVI
totalvi,2038.0,pred_log,NKT,117,110,0.2514629629786148,0.20927933818253192,totalVI
totalvi,2038.0,pred_log,Neutrophils,112,110,0.1889433301316128,0.15102780135865945,totalVI
totalvi,2038.0,pred_log,Red-pulp macrophages,35,110,0.08362128553067187,0.09554977915016019,totalVI
totalvi,2038.0,pred_log,T doublets,55,110,0.15003754049958418,0.11586257555015035,totalVI
totalvi,2038.0,pred_log,Transitional B,580,110,0.13224922720250765,0.03428129452178285,totalVI
totalvi,2038.0,pred_log,Tregs,115,110,0.14525891147464431,0.08289158048223996,totalVI
totalvi,2038.0,pred_log,cDC1s,62,110,0.2710861298498773,0.2454981809977424,totalVI
totalvi,2038.0,pred_log,cDC2s,65,110,0.25599522547116427,0.2188453223953845,totalVI
totalvi,2038.0,pred_log,pDCs,30,110,0.1253354139385366,0.1120644140474233,totalVI
totalvi,2039.0,calibrated,Activated CD4 T,38,110,0.14070981801503918,0.12203009172551554,totalVI
totalvi,2039.0,calibrated,B doublets,77,110,0.1352633775832941,0.05981115133587145,totalVI
totalvi,2039.0,calibrated,B-CD4 T cell doublets,62,110,0.16795318887669566,0.182392310838122,totalVI
totalvi,2039.0,calibrated,B-CD8 T cell doublets,50,110,0.1120561848408336,0.07950722166020935,totalVI
totalvi,2039.0,calibrated,B-macrophage doublets,74,110,0.25237970343844146,0.22438509436056026,totalVI
totalvi,2039.0,calibrated,B1 B,162,110,0.1824841741376083,0.08090917002220585,totalVI
totalvi,2039.0,calibrated,CD122+ CD8 T,258,110,0.11550851204808221,0.0629887318747272,totalVI
totalvi,2039.0,calibrated,CD4 T,1077,110,0.08461577498412864,0.0253748643394523,totalVI
totalvi,2039.0,calibrated,CD8 T,680,110,0.07795281728028913,0.027329721519790302,totalVI
totalvi,2039.0,calibrated,Cycling B/T cells,81,110,0.32732974939889353,0.24635522951902866,totalVI
totalvi,2039.0,calibrated,GD T,73,110,0.20084843666004967,0.18997849167050324,totalVI
totalvi,2039.0,calibrated,ICOS-high Tregs,91,110,0.19345354641383875,0.13463342728964856,totalVI
totalvi,2039.0,calibrated,Ifit3-high B,249,110,0.09205527064997444,0.0552266206760071,totalVI
totalvi,2039.0,calibrated,Ifit3-high CD4 T,132,110,0.06369782896020079,0.037366232587384154,totalVI
totalvi,2039.0,calibrated,Ifit3-high CD8 T,100,110,0.09711103562915145,0.054707021421777496,totalVI
totalvi,2039.0,calibrated,Low quality B cells,230,110,0.10113177654045462,0.04784921721454785,totalVI
totalvi,2039.0,calibrated,Low quality T cells,67,110,0.11179600371195876,0.0999875635226729,totalVI
totalvi,2039.0,calibrated,Ly6-high mono,77,110,0.25161972049166015,0.21325956732266255,totalVI
totalvi,2039.0,calibrated,MZ B,205,110,0.1809286820168523,0.1075790053562436,totalVI
totalvi,2039.0,calibrated,MZ/Marco-high macrophages,36,110,0.2552205135283245,0.297771379633623,totalVI
totalvi,2039.0,calibrated,Mature B,2408,110,0.11416422831045658,0.03286807343689635,totalVI
totalvi,2039.0,calibrated,NK,104,110,0.21753914330059737,0.20508050536816858,totalVI
totalvi,2039.0,calibrated,NKT,117,110,0.28853190122087574,0.28579270460613704,totalVI
totalvi,2039.0,calibrated,Neutrophils,112,110,0.18485296552264685,0.16147300547746368,totalVI
totalvi,2039.0,calibrated,Red-pulp macrophages,35,110,0.09671280396924935,0.07494626167863346,totalVI
totalvi,2039.0,calibrated,T doublets,55,110,0.14723717462078545,0.1010779048625268,totalVI
totalvi,2039.0,calibrated,Transitional B,580,110,0.1332810048676408,0.03279621657732835,totalVI
totalvi,2039.0,calibrated,Tregs,115,110,0.15464153956176616,0.10273465864462936,totalVI
totalvi,2039.0,calibrated,cDC1s,62,110,0.29912704401305457,0.2654880065304559,totalVI
totalvi,2039.0,calibrated,cDC2s,65,110,0.26809732063523845,0.27301225916647803,totalVI
totalvi,2039.0,calibrated,pDCs,30,110,0.14356373997467847,0.15964880634890388,totalVI
totalvi,2039.0,log_mean,Activated CD4 T,38,110,0.14070981801503918,0.12203009172551554,totalVI
totalvi,2039.0,log_mean,B doublets,77,110,0.1352633775832941,0.05981115133587145,totalVI
totalvi,2039.0,log_mean,B-CD4 T cell doublets,62,110,0.16795318887669566,0.182392310838122,totalVI
totalvi,2039.0,log_mean,B-CD8 T cell doublets,50,110,0.1120561848408336,0.07950722166020935,totalVI
totalvi,2039.0,log_mean,B-macrophage doublets,74,110,0.25237970343844146,0.22438509436056026,totalVI
totalvi,2039.0,log_mean,B1 B,162,110,0.1824841741376083,0.08090917002220585,totalVI
totalvi,2039.0,log_mean,CD122+ CD8 T,258,110,0.11550851204808221,0.0629887318747272,totalVI
totalvi,2039.0,log_mean,CD4 T,1077,110,0.08461577498412864,0.0253748643394523,totalVI
totalvi,2039.0,log_mean,CD8 T,680,110,0.07795281728028913,0.027329721519790302,totalVI
totalvi,2039.0,log_mean,Cycling B/T cells,81,110,0.32732974939889353,0.24635522951902866,totalVI
totalvi,2039.0,log_mean,GD T,73,110,0.20084843666004967,0.18997849167050324,totalVI
totalvi,2039.0,log_mean,ICOS-high Tregs,91,110,0.19345354641383875,0.13463342728964856,totalVI
totalvi,2039.0,log_mean,Ifit3-high B,249,110,0.09205527064997444,0.0552266206760071,totalVI
totalvi,2039.0,log_mean,Ifit3-high CD4 T,132,110,0.06369782896020079,0.037366232587384154,totalVI
totalvi,2039.0,log_mean,Ifit3-high CD8 T,100,110,0.09711103562915145,0.054707021421777496,totalVI
totalvi,2039.0,log_mean,Low quality B cells,230,110,0.10113177654045462,0.04784921721454785,totalVI
totalvi,2039.0,log_mean,Low quality T cells,67,110,0.11179600371195876,0.0999875635226729,totalVI
totalvi,2039.0,log_mean,Ly6-high mono,77,110,0.25161972049166015,0.21325956732266255,totalVI
totalvi,2039.0,log_mean,MZ B,205,110,0.1809286820168523,0.1075790053562436,totalVI
totalvi,2039.0,log_mean,MZ/Marco-high macrophages,36,110,0.2552205135283245,0.297771379633623,totalVI
totalvi,2039.0,log_mean,Mature B,2408,110,0.11416422831045658,0.03286807343689635,totalVI
totalvi,2039.0,log_mean,NK,104,110,0.21753914330059737,0.20508050536816858,totalVI
totalvi,2039.0,log_mean,NKT,117,110,0.28853190122087574,0.28579270460613704,totalVI
totalvi,2039.0,log_mean,Neutrophils,112,110,0.18485296552264685,0.16147300547746368,totalVI
totalvi,2039.0,log_mean,Red-pulp macrophages,35,110,0.09671280396924935,0.07494626167863346,totalVI
totalvi,2039.0,log_mean,T doublets,55,110,0.14723717462078545,0.1010779048625268,totalVI
totalvi,2039.0,log_mean,Transitional B,580,110,0.1332810048676408,0.03279621657732835,totalVI
totalvi,2039.0,log_mean,Tregs,115,110,0.15464153956176616,0.10273465864462936,totalVI
totalvi,2039.0,log_mean,cDC1s,62,110,0.29912704401305457,0.2654880065304559,totalVI
totalvi,2039.0,log_mean,cDC2s,65,110,0.26809732063523845,0.27301225916647803,totalVI
totalvi,2039.0,log_mean,pDCs,30,110,0.14356373997467847,0.15964880634890388,totalVI
totalvi,2039.0,pred_log,Activated CD4 T,38,110,0.10827911921547355,0.08629487450867855,totalVI
totalvi,2039.0,pred_log,B doublets,77,110,0.14078205960581738,0.08771178744928235,totalVI
totalvi,2039.0,pred_log,B-CD4 T cell doublets,62,110,0.14619799620318047,0.1301138749944745,totalVI
totalvi,2039.0,pred_log,B-CD8 T cell doublets,50,110,0.11406541655603623,0.07993761226077235,totalVI
totalvi,2039.0,pred_log,B-macrophage doublets,74,110,0.2468290551366091,0.1952445029786804,totalVI
totalvi,2039.0,pred_log,B1 B,162,110,0.16116718482602102,0.04627583257624295,totalVI
totalvi,2039.0,pred_log,CD122+ CD8 T,258,110,0.09978546892670573,0.048960003606791896,totalVI
totalvi,2039.0,pred_log,CD4 T,1077,110,0.06713934637986992,0.02175200328975365,totalVI
totalvi,2039.0,pred_log,CD8 T,680,110,0.07017270716108309,0.0422255449023987,totalVI
totalvi,2039.0,pred_log,Cycling B/T cells,81,110,0.29958843789512646,0.21601635412459555,totalVI
totalvi,2039.0,pred_log,GD T,73,110,0.17674692556250032,0.1485212880803939,totalVI
totalvi,2039.0,pred_log,ICOS-high Tregs,91,110,0.17862272499162474,0.13962403288168826,totalVI
totalvi,2039.0,pred_log,Ifit3-high B,249,110,0.07678213050396714,0.03892819318773405,totalVI
totalvi,2039.0,pred_log,Ifit3-high CD4 T,132,110,0.05411723470494313,0.02442786567612075,totalVI
totalvi,2039.0,pred_log,Ifit3-high CD8 T,100,110,0.08210624255929061,0.0614830098821882,totalVI
totalvi,2039.0,pred_log,Low quality B cells,230,110,0.09442737579242197,0.04752833832309385,totalVI
totalvi,2039.0,pred_log,Low quality T cells,67,110,0.0893698473616934,0.0666671376935203,totalVI
totalvi,2039.0,pred_log,Ly6-high mono,77,110,0.2261480216465687,0.1730663311655133,totalVI
totalvi,2039.0,pred_log,MZ B,205,110,0.15289626622146082,0.0604186310059919,totalVI
totalvi,2039.0,pred_log,MZ/Marco-high macrophages,36,110,0.2214576222503199,0.2262635597971298,totalVI
totalvi,2039.0,pred_log,Mature B,2408,110,0.09562547760936212,0.02041233104323805,totalVI
totalvi,2039.0,pred_log,NK,104,110,0.18519197879160312,0.17143458286326924,totalVI
totalvi,2039.0,pred_log,NKT,117,110,0.2514596021058465,0.22488036575049697,totalVI
totalvi,2039.0,pred_log,Neutrophils,112,110,0.17383185423758993,0.17637589827265981,totalVI
totalvi,2039.0,pred_log,Red-pulp macrophages,35,110,0.10599994862685932,0.115138354798138,totalVI
totalvi,2039.0,pred_log,T doublets,55,110,0.1358385930529936,0.09754941560487121,totalVI
totalvi,2039.0,pred_log,Transitional B,580,110,0.12483946867349066,0.020696569037581852,totalVI
totalvi,2039.0,pred_log,Tregs,115,110,0.12839309451120656,0.0573537175177071,totalVI
totalvi,2039.0,pred_log,cDC1s,62,110,0.2930668996202056,0.259921737230529,totalVI
totalvi,2039.0,pred_log,cDC2s,65,110,0.23929397966488972,0.24483075497907053,totalVI
totalvi,2039.0,pred_log,pDCs,30,110,0.1086417693934941,0.09909231400505394,totalVI
totalvi,2040.0,calibrated,Activated CD4 T,38,110,0.12196376778776637,0.09455864060174946,totalVI
totalvi,2040.0,calibrated,B doublets,77,110,0.18318968321727283,0.1271972022062482,totalVI
totalvi,2040.0,calibrated,B-CD4 T cell doublets,62,110,0.1547605547341029,0.11853636110443165,totalVI
totalvi,2040.0,calibrated,B-CD8 T cell doublets,50,110,0.11261500333092303,0.078840579692583,totalVI
totalvi,2040.0,calibrated,B-macrophage doublets,74,110,0.24951915296776941,0.2235932884472899,totalVI
totalvi,2040.0,calibrated,B1 B,162,110,0.19890690199674915,0.1060201464018369,totalVI
totalvi,2040.0,calibrated,CD122+ CD8 T,258,110,0.12439309820126208,0.07351356459906705,totalVI
totalvi,2040.0,calibrated,CD4 T,1077,110,0.08136144012673947,0.02607054262209435,totalVI
totalvi,2040.0,calibrated,CD8 T,680,110,0.08579662756080446,0.0370464962129507,totalVI
totalvi,2040.0,calibrated,Cycling B/T cells,81,110,0.3362094123359086,0.23732301940741807,totalVI
totalvi,2040.0,calibrated,GD T,73,110,0.17725216368413924,0.16703748187459394,totalVI
totalvi,2040.0,calibrated,ICOS-high Tregs,91,110,0.19665830899308373,0.14292492586471406,totalVI
totalvi,2040.0,calibrated,Ifit3-high B,249,110,0.1043724018267133,0.05146582030796465,totalVI
totalvi,2040.0,calibrated,Ifit3-high CD4 T,132,110,0.07102469041412574,0.0545986248276761,totalVI
totalvi,2040.0,calibrated,Ifit3-high CD8 T,100,110,0.13211643201804282,0.10132811425932114,totalVI
totalvi,2040.0,calibrated,Low quality B cells,230,110,0.11064258246379598,0.0706914054466969,totalVI
totalvi,2040.0,calibrated,Low quality T cells,67,110,0.11403116641096933,0.08300818657597875,totalVI
totalvi,2040.0,calibrated,Ly6-high mono,77,110,0.23928542990293558,0.19637787389801675,totalVI
totalvi,2040.0,calibrated,MZ B,205,110,0.18340884794852313,0.0980707759386273,totalVI
totalvi,2040.0,calibrated,MZ/Marco-high macrophages,36,110,0.24289598154387823,0.2508743108432323,totalVI
totalvi,2040.0,calibrated,Mature B,2408,110,0.115776808631322,0.03365964512457085,totalVI
totalvi,2040.0,calibrated,NK,104,110,0.2165761919277114,0.22265608818081595,totalVI
totalvi,2040.0,calibrated,NKT,117,110,0.287810101168458,0.28848058501300466,totalVI
totalvi,2040.0,calibrated,Neutrophils,112,110,0.22064739245949502,0.2208604944947044,totalVI
totalvi,2040.0,calibrated,Red-pulp macrophages,35,110,0.022256718336842497,0.02434480440415185,totalVI
totalvi,2040.0,calibrated,T doublets,55,110,0.17640686936673336,0.14543560362784966,totalVI
totalvi,2040.0,calibrated,Transitional B,580,110,0.14663659947927812,0.039328294933680896,totalVI
totalvi,2040.0,calibrated,Tregs,115,110,0.15483577838763654,0.09969946629807885,totalVI
totalvi,2040.0,calibrated,cDC1s,62,110,0.31166885480357553,0.2891920633778054,totalVI
totalvi,2040.0,calibrated,cDC2s,65,110,0.28004082267607283,0.27028825036514964,totalVI
totalvi,2040.0,calibrated,pDCs,30,110,0.11779908653365487,0.14461587288430586,totalVI
totalvi,2040.0,log_mean,Activated CD4 T,38,110,0.12196376778776637,0.09455864060174946,totalVI
totalvi,2040.0,log_mean,B doublets,77,110,0.18318968321727283,0.1271972022062482,totalVI
totalvi,2040.0,log_mean,B-CD4 T cell doublets,62,110,0.1547605547341029,0.11853636110443165,totalVI
totalvi,2040.0,log_mean,B-CD8 T cell doublets,50,110,0.11261500333092303,0.078840579692583,totalVI
totalvi,2040.0,log_mean,B-macrophage doublets,74,110,0.24951915296776941,0.2235932884472899,totalVI
totalvi,2040.0,log_mean,B1 B,162,110,0.19890690199674915,0.1060201464018369,totalVI
totalvi,2040.0,log_mean,CD122+ CD8 T,258,110,0.12439309820126208,0.07351356459906705,totalVI
totalvi,2040.0,log_mean,CD4 T,1077,110,0.08136144012673947,0.02607054262209435,totalVI
totalvi,2040.0,log_mean,CD8 T,680,110,0.08579662756080446,0.0370464962129507,totalVI
totalvi,2040.0,log_mean,Cycling B/T cells,81,110,0.3362094123359086,0.23732301940741807,totalVI
totalvi,2040.0,log_mean,GD T,73,110,0.17725216368413924,0.16703748187459394,totalVI
totalvi,2040.0,log_mean,ICOS-high Tregs,91,110,0.19665830899308373,0.14292492586471406,totalVI
totalvi,2040.0,log_mean,Ifit3-high B,249,110,0.1043724018267133,0.05146582030796465,totalVI
totalvi,2040.0,log_mean,Ifit3-high CD4 T,132,110,0.07102469041412574,0.0545986248276761,totalVI
totalvi,2040.0,log_mean,Ifit3-high CD8 T,100,110,0.13211643201804282,0.10132811425932114,totalVI
totalvi,2040.0,log_mean,Low quality B cells,230,110,0.11064258246379598,0.0706914054466969,totalVI
totalvi,2040.0,log_mean,Low quality T cells,67,110,0.11403116641096933,0.08300818657597875,totalVI
totalvi,2040.0,log_mean,Ly6-high mono,77,110,0.23928542990293558,0.19637787389801675,totalVI
totalvi,2040.0,log_mean,MZ B,205,110,0.18340884794852313,0.0980707759386273,totalVI
totalvi,2040.0,log_mean,MZ/Marco-high macrophages,36,110,0.24289598154387823,0.2508743108432323,totalVI
totalvi,2040.0,log_mean,Mature B,2408,110,0.115776808631322,0.03365964512457085,totalVI
totalvi,2040.0,log_mean,NK,104,110,0.2165761919277114,0.22265608818081595,totalVI
totalvi,2040.0,log_mean,NKT,117,110,0.287810101168458,0.28848058501300466,totalVI
totalvi,2040.0,log_mean,Neutrophils,112,110,0.22064739245949502,0.2208604944947044,totalVI
totalvi,2040.0,log_mean,Red-pulp macrophages,35,110,0.022256718336842497,0.02434480440415185,totalVI
totalvi,2040.0,log_mean,T doublets,55,110,0.17640686936673336,0.14543560362784966,totalVI
totalvi,2040.0,log_mean,Transitional B,580,110,0.14663659947927812,0.039328294933680896,totalVI
totalvi,2040.0,log_mean,Tregs,115,110,0.15483577838763654,0.09969946629807885,totalVI
totalvi,2040.0,log_mean,cDC1s,62,110,0.31166885480357553,0.2891920633778054,totalVI
totalvi,2040.0,log_mean,cDC2s,65,110,0.28004082267607283,0.27028825036514964,totalVI
totalvi,2040.0,log_mean,pDCs,30,110,0.11779908653365487,0.14461587288430586,totalVI
totalvi,2040.0,pred_log,Activated CD4 T,38,110,0.09996522842689835,0.06200324148386825,totalVI
totalvi,2040.0,pred_log,B doublets,77,110,0.14875090777216032,0.10775792332466835,totalVI
totalvi,2040.0,pred_log,B-CD4 T cell doublets,62,110,0.14064646993675037,0.145277353001717,totalVI
totalvi,2040.0,pred_log,B-CD8 T cell doublets,50,110,0.09083407964317353,0.0756895141580879,totalVI
totalvi,2040.0,pred_log,B-macrophage doublets,74,110,0.22530314307473567,0.2055676755789522,totalVI
totalvi,2040.0,pred_log,B1 B,162,110,0.17773272095810802,0.07505590397332525,totalVI
totalvi,2040.0,pred_log,CD122+ CD8 T,258,110,0.10372526772905981,0.04404638505712,totalVI
totalvi,2040.0,pred_log,CD4 T,1077,110,0.06972464011963592,0.0205040615024119,totalVI
totalvi,2040.0,pred_log,CD8 T,680,110,0.0752208099627384,0.034876372574238854,totalVI
totalvi,2040.0,pred_log,Cycling B/T cells,81,110,0.3217771370711317,0.23566641920794712,totalVI
totalvi,2040.0,pred_log,GD T,73,110,0.16136481010925308,0.11446143913179596,totalVI
totalvi,2040.0,pred_log,ICOS-high Tregs,91,110,0.1945800941934322,0.1445449601172744,totalVI
totalvi,2040.0,pred_log,Ifit3-high B,249,110,0.08707136398480578,0.0403096396622379,totalVI
totalvi,2040.0,pred_log,Ifit3-high CD4 T,132,110,0.07057258529580324,0.058525264301939245,totalVI
totalvi,2040.0,pred_log,Ifit3-high CD8 T,100,110,0.10759710208985854,0.08212640111458515,totalVI
totalvi,2040.0,pred_log,Low quality B cells,230,110,0.08867038711225371,0.04483237369988395,totalVI
totalvi,2040.0,pred_log,Low quality T cells,67,110,0.09258935158675698,0.05051346939546885,totalVI
totalvi,2040.0,pred_log,Ly6-high mono,77,110,0.22659159672293364,0.18545951412878336,totalVI
totalvi,2040.0,pred_log,MZ B,205,110,0.1616320875499331,0.07605628885188305,totalVI
totalvi,2040.0,pred_log,MZ/Marco-high macrophages,36,110,0.22030668375671314,0.20982573302521684,totalVI
totalvi,2040.0,pred_log,Mature B,2408,110,0.09643596839733826,0.01610133077733825,totalVI
totalvi,2040.0,pred_log,NK,104,110,0.19474186592707568,0.18488625768229672,totalVI
totalvi,2040.0,pred_log,NKT,117,110,0.23916738256280232,0.21530514042503807,totalVI
totalvi,2040.0,pred_log,Neutrophils,112,110,0.20504078766560518,0.18911625629674694,totalVI
totalvi,2040.0,pred_log,Red-pulp macrophages,35,110,0.02327743222918455,0.04117577241147595,totalVI
totalvi,2040.0,pred_log,T doublets,55,110,0.1576038382338327,0.12397047262508903,totalVI
totalvi,2040.0,pred_log,Transitional B,580,110,0.12364405135086154,0.02411447273382515,totalVI
totalvi,2040.0,pred_log,Tregs,115,110,0.11985878077971394,0.0642105269298979,totalVI
totalvi,2040.0,pred_log,cDC1s,62,110,0.28211748291545835,0.2395945660950783,totalVI
totalvi,2040.0,pred_log,cDC2s,65,110,0.24670553542148047,0.2279969253258759,totalVI
totalvi,2040.0,pred_log,pDCs,30,110,0.12258707285626981,0.144331010251112,totalVI
totalvi,2041.0,calibrated,Activated CD4 T,38,110,0.11648810710540994,0.09422551439752055,totalVI
totalvi,2041.0,calibrated,B doublets,77,110,0.185831357181913,0.14291763765492477,totalVI
totalvi,2041.0,calibrated,B-CD4 T cell doublets,62,110,0.1759869159455521,0.1320036760344907,totalVI
totalvi,2041.0,calibrated,B-CD8 T cell doublets,50,110,0.106661000464405,0.08220441070315684,totalVI
totalvi,2041.0,calibrated,B-macrophage doublets,74,110,0.23949176534892336,0.19446306743128888,totalVI
totalvi,2041.0,calibrated,B1 B,162,110,0.19030400294767702,0.09753283967506626,totalVI
totalvi,2041.0,calibrated,CD122+ CD8 T,258,110,0.12889542380462765,0.0788842558917407,totalVI
totalvi,2041.0,calibrated,CD4 T,1077,110,0.08128522525537896,0.02482974237453035,totalVI
totalvi,2041.0,calibrated,CD8 T,680,110,0.08639210751370921,0.0371688502597711,totalVI
totalvi,2041.0,calibrated,Cycling B/T cells,81,110,0.3286677753487493,0.22290317775233764,totalVI
totalvi,2041.0,calibrated,GD T,73,110,0.18962185857477742,0.1651074944725051,totalVI
totalvi,2041.0,calibrated,ICOS-high Tregs,91,110,0.1993516654045503,0.15126024905246205,totalVI
totalvi,2041.0,calibrated,Ifit3-high B,249,110,0.09254423929147841,0.0490781619433456,totalVI
totalvi,2041.0,calibrated,Ifit3-high CD4 T,132,110,0.05285448900091197,0.02721618805271795,totalVI
totalvi,2041.0,calibrated,Ifit3-high CD8 T,100,110,0.1065873178341467,0.07698022886010569,totalVI
totalvi,2041.0,calibrated,Low quality B cells,230,110,0.09592012051496353,0.037599816062802,totalVI
totalvi,2041.0,calibrated,Low quality T cells,67,110,0.09857610442035998,0.0782402520510191,totalVI
totalvi,2041.0,calibrated,Ly6-high mono,77,110,0.27152677859031404,0.24649076615857263,totalVI
totalvi,2041.0,calibrated,MZ B,205,110,0.17850385679999006,0.1026594122924883,totalVI
totalvi,2041.0,calibrated,MZ/Marco-high macrophages,36,110,0.26874877931744295,0.2925198493221335,totalVI
totalvi,2041.0,calibrated,Mature B,2408,110,0.1165590780130562,0.042113977522694954,totalVI
totalvi,2041.0,calibrated,NK,104,110,0.22180493370776683,0.21492617760799895,totalVI
totalvi,2041.0,calibrated,NKT,117,110,0.29671114539495796,0.28700088959663905,totalVI
totalvi,2041.0,calibrated,Neutrophils,112,110,0.21215004373305096,0.20872293494280153,totalVI
totalvi,2041.0,calibrated,Red-pulp macrophages,35,110,0.06849840445861297,0.0775200667452506,totalVI
totalvi,2041.0,calibrated,T doublets,55,110,0.1676968703010212,0.11066739250264301,totalVI
totalvi,2041.0,calibrated,Transitional B,580,110,0.1424888081234725,0.04301197235246255,totalVI
totalvi,2041.0,calibrated,Tregs,115,110,0.17284792417530362,0.10994592792180255,totalVI
totalvi,2041.0,calibrated,cDC1s,62,110,0.31048636401166346,0.25625160407148656,totalVI
totalvi,2041.0,calibrated,cDC2s,65,110,0.2997233848957325,0.30457718796998545,totalVI
totalvi,2041.0,calibrated,pDCs,30,110,0.15622124939676102,0.12517284771912826,totalVI
totalvi,2041.0,log_mean,Activated CD4 T,38,110,0.11648810710540994,0.09422551439752055,totalVI
totalvi,2041.0,log_mean,B doublets,77,110,0.185831357181913,0.14291763765492477,totalVI
totalvi,2041.0,log_mean,B-CD4 T cell doublets,62,110,0.1759869159455521,0.1320036760344907,totalVI
totalvi,2041.0,log_mean,B-CD8 T cell doublets,50,110,0.106661000464405,0.08220441070315684,totalVI
totalvi,2041.0,log_mean,B-macrophage doublets,74,110,0.23949176534892336,0.19446306743128888,totalVI
totalvi,2041.0,log_mean,B1 B,162,110,0.19030400294767702,0.09753283967506626,totalVI
totalvi,2041.0,log_mean,CD122+ CD8 T,258,110,0.12889542380462765,0.0788842558917407,totalVI
totalvi,2041.0,log_mean,CD4 T,1077,110,0.08128522525537896,0.02482974237453035,totalVI
totalvi,2041.0,log_mean,CD8 T,680,110,0.08639210751370921,0.0371688502597711,totalVI
totalvi,2041.0,log_mean,Cycling B/T cells,81,110,0.3286677753487493,0.22290317775233764,totalVI
totalvi,2041.0,log_mean,GD T,73,110,0.18962185857477742,0.1651074944725051,totalVI
totalvi,2041.0,log_mean,ICOS-high Tregs,91,110,0.1993516654045503,0.15126024905246205,totalVI
totalvi,2041.0,log_mean,Ifit3-high B,249,110,0.09254423929147841,0.0490781619433456,totalVI
totalvi,2041.0,log_mean,Ifit3-high CD4 T,132,110,0.05285448900091197,0.02721618805271795,totalVI
totalvi,2041.0,log_mean,Ifit3-high CD8 T,100,110,0.1065873178341467,0.07698022886010569,totalVI
totalvi,2041.0,log_mean,Low quality B cells,230,110,0.09592012051496353,0.037599816062802,totalVI
totalvi,2041.0,log_mean,Low quality T cells,67,110,0.09857610442035998,0.0782402520510191,totalVI
totalvi,2041.0,log_mean,Ly6-high mono,77,110,0.27152677859031404,0.24649076615857263,totalVI
totalvi,2041.0,log_mean,MZ B,205,110,0.17850385679999006,0.1026594122924883,totalVI
totalvi,2041.0,log_mean,MZ/Marco-high macrophages,36,110,0.26874877931744295,0.2925198493221335,totalVI
totalvi,2041.0,log_mean,Mature B,2408,110,0.1165590780130562,0.042113977522694954,totalVI
totalvi,2041.0,log_mean,NK,104,110,0.22180493370776683,0.21492617760799895,totalVI
totalvi,2041.0,log_mean,NKT,117,110,0.29671114539495796,0.28700088959663905,totalVI
totalvi,2041.0,log_mean,Neutrophils,112,110,0.21215004373305096,0.20872293494280153,totalVI
totalvi,2041.0,log_mean,Red-pulp macrophages,35,110,0.06849840445861297,0.0775200667452506,totalVI
totalvi,2041.0,log_mean,T doublets,55,110,0.1676968703010212,0.11066739250264301,totalVI
totalvi,2041.0,log_mean,Transitional B,580,110,0.1424888081234725,0.04301197235246255,totalVI
totalvi,2041.0,log_mean,Tregs,115,110,0.17284792417530362,0.10994592792180255,totalVI
totalvi,2041.0,log_mean,cDC1s,62,110,0.31048636401166346,0.25625160407148656,totalVI
totalvi,2041.0,log_mean,cDC2s,65,110,0.2997233848957325,0.30457718796998545,totalVI
totalvi,2041.0,log_mean,pDCs,30,110,0.15622124939676102,0.12517284771912826,totalVI
totalvi,2041.0,pred_log,Activated CD4 T,38,110,0.08211798229640653,0.06841017411222544,totalVI
totalvi,2041.0,pred_log,B doublets,77,110,0.16041591198365826,0.11187116635567335,totalVI
totalvi,2041.0,pred_log,B-CD4 T cell doublets,62,110,0.14247903508831597,0.0943974280498925,totalVI
totalvi,2041.0,pred_log,B-CD8 T cell doublets,50,110,0.08850084494494018,0.0437083486531825,totalVI
totalvi,2041.0,pred_log,B-macrophage doublets,74,110,0.24430870305217336,0.211864782607187,totalVI
totalvi,2041.0,pred_log,B1 B,162,110,0.17370492522214914,0.0523284001833844,totalVI
totalvi,2041.0,pred_log,CD122+ CD8 T,258,110,0.10737833445210218,0.055457971516826,totalVI
totalvi,2041.0,pred_log,CD4 T,1077,110,0.070424937157196,0.01854705140084665,totalVI
totalvi,2041.0,pred_log,CD8 T,680,110,0.07205528204996663,0.0323472020950839,totalVI
totalvi,2041.0,pred_log,Cycling B/T cells,81,110,0.3392326482630174,0.23200680099284549,totalVI
totalvi,2041.0,pred_log,GD T,73,110,0.16793524647376948,0.15637675826186553,totalVI
totalvi,2041.0,pred_log,ICOS-high Tregs,91,110,0.17058709498649402,0.11439655409573421,totalVI
totalvi,2041.0,pred_log,Ifit3-high B,249,110,0.07719501363764589,0.02219679032819075,totalVI
totalvi,2041.0,pred_log,Ifit3-high CD4 T,132,110,0.053884439731454306,0.035094618715303796,totalVI
totalvi,2041.0,pred_log,Ifit3-high CD8 T,100,110,0.09362871771148845,0.0699017035201866,totalVI
totalvi,2041.0,pred_log,Low quality B cells,230,110,0.08870770254034363,0.042598522171606104,totalVI
totalvi,2041.0,pred_log,Low quality T cells,67,110,0.08664323827060824,0.06851667014670945,totalVI
totalvi,2041.0,pred_log,Ly6-high mono,77,110,0.25230922128706684,0.17680677711675713,totalVI
totalvi,2041.0,pred_log,MZ B,205,110,0.15051768423625198,0.052737114765263146,totalVI
totalvi,2041.0,pred_log,MZ/Marco-high macrophages,36,110,0.24698907039721918,0.28621689593079536,totalVI
totalvi,2041.0,pred_log,Mature B,2408,110,0.09962493281989787,0.022085020589189097,totalVI
totalvi,2041.0,pred_log,NK,104,110,0.18345509789064743,0.14708581752000832,totalVI
totalvi,2041.0,pred_log,NKT,117,110,0.23886179617954226,0.1747705187440266,totalVI
totalvi,2041.0,pred_log,Neutrophils,112,110,0.2069947095775979,0.17716791763024353,totalVI
totalvi,2041.0,pred_log,Red-pulp macrophages,35,110,0.08315426835164894,0.08233766472906115,totalVI
totalvi,2041.0,pred_log,T doublets,55,110,0.14629882834307775,0.132722805418637,totalVI
totalvi,2041.0,pred_log,Transitional B,580,110,0.1258095694629365,0.01814459661520175,totalVI
totalvi,2041.0,pred_log,Tregs,115,110,0.1486010711442134,0.10281556797002475,totalVI
totalvi,2041.0,pred_log,cDC1s,62,110,0.27624533384865,0.240724532886942,totalVI
totalvi,2041.0,pred_log,cDC2s,65,110,0.2638585621160028,0.24267130562655426,totalVI
totalvi,2041.0,pred_log,pDCs,30,110,0.12314860817243285,0.11958166181856725,totalVI
totalvi_avail_w128,2026.0,calibrated,Activated CD4 T,38,110,0.15407415724322537,0.13090731444291553,totalvi_avail_w128
totalvi_avail_w128,2026.0,calibrated,B doublets,77,110,0.1292435102416056,0.0827375156375383,totalvi_avail_w128
totalvi_avail_w128,2026.0,calibrated,B-CD4 T cell doublets,62,110,0.18568714307083287,0.16010216908350317,totalvi_avail_w128
totalvi_avail_w128,2026.0,calibrated,B-CD8 T cell doublets,50,110,0.11787768544328953,0.0835856300794898,totalvi_avail_w128
totalvi_avail_w128,2026.0,calibrated,B-macrophage doublets,74,110,0.20347430025647653,0.1602815262468275,totalvi_avail_w128
totalvi_avail_w128,2026.0,calibrated,B1 B,162,110,0.19582627497649652,0.08953664050223595,totalvi_avail_w128
totalvi_avail_w128,2026.0,calibrated,CD122+ CD8 T,258,110,0.1187024173168851,0.0535450426474429,totalvi_avail_w128
totalvi_avail_w128,2026.0,calibrated,CD4 T,1077,110,0.09011308583330527,0.0376689977236949,totalvi_avail_w128
totalvi_avail_w128,2026.0,calibrated,CD8 T,680,110,0.0824480591849242,0.03654684637589785,totalvi_avail_w128
totalvi_avail_w128,2026.0,calibrated,Cycling B/T cells,81,110,0.32472016675191706,0.24406864602122624,totalvi_avail_w128
totalvi_avail_w128,2026.0,calibrated,GD T,73,110,0.1797546139310684,0.1082622485876126,totalvi_avail_w128
totalvi_avail_w128,2026.0,calibrated,ICOS-high Tregs,91,110,0.18655932127499403,0.13840392093335335,totalvi_avail_w128
totalvi_avail_w128,2026.0,calibrated,Ifit3-high B,249,110,0.09643129851078601,0.05587394675501285,totalvi_avail_w128
totalvi_avail_w128,2026.0,calibrated,Ifit3-high CD4 T,132,110,0.06456524777701285,0.03058094439334175,totalvi_avail_w128
totalvi_avail_w128,2026.0,calibrated,Ifit3-high CD8 T,100,110,0.11266862474686382,0.0937529649092186,totalvi_avail_w128
totalvi_avail_w128,2026.0,calibrated,Low quality B cells,230,110,0.0959036654115215,0.04874326045538845,totalvi_avail_w128
totalvi_avail_w128,2026.0,calibrated,Low quality T cells,67,110,0.09140009818397041,0.08168264333079225,totalvi_avail_w128
totalvi_avail_w128,2026.0,calibrated,Ly6-high mono,77,110,0.24010571873957345,0.1894076405748944,totalvi_avail_w128
totalvi_avail_w128,2026.0,calibrated,MZ B,205,110,0.1741532668668138,0.06327257091539815,totalvi_avail_w128
totalvi_avail_w128,2026.0,calibrated,MZ/Marco-high macrophages,36,110,0.2298485460598725,0.227088067610081,totalvi_avail_w128
totalvi_avail_w128,2026.0,calibrated,Mature B,2408,110,0.12092815573496518,0.03991375450016585,totalvi_avail_w128
totalvi_avail_w128,2026.0,calibrated,NK,104,110,0.21054254195013977,0.20221017660231805,totalvi_avail_w128
totalvi_avail_w128,2026.0,calibrated,NKT,117,110,0.2927449485413214,0.28062296061875647,totalvi_avail_w128
totalvi_avail_w128,2026.0,calibrated,Neutrophils,112,110,0.20786011170130078,0.19010602986778574,totalvi_avail_w128
totalvi_avail_w128,2026.0,calibrated,Red-pulp macrophages,35,110,0.051687038228240084,0.05063374876002045,totalvi_avail_w128
totalvi_avail_w128,2026.0,calibrated,T doublets,55,110,0.16139399140155591,0.13093098988732105,totalvi_avail_w128
totalvi_avail_w128,2026.0,calibrated,Transitional B,580,110,0.14037086915717892,0.033447499784468454,totalvi_avail_w128
totalvi_avail_w128,2026.0,calibrated,Tregs,115,110,0.16286650935184163,0.10979323535592796,totalvi_avail_w128
totalvi_avail_w128,2026.0,calibrated,cDC1s,62,110,0.32038300007202025,0.286157294903858,totalvi_avail_w128
totalvi_avail_w128,2026.0,calibrated,cDC2s,65,110,0.2818745518602782,0.2960197445806278,totalvi_avail_w128
totalvi_avail_w128,2026.0,calibrated,pDCs,30,110,0.11798951357683228,0.14288299059388515,totalvi_avail_w128
totalvi_avail_w128,2026.0,log_mean,Activated CD4 T,38,110,0.15407415724322537,0.13090731444291553,totalvi_avail_w128
totalvi_avail_w128,2026.0,log_mean,B doublets,77,110,0.1292435102416056,0.0827375156375383,totalvi_avail_w128
totalvi_avail_w128,2026.0,log_mean,B-CD4 T cell doublets,62,110,0.18568714307083287,0.16010216908350317,totalvi_avail_w128
totalvi_avail_w128,2026.0,log_mean,B-CD8 T cell doublets,50,110,0.11787768544328953,0.0835856300794898,totalvi_avail_w128
totalvi_avail_w128,2026.0,log_mean,B-macrophage doublets,74,110,0.20347430025647653,0.1602815262468275,totalvi_avail_w128
totalvi_avail_w128,2026.0,log_mean,B1 B,162,110,0.19582627497649652,0.08953664050223595,totalvi_avail_w128
totalvi_avail_w128,2026.0,log_mean,CD122+ CD8 T,258,110,0.1187024173168851,0.0535450426474429,totalvi_avail_w128
totalvi_avail_w128,2026.0,log_mean,CD4 T,1077,110,0.09011308583201223,0.0376689977236949,totalvi_avail_w128
totalvi_avail_w128,2026.0,log_mean,CD8 T,680,110,0.0824480591849242,0.03654684637589785,totalvi_avail_w128
totalvi_avail_w128,2026.0,log_mean,Cycling B/T cells,81,110,0.32472016675191706,0.24406864602122624,totalvi_avail_w128
totalvi_avail_w128,2026.0,log_mean,GD T,73,110,0.1797546139310684,0.1082622485876126,totalvi_avail_w128
totalvi_avail_w128,2026.0,log_mean,ICOS-high Tregs,91,110,0.18655932127499403,0.13840392093335335,totalvi_avail_w128
totalvi_avail_w128,2026.0,log_mean,Ifit3-high B,249,110,0.09643129851078601,0.05587394675501285,totalvi_avail_w128
totalvi_avail_w128,2026.0,log_mean,Ifit3-high CD4 T,132,110,0.06456524777701285,0.03058094439334175,totalvi_avail_w128
totalvi_avail_w128,2026.0,log_mean,Ifit3-high CD8 T,100,110,0.11266862474686382,0.0937529649092186,totalvi_avail_w128
totalvi_avail_w128,2026.0,log_mean,Low quality B cells,230,110,0.0959036654115215,0.04874326045538845,totalvi_avail_w128
totalvi_avail_w128,2026.0,log_mean,Low quality T cells,67,110,0.09140009818397041,0.08168264333079225,totalvi_avail_w128
totalvi_avail_w128,2026.0,log_mean,Ly6-high mono,77,110,0.24010571873957345,0.1894076405748944,totalvi_avail_w128
totalvi_avail_w128,2026.0,log_mean,MZ B,205,110,0.1741532668668138,0.06327257091539815,totalvi_avail_w128
totalvi_avail_w128,2026.0,log_mean,MZ/Marco-high macrophages,36,110,0.2298485460598725,0.227088067610081,totalvi_avail_w128
totalvi_avail_w128,2026.0,log_mean,Mature B,2408,110,0.12092815573496518,0.03991375450016585,totalvi_avail_w128
totalvi_avail_w128,2026.0,log_mean,NK,104,110,0.21054254195013977,0.20221017660231805,totalvi_avail_w128
totalvi_avail_w128,2026.0,log_mean,NKT,117,110,0.2927449485413214,0.28062296061875647,totalvi_avail_w128
totalvi_avail_w128,2026.0,log_mean,Neutrophils,112,110,0.20786011170130078,0.19010602986778574,totalvi_avail_w128
totalvi_avail_w128,2026.0,log_mean,Red-pulp macrophages,35,110,0.051687038228240084,0.05063374876002045,totalvi_avail_w128
totalvi_avail_w128,2026.0,log_mean,T doublets,55,110,0.16139399140155591,0.13093098988732105,totalvi_avail_w128
totalvi_avail_w128,2026.0,log_mean,Transitional B,580,110,0.14037086915717892,0.033447499784468454,totalvi_avail_w128
totalvi_avail_w128,2026.0,log_mean,Tregs,115,110,0.16286650935184163,0.10979323535592796,totalvi_avail_w128
totalvi_avail_w128,2026.0,log_mean,cDC1s,62,110,0.32038300007202025,0.286157294903858,totalvi_avail_w128
totalvi_avail_w128,2026.0,log_mean,cDC2s,65,110,0.2818745518602782,0.2960197445806278,totalvi_avail_w128
totalvi_avail_w128,2026.0,log_mean,pDCs,30,110,0.11798951357683228,0.14288299059388515,totalvi_avail_w128
totalvi_avail_w128,2026.0,pred_log,Activated CD4 T,38,110,0.11819473961598279,0.09466064569126856,totalvi_avail_w128
totalvi_avail_w128,2026.0,pred_log,B doublets,77,110,0.1291288324899895,0.0865207182138848,totalvi_avail_w128
totalvi_avail_w128,2026.0,pred_log,B-CD4 T cell doublets,62,110,0.16577741276836003,0.14537014151365815,totalvi_avail_w128
totalvi_avail_w128,2026.0,pred_log,B-CD8 T cell doublets,50,110,0.08347416144946823,0.0703083922029139,totalvi_avail_w128
totalvi_avail_w128,2026.0,pred_log,B-macrophage doublets,74,110,0.20039987733881562,0.1588533618654331,totalvi_avail_w128
totalvi_avail_w128,2026.0,pred_log,B1 B,162,110,0.1733148661685927,0.05563721720298285,totalvi_avail_w128
totalvi_avail_w128,2026.0,pred_log,CD122+ CD8 T,258,110,0.09070475628312978,0.04015847663504575,totalvi_avail_w128
totalvi_avail_w128,2026.0,pred_log,CD4 T,1077,110,0.0670356562045354,0.02838576771139575,totalvi_avail_w128
totalvi_avail_w128,2026.0,pred_log,CD8 T,680,110,0.06240639158458897,0.02552171248154845,totalvi_avail_w128
totalvi_avail_w128,2026.0,pred_log,Cycling B/T cells,81,110,0.30342067975965265,0.18400965829359167,totalvi_avail_w128
totalvi_avail_w128,2026.0,pred_log,GD T,73,110,0.16846816852688912,0.12735955936915916,totalvi_avail_w128
totalvi_avail_w128,2026.0,pred_log,ICOS-high Tregs,91,110,0.17929022879142908,0.14279074466542,totalvi_avail_w128
totalvi_avail_w128,2026.0,pred_log,Ifit3-high B,249,110,0.07575630766669068,0.0534929653611177,totalvi_avail_w128
totalvi_avail_w128,2026.0,pred_log,Ifit3-high CD4 T,132,110,0.05203340489746092,0.03510718515410245,totalvi_avail_w128
totalvi_avail_w128,2026.0,pred_log,Ifit3-high CD8 T,100,110,0.06607174842485049,0.032809890853821494,totalvi_avail_w128
totalvi_avail_w128,2026.0,pred_log,Low quality B cells,230,110,0.09105813435653108,0.04544164121542235,totalvi_avail_w128
totalvi_avail_w128,2026.0,pred_log,Low quality T cells,67,110,0.0902960513956559,0.0658619439928554,totalvi_avail_w128
totalvi_avail_w128,2026.0,pred_log,Ly6-high mono,77,110,0.22050549765641628,0.17289809264374323,totalvi_avail_w128
totalvi_avail_w128,2026.0,pred_log,MZ B,205,110,0.14298174479457942,0.053434395064520204,totalvi_avail_w128
totalvi_avail_w128,2026.0,pred_log,MZ/Marco-high macrophages,36,110,0.1878200381572779,0.2100679041698368,totalvi_avail_w128
totalvi_avail_w128,2026.0,pred_log,Mature B,2408,110,0.10116238112516668,0.027820284742100652,totalvi_avail_w128
totalvi_avail_w128,2026.0,pred_log,NK,104,110,0.18582377710064907,0.15940518882215704,totalvi_avail_w128
totalvi_avail_w128,2026.0,pred_log,NKT,117,110,0.23710106727918384,0.1973202577876566,totalvi_avail_w128
totalvi_avail_w128,2026.0,pred_log,Neutrophils,112,110,0.1881083519850192,0.1601084531197999,totalvi_avail_w128
totalvi_avail_w128,2026.0,pred_log,Red-pulp macrophages,35,110,0.05599155668035965,0.07327399844963885,totalvi_avail_w128
totalvi_avail_w128,2026.0,pred_log,T doublets,55,110,0.1487527814491803,0.11061260253360525,totalvi_avail_w128
totalvi_avail_w128,2026.0,pred_log,Transitional B,580,110,0.12289589782746647,0.0227232374400628,totalvi_avail_w128
totalvi_avail_w128,2026.0,pred_log,Tregs,115,110,0.12763618827210924,0.0788750804492449,totalvi_avail_w128
totalvi_avail_w128,2026.0,pred_log,cDC1s,62,110,0.2841650427190856,0.2661566656481875,totalvi_avail_w128
totalvi_avail_w128,2026.0,pred_log,cDC2s,65,110,0.2595091294143014,0.2337355380921246,totalvi_avail_w128
totalvi_avail_w128,2026.0,pred_log,pDCs,30,110,0.10562092797603136,0.08210778763666855,totalvi_avail_w128
totalvi_avail_w128,2027.0,calibrated,Activated CD4 T,38,110,0.12316085968046016,0.09379302463192934,totalvi_avail_w128
totalvi_avail_w128,2027.0,calibrated,B doublets,77,110,0.1652182745523578,0.10883259337566276,totalvi_avail_w128
totalvi_avail_w128,2027.0,calibrated,B-CD4 T cell doublets,62,110,0.17662650785885659,0.18043977817163764,totalvi_avail_w128
totalvi_avail_w128,2027.0,calibrated,B-CD8 T cell doublets,50,110,0.12153196245996478,0.0788152879896222,totalvi_avail_w128
totalvi_avail_w128,2027.0,calibrated,B-macrophage doublets,74,110,0.2216323348324641,0.16239939081324917,totalvi_avail_w128
totalvi_avail_w128,2027.0,calibrated,B1 B,162,110,0.1952495192353823,0.10281972075884305,totalvi_avail_w128
totalvi_avail_w128,2027.0,calibrated,CD122+ CD8 T,258,110,0.11904746670348201,0.07109893275616325,totalvi_avail_w128
totalvi_avail_w128,2027.0,calibrated,CD4 T,1077,110,0.0835584603078349,0.0312586664236614,totalvi_avail_w128
totalvi_avail_w128,2027.0,calibrated,CD8 T,680,110,0.08626576660071436,0.0360188518309891,totalvi_avail_w128
totalvi_avail_w128,2027.0,calibrated,Cycling B/T cells,81,110,0.3261925203571067,0.24704030985290865,totalvi_avail_w128
totalvi_avail_w128,2027.0,calibrated,GD T,73,110,0.19597645993558685,0.1719038000800916,totalvi_avail_w128
totalvi_avail_w128,2027.0,calibrated,ICOS-high Tregs,91,110,0.18254149322270258,0.10851330810237214,totalvi_avail_w128
totalvi_avail_w128,2027.0,calibrated,Ifit3-high B,249,110,0.10404125553028062,0.05448468448886525,totalvi_avail_w128
totalvi_avail_w128,2027.0,calibrated,Ifit3-high CD4 T,132,110,0.062051855986039475,0.0423740201481729,totalvi_avail_w128
totalvi_avail_w128,2027.0,calibrated,Ifit3-high CD8 T,100,110,0.09668174717465637,0.0638654036837345,totalvi_avail_w128
totalvi_avail_w128,2027.0,calibrated,Low quality B cells,230,110,0.10269505177230465,0.0650652571035968,totalvi_avail_w128
totalvi_avail_w128,2027.0,calibrated,Low quality T cells,67,110,0.11499125642479248,0.09875574580221866,totalvi_avail_w128
totalvi_avail_w128,2027.0,calibrated,Ly6-high mono,77,110,0.2603214278463652,0.2324748593660244,totalvi_avail_w128
totalvi_avail_w128,2027.0,calibrated,MZ B,205,110,0.18468795445665506,0.09368395594956011,totalvi_avail_w128
totalvi_avail_w128,2027.0,calibrated,MZ/Marco-high macrophages,36,110,0.2335347668867648,0.2397750031093187,totalvi_avail_w128
totalvi_avail_w128,2027.0,calibrated,Mature B,2408,110,0.12136509427524951,0.0419305495880659,totalvi_avail_w128
totalvi_avail_w128,2027.0,calibrated,NK,104,110,0.21101535372886185,0.166329690107633,totalvi_avail_w128
totalvi_avail_w128,2027.0,calibrated,NKT,117,110,0.288275035173945,0.2787096947929699,totalvi_avail_w128
totalvi_avail_w128,2027.0,calibrated,Neutrophils,112,110,0.19341508775374536,0.15944778254314168,totalvi_avail_w128
totalvi_avail_w128,2027.0,calibrated,Red-pulp macrophages,35,110,0.07647867049107546,0.05634943362342955,totalvi_avail_w128
totalvi_avail_w128,2027.0,calibrated,T doublets,55,110,0.16418977012910635,0.10772376377773055,totalvi_avail_w128
totalvi_avail_w128,2027.0,calibrated,Transitional B,580,110,0.14342633550001954,0.0415120699637984,totalvi_avail_w128
totalvi_avail_w128,2027.0,calibrated,Tregs,115,110,0.1663405671359628,0.1123502591816915,totalvi_avail_w128
totalvi_avail_w128,2027.0,calibrated,cDC1s,62,110,0.31471428550895286,0.291637755381115,totalvi_avail_w128
totalvi_avail_w128,2027.0,calibrated,cDC2s,65,110,0.27742657277506194,0.28081945453755,totalvi_avail_w128
totalvi_avail_w128,2027.0,calibrated,pDCs,30,110,0.07861981414911354,0.0757249954696112,totalvi_avail_w128
totalvi_avail_w128,2027.0,log_mean,Activated CD4 T,38,110,0.12316085968046016,0.09379302463192934,totalvi_avail_w128
totalvi_avail_w128,2027.0,log_mean,B doublets,77,110,0.1652182745523578,0.10883259337566276,totalvi_avail_w128
totalvi_avail_w128,2027.0,log_mean,B-CD4 T cell doublets,62,110,0.17662650785885659,0.18043977817163764,totalvi_avail_w128
totalvi_avail_w128,2027.0,log_mean,B-CD8 T cell doublets,50,110,0.12153196245996478,0.0788152879896222,totalvi_avail_w128
totalvi_avail_w128,2027.0,log_mean,B-macrophage doublets,74,110,0.2216323348324641,0.16239939081324917,totalvi_avail_w128
totalvi_avail_w128,2027.0,log_mean,B1 B,162,110,0.1952495192353823,0.10281972075884305,totalvi_avail_w128
totalvi_avail_w128,2027.0,log_mean,CD122+ CD8 T,258,110,0.11904746670348201,0.07109893275616325,totalvi_avail_w128
totalvi_avail_w128,2027.0,log_mean,CD4 T,1077,110,0.0835584603078349,0.0312586664236614,totalvi_avail_w128
totalvi_avail_w128,2027.0,log_mean,CD8 T,680,110,0.08626576660071436,0.0360188518309891,totalvi_avail_w128
totalvi_avail_w128,2027.0,log_mean,Cycling B/T cells,81,110,0.3261925203571067,0.24704030985290865,totalvi_avail_w128
totalvi_avail_w128,2027.0,log_mean,GD T,73,110,0.19597645993558685,0.1719038000800916,totalvi_avail_w128
totalvi_avail_w128,2027.0,log_mean,ICOS-high Tregs,91,110,0.18254149322270258,0.10851330810237214,totalvi_avail_w128
totalvi_avail_w128,2027.0,log_mean,Ifit3-high B,249,110,0.10404125553028062,0.05448468448886525,totalvi_avail_w128
totalvi_avail_w128,2027.0,log_mean,Ifit3-high CD4 T,132,110,0.062051855986039475,0.0423740201481729,totalvi_avail_w128
totalvi_avail_w128,2027.0,log_mean,Ifit3-high CD8 T,100,110,0.09668174717465637,0.0638654036837345,totalvi_avail_w128
totalvi_avail_w128,2027.0,log_mean,Low quality B cells,230,110,0.10269505177230465,0.0650652571035968,totalvi_avail_w128
totalvi_avail_w128,2027.0,log_mean,Low quality T cells,67,110,0.11499125642479248,0.09875574580221866,totalvi_avail_w128
totalvi_avail_w128,2027.0,log_mean,Ly6-high mono,77,110,0.2603214278463652,0.2324748593660244,totalvi_avail_w128
totalvi_avail_w128,2027.0,log_mean,MZ B,205,110,0.18468795445665506,0.09368395594956011,totalvi_avail_w128
totalvi_avail_w128,2027.0,log_mean,MZ/Marco-high macrophages,36,110,0.2335347668867648,0.2397750031093187,totalvi_avail_w128
totalvi_avail_w128,2027.0,log_mean,Mature B,2408,110,0.12136509427524951,0.0419305495880659,totalvi_avail_w128
totalvi_avail_w128,2027.0,log_mean,NK,104,110,0.21101535372886185,0.166329690107633,totalvi_avail_w128
totalvi_avail_w128,2027.0,log_mean,NKT,117,110,0.288275035173945,0.2787096947929699,totalvi_avail_w128
totalvi_avail_w128,2027.0,log_mean,Neutrophils,112,110,0.19341508775374536,0.15944778254314168,totalvi_avail_w128
totalvi_avail_w128,2027.0,log_mean,Red-pulp macrophages,35,110,0.07647867049107546,0.05634943362342955,totalvi_avail_w128
totalvi_avail_w128,2027.0,log_mean,T doublets,55,110,0.16418977012910635,0.10772376377773055,totalvi_avail_w128
totalvi_avail_w128,2027.0,log_mean,Transitional B,580,110,0.14342633550001954,0.0415120699637984,totalvi_avail_w128
totalvi_avail_w128,2027.0,log_mean,Tregs,115,110,0.1663405671359628,0.1123502591816915,totalvi_avail_w128
totalvi_avail_w128,2027.0,log_mean,cDC1s,62,110,0.31471428550895286,0.291637755381115,totalvi_avail_w128
totalvi_avail_w128,2027.0,log_mean,cDC2s,65,110,0.27742657277506194,0.28081945453755,totalvi_avail_w128
totalvi_avail_w128,2027.0,log_mean,pDCs,30,110,0.07861981414911354,0.0757249954696112,totalvi_avail_w128
totalvi_avail_w128,2027.0,pred_log,Activated CD4 T,38,110,0.08496438105402535,0.03513540607516505,totalvi_avail_w128
totalvi_avail_w128,2027.0,pred_log,B doublets,77,110,0.14665234176292397,0.08635112940370479,totalvi_avail_w128
totalvi_avail_w128,2027.0,pred_log,B-CD4 T cell doublets,62,110,0.13733091475806394,0.1130393985962896,totalvi_avail_w128
totalvi_avail_w128,2027.0,pred_log,B-CD8 T cell doublets,50,110,0.1249558712743232,0.10835422075520809,totalvi_avail_w128
totalvi_avail_w128,2027.0,pred_log,B-macrophage doublets,74,110,0.20949947062033497,0.14981774892557045,totalvi_avail_w128
totalvi_avail_w128,2027.0,pred_log,B1 B,162,110,0.1666679829331406,0.0580705413746125,totalvi_avail_w128
totalvi_avail_w128,2027.0,pred_log,CD122+ CD8 T,258,110,0.0981001090856584,0.05911647069300865,totalvi_avail_w128
totalvi_avail_w128,2027.0,pred_log,CD4 T,1077,110,0.06652457414865243,0.026200814688669798,totalvi_avail_w128
totalvi_avail_w128,2027.0,pred_log,CD8 T,680,110,0.06356908198826662,0.02287696672943475,totalvi_avail_w128
totalvi_avail_w128,2027.0,pred_log,Cycling B/T cells,81,110,0.3070595301333476,0.2459649181879836,totalvi_avail_w128
totalvi_avail_w128,2027.0,pred_log,GD T,73,110,0.17987090603373274,0.1343315908331919,totalvi_avail_w128
totalvi_avail_w128,2027.0,pred_log,ICOS-high Tregs,91,110,0.16646023613520164,0.1131203785724608,totalvi_avail_w128
totalvi_avail_w128,2027.0,pred_log,Ifit3-high B,249,110,0.0733255298204838,0.03742553759944475,totalvi_avail_w128
totalvi_avail_w128,2027.0,pred_log,Ifit3-high CD4 T,132,110,0.031261943517208894,0.00551431502113205,totalvi_avail_w128
totalvi_avail_w128,2027.0,pred_log,Ifit3-high CD8 T,100,110,0.07322414683229642,0.057847551341237605,totalvi_avail_w128
totalvi_avail_w128,2027.0,pred_log,Low quality B cells,230,110,0.08516067980812468,0.0534629258530514,totalvi_avail_w128
totalvi_avail_w128,2027.0,pred_log,Low quality T cells,67,110,0.09864289313341325,0.0782380173256227,totalvi_avail_w128
totalvi_avail_w128,2027.0,pred_log,Ly6-high mono,77,110,0.23592379993554338,0.17392488517220966,totalvi_avail_w128
totalvi_avail_w128,2027.0,pred_log,MZ B,205,110,0.14516122810238946,0.04296902722096785,totalvi_avail_w128
totalvi_avail_w128,2027.0,pred_log,MZ/Marco-high macrophages,36,110,0.21644031134543393,0.2106355284852322,totalvi_avail_w128
totalvi_avail_w128,2027.0,pred_log,Mature B,2408,110,0.09670687779926547,0.0237216054245712,totalvi_avail_w128
totalvi_avail_w128,2027.0,pred_log,NK,104,110,0.19245357599076363,0.1991327512646029,totalvi_avail_w128
totalvi_avail_w128,2027.0,pred_log,NKT,117,110,0.23613371686056536,0.18809722463985684,totalvi_avail_w128
totalvi_avail_w128,2027.0,pred_log,Neutrophils,112,110,0.1788663296029145,0.150539622724627,totalvi_avail_w128
totalvi_avail_w128,2027.0,pred_log,Red-pulp macrophages,35,110,0.06739030992625351,0.08338184034298621,totalvi_avail_w128
totalvi_avail_w128,2027.0,pred_log,T doublets,55,110,0.14289747566507036,0.09203861089759924,totalvi_avail_w128
totalvi_avail_w128,2027.0,pred_log,Transitional B,580,110,0.1229300728659162,0.0257425660368995,totalvi_avail_w128
totalvi_avail_w128,2027.0,pred_log,Tregs,115,110,0.1354480081767208,0.0700726968040444,totalvi_avail_w128
totalvi_avail_w128,2027.0,pred_log,cDC1s,62,110,0.2698837598806769,0.22129311936143714,totalvi_avail_w128
totalvi_avail_w128,2027.0,pred_log,cDC2s,65,110,0.2689104001901035,0.26094659753996363,totalvi_avail_w128
totalvi_avail_w128,2027.0,pred_log,pDCs,30,110,0.05866635332089527,0.051017099028520904,totalvi_avail_w128
totalvi_avail_w128,2028.0,calibrated,Activated CD4 T,38,110,0.12654256060572536,0.11812353528779815,totalvi_avail_w128
totalvi_avail_w128,2028.0,calibrated,B doublets,77,110,0.1705186143893069,0.10848108525831535,totalvi_avail_w128
totalvi_avail_w128,2028.0,calibrated,B-CD4 T cell doublets,62,110,0.17605293146047987,0.1991325555322932,totalvi_avail_w128
totalvi_avail_w128,2028.0,calibrated,B-CD8 T cell doublets,50,110,0.11571002535925885,0.07090290828542381,totalvi_avail_w128
totalvi_avail_w128,2028.0,calibrated,B-macrophage doublets,74,110,0.21872726483054142,0.18535716677028596,totalvi_avail_w128
totalvi_avail_w128,2028.0,calibrated,B1 B,162,110,0.18673167014750638,0.0921662981424213,totalvi_avail_w128
totalvi_avail_w128,2028.0,calibrated,CD122+ CD8 T,258,110,0.11121671825383674,0.04586248136801545,totalvi_avail_w128
totalvi_avail_w128,2028.0,calibrated,CD4 T,1077,110,0.0824409683026717,0.02047486632810375,totalvi_avail_w128
totalvi_avail_w128,2028.0,calibrated,CD8 T,680,110,0.07541074751085931,0.02718392355753065,totalvi_avail_w128
totalvi_avail_w128,2028.0,calibrated,Cycling B/T cells,81,110,0.3180246056781835,0.22824179247535456,totalvi_avail_w128
totalvi_avail_w128,2028.0,calibrated,GD T,73,110,0.1826635959792391,0.1548428453267354,totalvi_avail_w128
totalvi_avail_w128,2028.0,calibrated,ICOS-high Tregs,91,110,0.18454946471265055,0.12413108039002985,totalvi_avail_w128
totalvi_avail_w128,2028.0,calibrated,Ifit3-high B,249,110,0.10174771280888936,0.050021482665393496,totalvi_avail_w128
totalvi_avail_w128,2028.0,calibrated,Ifit3-high CD4 T,132,110,0.05633083512651266,0.02999482157077725,totalvi_avail_w128
totalvi_avail_w128,2028.0,calibrated,Ifit3-high CD8 T,100,110,0.09132765209401028,0.058896824523570895,totalvi_avail_w128
totalvi_avail_w128,2028.0,calibrated,Low quality B cells,230,110,0.11528458525149016,0.07030057787590245,totalvi_avail_w128
totalvi_avail_w128,2028.0,calibrated,Low quality T cells,67,110,0.11319622827183622,0.0755220505412823,totalvi_avail_w128
totalvi_avail_w128,2028.0,calibrated,Ly6-high mono,77,110,0.2720308707485527,0.24753402166787924,totalvi_avail_w128
totalvi_avail_w128,2028.0,calibrated,MZ B,205,110,0.1655913409798945,0.06919428489774204,totalvi_avail_w128
totalvi_avail_w128,2028.0,calibrated,MZ/Marco-high macrophages,36,110,0.23771022957489454,0.26425395531493034,totalvi_avail_w128
totalvi_avail_w128,2028.0,calibrated,Mature B,2408,110,0.11992476362203658,0.035269263155762995,totalvi_avail_w128
totalvi_avail_w128,2028.0,calibrated,NK,104,110,0.20915559080904603,0.21098337472439543,totalvi_avail_w128
totalvi_avail_w128,2028.0,calibrated,NKT,117,110,0.31322868214325295,0.29809752503185094,totalvi_avail_w128
totalvi_avail_w128,2028.0,calibrated,Neutrophils,112,110,0.1803481431295797,0.15034105541276985,totalvi_avail_w128
totalvi_avail_w128,2028.0,calibrated,Red-pulp macrophages,35,110,0.09312694721278121,0.0937275410406119,totalvi_avail_w128
totalvi_avail_w128,2028.0,calibrated,T doublets,55,110,0.15264144626267417,0.12595930346154205,totalvi_avail_w128
totalvi_avail_w128,2028.0,calibrated,Transitional B,580,110,0.14453056693787608,0.0387870592823613,totalvi_avail_w128
totalvi_avail_w128,2028.0,calibrated,Tregs,115,110,0.16971737532583983,0.1282070126998506,totalvi_avail_w128
totalvi_avail_w128,2028.0,calibrated,cDC1s,62,110,0.3213984639894101,0.2841909016581349,totalvi_avail_w128
totalvi_avail_w128,2028.0,calibrated,cDC2s,65,110,0.3030456368009016,0.2959431584331428,totalvi_avail_w128
totalvi_avail_w128,2028.0,calibrated,pDCs,30,110,0.17332272322769499,0.1833810312158537,totalvi_avail_w128
totalvi_avail_w128,2028.0,log_mean,Activated CD4 T,38,110,0.12654256060572536,0.11812353528779815,totalvi_avail_w128
totalvi_avail_w128,2028.0,log_mean,B doublets,77,110,0.1705186143893069,0.10848108525831535,totalvi_avail_w128
totalvi_avail_w128,2028.0,log_mean,B-CD4 T cell doublets,62,110,0.17605293146047987,0.1991325555322932,totalvi_avail_w128
totalvi_avail_w128,2028.0,log_mean,B-CD8 T cell doublets,50,110,0.11571002535925885,0.07090290828542381,totalvi_avail_w128
totalvi_avail_w128,2028.0,log_mean,B-macrophage doublets,74,110,0.21872726483054142,0.18535716677028596,totalvi_avail_w128
totalvi_avail_w128,2028.0,log_mean,B1 B,162,110,0.18673167014750638,0.0921662981424213,totalvi_avail_w128
totalvi_avail_w128,2028.0,log_mean,CD122+ CD8 T,258,110,0.11121671825383674,0.04586248136801545,totalvi_avail_w128
totalvi_avail_w128,2028.0,log_mean,CD4 T,1077,110,0.0824409683026717,0.02047486632810375,totalvi_avail_w128
totalvi_avail_w128,2028.0,log_mean,CD8 T,680,110,0.07541074751085931,0.02718392355753065,totalvi_avail_w128
totalvi_avail_w128,2028.0,log_mean,Cycling B/T cells,81,110,0.3180246056781835,0.22824179247535456,totalvi_avail_w128
totalvi_avail_w128,2028.0,log_mean,GD T,73,110,0.1826635959792391,0.1548428453267354,totalvi_avail_w128
totalvi_avail_w128,2028.0,log_mean,ICOS-high Tregs,91,110,0.18454946471265055,0.12413108039002985,totalvi_avail_w128
totalvi_avail_w128,2028.0,log_mean,Ifit3-high B,249,110,0.10174771280888936,0.050021482665393496,totalvi_avail_w128
totalvi_avail_w128,2028.0,log_mean,Ifit3-high CD4 T,132,110,0.05633083512651266,0.02999482157077725,totalvi_avail_w128
totalvi_avail_w128,2028.0,log_mean,Ifit3-high CD8 T,100,110,0.09132765209401028,0.058896824523570895,totalvi_avail_w128
totalvi_avail_w128,2028.0,log_mean,Low quality B cells,230,110,0.11528458525149016,0.07030057787590245,totalvi_avail_w128
totalvi_avail_w128,2028.0,log_mean,Low quality T cells,67,110,0.11319622827183622,0.0755220505412823,totalvi_avail_w128
totalvi_avail_w128,2028.0,log_mean,Ly6-high mono,77,110,0.2720308707485527,0.24753402166787924,totalvi_avail_w128
totalvi_avail_w128,2028.0,log_mean,MZ B,205,110,0.1655913409798945,0.06919428489774204,totalvi_avail_w128
totalvi_avail_w128,2028.0,log_mean,MZ/Marco-high macrophages,36,110,0.23771022957489454,0.26425395531493034,totalvi_avail_w128
totalvi_avail_w128,2028.0,log_mean,Mature B,2408,110,0.11992476362203658,0.035269263155762995,totalvi_avail_w128
totalvi_avail_w128,2028.0,log_mean,NK,104,110,0.20915559080904603,0.21098337472439543,totalvi_avail_w128
totalvi_avail_w128,2028.0,log_mean,NKT,117,110,0.31322868214325295,0.29809752503185094,totalvi_avail_w128
totalvi_avail_w128,2028.0,log_mean,Neutrophils,112,110,0.1803481431295797,0.15034105541276985,totalvi_avail_w128
totalvi_avail_w128,2028.0,log_mean,Red-pulp macrophages,35,110,0.09312694721278121,0.0937275410406119,totalvi_avail_w128
totalvi_avail_w128,2028.0,log_mean,T doublets,55,110,0.15264144626267417,0.12595930346154205,totalvi_avail_w128
totalvi_avail_w128,2028.0,log_mean,Transitional B,580,110,0.14453056693787608,0.0387870592823613,totalvi_avail_w128
totalvi_avail_w128,2028.0,log_mean,Tregs,115,110,0.16971737532583983,0.1282070126998506,totalvi_avail_w128
totalvi_avail_w128,2028.0,log_mean,cDC1s,62,110,0.3213984639894101,0.2841909016581349,totalvi_avail_w128
totalvi_avail_w128,2028.0,log_mean,cDC2s,65,110,0.3030456368009016,0.2959431584331428,totalvi_avail_w128
totalvi_avail_w128,2028.0,log_mean,pDCs,30,110,0.17332272322769499,0.1833810312158537,totalvi_avail_w128
totalvi_avail_w128,2028.0,pred_log,Activated CD4 T,38,110,0.09264130263032211,0.06902915128242834,totalvi_avail_w128
totalvi_avail_w128,2028.0,pred_log,B doublets,77,110,0.15844894830335438,0.1109390234880199,totalvi_avail_w128
totalvi_avail_w128,2028.0,pred_log,B-CD4 T cell doublets,62,110,0.14737155206698796,0.1414494195667999,totalvi_avail_w128
totalvi_avail_w128,2028.0,pred_log,B-CD8 T cell doublets,50,110,0.10328074086246453,0.08451097118443829,totalvi_avail_w128
totalvi_avail_w128,2028.0,pred_log,B-macrophage doublets,74,110,0.21214983892105482,0.1599171990771805,totalvi_avail_w128
totalvi_avail_w128,2028.0,pred_log,B1 B,162,110,0.16683569453488034,0.0658156221233961,totalvi_avail_w128
totalvi_avail_w128,2028.0,pred_log,CD122+ CD8 T,258,110,0.09224451415948536,0.04378991263487845,totalvi_avail_w128
totalvi_avail_w128,2028.0,pred_log,CD4 T,1077,110,0.06566286949833502,0.025952180050756148,totalvi_avail_w128
totalvi_avail_w128,2028.0,pred_log,CD8 T,680,110,0.06241412518071117,0.026903721123795903,totalvi_avail_w128
totalvi_avail_w128,2028.0,pred_log,Cycling B/T cells,81,110,0.3025535666484731,0.216097415006909,totalvi_avail_w128
totalvi_avail_w128,2028.0,pred_log,GD T,73,110,0.14909335315604866,0.1217699769933925,totalvi_avail_w128
totalvi_avail_w128,2028.0,pred_log,ICOS-high Tregs,91,110,0.17213411149049518,0.1284237678263472,totalvi_avail_w128
totalvi_avail_w128,2028.0,pred_log,Ifit3-high B,249,110,0.07637488490313499,0.04414844080895365,totalvi_avail_w128
totalvi_avail_w128,2028.0,pred_log,Ifit3-high CD4 T,132,110,0.05886623849016943,0.0265055202036126,totalvi_avail_w128
totalvi_avail_w128,2028.0,pred_log,Ifit3-high CD8 T,100,110,0.09273958090452576,0.07452172992920256,totalvi_avail_w128
totalvi_avail_w128,2028.0,pred_log,Low quality B cells,230,110,0.08868329726268301,0.0523107095859486,totalvi_avail_w128
totalvi_avail_w128,2028.0,pred_log,Low quality T cells,67,110,0.08270601417249022,0.0349256157351263,totalvi_avail_w128
totalvi_avail_w128,2028.0,pred_log,Ly6-high mono,77,110,0.2521876096072255,0.22270771171285075,totalvi_avail_w128
totalvi_avail_w128,2028.0,pred_log,MZ B,205,110,0.154477674979164,0.05143694693689335,totalvi_avail_w128
totalvi_avail_w128,2028.0,pred_log,MZ/Marco-high macrophages,36,110,0.21496411699122808,0.25568291676070753,totalvi_avail_w128
totalvi_avail_w128,2028.0,pred_log,Mature B,2408,110,0.09718490141700366,0.023016349374919448,totalvi_avail_w128
totalvi_avail_w128,2028.0,pred_log,NK,104,110,0.17463655999568203,0.1447985945106312,totalvi_avail_w128
totalvi_avail_w128,2028.0,pred_log,NKT,117,110,0.23440280806532704,0.20057932201831535,totalvi_avail_w128
totalvi_avail_w128,2028.0,pred_log,Neutrophils,112,110,0.16185781789250678,0.14037589326479483,totalvi_avail_w128
totalvi_avail_w128,2028.0,pred_log,Red-pulp macrophages,35,110,0.07779812565332705,0.08011456304671405,totalvi_avail_w128
totalvi_avail_w128,2028.0,pred_log,T doublets,55,110,0.1388366190744327,0.0926900603714074,totalvi_avail_w128
totalvi_avail_w128,2028.0,pred_log,Transitional B,580,110,0.12054882481385704,0.0136689017609144,totalvi_avail_w128
totalvi_avail_w128,2028.0,pred_log,Tregs,115,110,0.13335833801363395,0.082507530182604,totalvi_avail_w128
totalvi_avail_w128,2028.0,pred_log,cDC1s,62,110,0.29409880942559175,0.25173114913027295,totalvi_avail_w128
totalvi_avail_w128,2028.0,pred_log,cDC2s,65,110,0.27441922089467624,0.2854229220082032,totalvi_avail_w128
totalvi_avail_w128,2028.0,pred_log,pDCs,30,110,0.13883952424415333,0.1520330628205222,totalvi_avail_w128
totalvi_avail_w128,2029.0,calibrated,Activated CD4 T,38,110,0.11638743195329507,0.10749403901135596,totalvi_avail_w128
totalvi_avail_w128,2029.0,calibrated,B doublets,77,110,0.14777343254896536,0.0785197261205627,totalvi_avail_w128
totalvi_avail_w128,2029.0,calibrated,B-CD4 T cell doublets,62,110,0.17028207719527583,0.14933858305700903,totalvi_avail_w128
totalvi_avail_w128,2029.0,calibrated,B-CD8 T cell doublets,50,110,0.12003654393798127,0.07530832886048319,totalvi_avail_w128
totalvi_avail_w128,2029.0,calibrated,B-macrophage doublets,74,110,0.22636099528153708,0.18611882113005285,totalvi_avail_w128
totalvi_avail_w128,2029.0,calibrated,B1 B,162,110,0.19731669035131602,0.09258341400439815,totalvi_avail_w128
totalvi_avail_w128,2029.0,calibrated,CD122+ CD8 T,258,110,0.1210228288871541,0.0636336808523052,totalvi_avail_w128
totalvi_avail_w128,2029.0,calibrated,CD4 T,1077,110,0.08135682557137351,0.0308802901571994,totalvi_avail_w128
totalvi_avail_w128,2029.0,calibrated,CD8 T,680,110,0.08601007896301613,0.0399089433672171,totalvi_avail_w128
totalvi_avail_w128,2029.0,calibrated,Cycling B/T cells,81,110,0.31266060634739173,0.22843925695859107,totalvi_avail_w128
totalvi_avail_w128,2029.0,calibrated,GD T,73,110,0.19099962661510256,0.15161659964936813,totalvi_avail_w128
totalvi_avail_w128,2029.0,calibrated,ICOS-high Tregs,91,110,0.19771710842132878,0.15395554619280674,totalvi_avail_w128
totalvi_avail_w128,2029.0,calibrated,Ifit3-high B,249,110,0.08501847374983817,0.03871943628792935,totalvi_avail_w128
totalvi_avail_w128,2029.0,calibrated,Ifit3-high CD4 T,132,110,0.046937233753054065,0.0157382511248566,totalvi_avail_w128
totalvi_avail_w128,2029.0,calibrated,Ifit3-high CD8 T,100,110,0.10851587409764159,0.0815387535770205,totalvi_avail_w128
totalvi_avail_w128,2029.0,calibrated,Low quality B cells,230,110,0.1072373355307674,0.07145162489214124,totalvi_avail_w128
totalvi_avail_w128,2029.0,calibrated,Low quality T cells,67,110,0.10116892525236675,0.0751903033482969,totalvi_avail_w128
totalvi_avail_w128,2029.0,calibrated,Ly6-high mono,77,110,0.2480779635724826,0.18976783524037724,totalvi_avail_w128
totalvi_avail_w128,2029.0,calibrated,MZ B,205,110,0.17755127518805192,0.08779499208582564,totalvi_avail_w128
totalvi_avail_w128,2029.0,calibrated,MZ/Marco-high macrophages,36,110,0.22369481705193467,0.2117011365425578,totalvi_avail_w128
totalvi_avail_w128,2029.0,calibrated,Mature B,2408,110,0.11825502819539838,0.03823890690509945,totalvi_avail_w128
totalvi_avail_w128,2029.0,calibrated,NK,104,110,0.213858092871145,0.21630216224549836,totalvi_avail_w128
totalvi_avail_w128,2029.0,calibrated,NKT,117,110,0.2800521528283102,0.2622910774651137,totalvi_avail_w128
totalvi_avail_w128,2029.0,calibrated,Neutrophils,112,110,0.20905549868378065,0.17683178440854064,totalvi_avail_w128
totalvi_avail_w128,2029.0,calibrated,Red-pulp macrophages,35,110,0.06284738525191157,0.07432459412539111,totalvi_avail_w128
totalvi_avail_w128,2029.0,calibrated,T doublets,55,110,0.15652180611125782,0.11434990007235821,totalvi_avail_w128
totalvi_avail_w128,2029.0,calibrated,Transitional B,580,110,0.14026714433444668,0.0363814119817729,totalvi_avail_w128
totalvi_avail_w128,2029.0,calibrated,Tregs,115,110,0.15964819811465078,0.10848839119803055,totalvi_avail_w128
totalvi_avail_w128,2029.0,calibrated,cDC1s,62,110,0.3098752065971671,0.2917017861346478,totalvi_avail_w128
totalvi_avail_w128,2029.0,calibrated,cDC2s,65,110,0.2713987970405135,0.25651298431308855,totalvi_avail_w128
totalvi_avail_w128,2029.0,calibrated,pDCs,30,110,0.14767606528473723,0.13551479879230344,totalvi_avail_w128
totalvi_avail_w128,2029.0,log_mean,Activated CD4 T,38,110,0.11638743195329507,0.10749403901135596,totalvi_avail_w128
totalvi_avail_w128,2029.0,log_mean,B doublets,77,110,0.14777343254896536,0.0785197261205627,totalvi_avail_w128
totalvi_avail_w128,2029.0,log_mean,B-CD4 T cell doublets,62,110,0.17028207719527583,0.14933858305700903,totalvi_avail_w128
totalvi_avail_w128,2029.0,log_mean,B-CD8 T cell doublets,50,110,0.12003654393798127,0.07530832886048319,totalvi_avail_w128
totalvi_avail_w128,2029.0,log_mean,B-macrophage doublets,74,110,0.22636099528153708,0.18611882113005285,totalvi_avail_w128
totalvi_avail_w128,2029.0,log_mean,B1 B,162,110,0.19731669035131602,0.09258341400439815,totalvi_avail_w128
totalvi_avail_w128,2029.0,log_mean,CD122+ CD8 T,258,110,0.1210228288871541,0.0636336808523052,totalvi_avail_w128
totalvi_avail_w128,2029.0,log_mean,CD4 T,1077,110,0.08135682557137351,0.0308802901571994,totalvi_avail_w128
totalvi_avail_w128,2029.0,log_mean,CD8 T,680,110,0.08601007896301613,0.0399089433672171,totalvi_avail_w128
totalvi_avail_w128,2029.0,log_mean,Cycling B/T cells,81,110,0.31266060634739173,0.22843925695859107,totalvi_avail_w128
totalvi_avail_w128,2029.0,log_mean,GD T,73,110,0.19099962661510256,0.15161659964936813,totalvi_avail_w128
totalvi_avail_w128,2029.0,log_mean,ICOS-high Tregs,91,110,0.19771710842132878,0.15395554619280674,totalvi_avail_w128
totalvi_avail_w128,2029.0,log_mean,Ifit3-high B,249,110,0.08501847374983817,0.03871943628792935,totalvi_avail_w128
totalvi_avail_w128,2029.0,log_mean,Ifit3-high CD4 T,132,110,0.046937233753054065,0.0157382511248566,totalvi_avail_w128
totalvi_avail_w128,2029.0,log_mean,Ifit3-high CD8 T,100,110,0.10851587409764159,0.0815387535770205,totalvi_avail_w128
totalvi_avail_w128,2029.0,log_mean,Low quality B cells,230,110,0.1072373355307674,0.07145162489214124,totalvi_avail_w128
totalvi_avail_w128,2029.0,log_mean,Low quality T cells,67,110,0.10116892525236675,0.0751903033482969,totalvi_avail_w128
totalvi_avail_w128,2029.0,log_mean,Ly6-high mono,77,110,0.2480779635724826,0.18976783524037724,totalvi_avail_w128
totalvi_avail_w128,2029.0,log_mean,MZ B,205,110,0.17755127518805192,0.08779499208582564,totalvi_avail_w128
totalvi_avail_w128,2029.0,log_mean,MZ/Marco-high macrophages,36,110,0.22369481705193467,0.2117011365425578,totalvi_avail_w128
totalvi_avail_w128,2029.0,log_mean,Mature B,2408,110,0.11825502675728891,0.03823890690509945,totalvi_avail_w128
totalvi_avail_w128,2029.0,log_mean,NK,104,110,0.213858092871145,0.21630216224549836,totalvi_avail_w128
totalvi_avail_w128,2029.0,log_mean,NKT,117,110,0.2800521528283102,0.2622910774651137,totalvi_avail_w128
totalvi_avail_w128,2029.0,log_mean,Neutrophils,112,110,0.20905549868378065,0.17683178440854064,totalvi_avail_w128
totalvi_avail_w128,2029.0,log_mean,Red-pulp macrophages,35,110,0.06284738525191157,0.07432459412539111,totalvi_avail_w128
totalvi_avail_w128,2029.0,log_mean,T doublets,55,110,0.15652180611125782,0.11434990007235821,totalvi_avail_w128
totalvi_avail_w128,2029.0,log_mean,Transitional B,580,110,0.14026714433444668,0.0363814119817729,totalvi_avail_w128
totalvi_avail_w128,2029.0,log_mean,Tregs,115,110,0.15964819811465078,0.10848839119803055,totalvi_avail_w128
totalvi_avail_w128,2029.0,log_mean,cDC1s,62,110,0.3098752065971671,0.2917017861346478,totalvi_avail_w128
totalvi_avail_w128,2029.0,log_mean,cDC2s,65,110,0.2713987970405135,0.25651298431308855,totalvi_avail_w128
totalvi_avail_w128,2029.0,log_mean,pDCs,30,110,0.14767606528473723,0.13551479879230344,totalvi_avail_w128
totalvi_avail_w128,2029.0,pred_log,Activated CD4 T,38,110,0.09106452975891577,0.0828524012715708,totalvi_avail_w128
totalvi_avail_w128,2029.0,pred_log,B doublets,77,110,0.1276283864670653,0.069884961908858,totalvi_avail_w128
totalvi_avail_w128,2029.0,pred_log,B-CD4 T cell doublets,62,110,0.1393332739601306,0.10982278848511365,totalvi_avail_w128
totalvi_avail_w128,2029.0,pred_log,B-CD8 T cell doublets,50,110,0.107243980988472,0.0533980041485798,totalvi_avail_w128
totalvi_avail_w128,2029.0,pred_log,B-macrophage doublets,74,110,0.2284997292507239,0.18325958575548365,totalvi_avail_w128
totalvi_avail_w128,2029.0,pred_log,B1 B,162,110,0.17999760304251744,0.0913837323583732,totalvi_avail_w128
totalvi_avail_w128,2029.0,pred_log,CD122+ CD8 T,258,110,0.09063667069907501,0.0288756307530909,totalvi_avail_w128
totalvi_avail_w128,2029.0,pred_log,CD4 T,1077,110,0.0665238207774982,0.0230985484427421,totalvi_avail_w128
totalvi_avail_w128,2029.0,pred_log,CD8 T,680,110,0.06832297001822348,0.026121348687106548,totalvi_avail_w128
totalvi_avail_w128,2029.0,pred_log,Cycling B/T cells,81,110,0.3023607406674873,0.20529058039452705,totalvi_avail_w128
totalvi_avail_w128,2029.0,pred_log,GD T,73,110,0.16618477645839197,0.14752446778305978,totalvi_avail_w128
totalvi_avail_w128,2029.0,pred_log,ICOS-high Tregs,91,110,0.17221702247610968,0.13652744328767355,totalvi_avail_w128
totalvi_avail_w128,2029.0,pred_log,Ifit3-high B,249,110,0.07282373718750484,0.05284845622524805,totalvi_avail_w128
totalvi_avail_w128,2029.0,pred_log,Ifit3-high CD4 T,132,110,0.03587034407384007,0.022448074900821048,totalvi_avail_w128
totalvi_avail_w128,2029.0,pred_log,Ifit3-high CD8 T,100,110,0.07145671021944801,0.048084052920527254,totalvi_avail_w128
totalvi_avail_w128,2029.0,pred_log,Low quality B cells,230,110,0.08112010186726762,0.04019062242503285,totalvi_avail_w128
totalvi_avail_w128,2029.0,pred_log,Low quality T cells,67,110,0.08908935580755462,0.08136714203557385,totalvi_avail_w128
totalvi_avail_w128,2029.0,pred_log,Ly6-high mono,77,110,0.21006891450794607,0.13982673190723005,totalvi_avail_w128
totalvi_avail_w128,2029.0,pred_log,MZ B,205,110,0.15007384846741226,0.0460281391883042,totalvi_avail_w128
totalvi_avail_w128,2029.0,pred_log,MZ/Marco-high macrophages,36,110,0.2346971937935749,0.25206181004683875,totalvi_avail_w128
totalvi_avail_w128,2029.0,pred_log,Mature B,2408,110,0.09184778234670088,0.0168284959383167,totalvi_avail_w128
totalvi_avail_w128,2029.0,pred_log,NK,104,110,0.16873660705119814,0.1575937511986726,totalvi_avail_w128
totalvi_avail_w128,2029.0,pred_log,NKT,117,110,0.23445111366695623,0.2095860751603419,totalvi_avail_w128
totalvi_avail_w128,2029.0,pred_log,Neutrophils,112,110,0.19735194439696555,0.15724184109430756,totalvi_avail_w128
totalvi_avail_w128,2029.0,pred_log,Red-pulp macrophages,35,110,0.08061193783093092,0.07144353962008371,totalvi_avail_w128
totalvi_avail_w128,2029.0,pred_log,T doublets,55,110,0.13081915187755597,0.08806615750377005,totalvi_avail_w128
totalvi_avail_w128,2029.0,pred_log,Transitional B,580,110,0.12273025129871289,0.021199921556306747,totalvi_avail_w128
totalvi_avail_w128,2029.0,pred_log,Tregs,115,110,0.13085747873638937,0.08582728459993966,totalvi_avail_w128
totalvi_avail_w128,2029.0,pred_log,cDC1s,62,110,0.2819465053623971,0.2063941020242661,totalvi_avail_w128
totalvi_avail_w128,2029.0,pred_log,cDC2s,65,110,0.2543804455410376,0.2400133743968215,totalvi_avail_w128
totalvi_avail_w128,2029.0,pred_log,pDCs,30,110,0.08921986817777759,0.083167449549244,totalvi_avail_w128
totalvi_avail_w128,2030.0,calibrated,Activated CD4 T,38,110,0.13694642532899917,0.109956985212044,totalvi_avail_w128
totalvi_avail_w128,2030.0,calibrated,B doublets,77,110,0.17450748029839022,0.0971925127253157,totalvi_avail_w128
totalvi_avail_w128,2030.0,calibrated,B-CD4 T cell doublets,62,110,0.1986752476133661,0.1577940241591239,totalvi_avail_w128
totalvi_avail_w128,2030.0,calibrated,B-CD8 T cell doublets,50,110,0.1052678911903895,0.0646919597066084,totalvi_avail_w128
totalvi_avail_w128,2030.0,calibrated,B-macrophage doublets,74,110,0.22151897845104393,0.18527632151912782,totalvi_avail_w128
totalvi_avail_w128,2030.0,calibrated,B1 B,162,110,0.18702602947915534,0.084383707931591,totalvi_avail_w128
totalvi_avail_w128,2030.0,calibrated,CD122+ CD8 T,258,110,0.12684985897926399,0.0658062191921408,totalvi_avail_w128
totalvi_avail_w128,2030.0,calibrated,CD4 T,1077,110,0.08534240484320745,0.026282947702824,totalvi_avail_w128
totalvi_avail_w128,2030.0,calibrated,CD8 T,680,110,0.08967631478583932,0.03764152364965335,totalvi_avail_w128
totalvi_avail_w128,2030.0,calibrated,Cycling B/T cells,81,110,0.3147382024882994,0.21569220732442745,totalvi_avail_w128
totalvi_avail_w128,2030.0,calibrated,GD T,73,110,0.18057859090059836,0.15729136652407838,totalvi_avail_w128
totalvi_avail_w128,2030.0,calibrated,ICOS-high Tregs,91,110,0.17984608167218283,0.13118716686336374,totalvi_avail_w128
totalvi_avail_w128,2030.0,calibrated,Ifit3-high B,249,110,0.09259951337980288,0.03406423575304075,totalvi_avail_w128
totalvi_avail_w128,2030.0,calibrated,Ifit3-high CD4 T,132,110,0.07025787506640863,0.02296576823787625,totalvi_avail_w128
totalvi_avail_w128,2030.0,calibrated,Ifit3-high CD8 T,100,110,0.1179139431242232,0.1012361989592319,totalvi_avail_w128
totalvi_avail_w128,2030.0,calibrated,Low quality B cells,230,110,0.10855635164343996,0.056992723948306456,totalvi_avail_w128
totalvi_avail_w128,2030.0,calibrated,Low quality T cells,67,110,0.11043247510364138,0.0743529970009706,totalvi_avail_w128
totalvi_avail_w128,2030.0,calibrated,Ly6-high mono,77,110,0.23571842109752852,0.185698469665951,totalvi_avail_w128
totalvi_avail_w128,2030.0,calibrated,MZ B,205,110,0.18429653393970724,0.08784022905250966,totalvi_avail_w128
totalvi_avail_w128,2030.0,calibrated,MZ/Marco-high macrophages,36,110,0.27494589843659595,0.25790032876680047,totalvi_avail_w128
totalvi_avail_w128,2030.0,calibrated,Mature B,2408,110,0.12067670412793606,0.0338663140265359,totalvi_avail_w128
totalvi_avail_w128,2030.0,calibrated,NK,104,110,0.20643822391178884,0.1667213033874293,totalvi_avail_w128
totalvi_avail_w128,2030.0,calibrated,NKT,117,110,0.28984912754978515,0.28187325851318934,totalvi_avail_w128
totalvi_avail_w128,2030.0,calibrated,Neutrophils,112,110,0.17846654087929884,0.1563259245260193,totalvi_avail_w128
totalvi_avail_w128,2030.0,calibrated,Red-pulp macrophages,35,110,0.06832100955764861,0.09267901436701384,totalvi_avail_w128
totalvi_avail_w128,2030.0,calibrated,T doublets,55,110,0.15322732381900162,0.0983304988993514,totalvi_avail_w128
totalvi_avail_w128,2030.0,calibrated,Transitional B,580,110,0.1438936341803993,0.03596109166373575,totalvi_avail_w128
totalvi_avail_w128,2030.0,calibrated,Tregs,115,110,0.172376647450338,0.10501633474595445,totalvi_avail_w128
totalvi_avail_w128,2030.0,calibrated,cDC1s,62,110,0.2981214342533644,0.2596966704705612,totalvi_avail_w128
totalvi_avail_w128,2030.0,calibrated,cDC2s,65,110,0.2822129280600816,0.2767618222393501,totalvi_avail_w128
totalvi_avail_w128,2030.0,calibrated,pDCs,30,110,0.1332489392468321,0.125577405379221,totalvi_avail_w128
totalvi_avail_w128,2030.0,log_mean,Activated CD4 T,38,110,0.13694642532899917,0.109956985212044,totalvi_avail_w128
totalvi_avail_w128,2030.0,log_mean,B doublets,77,110,0.17450748029839022,0.0971925127253157,totalvi_avail_w128
totalvi_avail_w128,2030.0,log_mean,B-CD4 T cell doublets,62,110,0.1986752476133661,0.1577940241591239,totalvi_avail_w128
totalvi_avail_w128,2030.0,log_mean,B-CD8 T cell doublets,50,110,0.1052678911903895,0.0646919597066084,totalvi_avail_w128
totalvi_avail_w128,2030.0,log_mean,B-macrophage doublets,74,110,0.22151897845104393,0.18527632151912782,totalvi_avail_w128
totalvi_avail_w128,2030.0,log_mean,B1 B,162,110,0.18702602947915534,0.084383707931591,totalvi_avail_w128
totalvi_avail_w128,2030.0,log_mean,CD122+ CD8 T,258,110,0.12684985897926399,0.0658062191921408,totalvi_avail_w128
totalvi_avail_w128,2030.0,log_mean,CD4 T,1077,110,0.0853424251302473,0.026282947702824,totalvi_avail_w128
totalvi_avail_w128,2030.0,log_mean,CD8 T,680,110,0.08967631478583932,0.03764152364965335,totalvi_avail_w128
totalvi_avail_w128,2030.0,log_mean,Cycling B/T cells,81,110,0.3147382024882994,0.21569220732442745,totalvi_avail_w128
totalvi_avail_w128,2030.0,log_mean,GD T,73,110,0.18057859090059836,0.15729136652407838,totalvi_avail_w128
totalvi_avail_w128,2030.0,log_mean,ICOS-high Tregs,91,110,0.17984608167218283,0.13118716686336374,totalvi_avail_w128
totalvi_avail_w128,2030.0,log_mean,Ifit3-high B,249,110,0.09259951337980288,0.03406423575304075,totalvi_avail_w128
totalvi_avail_w128,2030.0,log_mean,Ifit3-high CD4 T,132,110,0.07025787506640863,0.02296576823787625,totalvi_avail_w128
totalvi_avail_w128,2030.0,log_mean,Ifit3-high CD8 T,100,110,0.1179139431242232,0.1012361989592319,totalvi_avail_w128
totalvi_avail_w128,2030.0,log_mean,Low quality B cells,230,110,0.10855635164343996,0.056992723948306456,totalvi_avail_w128
totalvi_avail_w128,2030.0,log_mean,Low quality T cells,67,110,0.11043247510364138,0.0743529970009706,totalvi_avail_w128
totalvi_avail_w128,2030.0,log_mean,Ly6-high mono,77,110,0.23571842109752852,0.185698469665951,totalvi_avail_w128
totalvi_avail_w128,2030.0,log_mean,MZ B,205,110,0.18429653393970724,0.08784022905250966,totalvi_avail_w128
totalvi_avail_w128,2030.0,log_mean,MZ/Marco-high macrophages,36,110,0.27494589843659595,0.25790032876680047,totalvi_avail_w128
totalvi_avail_w128,2030.0,log_mean,Mature B,2408,110,0.12067670412793606,0.0338663140265359,totalvi_avail_w128
totalvi_avail_w128,2030.0,log_mean,NK,104,110,0.20643822391178884,0.1667213033874293,totalvi_avail_w128
totalvi_avail_w128,2030.0,log_mean,NKT,117,110,0.28984912754978515,0.28187325851318934,totalvi_avail_w128
totalvi_avail_w128,2030.0,log_mean,Neutrophils,112,110,0.17846654087929884,0.1563259245260193,totalvi_avail_w128
totalvi_avail_w128,2030.0,log_mean,Red-pulp macrophages,35,110,0.06832100955764861,0.09267901436701384,totalvi_avail_w128
totalvi_avail_w128,2030.0,log_mean,T doublets,55,110,0.15322732381900162,0.0983304988993514,totalvi_avail_w128
totalvi_avail_w128,2030.0,log_mean,Transitional B,580,110,0.1438936341803993,0.03596109166373575,totalvi_avail_w128
totalvi_avail_w128,2030.0,log_mean,Tregs,115,110,0.172376647450338,0.10501633474595445,totalvi_avail_w128
totalvi_avail_w128,2030.0,log_mean,cDC1s,62,110,0.2981214342533644,0.2596966704705612,totalvi_avail_w128
totalvi_avail_w128,2030.0,log_mean,cDC2s,65,110,0.2822129280600816,0.2767618222393501,totalvi_avail_w128
totalvi_avail_w128,2030.0,log_mean,pDCs,30,110,0.1332489392468321,0.125577405379221,totalvi_avail_w128
totalvi_avail_w128,2030.0,pred_log,Activated CD4 T,38,110,0.07761999521244642,0.03601451305274955,totalvi_avail_w128
totalvi_avail_w128,2030.0,pred_log,B doublets,77,110,0.1423269164220813,0.07869672175062714,totalvi_avail_w128
totalvi_avail_w128,2030.0,pred_log,B-CD4 T cell doublets,62,110,0.14456211740843078,0.08947920587706855,totalvi_avail_w128
totalvi_avail_w128,2030.0,pred_log,B-CD8 T cell doublets,50,110,0.10598187195801474,0.0453783476954927,totalvi_avail_w128
totalvi_avail_w128,2030.0,pred_log,B-macrophage doublets,74,110,0.22024930040736415,0.1902434945369888,totalvi_avail_w128
totalvi_avail_w128,2030.0,pred_log,B1 B,162,110,0.17646986801680728,0.059110960332447754,totalvi_avail_w128
totalvi_avail_w128,2030.0,pred_log,CD122+ CD8 T,258,110,0.09772755189132108,0.04282657793198695,totalvi_avail_w128
totalvi_avail_w128,2030.0,pred_log,CD4 T,1077,110,0.06756763600237276,0.0182417444512485,totalvi_avail_w128
totalvi_avail_w128,2030.0,pred_log,CD8 T,680,110,0.06415509143295944,0.0323733048802468,totalvi_avail_w128
totalvi_avail_w128,2030.0,pred_log,Cycling B/T cells,81,110,0.30486140672731155,0.20323889923164556,totalvi_avail_w128
totalvi_avail_w128,2030.0,pred_log,GD T,73,110,0.1802879524189766,0.14453334071432,totalvi_avail_w128
totalvi_avail_w128,2030.0,pred_log,ICOS-high Tregs,91,110,0.1832989250348032,0.13652592623559795,totalvi_avail_w128
totalvi_avail_w128,2030.0,pred_log,Ifit3-high B,249,110,0.07418869377627264,0.039329428792302154,totalvi_avail_w128
totalvi_avail_w128,2030.0,pred_log,Ifit3-high CD4 T,132,110,0.05416793114763974,0.033888054217868,totalvi_avail_w128
totalvi_avail_w128,2030.0,pred_log,Ifit3-high CD8 T,100,110,0.08035393970123751,0.04770500760734975,totalvi_avail_w128
totalvi_avail_w128,2030.0,pred_log,Low quality B cells,230,110,0.08253424951848154,0.03611346221784095,totalvi_avail_w128
totalvi_avail_w128,2030.0,pred_log,Low quality T cells,67,110,0.07563579778607656,0.04580652729461905,totalvi_avail_w128
totalvi_avail_w128,2030.0,pred_log,Ly6-high mono,77,110,0.21811782805148494,0.17022738080569275,totalvi_avail_w128
totalvi_avail_w128,2030.0,pred_log,MZ B,205,110,0.1516626439420937,0.061226192006715446,totalvi_avail_w128
totalvi_avail_w128,2030.0,pred_log,MZ/Marco-high macrophages,36,110,0.2646470733671305,0.26007816003599826,totalvi_avail_w128
totalvi_avail_w128,2030.0,pred_log,Mature B,2408,110,0.09794840425845805,0.0216763625619516,totalvi_avail_w128
totalvi_avail_w128,2030.0,pred_log,NK,104,110,0.18220493358147705,0.1862695567092395,totalvi_avail_w128
totalvi_avail_w128,2030.0,pred_log,NKT,117,110,0.2488988572896645,0.22473508436863043,totalvi_avail_w128
totalvi_avail_w128,2030.0,pred_log,Neutrophils,112,110,0.17256962984180027,0.14016880467895615,totalvi_avail_w128
totalvi_avail_w128,2030.0,pred_log,Red-pulp macrophages,35,110,0.06304532638955773,0.06500820150197305,totalvi_avail_w128
totalvi_avail_w128,2030.0,pred_log,T doublets,55,110,0.13182481234766846,0.06870664953636946,totalvi_avail_w128
totalvi_avail_w128,2030.0,pred_log,Transitional B,580,110,0.12541030292768338,0.022506024205061,totalvi_avail_w128
totalvi_avail_w128,2030.0,pred_log,Tregs,115,110,0.12999667173103235,0.0678595553021338,totalvi_avail_w128
totalvi_avail_w128,2030.0,pred_log,cDC1s,62,110,0.2812465804936994,0.24877022203981036,totalvi_avail_w128
totalvi_avail_w128,2030.0,pred_log,cDC2s,65,110,0.24210927587019526,0.2138666123679299,totalvi_avail_w128
totalvi_avail_w128,2030.0,pred_log,pDCs,30,110,0.11765121285591826,0.10660478351095154,totalvi_avail_w128
totalvi_avail_w128,2031.0,calibrated,Activated CD4 T,38,110,0.14556564942641967,0.14252449743889378,totalvi_avail_w128
totalvi_avail_w128,2031.0,calibrated,B doublets,77,110,0.13225982474454412,0.0417876602601812,totalvi_avail_w128
totalvi_avail_w128,2031.0,calibrated,B-CD4 T cell doublets,62,110,0.17609809085078879,0.16495748459733095,totalvi_avail_w128
totalvi_avail_w128,2031.0,calibrated,B-CD8 T cell doublets,50,110,0.12526891512505206,0.0807212267820763,totalvi_avail_w128
totalvi_avail_w128,2031.0,calibrated,B-macrophage doublets,74,110,0.20630553031795063,0.1661277821179049,totalvi_avail_w128
totalvi_avail_w128,2031.0,calibrated,B1 B,162,110,0.1918741508240425,0.0982081865926338,totalvi_avail_w128
totalvi_avail_w128,2031.0,calibrated,CD122+ CD8 T,258,110,0.1267059374295736,0.0716173794030525,totalvi_avail_w128
totalvi_avail_w128,2031.0,calibrated,CD4 T,1077,110,0.08005394577517844,0.02842397249657535,totalvi_avail_w128
totalvi_avail_w128,2031.0,calibrated,CD8 T,680,110,0.0805528769029213,0.04002624524888765,totalvi_avail_w128
totalvi_avail_w128,2031.0,calibrated,Cycling B/T cells,81,110,0.3120241752708077,0.23027317063472091,totalvi_avail_w128
totalvi_avail_w128,2031.0,calibrated,GD T,73,110,0.19460323635767413,0.1560763214483875,totalvi_avail_w128
totalvi_avail_w128,2031.0,calibrated,ICOS-high Tregs,91,110,0.18761307228011068,0.13320949390667342,totalvi_avail_w128
totalvi_avail_w128,2031.0,calibrated,Ifit3-high B,249,110,0.08736317754437294,0.05307031667855645,totalvi_avail_w128
totalvi_avail_w128,2031.0,calibrated,Ifit3-high CD4 T,132,110,0.06947337592973382,0.029715331910998947,totalvi_avail_w128
totalvi_avail_w128,2031.0,calibrated,Ifit3-high CD8 T,100,110,0.11224702934809784,0.0830233921340151,totalvi_avail_w128
totalvi_avail_w128,2031.0,calibrated,Low quality B cells,230,110,0.11053382215710496,0.06346649380620305,totalvi_avail_w128
totalvi_avail_w128,2031.0,calibrated,Low quality T cells,67,110,0.09964290151763981,0.07860124975514116,totalvi_avail_w128
totalvi_avail_w128,2031.0,calibrated,Ly6-high mono,77,110,0.24246997424311234,0.21066439978754659,totalvi_avail_w128
totalvi_avail_w128,2031.0,calibrated,MZ B,205,110,0.1821840421087043,0.09297711015161486,totalvi_avail_w128
totalvi_avail_w128,2031.0,calibrated,MZ/Marco-high macrophages,36,110,0.2409320843023893,0.23274490000243608,totalvi_avail_w128
totalvi_avail_w128,2031.0,calibrated,Mature B,2408,110,0.11745858485280726,0.031391045961215946,totalvi_avail_w128
totalvi_avail_w128,2031.0,calibrated,NK,104,110,0.2028182563891142,0.1794095594924011,totalvi_avail_w128
totalvi_avail_w128,2031.0,calibrated,NKT,117,110,0.28541136901332803,0.23217533987182587,totalvi_avail_w128
totalvi_avail_w128,2031.0,calibrated,Neutrophils,112,110,0.1728010805508902,0.14588639566157105,totalvi_avail_w128
totalvi_avail_w128,2031.0,calibrated,Red-pulp macrophages,35,110,0.05685626355622999,0.06320159005142126,totalvi_avail_w128
totalvi_avail_w128,2031.0,calibrated,T doublets,55,110,0.1545634771777178,0.10790756731440945,totalvi_avail_w128
totalvi_avail_w128,2031.0,calibrated,Transitional B,580,110,0.14132050967568757,0.03820887469293155,totalvi_avail_w128
totalvi_avail_w128,2031.0,calibrated,Tregs,115,110,0.16181619772610195,0.0984018939096031,totalvi_avail_w128
totalvi_avail_w128,2031.0,calibrated,cDC1s,62,110,0.28494002731374224,0.2780706658797307,totalvi_avail_w128
totalvi_avail_w128,2031.0,calibrated,cDC2s,65,110,0.2760541820952771,0.27783672778977,totalvi_avail_w128
totalvi_avail_w128,2031.0,calibrated,pDCs,30,110,0.125555045570541,0.1399751140729248,totalvi_avail_w128
totalvi_avail_w128,2031.0,log_mean,Activated CD4 T,38,110,0.137604637743595,0.13597607861295796,totalvi_avail_w128
totalvi_avail_w128,2031.0,log_mean,B doublets,77,110,0.13341410212880428,0.0444905187478359,totalvi_avail_w128
totalvi_avail_w128,2031.0,log_mean,B-CD4 T cell doublets,62,110,0.1744807332886833,0.16495748459733095,totalvi_avail_w128
totalvi_avail_w128,2031.0,log_mean,B-CD8 T cell doublets,50,110,0.12721076427557682,0.08496189435822271,totalvi_avail_w128
totalvi_avail_w128,2031.0,log_mean,B-macrophage doublets,74,110,0.20437472878078225,0.1661277821179049,totalvi_avail_w128
totalvi_avail_w128,2031.0,log_mean,B1 B,162,110,0.19146482582256313,0.0982081865926338,totalvi_avail_w128
totalvi_avail_w128,2031.0,log_mean,CD122+ CD8 T,258,110,0.1259935842462553,0.0716173794030525,totalvi_avail_w128
totalvi_avail_w128,2031.0,log_mean,CD4 T,1077,110,0.07910067070688942,0.02815379399953035,totalvi_avail_w128
totalvi_avail_w128,2031.0,log_mean,CD8 T,680,110,0.08163778713337799,0.0404559059464165,totalvi_avail_w128
totalvi_avail_w128,2031.0,log_mean,Cycling B/T cells,81,110,0.3093591755449942,0.23027317063472091,totalvi_avail_w128
totalvi_avail_w128,2031.0,log_mean,GD T,73,110,0.1947533776564713,0.1560763214483875,totalvi_avail_w128
totalvi_avail_w128,2031.0,log_mean,ICOS-high Tregs,91,110,0.19124957104453352,0.13969840467446426,totalvi_avail_w128
totalvi_avail_w128,2031.0,log_mean,Ifit3-high B,249,110,0.08801400341895263,0.05307031667855645,totalvi_avail_w128
totalvi_avail_w128,2031.0,log_mean,Ifit3-high CD4 T,132,110,0.07072574350551897,0.0316520382671941,totalvi_avail_w128
totalvi_avail_w128,2031.0,log_mean,Ifit3-high CD8 T,100,110,0.10912483653793655,0.08021839246857496,totalvi_avail_w128
totalvi_avail_w128,2031.0,log_mean,Low quality B cells,230,110,0.11064703380016766,0.06346649380620305,totalvi_avail_w128
totalvi_avail_w128,2031.0,log_mean,Low quality T cells,67,110,0.0950639128756474,0.0754218971834329,totalvi_avail_w128
totalvi_avail_w128,2031.0,log_mean,Ly6-high mono,77,110,0.24233914744951987,0.21066439978754659,totalvi_avail_w128
totalvi_avail_w128,2031.0,log_mean,MZ B,205,110,0.17997773609170883,0.08962866150065196,totalvi_avail_w128
totalvi_avail_w128,2031.0,log_mean,MZ/Marco-high macrophages,36,110,0.24144774829843563,0.23274490000243608,totalvi_avail_w128
totalvi_avail_w128,2031.0,log_mean,Mature B,2408,110,0.1169959027634236,0.031391045961215946,totalvi_avail_w128
totalvi_avail_w128,2031.0,log_mean,NK,104,110,0.20193346522993258,0.1794095594924011,totalvi_avail_w128
totalvi_avail_w128,2031.0,log_mean,NKT,117,110,0.28612281548729696,0.23217533987182587,totalvi_avail_w128
totalvi_avail_w128,2031.0,log_mean,Neutrophils,112,110,0.17316787820697355,0.14588639566157105,totalvi_avail_w128
totalvi_avail_w128,2031.0,log_mean,Red-pulp macrophages,35,110,0.05369095592548086,0.05663186459524185,totalvi_avail_w128
totalvi_avail_w128,2031.0,log_mean,T doublets,55,110,0.15680171667576298,0.1106006263780984,totalvi_avail_w128
totalvi_avail_w128,2031.0,log_mean,Transitional B,580,110,0.14136990983676503,0.03820887469293155,totalvi_avail_w128
totalvi_avail_w128,2031.0,log_mean,Tregs,115,110,0.1636547637197943,0.09983935801835905,totalvi_avail_w128
totalvi_avail_w128,2031.0,log_mean,cDC1s,62,110,0.28486386478623793,0.2780706658797307,totalvi_avail_w128
totalvi_avail_w128,2031.0,log_mean,cDC2s,65,110,0.27689714101648133,0.27783672778977,totalvi_avail_w128
totalvi_avail_w128,2031.0,log_mean,pDCs,30,110,0.12457735860017147,0.1399751140729248,totalvi_avail_w128
totalvi_avail_w128,2031.0,pred_log,Activated CD4 T,38,110,0.09421661079843238,0.0945297610313012,totalvi_avail_w128
totalvi_avail_w128,2031.0,pred_log,B doublets,77,110,0.13628236882490122,0.07811063933039214,totalvi_avail_w128
totalvi_avail_w128,2031.0,pred_log,B-CD4 T cell doublets,62,110,0.13227428682851336,0.11880376126533684,totalvi_avail_w128
totalvi_avail_w128,2031.0,pred_log,B-CD8 T cell doublets,50,110,0.10821765143623746,0.09111778382968205,totalvi_avail_w128
totalvi_avail_w128,2031.0,pred_log,B-macrophage doublets,74,110,0.2054789727435979,0.1649141659167916,totalvi_avail_w128
totalvi_avail_w128,2031.0,pred_log,B1 B,162,110,0.17101893810123386,0.06589443007702339,totalvi_avail_w128
totalvi_avail_w128,2031.0,pred_log,CD122+ CD8 T,258,110,0.0981000713707519,0.03871428608438125,totalvi_avail_w128
totalvi_avail_w128,2031.0,pred_log,CD4 T,1077,110,0.06144600019386478,0.0123704884128551,totalvi_avail_w128
totalvi_avail_w128,2031.0,pred_log,CD8 T,680,110,0.06608742219218412,0.0173329636014683,totalvi_avail_w128
totalvi_avail_w128,2031.0,pred_log,Cycling B/T cells,81,110,0.306053102392499,0.2129541223545996,totalvi_avail_w128
totalvi_avail_w128,2031.0,pred_log,GD T,73,110,0.17231082032737535,0.1408561193068121,totalvi_avail_w128
totalvi_avail_w128,2031.0,pred_log,ICOS-high Tregs,91,110,0.17481991031849686,0.14448371560103074,totalvi_avail_w128
totalvi_avail_w128,2031.0,pred_log,Ifit3-high B,249,110,0.06368651293035389,0.026083623642289652,totalvi_avail_w128
totalvi_avail_w128,2031.0,pred_log,Ifit3-high CD4 T,132,110,0.03640139085589164,0.013035364056721201,totalvi_avail_w128
totalvi_avail_w128,2031.0,pred_log,Ifit3-high CD8 T,100,110,0.09057734788577439,0.0706276869820065,totalvi_avail_w128
totalvi_avail_w128,2031.0,pred_log,Low quality B cells,230,110,0.08941439078660726,0.0466069860038784,totalvi_avail_w128
totalvi_avail_w128,2031.0,pred_log,Low quality T cells,67,110,0.09675422909429361,0.0707132500279573,totalvi_avail_w128
totalvi_avail_w128,2031.0,pred_log,Ly6-high mono,77,110,0.22975481371608655,0.18228529328277934,totalvi_avail_w128
totalvi_avail_w128,2031.0,pred_log,MZ B,205,110,0.15809890970013146,0.0731369717032576,totalvi_avail_w128
totalvi_avail_w128,2031.0,pred_log,MZ/Marco-high macrophages,36,110,0.2297613360179469,0.2627049665858131,totalvi_avail_w128
totalvi_avail_w128,2031.0,pred_log,Mature B,2408,110,0.09745951025059932,0.019418257141314302,totalvi_avail_w128
totalvi_avail_w128,2031.0,pred_log,NK,104,110,0.1798928692791248,0.16828805694348475,totalvi_avail_w128
totalvi_avail_w128,2031.0,pred_log,NKT,117,110,0.23084358352244722,0.15907582613711352,totalvi_avail_w128
totalvi_avail_w128,2031.0,pred_log,Neutrophils,112,110,0.15939213648905412,0.1408981838093288,totalvi_avail_w128
totalvi_avail_w128,2031.0,pred_log,Red-pulp macrophages,35,110,0.07433148312445371,0.09810666467992535,totalvi_avail_w128
totalvi_avail_w128,2031.0,pred_log,T doublets,55,110,0.1329872165420872,0.09993246759784985,totalvi_avail_w128
totalvi_avail_w128,2031.0,pred_log,Transitional B,580,110,0.13272248613804064,0.0328666494491767,totalvi_avail_w128
totalvi_avail_w128,2031.0,pred_log,Tregs,115,110,0.1510371661966304,0.1013316541977489,totalvi_avail_w128
totalvi_avail_w128,2031.0,pred_log,cDC1s,62,110,0.2652405673328857,0.2679349557120947,totalvi_avail_w128
totalvi_avail_w128,2031.0,pred_log,cDC2s,65,110,0.24703489346246582,0.22518225266111205,totalvi_avail_w128
totalvi_avail_w128,2031.0,pred_log,pDCs,30,110,0.09292849773458844,0.0803945787690608,totalvi_avail_w128
totalvi_avail_w128,2032.0,calibrated,Activated CD4 T,38,110,0.126542813746743,0.08215295459618341,totalvi_avail_w128
totalvi_avail_w128,2032.0,calibrated,B doublets,77,110,0.15627559466174998,0.09500002840237676,totalvi_avail_w128
totalvi_avail_w128,2032.0,calibrated,B-CD4 T cell doublets,62,110,0.16591853768737683,0.1432223498518228,totalvi_avail_w128
totalvi_avail_w128,2032.0,calibrated,B-CD8 T cell doublets,50,110,0.1372829184525295,0.10054797662719356,totalvi_avail_w128
totalvi_avail_w128,2032.0,calibrated,B-macrophage doublets,74,110,0.21271239143641457,0.17847606542366223,totalvi_avail_w128
totalvi_avail_w128,2032.0,calibrated,B1 B,162,110,0.19051114809204947,0.08140636978458385,totalvi_avail_w128
totalvi_avail_w128,2032.0,calibrated,CD122+ CD8 T,258,110,0.12810565842351912,0.08054925088041556,totalvi_avail_w128
totalvi_avail_w128,2032.0,calibrated,CD4 T,1077,110,0.08346506516449029,0.02982874523898155,totalvi_avail_w128
totalvi_avail_w128,2032.0,calibrated,CD8 T,680,110,0.0816032593609821,0.0294460962150858,totalvi_avail_w128
totalvi_avail_w128,2032.0,calibrated,Cycling B/T cells,81,110,0.3271883393602491,0.24089789949121734,totalvi_avail_w128
totalvi_avail_w128,2032.0,calibrated,GD T,73,110,0.1835856314069173,0.1485432949420184,totalvi_avail_w128
totalvi_avail_w128,2032.0,calibrated,ICOS-high Tregs,91,110,0.1768403509524266,0.11386405887337465,totalvi_avail_w128
totalvi_avail_w128,2032.0,calibrated,Ifit3-high B,249,110,0.09635832978828396,0.0517813242461923,totalvi_avail_w128
totalvi_avail_w128,2032.0,calibrated,Ifit3-high CD4 T,132,110,0.07324826925870043,0.03998710685743345,totalvi_avail_w128
totalvi_avail_w128,2032.0,calibrated,Ifit3-high CD8 T,100,110,0.12642706176359536,0.09383940809307906,totalvi_avail_w128
totalvi_avail_w128,2032.0,calibrated,Low quality B cells,230,110,0.09861629138057341,0.0477273482136813,totalvi_avail_w128
totalvi_avail_w128,2032.0,calibrated,Low quality T cells,67,110,0.09826667607287756,0.06514865199113826,totalvi_avail_w128
totalvi_avail_w128,2032.0,calibrated,Ly6-high mono,77,110,0.24310491056795408,0.2030231117116852,totalvi_avail_w128
totalvi_avail_w128,2032.0,calibrated,MZ B,205,110,0.1730588743102367,0.07672872857585235,totalvi_avail_w128
totalvi_avail_w128,2032.0,calibrated,MZ/Marco-high macrophages,36,110,0.2436269325394683,0.23085736466834805,totalvi_avail_w128
totalvi_avail_w128,2032.0,calibrated,Mature B,2408,110,0.11777790685637994,0.0311702303794844,totalvi_avail_w128
totalvi_avail_w128,2032.0,calibrated,NK,104,110,0.20229060305022317,0.18602203011486673,totalvi_avail_w128
totalvi_avail_w128,2032.0,calibrated,NKT,117,110,0.29299011977861905,0.28607795549128245,totalvi_avail_w128
totalvi_avail_w128,2032.0,calibrated,Neutrophils,112,110,0.22332182799235903,0.20553684359772129,totalvi_avail_w128
totalvi_avail_w128,2032.0,calibrated,Red-pulp macrophages,35,110,0.08911390289298093,0.0960255789877493,totalvi_avail_w128
totalvi_avail_w128,2032.0,calibrated,T doublets,55,110,0.14443286476379566,0.0977600224328416,totalvi_avail_w128
totalvi_avail_w128,2032.0,calibrated,Transitional B,580,110,0.14351633451320267,0.04135970057401605,totalvi_avail_w128
totalvi_avail_w128,2032.0,calibrated,Tregs,115,110,0.15973264574798718,0.10233640341789345,totalvi_avail_w128
totalvi_avail_w128,2032.0,calibrated,cDC1s,62,110,0.3022369217688609,0.2818746774147446,totalvi_avail_w128
totalvi_avail_w128,2032.0,calibrated,cDC2s,65,110,0.26885266038978856,0.2589062621222818,totalvi_avail_w128
totalvi_avail_w128,2032.0,calibrated,pDCs,30,110,0.107696337059595,0.1083450648788785,totalvi_avail_w128
totalvi_avail_w128,2032.0,log_mean,Activated CD4 T,38,110,0.126542813746743,0.08215295459618341,totalvi_avail_w128
totalvi_avail_w128,2032.0,log_mean,B doublets,77,110,0.15627559466174998,0.09500002840237676,totalvi_avail_w128
totalvi_avail_w128,2032.0,log_mean,B-CD4 T cell doublets,62,110,0.16591853768737683,0.1432223498518228,totalvi_avail_w128
totalvi_avail_w128,2032.0,log_mean,B-CD8 T cell doublets,50,110,0.1372829184525295,0.10054797662719356,totalvi_avail_w128
totalvi_avail_w128,2032.0,log_mean,B-macrophage doublets,74,110,0.21271239143641457,0.17847606542366223,totalvi_avail_w128
totalvi_avail_w128,2032.0,log_mean,B1 B,162,110,0.19051114809204947,0.08140636978458385,totalvi_avail_w128
totalvi_avail_w128,2032.0,log_mean,CD122+ CD8 T,258,110,0.12810565842351912,0.08054925088041556,totalvi_avail_w128
totalvi_avail_w128,2032.0,log_mean,CD4 T,1077,110,0.08346506516449029,0.02982874523898155,totalvi_avail_w128
totalvi_avail_w128,2032.0,log_mean,CD8 T,680,110,0.0816032593609821,0.0294460962150858,totalvi_avail_w128
totalvi_avail_w128,2032.0,log_mean,Cycling B/T cells,81,110,0.3271883393602491,0.24089789949121734,totalvi_avail_w128
totalvi_avail_w128,2032.0,log_mean,GD T,73,110,0.1835856314069173,0.1485432949420184,totalvi_avail_w128
totalvi_avail_w128,2032.0,log_mean,ICOS-high Tregs,91,110,0.1768403509524266,0.11386405887337465,totalvi_avail_w128
totalvi_avail_w128,2032.0,log_mean,Ifit3-high B,249,110,0.09635832978828396,0.0517813242461923,totalvi_avail_w128
totalvi_avail_w128,2032.0,log_mean,Ifit3-high CD4 T,132,110,0.07324826925870043,0.03998710685743345,totalvi_avail_w128
totalvi_avail_w128,2032.0,log_mean,Ifit3-high CD8 T,100,110,0.12642706176359536,0.09383940809307906,totalvi_avail_w128
totalvi_avail_w128,2032.0,log_mean,Low quality B cells,230,110,0.09861629138057341,0.0477273482136813,totalvi_avail_w128
totalvi_avail_w128,2032.0,log_mean,Low quality T cells,67,110,0.09826667607287756,0.06514865199113826,totalvi_avail_w128
totalvi_avail_w128,2032.0,log_mean,Ly6-high mono,77,110,0.24310491056795408,0.2030231117116852,totalvi_avail_w128
totalvi_avail_w128,2032.0,log_mean,MZ B,205,110,0.1730588743102367,0.07672872857585235,totalvi_avail_w128
totalvi_avail_w128,2032.0,log_mean,MZ/Marco-high macrophages,36,110,0.2436269325394683,0.23085736466834805,totalvi_avail_w128
totalvi_avail_w128,2032.0,log_mean,Mature B,2408,110,0.11777790685637994,0.0311702303794844,totalvi_avail_w128
totalvi_avail_w128,2032.0,log_mean,NK,104,110,0.20229060305022317,0.18602203011486673,totalvi_avail_w128
totalvi_avail_w128,2032.0,log_mean,NKT,117,110,0.29299011977861905,0.28607795549128245,totalvi_avail_w128
totalvi_avail_w128,2032.0,log_mean,Neutrophils,112,110,0.22332182799235903,0.20553684359772129,totalvi_avail_w128
totalvi_avail_w128,2032.0,log_mean,Red-pulp macrophages,35,110,0.08911390289298093,0.0960255789877493,totalvi_avail_w128
totalvi_avail_w128,2032.0,log_mean,T doublets,55,110,0.14443286476379566,0.0977600224328416,totalvi_avail_w128
totalvi_avail_w128,2032.0,log_mean,Transitional B,580,110,0.14351633451320267,0.04135970057401605,totalvi_avail_w128
totalvi_avail_w128,2032.0,log_mean,Tregs,115,110,0.15973264574798718,0.10233640341789345,totalvi_avail_w128
totalvi_avail_w128,2032.0,log_mean,cDC1s,62,110,0.3022369217688609,0.2818746774147446,totalvi_avail_w128
totalvi_avail_w128,2032.0,log_mean,cDC2s,65,110,0.26885266038978856,0.2589062621222818,totalvi_avail_w128
totalvi_avail_w128,2032.0,log_mean,pDCs,30,110,0.107696337059595,0.1083450648788785,totalvi_avail_w128
totalvi_avail_w128,2032.0,pred_log,Activated CD4 T,38,110,0.06942798147098744,0.05524847498063165,totalvi_avail_w128
totalvi_avail_w128,2032.0,pred_log,B doublets,77,110,0.13753865728913325,0.07654007889311165,totalvi_avail_w128
totalvi_avail_w128,2032.0,pred_log,B-CD4 T cell doublets,62,110,0.14026873316297986,0.13267534926145966,totalvi_avail_w128
totalvi_avail_w128,2032.0,pred_log,B-CD8 T cell doublets,50,110,0.13556674350604084,0.12822202998126986,totalvi_avail_w128
totalvi_avail_w128,2032.0,pred_log,B-macrophage doublets,74,110,0.20841098939255884,0.19057460368022155,totalvi_avail_w128
totalvi_avail_w128,2032.0,pred_log,B1 B,162,110,0.16176457398705388,0.03268557644752515,totalvi_avail_w128
totalvi_avail_w128,2032.0,pred_log,CD122+ CD8 T,258,110,0.1033316591044366,0.0554017072090149,totalvi_avail_w128
totalvi_avail_w128,2032.0,pred_log,CD4 T,1077,110,0.06407985555007227,0.02246315663167035,totalvi_avail_w128
totalvi_avail_w128,2032.0,pred_log,CD8 T,680,110,0.0662765196334984,0.02759760304579455,totalvi_avail_w128
totalvi_avail_w128,2032.0,pred_log,Cycling B/T cells,81,110,0.3002315940636522,0.19962637869950073,totalvi_avail_w128
totalvi_avail_w128,2032.0,pred_log,GD T,73,110,0.17722312708516672,0.13452047426482538,totalvi_avail_w128
totalvi_avail_w128,2032.0,pred_log,ICOS-high Tregs,91,110,0.15985445830045283,0.1144672237752413,totalvi_avail_w128
totalvi_avail_w128,2032.0,pred_log,Ifit3-high B,249,110,0.07916662084115031,0.04344660145002045,totalvi_avail_w128
totalvi_avail_w128,2032.0,pred_log,Ifit3-high CD4 T,132,110,0.0668471027950968,0.03893638810349035,totalvi_avail_w128
totalvi_avail_w128,2032.0,pred_log,Ifit3-high CD8 T,100,110,0.08787842579295382,0.052917911861741954,totalvi_avail_w128
totalvi_avail_w128,2032.0,pred_log,Low quality B cells,230,110,0.07025313925191794,0.0356457425860338,totalvi_avail_w128
totalvi_avail_w128,2032.0,pred_log,Low quality T cells,67,110,0.08578442982687132,0.0540734851000475,totalvi_avail_w128
totalvi_avail_w128,2032.0,pred_log,Ly6-high mono,77,110,0.21351452804557694,0.18216092548788904,totalvi_avail_w128
totalvi_avail_w128,2032.0,pred_log,MZ B,205,110,0.14053240360531538,0.0492291773820443,totalvi_avail_w128
totalvi_avail_w128,2032.0,pred_log,MZ/Marco-high macrophages,36,110,0.19797446632932886,0.1842685782679203,totalvi_avail_w128
totalvi_avail_w128,2032.0,pred_log,Mature B,2408,110,0.09361705578308534,0.01819019008453675,totalvi_avail_w128
totalvi_avail_w128,2032.0,pred_log,NK,104,110,0.17313490056312075,0.16700852842279196,totalvi_avail_w128
totalvi_avail_w128,2032.0,pred_log,NKT,117,110,0.2371323315332087,0.20179999303349375,totalvi_avail_w128
totalvi_avail_w128,2032.0,pred_log,Neutrophils,112,110,0.20170858666021999,0.16671619377606975,totalvi_avail_w128
totalvi_avail_w128,2032.0,pred_log,Red-pulp macrophages,35,110,0.07451716350081238,0.07173743170924834,totalvi_avail_w128
totalvi_avail_w128,2032.0,pred_log,T doublets,55,110,0.13572908380272758,0.08362605537196015,totalvi_avail_w128
totalvi_avail_w128,2032.0,pred_log,Transitional B,580,110,0.12945421276917837,0.0361902869177298,totalvi_avail_w128
totalvi_avail_w128,2032.0,pred_log,Tregs,115,110,0.14206724254404696,0.09114726958165664,totalvi_avail_w128
totalvi_avail_w128,2032.0,pred_log,cDC1s,62,110,0.2756573561051547,0.2467386776288418,totalvi_avail_w128
totalvi_avail_w128,2032.0,pred_log,cDC2s,65,110,0.2497632496012229,0.21287747736948445,totalvi_avail_w128
totalvi_avail_w128,2032.0,pred_log,pDCs,30,110,0.08795045090696496,0.1042926791312543,totalvi_avail_w128
totalvi_avail_w128,2033.0,calibrated,Activated CD4 T,38,110,0.1283663198496109,0.1256339322433703,totalvi_avail_w128
totalvi_avail_w128,2033.0,calibrated,B doublets,77,110,0.1459041522953695,0.07394127145900764,totalvi_avail_w128
totalvi_avail_w128,2033.0,calibrated,B-CD4 T cell doublets,62,110,0.18193044580168152,0.1576808941884966,totalvi_avail_w128
totalvi_avail_w128,2033.0,calibrated,B-CD8 T cell doublets,50,110,0.12414795772822335,0.0758022796576875,totalvi_avail_w128
totalvi_avail_w128,2033.0,calibrated,B-macrophage doublets,74,110,0.2117813423156463,0.1886963289792229,totalvi_avail_w128
totalvi_avail_w128,2033.0,calibrated,B1 B,162,110,0.19754659766570348,0.07968151326006825,totalvi_avail_w128
totalvi_avail_w128,2033.0,calibrated,CD122+ CD8 T,258,110,0.12171449950336476,0.0623390919332657,totalvi_avail_w128
totalvi_avail_w128,2033.0,calibrated,CD4 T,1077,110,0.0843864290948206,0.02760125237244935,totalvi_avail_w128
totalvi_avail_w128,2033.0,calibrated,CD8 T,680,110,0.08557101732106819,0.0348754993126444,totalvi_avail_w128
totalvi_avail_w128,2033.0,calibrated,Cycling B/T cells,81,110,0.3179204851127332,0.23020287370602555,totalvi_avail_w128
totalvi_avail_w128,2033.0,calibrated,GD T,73,110,0.19665183622802154,0.1782487909169784,totalvi_avail_w128
totalvi_avail_w128,2033.0,calibrated,ICOS-high Tregs,91,110,0.17476515226906778,0.1234340774451873,totalvi_avail_w128
totalvi_avail_w128,2033.0,calibrated,Ifit3-high B,249,110,0.0925623235180432,0.0511213429922428,totalvi_avail_w128
totalvi_avail_w128,2033.0,calibrated,Ifit3-high CD4 T,132,110,0.04285572988959671,0.02022684092010685,totalvi_avail_w128
totalvi_avail_w128,2033.0,calibrated,Ifit3-high CD8 T,100,110,0.11109396284927275,0.08846186167622296,totalvi_avail_w128
totalvi_avail_w128,2033.0,calibrated,Low quality B cells,230,110,0.10672946057828613,0.058143244706338096,totalvi_avail_w128
totalvi_avail_w128,2033.0,calibrated,Low quality T cells,67,110,0.11224190514509223,0.07903360944408311,totalvi_avail_w128
totalvi_avail_w128,2033.0,calibrated,Ly6-high mono,77,110,0.2572621187011167,0.20389095429029774,totalvi_avail_w128
totalvi_avail_w128,2033.0,calibrated,MZ B,205,110,0.182657180961204,0.0972951018360705,totalvi_avail_w128
totalvi_avail_w128,2033.0,calibrated,MZ/Marco-high macrophages,36,110,0.2261350314779582,0.2062558554050748,totalvi_avail_w128
totalvi_avail_w128,2033.0,calibrated,Mature B,2408,110,0.11343162585270561,0.0376531673334387,totalvi_avail_w128
totalvi_avail_w128,2033.0,calibrated,NK,104,110,0.20772227884478373,0.19725142695168457,totalvi_avail_w128
totalvi_avail_w128,2033.0,calibrated,NKT,117,110,0.2876919855083236,0.26030007264106564,totalvi_avail_w128
totalvi_avail_w128,2033.0,calibrated,Neutrophils,112,110,0.18727526400505054,0.15888671624718376,totalvi_avail_w128
totalvi_avail_w128,2033.0,calibrated,Red-pulp macrophages,35,110,0.1016191823466476,0.1023913125908956,totalvi_avail_w128
totalvi_avail_w128,2033.0,calibrated,T doublets,55,110,0.14657054120988589,0.09930357636660585,totalvi_avail_w128
totalvi_avail_w128,2033.0,calibrated,Transitional B,580,110,0.14121510747016916,0.0315897068089317,totalvi_avail_w128
totalvi_avail_w128,2033.0,calibrated,Tregs,115,110,0.16644039570515307,0.10198536662784549,totalvi_avail_w128
totalvi_avail_w128,2033.0,calibrated,cDC1s,62,110,0.3052703169386877,0.2920888279519396,totalvi_avail_w128
totalvi_avail_w128,2033.0,calibrated,cDC2s,65,110,0.30023757623397523,0.30266713187804095,totalvi_avail_w128
totalvi_avail_w128,2033.0,calibrated,pDCs,30,110,0.14937534729037963,0.1541467146602798,totalvi_avail_w128
totalvi_avail_w128,2033.0,log_mean,Activated CD4 T,38,110,0.1283663198496109,0.1256339322433703,totalvi_avail_w128
totalvi_avail_w128,2033.0,log_mean,B doublets,77,110,0.1459041522953695,0.07394127145900764,totalvi_avail_w128
totalvi_avail_w128,2033.0,log_mean,B-CD4 T cell doublets,62,110,0.18193044580168152,0.1576808941884966,totalvi_avail_w128
totalvi_avail_w128,2033.0,log_mean,B-CD8 T cell doublets,50,110,0.12414795772822335,0.0758022796576875,totalvi_avail_w128
totalvi_avail_w128,2033.0,log_mean,B-macrophage doublets,74,110,0.2117813423156463,0.1886963289792229,totalvi_avail_w128
totalvi_avail_w128,2033.0,log_mean,B1 B,162,110,0.19754659766570348,0.07968151326006825,totalvi_avail_w128
totalvi_avail_w128,2033.0,log_mean,CD122+ CD8 T,258,110,0.12171449950336476,0.0623390919332657,totalvi_avail_w128
totalvi_avail_w128,2033.0,log_mean,CD4 T,1077,110,0.0843864290948206,0.02760125237244935,totalvi_avail_w128
totalvi_avail_w128,2033.0,log_mean,CD8 T,680,110,0.08557101732106819,0.0348754993126444,totalvi_avail_w128
totalvi_avail_w128,2033.0,log_mean,Cycling B/T cells,81,110,0.3179204851127332,0.23020287370602555,totalvi_avail_w128
totalvi_avail_w128,2033.0,log_mean,GD T,73,110,0.19665183622802154,0.1782487909169784,totalvi_avail_w128
totalvi_avail_w128,2033.0,log_mean,ICOS-high Tregs,91,110,0.17476515226906778,0.1234340774451873,totalvi_avail_w128
totalvi_avail_w128,2033.0,log_mean,Ifit3-high B,249,110,0.0925623235180432,0.0511213429922428,totalvi_avail_w128
totalvi_avail_w128,2033.0,log_mean,Ifit3-high CD4 T,132,110,0.04285572988959671,0.02022684092010685,totalvi_avail_w128
totalvi_avail_w128,2033.0,log_mean,Ifit3-high CD8 T,100,110,0.11109396284927275,0.08846186167622296,totalvi_avail_w128
totalvi_avail_w128,2033.0,log_mean,Low quality B cells,230,110,0.10672946057828613,0.058143244706338096,totalvi_avail_w128
totalvi_avail_w128,2033.0,log_mean,Low quality T cells,67,110,0.11224190514509223,0.07903360944408311,totalvi_avail_w128
totalvi_avail_w128,2033.0,log_mean,Ly6-high mono,77,110,0.2572621187011167,0.20389095429029774,totalvi_avail_w128
totalvi_avail_w128,2033.0,log_mean,MZ B,205,110,0.182657180961204,0.0972951018360705,totalvi_avail_w128
totalvi_avail_w128,2033.0,log_mean,MZ/Marco-high macrophages,36,110,0.2261350314779582,0.2062558554050748,totalvi_avail_w128
totalvi_avail_w128,2033.0,log_mean,Mature B,2408,110,0.11343162339608755,0.0376531673334387,totalvi_avail_w128
totalvi_avail_w128,2033.0,log_mean,NK,104,110,0.20772227884478373,0.19725142695168457,totalvi_avail_w128
totalvi_avail_w128,2033.0,log_mean,NKT,117,110,0.2876919855083236,0.26030007264106564,totalvi_avail_w128
totalvi_avail_w128,2033.0,log_mean,Neutrophils,112,110,0.18727526400505054,0.15888671624718376,totalvi_avail_w128
totalvi_avail_w128,2033.0,log_mean,Red-pulp macrophages,35,110,0.1016191823466476,0.1023913125908956,totalvi_avail_w128
totalvi_avail_w128,2033.0,log_mean,T doublets,55,110,0.14657054120988589,0.09930357636660585,totalvi_avail_w128
totalvi_avail_w128,2033.0,log_mean,Transitional B,580,110,0.14121510747016916,0.0315897068089317,totalvi_avail_w128
totalvi_avail_w128,2033.0,log_mean,Tregs,115,110,0.16644039570515307,0.10198536662784549,totalvi_avail_w128
totalvi_avail_w128,2033.0,log_mean,cDC1s,62,110,0.3052703169386877,0.2920888279519396,totalvi_avail_w128
totalvi_avail_w128,2033.0,log_mean,cDC2s,65,110,0.30023757623397523,0.30266713187804095,totalvi_avail_w128
totalvi_avail_w128,2033.0,log_mean,pDCs,30,110,0.14937534729037963,0.1541467146602798,totalvi_avail_w128
totalvi_avail_w128,2033.0,pred_log,Activated CD4 T,38,110,0.10301205451275666,0.08853239361255716,totalvi_avail_w128
totalvi_avail_w128,2033.0,pred_log,B doublets,77,110,0.11895000438381727,0.03584725009571905,totalvi_avail_w128
totalvi_avail_w128,2033.0,pred_log,B-CD4 T cell doublets,62,110,0.14549369097798182,0.12656821941740126,totalvi_avail_w128
totalvi_avail_w128,2033.0,pred_log,B-CD8 T cell doublets,50,110,0.1183973892899348,0.09116800533725875,totalvi_avail_w128
totalvi_avail_w128,2033.0,pred_log,B-macrophage doublets,74,110,0.22108602974219618,0.17735611020391373,totalvi_avail_w128
totalvi_avail_w128,2033.0,pred_log,B1 B,162,110,0.17524792093727057,0.08687123793052776,totalvi_avail_w128
totalvi_avail_w128,2033.0,pred_log,CD122+ CD8 T,258,110,0.09995196202016741,0.03633251365162075,totalvi_avail_w128
totalvi_avail_w128,2033.0,pred_log,CD4 T,1077,110,0.06553155331793047,0.022461439580409248,totalvi_avail_w128
totalvi_avail_w128,2033.0,pred_log,CD8 T,680,110,0.06478299527546316,0.03010460689063595,totalvi_avail_w128
totalvi_avail_w128,2033.0,pred_log,Cycling B/T cells,81,110,0.3052307717150674,0.21615686303355325,totalvi_avail_w128
totalvi_avail_w128,2033.0,pred_log,GD T,73,110,0.18988826877782156,0.16552116220952567,totalvi_avail_w128
totalvi_avail_w128,2033.0,pred_log,ICOS-high Tregs,91,110,0.16735466356420386,0.1205256846210386,totalvi_avail_w128
totalvi_avail_w128,2033.0,pred_log,Ifit3-high B,249,110,0.06073553463173706,0.0232370116727593,totalvi_avail_w128
totalvi_avail_w128,2033.0,pred_log,Ifit3-high CD4 T,132,110,0.03482194398228908,0.022964900590605603,totalvi_avail_w128
totalvi_avail_w128,2033.0,pred_log,Ifit3-high CD8 T,100,110,0.07192578106936817,0.04817036224351585,totalvi_avail_w128
totalvi_avail_w128,2033.0,pred_log,Low quality B cells,230,110,0.07671770305446973,0.034664048401655295,totalvi_avail_w128
totalvi_avail_w128,2033.0,pred_log,Low quality T cells,67,110,0.08500493710909607,0.05526082522124385,totalvi_avail_w128
totalvi_avail_w128,2033.0,pred_log,Ly6-high mono,77,110,0.2223300032366383,0.20146672004782562,totalvi_avail_w128
totalvi_avail_w128,2033.0,pred_log,MZ B,205,110,0.14600580566579163,0.070452978437375,totalvi_avail_w128
totalvi_avail_w128,2033.0,pred_log,MZ/Marco-high macrophages,36,110,0.20651708022896748,0.1771276720562971,totalvi_avail_w128
totalvi_avail_w128,2033.0,pred_log,Mature B,2408,110,0.0898325736102759,0.0213528488041152,totalvi_avail_w128
totalvi_avail_w128,2033.0,pred_log,NK,104,110,0.17662151759083508,0.15427248350588718,totalvi_avail_w128
totalvi_avail_w128,2033.0,pred_log,NKT,117,110,0.2387034561543063,0.19050153736791095,totalvi_avail_w128
totalvi_avail_w128,2033.0,pred_log,Neutrophils,112,110,0.17448889130338843,0.1568792957357765,totalvi_avail_w128
totalvi_avail_w128,2033.0,pred_log,Red-pulp macrophages,35,110,0.08313694632374298,0.09463130501700334,totalvi_avail_w128
totalvi_avail_w128,2033.0,pred_log,T doublets,55,110,0.1501979330474569,0.1091003057035061,totalvi_avail_w128
totalvi_avail_w128,2033.0,pred_log,Transitional B,580,110,0.12167833656318192,0.0248438305866625,totalvi_avail_w128
totalvi_avail_w128,2033.0,pred_log,Tregs,115,110,0.14321986030779799,0.0748546363012216,totalvi_avail_w128
totalvi_avail_w128,2033.0,pred_log,cDC1s,62,110,0.28811497225403365,0.2706912312990516,totalvi_avail_w128
totalvi_avail_w128,2033.0,pred_log,cDC2s,65,110,0.26732278141341753,0.2582133611124986,totalvi_avail_w128
totalvi_avail_w128,2033.0,pred_log,pDCs,30,110,0.10690891101747568,0.1033812950634228,totalvi_avail_w128
totalvi_avail_w128,2034.0,calibrated,Activated CD4 T,38,110,0.1142617219486074,0.08477912046641489,totalvi_avail_w128
totalvi_avail_w128,2034.0,calibrated,B doublets,77,110,0.14825858242115192,0.08612335227099965,totalvi_avail_w128
totalvi_avail_w128,2034.0,calibrated,B-CD4 T cell doublets,62,110,0.16570202517899563,0.1441303137821737,totalvi_avail_w128
totalvi_avail_w128,2034.0,calibrated,B-CD8 T cell doublets,50,110,0.12859966824694133,0.09544179090889224,totalvi_avail_w128
totalvi_avail_w128,2034.0,calibrated,B-macrophage doublets,74,110,0.2300749241098062,0.2048695465223419,totalvi_avail_w128
totalvi_avail_w128,2034.0,calibrated,B1 B,162,110,0.1885250621072294,0.08140083310586754,totalvi_avail_w128
totalvi_avail_w128,2034.0,calibrated,CD122+ CD8 T,258,110,0.11643504352368217,0.06088123185175005,totalvi_avail_w128
totalvi_avail_w128,2034.0,calibrated,CD4 T,1077,110,0.0832404310110328,0.02801105067497725,totalvi_avail_w128
totalvi_avail_w128,2034.0,calibrated,CD8 T,680,110,0.08200738055943602,0.03337968830335865,totalvi_avail_w128
totalvi_avail_w128,2034.0,calibrated,Cycling B/T cells,81,110,0.31212450022219523,0.2305121108208213,totalvi_avail_w128
totalvi_avail_w128,2034.0,calibrated,GD T,73,110,0.1762343614043638,0.1551845292106144,totalvi_avail_w128
totalvi_avail_w128,2034.0,calibrated,ICOS-high Tregs,91,110,0.18494829815720745,0.12897208712234545,totalvi_avail_w128
totalvi_avail_w128,2034.0,calibrated,Ifit3-high B,249,110,0.09944347628661536,0.0485665462451103,totalvi_avail_w128
totalvi_avail_w128,2034.0,calibrated,Ifit3-high CD4 T,132,110,0.05770690453620799,0.03454260492456595,totalvi_avail_w128
totalvi_avail_w128,2034.0,calibrated,Ifit3-high CD8 T,100,110,0.11785539198207799,0.1057514199252005,totalvi_avail_w128
totalvi_avail_w128,2034.0,calibrated,Low quality B cells,230,110,0.09757682055174308,0.0623465307503399,totalvi_avail_w128
totalvi_avail_w128,2034.0,calibrated,Low quality T cells,67,110,0.10598284627741467,0.06895336068681525,totalvi_avail_w128
totalvi_avail_w128,2034.0,calibrated,Ly6-high mono,77,110,0.24698765979431073,0.23524223148343582,totalvi_avail_w128
totalvi_avail_w128,2034.0,calibrated,MZ B,205,110,0.17487648133744726,0.07107956726966305,totalvi_avail_w128
totalvi_avail_w128,2034.0,calibrated,MZ/Marco-high macrophages,36,110,0.2475119075887969,0.263130476264697,totalvi_avail_w128
totalvi_avail_w128,2034.0,calibrated,Mature B,2408,110,0.11444785354567481,0.03012189063176335,totalvi_avail_w128
totalvi_avail_w128,2034.0,calibrated,NK,104,110,0.2041028958543522,0.18800335705094506,totalvi_avail_w128
totalvi_avail_w128,2034.0,calibrated,NKT,117,110,0.27698088474012533,0.2533384221548459,totalvi_avail_w128
totalvi_avail_w128,2034.0,calibrated,Neutrophils,112,110,0.20350615169770733,0.18300563827340025,totalvi_avail_w128
totalvi_avail_w128,2034.0,calibrated,Red-pulp macrophages,35,110,0.05097951294943234,0.0610951643842282,totalvi_avail_w128
totalvi_avail_w128,2034.0,calibrated,T doublets,55,110,0.15959266266052863,0.12137277539846415,totalvi_avail_w128
totalvi_avail_w128,2034.0,calibrated,Transitional B,580,110,0.14158875651766784,0.037670718891404595,totalvi_avail_w128
totalvi_avail_w128,2034.0,calibrated,Tregs,115,110,0.16774409183616057,0.10595367652106011,totalvi_avail_w128
totalvi_avail_w128,2034.0,calibrated,cDC1s,62,110,0.2990873626143396,0.26430020848684976,totalvi_avail_w128
totalvi_avail_w128,2034.0,calibrated,cDC2s,65,110,0.2872977745043093,0.2906031746990121,totalvi_avail_w128
totalvi_avail_w128,2034.0,calibrated,pDCs,30,110,0.15772760733575075,0.17135462092723514,totalvi_avail_w128
totalvi_avail_w128,2034.0,log_mean,Activated CD4 T,38,110,0.1142617219486074,0.08477912046641489,totalvi_avail_w128
totalvi_avail_w128,2034.0,log_mean,B doublets,77,110,0.14825858242115192,0.08612335227099965,totalvi_avail_w128
totalvi_avail_w128,2034.0,log_mean,B-CD4 T cell doublets,62,110,0.16570202517899563,0.1441303137821737,totalvi_avail_w128
totalvi_avail_w128,2034.0,log_mean,B-CD8 T cell doublets,50,110,0.12859966824694133,0.09544179090889224,totalvi_avail_w128
totalvi_avail_w128,2034.0,log_mean,B-macrophage doublets,74,110,0.2300749241098062,0.2048695465223419,totalvi_avail_w128
totalvi_avail_w128,2034.0,log_mean,B1 B,162,110,0.1885250621072294,0.08140083310586754,totalvi_avail_w128
totalvi_avail_w128,2034.0,log_mean,CD122+ CD8 T,258,110,0.11643504352368217,0.06088123185175005,totalvi_avail_w128
totalvi_avail_w128,2034.0,log_mean,CD4 T,1077,110,0.0832404310110328,0.02801105067497725,totalvi_avail_w128
totalvi_avail_w128,2034.0,log_mean,CD8 T,680,110,0.08200738055943602,0.03337968830335865,totalvi_avail_w128
totalvi_avail_w128,2034.0,log_mean,Cycling B/T cells,81,110,0.31212450022219523,0.2305121108208213,totalvi_avail_w128
totalvi_avail_w128,2034.0,log_mean,GD T,73,110,0.1762343614043638,0.1551845292106144,totalvi_avail_w128
totalvi_avail_w128,2034.0,log_mean,ICOS-high Tregs,91,110,0.18494829815720745,0.12897208712234545,totalvi_avail_w128
totalvi_avail_w128,2034.0,log_mean,Ifit3-high B,249,110,0.09944347628661536,0.0485665462451103,totalvi_avail_w128
totalvi_avail_w128,2034.0,log_mean,Ifit3-high CD4 T,132,110,0.05770690453620799,0.03454260492456595,totalvi_avail_w128
totalvi_avail_w128,2034.0,log_mean,Ifit3-high CD8 T,100,110,0.11785539198207799,0.1057514199252005,totalvi_avail_w128
totalvi_avail_w128,2034.0,log_mean,Low quality B cells,230,110,0.09757682055174308,0.0623465307503399,totalvi_avail_w128
totalvi_avail_w128,2034.0,log_mean,Low quality T cells,67,110,0.10598284627741467,0.06895336068681525,totalvi_avail_w128
totalvi_avail_w128,2034.0,log_mean,Ly6-high mono,77,110,0.24698765979431073,0.23524223148343582,totalvi_avail_w128
totalvi_avail_w128,2034.0,log_mean,MZ B,205,110,0.17487648133744726,0.07107956726966305,totalvi_avail_w128
totalvi_avail_w128,2034.0,log_mean,MZ/Marco-high macrophages,36,110,0.2475119075887969,0.263130476264697,totalvi_avail_w128
totalvi_avail_w128,2034.0,log_mean,Mature B,2408,110,0.11444785354567481,0.03012189063176335,totalvi_avail_w128
totalvi_avail_w128,2034.0,log_mean,NK,104,110,0.2041028958543522,0.18800335705094506,totalvi_avail_w128
totalvi_avail_w128,2034.0,log_mean,NKT,117,110,0.27698088474012533,0.2533384221548459,totalvi_avail_w128
totalvi_avail_w128,2034.0,log_mean,Neutrophils,112,110,0.20350615169770733,0.18300563827340025,totalvi_avail_w128
totalvi_avail_w128,2034.0,log_mean,Red-pulp macrophages,35,110,0.05097951294943234,0.0610951643842282,totalvi_avail_w128
totalvi_avail_w128,2034.0,log_mean,T doublets,55,110,0.15959266266052863,0.12137277539846415,totalvi_avail_w128
totalvi_avail_w128,2034.0,log_mean,Transitional B,580,110,0.14158875651766784,0.037670718891404595,totalvi_avail_w128
totalvi_avail_w128,2034.0,log_mean,Tregs,115,110,0.16774409183616057,0.10595367652106011,totalvi_avail_w128
totalvi_avail_w128,2034.0,log_mean,cDC1s,62,110,0.2990873626143396,0.26430020848684976,totalvi_avail_w128
totalvi_avail_w128,2034.0,log_mean,cDC2s,65,110,0.2872977745043093,0.2906031746990121,totalvi_avail_w128
totalvi_avail_w128,2034.0,log_mean,pDCs,30,110,0.15772760733575075,0.17135462092723514,totalvi_avail_w128
totalvi_avail_w128,2034.0,pred_log,Activated CD4 T,38,110,0.0718318001283543,0.0363322682154302,totalvi_avail_w128
totalvi_avail_w128,2034.0,pred_log,B doublets,77,110,0.13698841745295506,0.0749098720627001,totalvi_avail_w128
totalvi_avail_w128,2034.0,pred_log,B-CD4 T cell doublets,62,110,0.13815641476126214,0.1157860123032293,totalvi_avail_w128
totalvi_avail_w128,2034.0,pred_log,B-CD8 T cell doublets,50,110,0.13303638458848085,0.1155789986981931,totalvi_avail_w128
totalvi_avail_w128,2034.0,pred_log,B-macrophage doublets,74,110,0.21726285085025002,0.1819314515825382,totalvi_avail_w128
totalvi_avail_w128,2034.0,pred_log,B1 B,162,110,0.15556861825371826,0.04650145535676935,totalvi_avail_w128
totalvi_avail_w128,2034.0,pred_log,CD122+ CD8 T,258,110,0.08581095320797696,0.02855224090143465,totalvi_avail_w128
totalvi_avail_w128,2034.0,pred_log,CD4 T,1077,110,0.06160663992404328,0.01394779041474065,totalvi_avail_w128
totalvi_avail_w128,2034.0,pred_log,CD8 T,680,110,0.0690733893615794,0.0336512139278337,totalvi_avail_w128
totalvi_avail_w128,2034.0,pred_log,Cycling B/T cells,81,110,0.29841545667577657,0.20715798559413806,totalvi_avail_w128
totalvi_avail_w128,2034.0,pred_log,GD T,73,110,0.1580465099087413,0.11346128567744784,totalvi_avail_w128
totalvi_avail_w128,2034.0,pred_log,ICOS-high Tregs,91,110,0.17204133304043973,0.11889504760279396,totalvi_avail_w128
totalvi_avail_w128,2034.0,pred_log,Ifit3-high B,249,110,0.07519218621536876,0.0359820342053931,totalvi_avail_w128
totalvi_avail_w128,2034.0,pred_log,Ifit3-high CD4 T,132,110,0.0522281850700729,0.02043645333714305,totalvi_avail_w128
totalvi_avail_w128,2034.0,pred_log,Ifit3-high CD8 T,100,110,0.08524837619650276,0.0640392045231814,totalvi_avail_w128
totalvi_avail_w128,2034.0,pred_log,Low quality B cells,230,110,0.07329315507724073,0.0366199648653478,totalvi_avail_w128
totalvi_avail_w128,2034.0,pred_log,Low quality T cells,67,110,0.06678726313070531,0.02928409392341885,totalvi_avail_w128
totalvi_avail_w128,2034.0,pred_log,Ly6-high mono,77,110,0.21422400426002436,0.17853464988682924,totalvi_avail_w128
totalvi_avail_w128,2034.0,pred_log,MZ B,205,110,0.15354837594437537,0.0720357498922269,totalvi_avail_w128
totalvi_avail_w128,2034.0,pred_log,MZ/Marco-high macrophages,36,110,0.23327118912908476,0.22966276879929187,totalvi_avail_w128
totalvi_avail_w128,2034.0,pred_log,Mature B,2408,110,0.09623716371759122,0.0198915800829028,totalvi_avail_w128
totalvi_avail_w128,2034.0,pred_log,NK,104,110,0.17850912499719448,0.1458238527495366,totalvi_avail_w128
totalvi_avail_w128,2034.0,pred_log,NKT,117,110,0.22603213750254403,0.1867784458412409,totalvi_avail_w128
totalvi_avail_w128,2034.0,pred_log,Neutrophils,112,110,0.19014514218803438,0.1390301800709313,totalvi_avail_w128
totalvi_avail_w128,2034.0,pred_log,Red-pulp macrophages,35,110,0.07502185893066757,0.0707360860839796,totalvi_avail_w128
totalvi_avail_w128,2034.0,pred_log,T doublets,55,110,0.14884689810131285,0.11638589816611275,totalvi_avail_w128
totalvi_avail_w128,2034.0,pred_log,Transitional B,580,110,0.12499819812833912,0.020257892145409698,totalvi_avail_w128
totalvi_avail_w128,2034.0,pred_log,Tregs,115,110,0.1489160745841028,0.10805179097415646,totalvi_avail_w128
totalvi_avail_w128,2034.0,pred_log,cDC1s,62,110,0.28273867481446413,0.25354065400080045,totalvi_avail_w128
totalvi_avail_w128,2034.0,pred_log,cDC2s,65,110,0.2646947731600093,0.22826962274843365,totalvi_avail_w128
totalvi_avail_w128,2034.0,pred_log,pDCs,30,110,0.11971138089194781,0.11063493381119649,totalvi_avail_w128
totalvi_avail_w128,2035.0,calibrated,Activated CD4 T,38,110,0.10841818637210272,0.0726496349213687,totalvi_avail_w128
totalvi_avail_w128,2035.0,calibrated,B doublets,77,110,0.15554688734369004,0.08136766332518966,totalvi_avail_w128
totalvi_avail_w128,2035.0,calibrated,B-CD4 T cell doublets,62,110,0.1521825209390343,0.13026125827125629,totalvi_avail_w128
totalvi_avail_w128,2035.0,calibrated,B-CD8 T cell doublets,50,110,0.14750780114945808,0.1283719075462349,totalvi_avail_w128
totalvi_avail_w128,2035.0,calibrated,B-macrophage doublets,74,110,0.21092566438210816,0.17889654059983562,totalvi_avail_w128
totalvi_avail_w128,2035.0,calibrated,B1 B,162,110,0.18358875040160821,0.07387567414006571,totalvi_avail_w128
totalvi_avail_w128,2035.0,calibrated,CD122+ CD8 T,258,110,0.1198445932158012,0.0698903517853571,totalvi_avail_w128
totalvi_avail_w128,2035.0,calibrated,CD4 T,1077,110,0.08306989169280558,0.02684590833602055,totalvi_avail_w128
totalvi_avail_w128,2035.0,calibrated,CD8 T,680,110,0.08186120973441893,0.028763298810335403,totalvi_avail_w128
totalvi_avail_w128,2035.0,calibrated,Cycling B/T cells,81,110,0.32386181013102083,0.22487445564645508,totalvi_avail_w128
totalvi_avail_w128,2035.0,calibrated,GD T,73,110,0.19233088600799259,0.18316239651687194,totalvi_avail_w128
totalvi_avail_w128,2035.0,calibrated,ICOS-high Tregs,91,110,0.17651716728293934,0.10027338325199855,totalvi_avail_w128
totalvi_avail_w128,2035.0,calibrated,Ifit3-high B,249,110,0.09557517563864626,0.048390332398867,totalvi_avail_w128
totalvi_avail_w128,2035.0,calibrated,Ifit3-high CD4 T,132,110,0.04959001564174386,0.024561775712168603,totalvi_avail_w128
totalvi_avail_w128,2035.0,calibrated,Ifit3-high CD8 T,100,110,0.11151066209241992,0.0847104432599735,totalvi_avail_w128
totalvi_avail_w128,2035.0,calibrated,Low quality B cells,230,110,0.0982648915348758,0.05433521685939515,totalvi_avail_w128
totalvi_avail_w128,2035.0,calibrated,Low quality T cells,67,110,0.08289216801394071,0.0674060740650811,totalvi_avail_w128
totalvi_avail_w128,2035.0,calibrated,Ly6-high mono,77,110,0.24163764486562572,0.1986074267783294,totalvi_avail_w128
totalvi_avail_w128,2035.0,calibrated,MZ B,205,110,0.1858651655265084,0.10142647160097715,totalvi_avail_w128
totalvi_avail_w128,2035.0,calibrated,MZ/Marco-high macrophages,36,110,0.26466535053415763,0.27517557456828695,totalvi_avail_w128
totalvi_avail_w128,2035.0,calibrated,Mature B,2408,110,0.11719909758726338,0.03436520769045505,totalvi_avail_w128
totalvi_avail_w128,2035.0,calibrated,NK,104,110,0.20253125142112285,0.21140108097345156,totalvi_avail_w128
totalvi_avail_w128,2035.0,calibrated,NKT,117,110,0.2932805472942603,0.2648076070179583,totalvi_avail_w128
totalvi_avail_w128,2035.0,calibrated,Neutrophils,112,110,0.20478200806665428,0.19059870990788816,totalvi_avail_w128
totalvi_avail_w128,2035.0,calibrated,Red-pulp macrophages,35,110,0.08498854270956575,0.08021168083820805,totalvi_avail_w128
totalvi_avail_w128,2035.0,calibrated,T doublets,55,110,0.13850200012118943,0.1042268635494338,totalvi_avail_w128
totalvi_avail_w128,2035.0,calibrated,Transitional B,580,110,0.14586530655298996,0.040148525858688305,totalvi_avail_w128
totalvi_avail_w128,2035.0,calibrated,Tregs,115,110,0.1476653571249396,0.08011252468069466,totalvi_avail_w128
totalvi_avail_w128,2035.0,calibrated,cDC1s,62,110,0.30591223772969395,0.2758906949814584,totalvi_avail_w128
totalvi_avail_w128,2035.0,calibrated,cDC2s,65,110,0.27570618194725355,0.28531333573478923,totalvi_avail_w128
totalvi_avail_w128,2035.0,calibrated,pDCs,30,110,0.11864213324018313,0.12245364238211495,totalvi_avail_w128
totalvi_avail_w128,2035.0,log_mean,Activated CD4 T,38,110,0.10841818637210272,0.0726496349213687,totalvi_avail_w128
totalvi_avail_w128,2035.0,log_mean,B doublets,77,110,0.15554688734369004,0.08136766332518966,totalvi_avail_w128
totalvi_avail_w128,2035.0,log_mean,B-CD4 T cell doublets,62,110,0.1521825209390343,0.13026125827125629,totalvi_avail_w128
totalvi_avail_w128,2035.0,log_mean,B-CD8 T cell doublets,50,110,0.14750780114945808,0.1283719075462349,totalvi_avail_w128
totalvi_avail_w128,2035.0,log_mean,B-macrophage doublets,74,110,0.21092566438210816,0.17889654059983562,totalvi_avail_w128
totalvi_avail_w128,2035.0,log_mean,B1 B,162,110,0.18358875040160821,0.07387567414006571,totalvi_avail_w128
totalvi_avail_w128,2035.0,log_mean,CD122+ CD8 T,258,110,0.1198445932158012,0.0698903517853571,totalvi_avail_w128
totalvi_avail_w128,2035.0,log_mean,CD4 T,1077,110,0.08306989169280558,0.02684590833602055,totalvi_avail_w128
totalvi_avail_w128,2035.0,log_mean,CD8 T,680,110,0.08186120973441893,0.028763298810335403,totalvi_avail_w128
totalvi_avail_w128,2035.0,log_mean,Cycling B/T cells,81,110,0.32386181013102083,0.22487445564645508,totalvi_avail_w128
totalvi_avail_w128,2035.0,log_mean,GD T,73,110,0.19233088600799259,0.18316239651687194,totalvi_avail_w128
totalvi_avail_w128,2035.0,log_mean,ICOS-high Tregs,91,110,0.17651716728293934,0.10027338325199855,totalvi_avail_w128
totalvi_avail_w128,2035.0,log_mean,Ifit3-high B,249,110,0.09557517563864626,0.048390332398867,totalvi_avail_w128
totalvi_avail_w128,2035.0,log_mean,Ifit3-high CD4 T,132,110,0.04959001564174386,0.024561775712168603,totalvi_avail_w128
totalvi_avail_w128,2035.0,log_mean,Ifit3-high CD8 T,100,110,0.11151066209241992,0.0847104432599735,totalvi_avail_w128
totalvi_avail_w128,2035.0,log_mean,Low quality B cells,230,110,0.0982648915348758,0.05433521685939515,totalvi_avail_w128
totalvi_avail_w128,2035.0,log_mean,Low quality T cells,67,110,0.08289216801394071,0.0674060740650811,totalvi_avail_w128
totalvi_avail_w128,2035.0,log_mean,Ly6-high mono,77,110,0.24163764486562572,0.1986074267783294,totalvi_avail_w128
totalvi_avail_w128,2035.0,log_mean,MZ B,205,110,0.1858651655265084,0.10142647160097715,totalvi_avail_w128
totalvi_avail_w128,2035.0,log_mean,MZ/Marco-high macrophages,36,110,0.26466535053415763,0.27517557456828695,totalvi_avail_w128
totalvi_avail_w128,2035.0,log_mean,Mature B,2408,110,0.11719909758726338,0.03436520769045505,totalvi_avail_w128
totalvi_avail_w128,2035.0,log_mean,NK,104,110,0.20253125142112285,0.21140108097345156,totalvi_avail_w128
totalvi_avail_w128,2035.0,log_mean,NKT,117,110,0.2932805472942603,0.2648076070179583,totalvi_avail_w128
totalvi_avail_w128,2035.0,log_mean,Neutrophils,112,110,0.20478200806665428,0.19059870990788816,totalvi_avail_w128
totalvi_avail_w128,2035.0,log_mean,Red-pulp macrophages,35,110,0.08498854270956575,0.08021168083820805,totalvi_avail_w128
totalvi_avail_w128,2035.0,log_mean,T doublets,55,110,0.13850200012118943,0.1042268635494338,totalvi_avail_w128
totalvi_avail_w128,2035.0,log_mean,Transitional B,580,110,0.14586530655298996,0.040148525858688305,totalvi_avail_w128
totalvi_avail_w128,2035.0,log_mean,Tregs,115,110,0.1476653571249396,0.08011252468069466,totalvi_avail_w128
totalvi_avail_w128,2035.0,log_mean,cDC1s,62,110,0.30591223772969395,0.2758906949814584,totalvi_avail_w128
totalvi_avail_w128,2035.0,log_mean,cDC2s,65,110,0.27570618194725355,0.28531333573478923,totalvi_avail_w128
totalvi_avail_w128,2035.0,log_mean,pDCs,30,110,0.11864213324018313,0.12245364238211495,totalvi_avail_w128
totalvi_avail_w128,2035.0,pred_log,Activated CD4 T,38,110,0.08355126447965908,0.0709652315135037,totalvi_avail_w128
totalvi_avail_w128,2035.0,pred_log,B doublets,77,110,0.11363686248497036,0.02463241872501395,totalvi_avail_w128
totalvi_avail_w128,2035.0,pred_log,B-CD4 T cell doublets,62,110,0.12053080475846817,0.11498026530023545,totalvi_avail_w128
totalvi_avail_w128,2035.0,pred_log,B-CD8 T cell doublets,50,110,0.12844905096814463,0.0971624523218386,totalvi_avail_w128
totalvi_avail_w128,2035.0,pred_log,B-macrophage doublets,74,110,0.21521189809469968,0.17766834410564886,totalvi_avail_w128
totalvi_avail_w128,2035.0,pred_log,B1 B,162,110,0.16981101387694206,0.04362659724329305,totalvi_avail_w128
totalvi_avail_w128,2035.0,pred_log,CD122+ CD8 T,258,110,0.10244782457908602,0.04270999360529075,totalvi_avail_w128
totalvi_avail_w128,2035.0,pred_log,CD4 T,1077,110,0.06386265045652567,0.01957302541022305,totalvi_avail_w128
totalvi_avail_w128,2035.0,pred_log,CD8 T,680,110,0.06494683348892527,0.030187935368584752,totalvi_avail_w128
totalvi_avail_w128,2035.0,pred_log,Cycling B/T cells,81,110,0.30930190796500456,0.2106347010236248,totalvi_avail_w128
totalvi_avail_w128,2035.0,pred_log,GD T,73,110,0.16697074001254225,0.1548776678676138,totalvi_avail_w128
totalvi_avail_w128,2035.0,pred_log,ICOS-high Tregs,91,110,0.1630951182320099,0.1201687178949494,totalvi_avail_w128
totalvi_avail_w128,2035.0,pred_log,Ifit3-high B,249,110,0.08131430646703099,0.0440022962669823,totalvi_avail_w128
totalvi_avail_w128,2035.0,pred_log,Ifit3-high CD4 T,132,110,0.031142354552542655,0.00814911827860985,totalvi_avail_w128
totalvi_avail_w128,2035.0,pred_log,Ifit3-high CD8 T,100,110,0.08286873416801617,0.07300488657631454,totalvi_avail_w128
totalvi_avail_w128,2035.0,pred_log,Low quality B cells,230,110,0.07309870574310101,0.0295679175423494,totalvi_avail_w128
totalvi_avail_w128,2035.0,pred_log,Low quality T cells,67,110,0.0794786326366853,0.0550784930536493,totalvi_avail_w128
totalvi_avail_w128,2035.0,pred_log,Ly6-high mono,77,110,0.21550585726530497,0.16383720718125544,totalvi_avail_w128
totalvi_avail_w128,2035.0,pred_log,MZ B,205,110,0.15162001709966072,0.05502033161641585,totalvi_avail_w128
totalvi_avail_w128,2035.0,pred_log,MZ/Marco-high macrophages,36,110,0.22535480610118255,0.2129097430229572,totalvi_avail_w128
totalvi_avail_w128,2035.0,pred_log,Mature B,2408,110,0.09162105376579625,0.01626119168135485,totalvi_avail_w128
totalvi_avail_w128,2035.0,pred_log,NK,104,110,0.1773974480787394,0.16300047308524204,totalvi_avail_w128
totalvi_avail_w128,2035.0,pred_log,NKT,117,110,0.2421050405805398,0.22045433755782545,totalvi_avail_w128
totalvi_avail_w128,2035.0,pred_log,Neutrophils,112,110,0.17875433032813368,0.1912953238144347,totalvi_avail_w128
totalvi_avail_w128,2035.0,pred_log,Red-pulp macrophages,35,110,0.08936090430998657,0.09078301701121595,totalvi_avail_w128
totalvi_avail_w128,2035.0,pred_log,T doublets,55,110,0.1345470252163389,0.0878259954381247,totalvi_avail_w128
totalvi_avail_w128,2035.0,pred_log,Transitional B,580,110,0.12413205802285562,0.0199955634540882,totalvi_avail_w128
totalvi_avail_w128,2035.0,pred_log,Tregs,115,110,0.13222298984579484,0.0786899293313991,totalvi_avail_w128
totalvi_avail_w128,2035.0,pred_log,cDC1s,62,110,0.27200484775079864,0.24490739821923085,totalvi_avail_w128
totalvi_avail_w128,2035.0,pred_log,cDC2s,65,110,0.25155109911529483,0.23081077566560193,totalvi_avail_w128
totalvi_avail_w128,2035.0,pred_log,pDCs,30,110,0.09997363918030071,0.1043457198893001,totalvi_avail_w128
totalvi_avail_w128,2036.0,calibrated,Activated CD4 T,38,110,0.12826428813736854,0.09726749965398951,totalvi_avail_w128
totalvi_avail_w128,2036.0,calibrated,B doublets,77,110,0.16610725424180495,0.11280973285232695,totalvi_avail_w128
totalvi_avail_w128,2036.0,calibrated,B-CD4 T cell doublets,62,110,0.1733655848651934,0.1875041909994982,totalvi_avail_w128
totalvi_avail_w128,2036.0,calibrated,B-CD8 T cell doublets,50,110,0.10121831785806035,0.07358949030598565,totalvi_avail_w128
totalvi_avail_w128,2036.0,calibrated,B-macrophage doublets,74,110,0.22495693446978826,0.17829433099051784,totalvi_avail_w128
totalvi_avail_w128,2036.0,calibrated,B1 B,162,110,0.18892963882346916,0.0923980156847436,totalvi_avail_w128
totalvi_avail_w128,2036.0,calibrated,CD122+ CD8 T,258,110,0.12163284716062539,0.0603644967281244,totalvi_avail_w128
totalvi_avail_w128,2036.0,calibrated,CD4 T,1077,110,0.0922360032542442,0.03517401442587845,totalvi_avail_w128
totalvi_avail_w128,2036.0,calibrated,CD8 T,680,110,0.09256074161367296,0.0452242999072021,totalvi_avail_w128
totalvi_avail_w128,2036.0,calibrated,Cycling B/T cells,81,110,0.3153231914443226,0.2174072907899067,totalvi_avail_w128
totalvi_avail_w128,2036.0,calibrated,GD T,73,110,0.18756462472022398,0.1457565467486761,totalvi_avail_w128
totalvi_avail_w128,2036.0,calibrated,ICOS-high Tregs,91,110,0.18527128486786987,0.13470863671000574,totalvi_avail_w128
totalvi_avail_w128,2036.0,calibrated,Ifit3-high B,249,110,0.09357996966296497,0.0408228664913478,totalvi_avail_w128
totalvi_avail_w128,2036.0,calibrated,Ifit3-high CD4 T,132,110,0.07141733753372598,0.051670163443575154,totalvi_avail_w128
totalvi_avail_w128,2036.0,calibrated,Ifit3-high CD8 T,100,110,0.11370879154517613,0.0934904589811588,totalvi_avail_w128
totalvi_avail_w128,2036.0,calibrated,Low quality B cells,230,110,0.10885654947463706,0.0528672872016918,totalvi_avail_w128
totalvi_avail_w128,2036.0,calibrated,Low quality T cells,67,110,0.09698965591093345,0.06871946646818386,totalvi_avail_w128
totalvi_avail_w128,2036.0,calibrated,Ly6-high mono,77,110,0.26528103823394,0.22766360663939567,totalvi_avail_w128
totalvi_avail_w128,2036.0,calibrated,MZ B,205,110,0.1976242452669849,0.1104382101116107,totalvi_avail_w128
totalvi_avail_w128,2036.0,calibrated,MZ/Marco-high macrophages,36,110,0.23534195743911637,0.23963493184344908,totalvi_avail_w128
totalvi_avail_w128,2036.0,calibrated,Mature B,2408,110,0.11833456481965003,0.03809081347186005,totalvi_avail_w128
totalvi_avail_w128,2036.0,calibrated,NK,104,110,0.20173977425107606,0.1987404726507797,totalvi_avail_w128
totalvi_avail_w128,2036.0,calibrated,NKT,117,110,0.29393580453661655,0.2775777138603408,totalvi_avail_w128
totalvi_avail_w128,2036.0,calibrated,Neutrophils,112,110,0.20309655339662996,0.1918156567990237,totalvi_avail_w128
totalvi_avail_w128,2036.0,calibrated,Red-pulp macrophages,35,110,0.09217182943135632,0.09483538341917186,totalvi_avail_w128
totalvi_avail_w128,2036.0,calibrated,T doublets,55,110,0.15255038974240637,0.09574510718345569,totalvi_avail_w128
totalvi_avail_w128,2036.0,calibrated,Transitional B,580,110,0.14568610544855623,0.0309045472104807,totalvi_avail_w128
totalvi_avail_w128,2036.0,calibrated,Tregs,115,110,0.15688127941050659,0.10368533529805685,totalvi_avail_w128
totalvi_avail_w128,2036.0,calibrated,cDC1s,62,110,0.295651777215561,0.2597717016767205,totalvi_avail_w128
totalvi_avail_w128,2036.0,calibrated,cDC2s,65,110,0.2967842327796575,0.2710941469040744,totalvi_avail_w128
totalvi_avail_w128,2036.0,calibrated,pDCs,30,110,0.10634066341010795,0.1149374283612774,totalvi_avail_w128
totalvi_avail_w128,2036.0,log_mean,Activated CD4 T,38,110,0.12826428813736854,0.09726749965398951,totalvi_avail_w128
totalvi_avail_w128,2036.0,log_mean,B doublets,77,110,0.16610725424180495,0.11280973285232695,totalvi_avail_w128
totalvi_avail_w128,2036.0,log_mean,B-CD4 T cell doublets,62,110,0.1733655848651934,0.1875041909994982,totalvi_avail_w128
totalvi_avail_w128,2036.0,log_mean,B-CD8 T cell doublets,50,110,0.10121831785806035,0.07358949030598565,totalvi_avail_w128
totalvi_avail_w128,2036.0,log_mean,B-macrophage doublets,74,110,0.22495693446978826,0.17829433099051784,totalvi_avail_w128
totalvi_avail_w128,2036.0,log_mean,B1 B,162,110,0.18892963882346916,0.0923980156847436,totalvi_avail_w128
totalvi_avail_w128,2036.0,log_mean,CD122+ CD8 T,258,110,0.12163284716062539,0.0603644967281244,totalvi_avail_w128
totalvi_avail_w128,2036.0,log_mean,CD4 T,1077,110,0.0922360032542442,0.03517401442587845,totalvi_avail_w128
totalvi_avail_w128,2036.0,log_mean,CD8 T,680,110,0.09256074161367296,0.0452242999072021,totalvi_avail_w128
totalvi_avail_w128,2036.0,log_mean,Cycling B/T cells,81,110,0.3153231914443226,0.2174072907899067,totalvi_avail_w128
totalvi_avail_w128,2036.0,log_mean,GD T,73,110,0.18756462472022398,0.1457565467486761,totalvi_avail_w128
totalvi_avail_w128,2036.0,log_mean,ICOS-high Tregs,91,110,0.18527128486786987,0.13470863671000574,totalvi_avail_w128
totalvi_avail_w128,2036.0,log_mean,Ifit3-high B,249,110,0.09357996966296497,0.0408228664913478,totalvi_avail_w128
totalvi_avail_w128,2036.0,log_mean,Ifit3-high CD4 T,132,110,0.07141733753372598,0.051670163443575154,totalvi_avail_w128
totalvi_avail_w128,2036.0,log_mean,Ifit3-high CD8 T,100,110,0.11370879154517613,0.0934904589811588,totalvi_avail_w128
totalvi_avail_w128,2036.0,log_mean,Low quality B cells,230,110,0.10885654947463706,0.0528672872016918,totalvi_avail_w128
totalvi_avail_w128,2036.0,log_mean,Low quality T cells,67,110,0.09698965591093345,0.06871946646818386,totalvi_avail_w128
totalvi_avail_w128,2036.0,log_mean,Ly6-high mono,77,110,0.26528103823394,0.22766360663939567,totalvi_avail_w128
totalvi_avail_w128,2036.0,log_mean,MZ B,205,110,0.1976242452669849,0.1104382101116107,totalvi_avail_w128
totalvi_avail_w128,2036.0,log_mean,MZ/Marco-high macrophages,36,110,0.23534195743911637,0.23963493184344908,totalvi_avail_w128
totalvi_avail_w128,2036.0,log_mean,Mature B,2408,110,0.11833456481965003,0.03809081347186005,totalvi_avail_w128
totalvi_avail_w128,2036.0,log_mean,NK,104,110,0.20173977425107606,0.1987404726507797,totalvi_avail_w128
totalvi_avail_w128,2036.0,log_mean,NKT,117,110,0.29393580453661655,0.2775777138603408,totalvi_avail_w128
totalvi_avail_w128,2036.0,log_mean,Neutrophils,112,110,0.20309655339662996,0.1918156567990237,totalvi_avail_w128
totalvi_avail_w128,2036.0,log_mean,Red-pulp macrophages,35,110,0.09217182943135632,0.09483538341917186,totalvi_avail_w128
totalvi_avail_w128,2036.0,log_mean,T doublets,55,110,0.15255038974240637,0.09574510718345569,totalvi_avail_w128
totalvi_avail_w128,2036.0,log_mean,Transitional B,580,110,0.14568610544855623,0.0309045472104807,totalvi_avail_w128
totalvi_avail_w128,2036.0,log_mean,Tregs,115,110,0.15688127941050659,0.10368533529805685,totalvi_avail_w128
totalvi_avail_w128,2036.0,log_mean,cDC1s,62,110,0.295651777215561,0.2597717016767205,totalvi_avail_w128
totalvi_avail_w128,2036.0,log_mean,cDC2s,65,110,0.2967842327796575,0.2710941469040744,totalvi_avail_w128
totalvi_avail_w128,2036.0,log_mean,pDCs,30,110,0.10634066341010795,0.1149374283612774,totalvi_avail_w128
totalvi_avail_w128,2036.0,pred_log,Activated CD4 T,38,110,0.09438168131185729,0.0750333932419874,totalvi_avail_w128
totalvi_avail_w128,2036.0,pred_log,B doublets,77,110,0.126227328008876,0.0654939198453034,totalvi_avail_w128
totalvi_avail_w128,2036.0,pred_log,B-CD4 T cell doublets,62,110,0.14324880268314832,0.10707213962012725,totalvi_avail_w128
totalvi_avail_w128,2036.0,pred_log,B-CD8 T cell doublets,50,110,0.10279419553685278,0.0861060698949675,totalvi_avail_w128
totalvi_avail_w128,2036.0,pred_log,B-macrophage doublets,74,110,0.21808344184014117,0.17244123723424032,totalvi_avail_w128
totalvi_avail_w128,2036.0,pred_log,B1 B,162,110,0.17927106710025353,0.0887998001167868,totalvi_avail_w128
totalvi_avail_w128,2036.0,pred_log,CD122+ CD8 T,258,110,0.09665063090519185,0.048703674109384545,totalvi_avail_w128
totalvi_avail_w128,2036.0,pred_log,CD4 T,1077,110,0.0676764323271199,0.020987161237040003,totalvi_avail_w128
totalvi_avail_w128,2036.0,pred_log,CD8 T,680,110,0.07145545628691333,0.03661571775088415,totalvi_avail_w128
totalvi_avail_w128,2036.0,pred_log,Cycling B/T cells,81,110,0.29189806379694905,0.18043213107525768,totalvi_avail_w128
totalvi_avail_w128,2036.0,pred_log,GD T,73,110,0.1775230298374794,0.14294721517676784,totalvi_avail_w128
totalvi_avail_w128,2036.0,pred_log,ICOS-high Tregs,91,110,0.17100566476047424,0.14245161034968995,totalvi_avail_w128
totalvi_avail_w128,2036.0,pred_log,Ifit3-high B,249,110,0.0759338581984593,0.02807520589624505,totalvi_avail_w128
totalvi_avail_w128,2036.0,pred_log,Ifit3-high CD4 T,132,110,0.03872819405593865,0.022655880155144102,totalvi_avail_w128
totalvi_avail_w128,2036.0,pred_log,Ifit3-high CD8 T,100,110,0.06630825364706576,0.041506228367972395,totalvi_avail_w128
totalvi_avail_w128,2036.0,pred_log,Low quality B cells,230,110,0.08342776666184407,0.0366271489967524,totalvi_avail_w128
totalvi_avail_w128,2036.0,pred_log,Low quality T cells,67,110,0.08970576494066555,0.0773143459584873,totalvi_avail_w128
totalvi_avail_w128,2036.0,pred_log,Ly6-high mono,77,110,0.22377793745114283,0.2012076384610586,totalvi_avail_w128
totalvi_avail_w128,2036.0,pred_log,MZ B,205,110,0.1578247594457437,0.06593819867457205,totalvi_avail_w128
totalvi_avail_w128,2036.0,pred_log,MZ/Marco-high macrophages,36,110,0.21189556238549162,0.22075709286728154,totalvi_avail_w128
totalvi_avail_w128,2036.0,pred_log,Mature B,2408,110,0.09280531662843158,0.01652815899842925,totalvi_avail_w128
totalvi_avail_w128,2036.0,pred_log,NK,104,110,0.17478666777393445,0.17647008821551674,totalvi_avail_w128
totalvi_avail_w128,2036.0,pred_log,NKT,117,110,0.2430849500897394,0.2264060532366169,totalvi_avail_w128
totalvi_avail_w128,2036.0,pred_log,Neutrophils,112,110,0.18163712111937935,0.16807548379460208,totalvi_avail_w128
totalvi_avail_w128,2036.0,pred_log,Red-pulp macrophages,35,110,0.08041375178700927,0.0867004396187008,totalvi_avail_w128
totalvi_avail_w128,2036.0,pred_log,T doublets,55,110,0.14107366145153816,0.1117347929595937,totalvi_avail_w128
totalvi_avail_w128,2036.0,pred_log,Transitional B,580,110,0.13293139956673433,0.039842272010301855,totalvi_avail_w128
totalvi_avail_w128,2036.0,pred_log,Tregs,115,110,0.1317635241998288,0.0804255911683314,totalvi_avail_w128
totalvi_avail_w128,2036.0,pred_log,cDC1s,62,110,0.2985882449543904,0.264876058841053,totalvi_avail_w128
totalvi_avail_w128,2036.0,pred_log,cDC2s,65,110,0.2714597717879347,0.23777035077433112,totalvi_avail_w128
totalvi_avail_w128,2036.0,pred_log,pDCs,30,110,0.08253745262396564,0.0845354455824987,totalvi_avail_w128
totalvi_avail_w128,2037.0,calibrated,Activated CD4 T,38,110,0.13053225278926306,0.1122470514374796,totalvi_avail_w128
totalvi_avail_w128,2037.0,calibrated,B doublets,77,110,0.15863784497307587,0.11027917978111659,totalvi_avail_w128
totalvi_avail_w128,2037.0,calibrated,B-CD4 T cell doublets,62,110,0.17433618504165513,0.14435321680438584,totalvi_avail_w128
totalvi_avail_w128,2037.0,calibrated,B-CD8 T cell doublets,50,110,0.10987999100451153,0.09160839482735636,totalvi_avail_w128
totalvi_avail_w128,2037.0,calibrated,B-macrophage doublets,74,110,0.21902582557997674,0.1875261618834539,totalvi_avail_w128
totalvi_avail_w128,2037.0,calibrated,B1 B,162,110,0.1946791098190318,0.1017422285604107,totalvi_avail_w128
totalvi_avail_w128,2037.0,calibrated,CD122+ CD8 T,258,110,0.12435479803952977,0.07314481089734731,totalvi_avail_w128
totalvi_avail_w128,2037.0,calibrated,CD4 T,1077,110,0.08620515956365069,0.029534606245964302,totalvi_avail_w128
totalvi_avail_w128,2037.0,calibrated,CD8 T,680,110,0.08324642106462063,0.0351785651371904,totalvi_avail_w128
totalvi_avail_w128,2037.0,calibrated,Cycling B/T cells,81,110,0.31886005263075823,0.2176285516437947,totalvi_avail_w128
totalvi_avail_w128,2037.0,calibrated,GD T,73,110,0.19571213476574512,0.15828535469939964,totalvi_avail_w128
totalvi_avail_w128,2037.0,calibrated,ICOS-high Tregs,91,110,0.18616875382462622,0.13324992644768774,totalvi_avail_w128
totalvi_avail_w128,2037.0,calibrated,Ifit3-high B,249,110,0.10138336880478792,0.064312724495145,totalvi_avail_w128
totalvi_avail_w128,2037.0,calibrated,Ifit3-high CD4 T,132,110,0.05835886245830675,0.02250551489319175,totalvi_avail_w128
totalvi_avail_w128,2037.0,calibrated,Ifit3-high CD8 T,100,110,0.10690840750480693,0.0901847286867758,totalvi_avail_w128
totalvi_avail_w128,2037.0,calibrated,Low quality B cells,230,110,0.1056316728168218,0.0612117051670582,totalvi_avail_w128
totalvi_avail_w128,2037.0,calibrated,Low quality T cells,67,110,0.1256649550870219,0.11009277401407624,totalvi_avail_w128
totalvi_avail_w128,2037.0,calibrated,Ly6-high mono,77,110,0.2676817976076088,0.21239494689464125,totalvi_avail_w128
totalvi_avail_w128,2037.0,calibrated,MZ B,205,110,0.18587487914289505,0.0857918753225658,totalvi_avail_w128
totalvi_avail_w128,2037.0,calibrated,MZ/Marco-high macrophages,36,110,0.24832554205539017,0.241401508793134,totalvi_avail_w128
totalvi_avail_w128,2037.0,calibrated,Mature B,2408,110,0.12081813171738548,0.04215652897583505,totalvi_avail_w128
totalvi_avail_w128,2037.0,calibrated,NK,104,110,0.20495976277489683,0.1821240442211445,totalvi_avail_w128
totalvi_avail_w128,2037.0,calibrated,NKT,117,110,0.2958738440061657,0.29466290682580076,totalvi_avail_w128
totalvi_avail_w128,2037.0,calibrated,Neutrophils,112,110,0.1933967341608054,0.17532331798477446,totalvi_avail_w128
totalvi_avail_w128,2037.0,calibrated,Red-pulp macrophages,35,110,0.0845391088944723,0.09414031107512524,totalvi_avail_w128
totalvi_avail_w128,2037.0,calibrated,T doublets,55,110,0.15956862794495175,0.11094654235826455,totalvi_avail_w128
totalvi_avail_w128,2037.0,calibrated,Transitional B,580,110,0.15009832994998015,0.0447537836094721,totalvi_avail_w128
totalvi_avail_w128,2037.0,calibrated,Tregs,115,110,0.169556790914585,0.1007408243256631,totalvi_avail_w128
totalvi_avail_w128,2037.0,calibrated,cDC1s,62,110,0.31670705258295995,0.30798477885263215,totalvi_avail_w128
totalvi_avail_w128,2037.0,calibrated,cDC2s,65,110,0.2754440824010251,0.27594914263166836,totalvi_avail_w128
totalvi_avail_w128,2037.0,calibrated,pDCs,30,110,0.12231406896149502,0.11733751979917009,totalvi_avail_w128
totalvi_avail_w128,2037.0,log_mean,Activated CD4 T,38,110,0.13053225278926306,0.1122470514374796,totalvi_avail_w128
totalvi_avail_w128,2037.0,log_mean,B doublets,77,110,0.15863784497307587,0.11027917978111659,totalvi_avail_w128
totalvi_avail_w128,2037.0,log_mean,B-CD4 T cell doublets,62,110,0.17433618504165513,0.14435321680438584,totalvi_avail_w128
totalvi_avail_w128,2037.0,log_mean,B-CD8 T cell doublets,50,110,0.10987999100451153,0.09160839482735636,totalvi_avail_w128
totalvi_avail_w128,2037.0,log_mean,B-macrophage doublets,74,110,0.21902582557997674,0.1875261618834539,totalvi_avail_w128
totalvi_avail_w128,2037.0,log_mean,B1 B,162,110,0.1946791098190318,0.1017422285604107,totalvi_avail_w128
totalvi_avail_w128,2037.0,log_mean,CD122+ CD8 T,258,110,0.12435479803952977,0.07314481089734731,totalvi_avail_w128
totalvi_avail_w128,2037.0,log_mean,CD4 T,1077,110,0.08620515956365069,0.029534606245964302,totalvi_avail_w128
totalvi_avail_w128,2037.0,log_mean,CD8 T,680,110,0.08324642106462063,0.0351785651371904,totalvi_avail_w128
totalvi_avail_w128,2037.0,log_mean,Cycling B/T cells,81,110,0.31886005263075823,0.2176285516437947,totalvi_avail_w128
totalvi_avail_w128,2037.0,log_mean,GD T,73,110,0.19571213476574512,0.15828535469939964,totalvi_avail_w128
totalvi_avail_w128,2037.0,log_mean,ICOS-high Tregs,91,110,0.18616875382462622,0.13324992644768774,totalvi_avail_w128
totalvi_avail_w128,2037.0,log_mean,Ifit3-high B,249,110,0.10138336880478792,0.064312724495145,totalvi_avail_w128
totalvi_avail_w128,2037.0,log_mean,Ifit3-high CD4 T,132,110,0.05835886245830675,0.02250551489319175,totalvi_avail_w128
totalvi_avail_w128,2037.0,log_mean,Ifit3-high CD8 T,100,110,0.10690840750480693,0.0901847286867758,totalvi_avail_w128
totalvi_avail_w128,2037.0,log_mean,Low quality B cells,230,110,0.1056316728168218,0.0612117051670582,totalvi_avail_w128
totalvi_avail_w128,2037.0,log_mean,Low quality T cells,67,110,0.1256649550870219,0.11009277401407624,totalvi_avail_w128
totalvi_avail_w128,2037.0,log_mean,Ly6-high mono,77,110,0.2676817976076088,0.21239494689464125,totalvi_avail_w128
totalvi_avail_w128,2037.0,log_mean,MZ B,205,110,0.18587487914289505,0.0857918753225658,totalvi_avail_w128
totalvi_avail_w128,2037.0,log_mean,MZ/Marco-high macrophages,36,110,0.24832554205539017,0.241401508793134,totalvi_avail_w128
totalvi_avail_w128,2037.0,log_mean,Mature B,2408,110,0.12081813171738548,0.04215652897583505,totalvi_avail_w128
totalvi_avail_w128,2037.0,log_mean,NK,104,110,0.20495976277489683,0.1821240442211445,totalvi_avail_w128
totalvi_avail_w128,2037.0,log_mean,NKT,117,110,0.2958738440061657,0.29466290682580076,totalvi_avail_w128
totalvi_avail_w128,2037.0,log_mean,Neutrophils,112,110,0.1933967341608054,0.17532331798477446,totalvi_avail_w128
totalvi_avail_w128,2037.0,log_mean,Red-pulp macrophages,35,110,0.0845391088944723,0.09414031107512524,totalvi_avail_w128
totalvi_avail_w128,2037.0,log_mean,T doublets,55,110,0.15956862794495175,0.11094654235826455,totalvi_avail_w128
totalvi_avail_w128,2037.0,log_mean,Transitional B,580,110,0.15009832994998015,0.0447537836094721,totalvi_avail_w128
totalvi_avail_w128,2037.0,log_mean,Tregs,115,110,0.169556790914585,0.1007408243256631,totalvi_avail_w128
totalvi_avail_w128,2037.0,log_mean,cDC1s,62,110,0.31670705258295995,0.30798477885263215,totalvi_avail_w128
totalvi_avail_w128,2037.0,log_mean,cDC2s,65,110,0.2754440824010251,0.27594914263166836,totalvi_avail_w128
totalvi_avail_w128,2037.0,log_mean,pDCs,30,110,0.12231406896149502,0.11733751979917009,totalvi_avail_w128
totalvi_avail_w128,2037.0,pred_log,Activated CD4 T,38,110,0.11664283369862492,0.08827836844974445,totalvi_avail_w128
totalvi_avail_w128,2037.0,pred_log,B doublets,77,110,0.1411058808213443,0.0907199781638743,totalvi_avail_w128
totalvi_avail_w128,2037.0,pred_log,B-CD4 T cell doublets,62,110,0.1471700929032574,0.11588712859842265,totalvi_avail_w128
totalvi_avail_w128,2037.0,pred_log,B-CD8 T cell doublets,50,110,0.08100204186257477,0.04905502448468235,totalvi_avail_w128
totalvi_avail_w128,2037.0,pred_log,B-macrophage doublets,74,110,0.2112269928731042,0.1814160176909742,totalvi_avail_w128
totalvi_avail_w128,2037.0,pred_log,B1 B,162,110,0.17390246871464382,0.0826636177788681,totalvi_avail_w128
totalvi_avail_w128,2037.0,pred_log,CD122+ CD8 T,258,110,0.10627711150183983,0.0457574120936107,totalvi_avail_w128
totalvi_avail_w128,2037.0,pred_log,CD4 T,1077,110,0.06793674270128933,0.02247448602305675,totalvi_avail_w128
totalvi_avail_w128,2037.0,pred_log,CD8 T,680,110,0.0723944424415597,0.0360485621292671,totalvi_avail_w128
totalvi_avail_w128,2037.0,pred_log,Cycling B/T cells,81,110,0.2953657246382714,0.1906769145979266,totalvi_avail_w128
totalvi_avail_w128,2037.0,pred_log,GD T,73,110,0.19694404269327606,0.16613547212684834,totalvi_avail_w128
totalvi_avail_w128,2037.0,pred_log,ICOS-high Tregs,91,110,0.1608296171966644,0.10046391785997749,totalvi_avail_w128
totalvi_avail_w128,2037.0,pred_log,Ifit3-high B,249,110,0.07546140838533351,0.0390654098678723,totalvi_avail_w128
totalvi_avail_w128,2037.0,pred_log,Ifit3-high CD4 T,132,110,0.049646174764491555,0.02834404375988705,totalvi_avail_w128
totalvi_avail_w128,2037.0,pred_log,Ifit3-high CD8 T,100,110,0.0750315550551025,0.0489003772394122,totalvi_avail_w128
totalvi_avail_w128,2037.0,pred_log,Low quality B cells,230,110,0.09005858855433727,0.048507268256103894,totalvi_avail_w128
totalvi_avail_w128,2037.0,pred_log,Low quality T cells,67,110,0.10111731740349507,0.052635337665918755,totalvi_avail_w128
totalvi_avail_w128,2037.0,pred_log,Ly6-high mono,77,110,0.23615019284706906,0.2016760314464756,totalvi_avail_w128
totalvi_avail_w128,2037.0,pred_log,MZ B,205,110,0.15564375558733992,0.06513349903732846,totalvi_avail_w128
totalvi_avail_w128,2037.0,pred_log,MZ/Marco-high macrophages,36,110,0.22212861404400694,0.23699701674312817,totalvi_avail_w128
totalvi_avail_w128,2037.0,pred_log,Mature B,2408,110,0.09702981741087308,0.0217689762465923,totalvi_avail_w128
totalvi_avail_w128,2037.0,pred_log,NK,104,110,0.16616653100555348,0.17391844056747835,totalvi_avail_w128
totalvi_avail_w128,2037.0,pred_log,NKT,117,110,0.2515091430219667,0.22654631032990724,totalvi_avail_w128
totalvi_avail_w128,2037.0,pred_log,Neutrophils,112,110,0.1689226635455674,0.13326082940759015,totalvi_avail_w128
totalvi_avail_w128,2037.0,pred_log,Red-pulp macrophages,35,110,0.09191920301137033,0.10944803509121376,totalvi_avail_w128
totalvi_avail_w128,2037.0,pred_log,T doublets,55,110,0.10990515778774446,0.08453154018341574,totalvi_avail_w128
totalvi_avail_w128,2037.0,pred_log,Transitional B,580,110,0.12485162430838638,0.021289790790880198,totalvi_avail_w128
totalvi_avail_w128,2037.0,pred_log,Tregs,115,110,0.13836576050123525,0.09228533145048015,totalvi_avail_w128
totalvi_avail_w128,2037.0,pred_log,cDC1s,62,110,0.28033721121612554,0.2593514652255851,totalvi_avail_w128
totalvi_avail_w128,2037.0,pred_log,cDC2s,65,110,0.2564348804606938,0.22890465110276031,totalvi_avail_w128
totalvi_avail_w128,2037.0,pred_log,pDCs,30,110,0.1354963923254256,0.1199330670670879,totalvi_avail_w128
totalvi_avail_w128,2038.0,calibrated,Activated CD4 T,38,110,0.14987783575103067,0.1362720488797261,totalvi_avail_w128
totalvi_avail_w128,2038.0,calibrated,B doublets,77,110,0.15823304398891788,0.09797522236024986,totalvi_avail_w128
totalvi_avail_w128,2038.0,calibrated,B-CD4 T cell doublets,62,110,0.16963015886686106,0.1496371299057244,totalvi_avail_w128
totalvi_avail_w128,2038.0,calibrated,B-CD8 T cell doublets,50,110,0.11545094868794925,0.0670894708843659,totalvi_avail_w128
totalvi_avail_w128,2038.0,calibrated,B-macrophage doublets,74,110,0.22737123698160955,0.19648339273082593,totalvi_avail_w128
totalvi_avail_w128,2038.0,calibrated,B1 B,162,110,0.19919352149999195,0.10173720323244814,totalvi_avail_w128
totalvi_avail_w128,2038.0,calibrated,CD122+ CD8 T,258,110,0.12064360472572339,0.0719263160853793,totalvi_avail_w128
totalvi_avail_w128,2038.0,calibrated,CD4 T,1077,110,0.08217017658638989,0.02798800992159605,totalvi_avail_w128
totalvi_avail_w128,2038.0,calibrated,CD8 T,680,110,0.0786031742327237,0.0223611187718097,totalvi_avail_w128
totalvi_avail_w128,2038.0,calibrated,Cycling B/T cells,81,110,0.33883014169055403,0.2267045115940988,totalvi_avail_w128
totalvi_avail_w128,2038.0,calibrated,GD T,73,110,0.1923880056895933,0.1740300570770804,totalvi_avail_w128
totalvi_avail_w128,2038.0,calibrated,ICOS-high Tregs,91,110,0.1763540999058632,0.11325201686283476,totalvi_avail_w128
totalvi_avail_w128,2038.0,calibrated,Ifit3-high B,249,110,0.10191279442787546,0.05217465183103715,totalvi_avail_w128
totalvi_avail_w128,2038.0,calibrated,Ifit3-high CD4 T,132,110,0.06510201106478337,0.0356549521072884,totalvi_avail_w128
totalvi_avail_w128,2038.0,calibrated,Ifit3-high CD8 T,100,110,0.11316792588696269,0.0896464662463401,totalvi_avail_w128
totalvi_avail_w128,2038.0,calibrated,Low quality B cells,230,110,0.09898264790575306,0.0419922287632013,totalvi_avail_w128
totalvi_avail_w128,2038.0,calibrated,Low quality T cells,67,110,0.09989596446541636,0.0652143420099151,totalvi_avail_w128
totalvi_avail_w128,2038.0,calibrated,Ly6-high mono,77,110,0.2500842026290873,0.21100216410992875,totalvi_avail_w128
totalvi_avail_w128,2038.0,calibrated,MZ B,205,110,0.18533921491261945,0.1056387692799545,totalvi_avail_w128
totalvi_avail_w128,2038.0,calibrated,MZ/Marco-high macrophages,36,110,0.23693931401278043,0.25284182887867873,totalvi_avail_w128
totalvi_avail_w128,2038.0,calibrated,Mature B,2408,110,0.11734901420293986,0.03794564066528975,totalvi_avail_w128
totalvi_avail_w128,2038.0,calibrated,NK,104,110,0.20968023075190365,0.1870141196275394,totalvi_avail_w128
totalvi_avail_w128,2038.0,calibrated,NKT,117,110,0.28417614821208886,0.24905676735141635,totalvi_avail_w128
totalvi_avail_w128,2038.0,calibrated,Neutrophils,112,110,0.20091043445062695,0.1675374604105629,totalvi_avail_w128
totalvi_avail_w128,2038.0,calibrated,Red-pulp macrophages,35,110,0.07012754663537708,0.07566183797288865,totalvi_avail_w128
totalvi_avail_w128,2038.0,calibrated,T doublets,55,110,0.15388608745787757,0.10922131839378224,totalvi_avail_w128
totalvi_avail_w128,2038.0,calibrated,Transitional B,580,110,0.14236363568684238,0.03681449225600855,totalvi_avail_w128
totalvi_avail_w128,2038.0,calibrated,Tregs,115,110,0.16594414973113455,0.1090095095073435,totalvi_avail_w128
totalvi_avail_w128,2038.0,calibrated,cDC1s,62,110,0.3187005310416081,0.2876174346083117,totalvi_avail_w128
totalvi_avail_w128,2038.0,calibrated,cDC2s,65,110,0.2952483431497602,0.2753432376788419,totalvi_avail_w128
totalvi_avail_w128,2038.0,calibrated,pDCs,30,110,0.13354422465180163,0.1281227768353732,totalvi_avail_w128
totalvi_avail_w128,2038.0,log_mean,Activated CD4 T,38,110,0.14987783575103067,0.1362720488797261,totalvi_avail_w128
totalvi_avail_w128,2038.0,log_mean,B doublets,77,110,0.15823304398891788,0.09797522236024986,totalvi_avail_w128
totalvi_avail_w128,2038.0,log_mean,B-CD4 T cell doublets,62,110,0.16963015886686106,0.1496371299057244,totalvi_avail_w128
totalvi_avail_w128,2038.0,log_mean,B-CD8 T cell doublets,50,110,0.11545094868794925,0.0670894708843659,totalvi_avail_w128
totalvi_avail_w128,2038.0,log_mean,B-macrophage doublets,74,110,0.22737123698160955,0.19648339273082593,totalvi_avail_w128
totalvi_avail_w128,2038.0,log_mean,B1 B,162,110,0.19919352149999195,0.10173720323244814,totalvi_avail_w128
totalvi_avail_w128,2038.0,log_mean,CD122+ CD8 T,258,110,0.12064360472572339,0.0719263160853793,totalvi_avail_w128
totalvi_avail_w128,2038.0,log_mean,CD4 T,1077,110,0.08217017658638989,0.02798800992159605,totalvi_avail_w128
totalvi_avail_w128,2038.0,log_mean,CD8 T,680,110,0.0786031742327237,0.0223611187718097,totalvi_avail_w128
totalvi_avail_w128,2038.0,log_mean,Cycling B/T cells,81,110,0.33883014169055403,0.2267045115940988,totalvi_avail_w128
totalvi_avail_w128,2038.0,log_mean,GD T,73,110,0.1923880056895933,0.1740300570770804,totalvi_avail_w128
totalvi_avail_w128,2038.0,log_mean,ICOS-high Tregs,91,110,0.1763540999058632,0.11325201686283476,totalvi_avail_w128
totalvi_avail_w128,2038.0,log_mean,Ifit3-high B,249,110,0.10191279442787546,0.05217465183103715,totalvi_avail_w128
totalvi_avail_w128,2038.0,log_mean,Ifit3-high CD4 T,132,110,0.06510201106478337,0.0356549521072884,totalvi_avail_w128
totalvi_avail_w128,2038.0,log_mean,Ifit3-high CD8 T,100,110,0.11316792588696269,0.0896464662463401,totalvi_avail_w128
totalvi_avail_w128,2038.0,log_mean,Low quality B cells,230,110,0.09898264790575306,0.0419922287632013,totalvi_avail_w128
totalvi_avail_w128,2038.0,log_mean,Low quality T cells,67,110,0.09989596446541636,0.0652143420099151,totalvi_avail_w128
totalvi_avail_w128,2038.0,log_mean,Ly6-high mono,77,110,0.2500842026290873,0.21100216410992875,totalvi_avail_w128
totalvi_avail_w128,2038.0,log_mean,MZ B,205,110,0.18533921491261945,0.1056387692799545,totalvi_avail_w128
totalvi_avail_w128,2038.0,log_mean,MZ/Marco-high macrophages,36,110,0.23693931401278043,0.25284182887867873,totalvi_avail_w128
totalvi_avail_w128,2038.0,log_mean,Mature B,2408,110,0.11734901420293986,0.03794564066528975,totalvi_avail_w128
totalvi_avail_w128,2038.0,log_mean,NK,104,110,0.20968023075190365,0.1870141196275394,totalvi_avail_w128
totalvi_avail_w128,2038.0,log_mean,NKT,117,110,0.28417614821208886,0.24905676735141635,totalvi_avail_w128
totalvi_avail_w128,2038.0,log_mean,Neutrophils,112,110,0.20091043445062695,0.1675374604105629,totalvi_avail_w128
totalvi_avail_w128,2038.0,log_mean,Red-pulp macrophages,35,110,0.07012754663537708,0.07566183797288865,totalvi_avail_w128
totalvi_avail_w128,2038.0,log_mean,T doublets,55,110,0.15388608745787757,0.10922131839378224,totalvi_avail_w128
totalvi_avail_w128,2038.0,log_mean,Transitional B,580,110,0.14236363568684238,0.03681449225600855,totalvi_avail_w128
totalvi_avail_w128,2038.0,log_mean,Tregs,115,110,0.16594414973113455,0.1090095095073435,totalvi_avail_w128
totalvi_avail_w128,2038.0,log_mean,cDC1s,62,110,0.3187005310416081,0.2876174346083117,totalvi_avail_w128
totalvi_avail_w128,2038.0,log_mean,cDC2s,65,110,0.2952483431497602,0.2753432376788419,totalvi_avail_w128
totalvi_avail_w128,2038.0,log_mean,pDCs,30,110,0.13354422465180163,0.1281227768353732,totalvi_avail_w128
totalvi_avail_w128,2038.0,pred_log,Activated CD4 T,38,110,0.1084364243154541,0.11194496733775314,totalvi_avail_w128
totalvi_avail_w128,2038.0,pred_log,B doublets,77,110,0.140698053497694,0.07676577855225905,totalvi_avail_w128
totalvi_avail_w128,2038.0,pred_log,B-CD4 T cell doublets,62,110,0.14432402302569214,0.13088840637159677,totalvi_avail_w128
totalvi_avail_w128,2038.0,pred_log,B-CD8 T cell doublets,50,110,0.11404306216824413,0.08635981064849615,totalvi_avail_w128
totalvi_avail_w128,2038.0,pred_log,B-macrophage doublets,74,110,0.2123678301558262,0.1715505197568055,totalvi_avail_w128
totalvi_avail_w128,2038.0,pred_log,B1 B,162,110,0.1621066695285411,0.0506734915616609,totalvi_avail_w128
totalvi_avail_w128,2038.0,pred_log,CD122+ CD8 T,258,110,0.10155709729416178,0.0483227515501621,totalvi_avail_w128
totalvi_avail_w128,2038.0,pred_log,CD4 T,1077,110,0.06509445310622365,0.019331542001747602,totalvi_avail_w128
totalvi_avail_w128,2038.0,pred_log,CD8 T,680,110,0.061827361514963985,0.02738546778253485,totalvi_avail_w128
totalvi_avail_w128,2038.0,pred_log,Cycling B/T cells,81,110,0.31977888751726047,0.2549476363991287,totalvi_avail_w128
totalvi_avail_w128,2038.0,pred_log,GD T,73,110,0.18149019076382011,0.1467042388739169,totalvi_avail_w128
totalvi_avail_w128,2038.0,pred_log,ICOS-high Tregs,91,110,0.15636831958412545,0.10589584953123765,totalvi_avail_w128
totalvi_avail_w128,2038.0,pred_log,Ifit3-high B,249,110,0.08078485708518968,0.052321125302137894,totalvi_avail_w128
totalvi_avail_w128,2038.0,pred_log,Ifit3-high CD4 T,132,110,0.05053145452730297,0.0204118045329984,totalvi_avail_w128
totalvi_avail_w128,2038.0,pred_log,Ifit3-high CD8 T,100,110,0.09588663199275134,0.07264178286557685,totalvi_avail_w128
totalvi_avail_w128,2038.0,pred_log,Low quality B cells,230,110,0.067665605356101,0.01493565252536835,totalvi_avail_w128
totalvi_avail_w128,2038.0,pred_log,Low quality T cells,67,110,0.0936239572153832,0.07695411301698904,totalvi_avail_w128
totalvi_avail_w128,2038.0,pred_log,Ly6-high mono,77,110,0.22643177746282053,0.18150079430224658,totalvi_avail_w128
totalvi_avail_w128,2038.0,pred_log,MZ B,205,110,0.15044384741263492,0.07687890686942575,totalvi_avail_w128
totalvi_avail_w128,2038.0,pred_log,MZ/Marco-high macrophages,36,110,0.22975679616739741,0.25769525305154406,totalvi_avail_w128
totalvi_avail_w128,2038.0,pred_log,Mature B,2408,110,0.09569032889050845,0.01804014660904065,totalvi_avail_w128
totalvi_avail_w128,2038.0,pred_log,NK,104,110,0.1847339302204638,0.16818539523985476,totalvi_avail_w128
totalvi_avail_w128,2038.0,pred_log,NKT,117,110,0.23230495865693856,0.19575584236906218,totalvi_avail_w128
totalvi_avail_w128,2038.0,pred_log,Neutrophils,112,110,0.1818958218302858,0.1525975966098279,totalvi_avail_w128
totalvi_avail_w128,2038.0,pred_log,Red-pulp macrophages,35,110,0.08757659881404986,0.10846770791395655,totalvi_avail_w128
totalvi_avail_w128,2038.0,pred_log,T doublets,55,110,0.14355335179548318,0.1040278610818965,totalvi_avail_w128
totalvi_avail_w128,2038.0,pred_log,Transitional B,580,110,0.12958234563726903,0.0335205739293936,totalvi_avail_w128
totalvi_avail_w128,2038.0,pred_log,Tregs,115,110,0.14510617006142645,0.0853838631757518,totalvi_avail_w128
totalvi_avail_w128,2038.0,pred_log,cDC1s,62,110,0.2781894107156638,0.23475991485084302,totalvi_avail_w128
totalvi_avail_w128,2038.0,pred_log,cDC2s,65,110,0.26229457631943803,0.21733591411434672,totalvi_avail_w128
totalvi_avail_w128,2038.0,pred_log,pDCs,30,110,0.11649324024505651,0.12552033872657553,totalvi_avail_w128
totalvi_avail_w128,2039.0,calibrated,Activated CD4 T,38,110,0.1339356794670673,0.1237937135070618,totalvi_avail_w128
totalvi_avail_w128,2039.0,calibrated,B doublets,77,110,0.1679292179872148,0.1020279438455984,totalvi_avail_w128
totalvi_avail_w128,2039.0,calibrated,B-CD4 T cell doublets,62,110,0.1782724511281018,0.17055125618663475,totalvi_avail_w128
totalvi_avail_w128,2039.0,calibrated,B-CD8 T cell doublets,50,110,0.12214250556552458,0.0911915902084937,totalvi_avail_w128
totalvi_avail_w128,2039.0,calibrated,B-macrophage doublets,74,110,0.22386484843495724,0.18473693941783914,totalvi_avail_w128
totalvi_avail_w128,2039.0,calibrated,B1 B,162,110,0.18982091181958355,0.09008742254635424,totalvi_avail_w128
totalvi_avail_w128,2039.0,calibrated,CD122+ CD8 T,258,110,0.11838626170700668,0.0476439199260767,totalvi_avail_w128
totalvi_avail_w128,2039.0,calibrated,CD4 T,1077,110,0.08559010957322136,0.02874112024736085,totalvi_avail_w128
totalvi_avail_w128,2039.0,calibrated,CD8 T,680,110,0.08725048651914627,0.03650592859317925,totalvi_avail_w128
totalvi_avail_w128,2039.0,calibrated,Cycling B/T cells,81,110,0.32410762354050643,0.2460807532218863,totalvi_avail_w128
totalvi_avail_w128,2039.0,calibrated,GD T,73,110,0.17652449952876012,0.16518808785495626,totalvi_avail_w128
totalvi_avail_w128,2039.0,calibrated,ICOS-high Tregs,91,110,0.2043016432197553,0.1509163403031799,totalvi_avail_w128
totalvi_avail_w128,2039.0,calibrated,Ifit3-high B,249,110,0.09009447446975956,0.03642642183158405,totalvi_avail_w128
totalvi_avail_w128,2039.0,calibrated,Ifit3-high CD4 T,132,110,0.06631035077804831,0.027919869309735702,totalvi_avail_w128
totalvi_avail_w128,2039.0,calibrated,Ifit3-high CD8 T,100,110,0.09552290161978229,0.07048484196629515,totalvi_avail_w128
totalvi_avail_w128,2039.0,calibrated,Low quality B cells,230,110,0.09382090579439822,0.05834065855619096,totalvi_avail_w128
totalvi_avail_w128,2039.0,calibrated,Low quality T cells,67,110,0.10369392079550413,0.07619100393674474,totalvi_avail_w128
totalvi_avail_w128,2039.0,calibrated,Ly6-high mono,77,110,0.2179354595831766,0.18118447832440615,totalvi_avail_w128
totalvi_avail_w128,2039.0,calibrated,MZ B,205,110,0.18622729174237804,0.10360401171213005,totalvi_avail_w128
totalvi_avail_w128,2039.0,calibrated,MZ/Marco-high macrophages,36,110,0.2320870344541972,0.24117383684764443,totalvi_avail_w128
totalvi_avail_w128,2039.0,calibrated,Mature B,2408,110,0.11831092620860616,0.0354910519309877,totalvi_avail_w128
totalvi_avail_w128,2039.0,calibrated,NK,104,110,0.20198280688742032,0.20191593293179094,totalvi_avail_w128
totalvi_avail_w128,2039.0,calibrated,NKT,117,110,0.2957049828384452,0.2864999004356994,totalvi_avail_w128
totalvi_avail_w128,2039.0,calibrated,Neutrophils,112,110,0.19813760122841292,0.16852248123785307,totalvi_avail_w128
totalvi_avail_w128,2039.0,calibrated,Red-pulp macrophages,35,110,0.08744372302394862,0.0808798701415141,totalvi_avail_w128
totalvi_avail_w128,2039.0,calibrated,T doublets,55,110,0.1572840407260694,0.0947186492808301,totalvi_avail_w128
totalvi_avail_w128,2039.0,calibrated,Transitional B,580,110,0.13799531345974914,0.027698550203961753,totalvi_avail_w128
totalvi_avail_w128,2039.0,calibrated,Tregs,115,110,0.16162598367113512,0.10085762836073435,totalvi_avail_w128
totalvi_avail_w128,2039.0,calibrated,cDC1s,62,110,0.2878047169254756,0.27027871865063,totalvi_avail_w128
totalvi_avail_w128,2039.0,calibrated,cDC2s,65,110,0.2738904869260946,0.273198498559177,totalvi_avail_w128
totalvi_avail_w128,2039.0,calibrated,pDCs,30,110,0.1108144420180213,0.11658858514205815,totalvi_avail_w128
totalvi_avail_w128,2039.0,log_mean,Activated CD4 T,38,110,0.1339356794670673,0.1237937135070618,totalvi_avail_w128
totalvi_avail_w128,2039.0,log_mean,B doublets,77,110,0.1679292179872148,0.1020279438455984,totalvi_avail_w128
totalvi_avail_w128,2039.0,log_mean,B-CD4 T cell doublets,62,110,0.1782724511281018,0.17055125618663475,totalvi_avail_w128
totalvi_avail_w128,2039.0,log_mean,B-CD8 T cell doublets,50,110,0.12214250556552458,0.0911915902084937,totalvi_avail_w128
totalvi_avail_w128,2039.0,log_mean,B-macrophage doublets,74,110,0.22386484843495724,0.18473693941783914,totalvi_avail_w128
totalvi_avail_w128,2039.0,log_mean,B1 B,162,110,0.18982091181958355,0.09008742254635424,totalvi_avail_w128
totalvi_avail_w128,2039.0,log_mean,CD122+ CD8 T,258,110,0.11838626170700668,0.0476439199260767,totalvi_avail_w128
totalvi_avail_w128,2039.0,log_mean,CD4 T,1077,110,0.08559010957322136,0.02874112024736085,totalvi_avail_w128
totalvi_avail_w128,2039.0,log_mean,CD8 T,680,110,0.08725048651914627,0.03650592859317925,totalvi_avail_w128
totalvi_avail_w128,2039.0,log_mean,Cycling B/T cells,81,110,0.32410762354050643,0.2460807532218863,totalvi_avail_w128
totalvi_avail_w128,2039.0,log_mean,GD T,73,110,0.17652449952876012,0.16518808785495626,totalvi_avail_w128
totalvi_avail_w128,2039.0,log_mean,ICOS-high Tregs,91,110,0.2043016432197553,0.1509163403031799,totalvi_avail_w128
totalvi_avail_w128,2039.0,log_mean,Ifit3-high B,249,110,0.09009447446975956,0.03642642183158405,totalvi_avail_w128
totalvi_avail_w128,2039.0,log_mean,Ifit3-high CD4 T,132,110,0.06631035077804831,0.027919869309735702,totalvi_avail_w128
totalvi_avail_w128,2039.0,log_mean,Ifit3-high CD8 T,100,110,0.09552290161978229,0.07048484196629515,totalvi_avail_w128
totalvi_avail_w128,2039.0,log_mean,Low quality B cells,230,110,0.09382090579439822,0.05834065855619096,totalvi_avail_w128
totalvi_avail_w128,2039.0,log_mean,Low quality T cells,67,110,0.10369392079550413,0.07619100393674474,totalvi_avail_w128
totalvi_avail_w128,2039.0,log_mean,Ly6-high mono,77,110,0.2179354595831766,0.18118447832440615,totalvi_avail_w128
totalvi_avail_w128,2039.0,log_mean,MZ B,205,110,0.18622729174237804,0.10360401171213005,totalvi_avail_w128
totalvi_avail_w128,2039.0,log_mean,MZ/Marco-high macrophages,36,110,0.2320870344541972,0.24117383684764443,totalvi_avail_w128
totalvi_avail_w128,2039.0,log_mean,Mature B,2408,110,0.11831092620860616,0.0354910519309877,totalvi_avail_w128
totalvi_avail_w128,2039.0,log_mean,NK,104,110,0.20198280688742032,0.20191593293179094,totalvi_avail_w128
totalvi_avail_w128,2039.0,log_mean,NKT,117,110,0.2957049828384452,0.2864999004356994,totalvi_avail_w128
totalvi_avail_w128,2039.0,log_mean,Neutrophils,112,110,0.19813760122841292,0.16852248123785307,totalvi_avail_w128
totalvi_avail_w128,2039.0,log_mean,Red-pulp macrophages,35,110,0.08744372302394862,0.0808798701415141,totalvi_avail_w128
totalvi_avail_w128,2039.0,log_mean,T doublets,55,110,0.1572840407260694,0.0947186492808301,totalvi_avail_w128
totalvi_avail_w128,2039.0,log_mean,Transitional B,580,110,0.13799531345974914,0.027698550203961753,totalvi_avail_w128
totalvi_avail_w128,2039.0,log_mean,Tregs,115,110,0.16162598367113512,0.10085762836073435,totalvi_avail_w128
totalvi_avail_w128,2039.0,log_mean,cDC1s,62,110,0.2878047169254756,0.27027871865063,totalvi_avail_w128
totalvi_avail_w128,2039.0,log_mean,cDC2s,65,110,0.2738904869260946,0.273198498559177,totalvi_avail_w128
totalvi_avail_w128,2039.0,log_mean,pDCs,30,110,0.1108144420180213,0.11658858514205815,totalvi_avail_w128
totalvi_avail_w128,2039.0,pred_log,Activated CD4 T,38,110,0.08725982243487797,0.07586653201870139,totalvi_avail_w128
totalvi_avail_w128,2039.0,pred_log,B doublets,77,110,0.14817397920432204,0.0981574027155068,totalvi_avail_w128
totalvi_avail_w128,2039.0,pred_log,B-CD4 T cell doublets,62,110,0.1685188988827872,0.14233325231177402,totalvi_avail_w128
totalvi_avail_w128,2039.0,pred_log,B-CD8 T cell doublets,50,110,0.09908005927520622,0.0581712140716693,totalvi_avail_w128
totalvi_avail_w128,2039.0,pred_log,B-macrophage doublets,74,110,0.21577205029111057,0.19094417197875024,totalvi_avail_w128
totalvi_avail_w128,2039.0,pred_log,B1 B,162,110,0.16528514024420446,0.05876384295239655,totalvi_avail_w128
totalvi_avail_w128,2039.0,pred_log,CD122+ CD8 T,258,110,0.10357654961091191,0.05851332017205385,totalvi_avail_w128
totalvi_avail_w128,2039.0,pred_log,CD4 T,1077,110,0.06292812176144136,0.01751185004665025,totalvi_avail_w128
totalvi_avail_w128,2039.0,pred_log,CD8 T,680,110,0.0683083969074146,0.0362828889067687,totalvi_avail_w128
totalvi_avail_w128,2039.0,pred_log,Cycling B/T cells,81,110,0.29896104207491675,0.21850679466323758,totalvi_avail_w128
totalvi_avail_w128,2039.0,pred_log,GD T,73,110,0.15104101016927415,0.11595049851269434,totalvi_avail_w128
totalvi_avail_w128,2039.0,pred_log,ICOS-high Tregs,91,110,0.17442092192146413,0.1315518791187713,totalvi_avail_w128
totalvi_avail_w128,2039.0,pred_log,Ifit3-high B,249,110,0.06986477507045134,0.037916192330014795,totalvi_avail_w128
totalvi_avail_w128,2039.0,pred_log,Ifit3-high CD4 T,132,110,0.049148089387162315,0.040937825145940104,totalvi_avail_w128
totalvi_avail_w128,2039.0,pred_log,Ifit3-high CD8 T,100,110,0.07184268909715219,0.0525302404356396,totalvi_avail_w128
totalvi_avail_w128,2039.0,pred_log,Low quality B cells,230,110,0.08548279782052823,0.04248024512961435,totalvi_avail_w128
totalvi_avail_w128,2039.0,pred_log,Low quality T cells,67,110,0.08232761431157795,0.0442923631985098,totalvi_avail_w128
totalvi_avail_w128,2039.0,pred_log,Ly6-high mono,77,110,0.1927329262145934,0.1591026840969753,totalvi_avail_w128
totalvi_avail_w128,2039.0,pred_log,MZ B,205,110,0.15264696717028967,0.055787569483261745,totalvi_avail_w128
totalvi_avail_w128,2039.0,pred_log,MZ/Marco-high macrophages,36,110,0.21362485124593955,0.23208368382889932,totalvi_avail_w128
totalvi_avail_w128,2039.0,pred_log,Mature B,2408,110,0.0936097760082987,0.019562063710795,totalvi_avail_w128
totalvi_avail_w128,2039.0,pred_log,NK,104,110,0.17165287990982508,0.15882946355972322,totalvi_avail_w128
totalvi_avail_w128,2039.0,pred_log,NKT,117,110,0.24544759752101694,0.1978860988080448,totalvi_avail_w128
totalvi_avail_w128,2039.0,pred_log,Neutrophils,112,110,0.17229823617575632,0.1706083110900383,totalvi_avail_w128
totalvi_avail_w128,2039.0,pred_log,Red-pulp macrophages,35,110,0.09217167520078001,0.08546881732669365,totalvi_avail_w128
totalvi_avail_w128,2039.0,pred_log,T doublets,55,110,0.1339067099844455,0.08564443931997684,totalvi_avail_w128
totalvi_avail_w128,2039.0,pred_log,Transitional B,580,110,0.12434869943710194,0.02023242805332645,totalvi_avail_w128
totalvi_avail_w128,2039.0,pred_log,Tregs,115,110,0.13373038825914754,0.06461990249014715,totalvi_avail_w128
totalvi_avail_w128,2039.0,pred_log,cDC1s,62,110,0.27401587743250777,0.22663230611171348,totalvi_avail_w128
totalvi_avail_w128,2039.0,pred_log,cDC2s,65,110,0.23736834555737804,0.2312733542643032,totalvi_avail_w128
totalvi_avail_w128,2039.0,pred_log,pDCs,30,110,0.07753479218384184,0.06250953253872035,totalvi_avail_w128
totalvi_avail_w128,2040.0,calibrated,Activated CD4 T,38,110,0.1343298361522431,0.1135412066571416,totalvi_avail_w128
totalvi_avail_w128,2040.0,calibrated,B doublets,77,110,0.16033647927491515,0.0967863209246038,totalvi_avail_w128
totalvi_avail_w128,2040.0,calibrated,B-CD4 T cell doublets,62,110,0.173029975540468,0.1529332110492234,totalvi_avail_w128
totalvi_avail_w128,2040.0,calibrated,B-CD8 T cell doublets,50,110,0.1263268597887067,0.1240808337208679,totalvi_avail_w128
totalvi_avail_w128,2040.0,calibrated,B-macrophage doublets,74,110,0.21493145992408486,0.16621494785379037,totalvi_avail_w128
totalvi_avail_w128,2040.0,calibrated,B1 B,162,110,0.19362207664518827,0.07540754737003899,totalvi_avail_w128
totalvi_avail_w128,2040.0,calibrated,CD122+ CD8 T,258,110,0.12202601476034163,0.0627143942119371,totalvi_avail_w128
totalvi_avail_w128,2040.0,calibrated,CD4 T,1077,110,0.09018607072199919,0.0333690522366933,totalvi_avail_w128
totalvi_avail_w128,2040.0,calibrated,CD8 T,680,110,0.08621607823428894,0.0366027589448012,totalvi_avail_w128
totalvi_avail_w128,2040.0,calibrated,Cycling B/T cells,81,110,0.3212978231876233,0.24060724754204166,totalvi_avail_w128
totalvi_avail_w128,2040.0,calibrated,GD T,73,110,0.21015719258778837,0.18901201939362325,totalvi_avail_w128
totalvi_avail_w128,2040.0,calibrated,ICOS-high Tregs,91,110,0.17398052637231157,0.12308771937540025,totalvi_avail_w128
totalvi_avail_w128,2040.0,calibrated,Ifit3-high B,249,110,0.09261451909741787,0.05184827586992205,totalvi_avail_w128
totalvi_avail_w128,2040.0,calibrated,Ifit3-high CD4 T,132,110,0.06776644064300143,0.0353842323799695,totalvi_avail_w128
totalvi_avail_w128,2040.0,calibrated,Ifit3-high CD8 T,100,110,0.1176539562415292,0.10315603152962466,totalvi_avail_w128
totalvi_avail_w128,2040.0,calibrated,Low quality B cells,230,110,0.10975611756651177,0.05343769986152675,totalvi_avail_w128
totalvi_avail_w128,2040.0,calibrated,Low quality T cells,67,110,0.10531554048652116,0.0699808675176867,totalvi_avail_w128
totalvi_avail_w128,2040.0,calibrated,Ly6-high mono,77,110,0.2515223432911014,0.20263001153271287,totalvi_avail_w128
totalvi_avail_w128,2040.0,calibrated,MZ B,205,110,0.17582932348056762,0.08375840533940884,totalvi_avail_w128
totalvi_avail_w128,2040.0,calibrated,MZ/Marco-high macrophages,36,110,0.23663237789215666,0.26580114157719564,totalvi_avail_w128
totalvi_avail_w128,2040.0,calibrated,Mature B,2408,110,0.12040954692392802,0.0403318869162742,totalvi_avail_w128
totalvi_avail_w128,2040.0,calibrated,NK,104,110,0.2158504922652773,0.2028425242702667,totalvi_avail_w128
totalvi_avail_w128,2040.0,calibrated,NKT,117,110,0.27748785217877986,0.2540954631626987,totalvi_avail_w128
totalvi_avail_w128,2040.0,calibrated,Neutrophils,112,110,0.1904691603889778,0.18017031331476605,totalvi_avail_w128
totalvi_avail_w128,2040.0,calibrated,Red-pulp macrophages,35,110,0.020385110763332485,0.03658376145826865,totalvi_avail_w128
totalvi_avail_w128,2040.0,calibrated,T doublets,55,110,0.16756777682673143,0.1203761002338188,totalvi_avail_w128
totalvi_avail_w128,2040.0,calibrated,Transitional B,580,110,0.14216189275398985,0.034744636382661745,totalvi_avail_w128
totalvi_avail_w128,2040.0,calibrated,Tregs,115,110,0.15432035275523132,0.10770931242213319,totalvi_avail_w128
totalvi_avail_w128,2040.0,calibrated,cDC1s,62,110,0.2953719956492638,0.26110371670192806,totalvi_avail_w128
totalvi_avail_w128,2040.0,calibrated,cDC2s,65,110,0.27569624426660555,0.274928867125799,totalvi_avail_w128
totalvi_avail_w128,2040.0,calibrated,pDCs,30,110,0.11222071897488298,0.12695547688833395,totalvi_avail_w128
totalvi_avail_w128,2040.0,log_mean,Activated CD4 T,38,110,0.1343298361522431,0.1135412066571416,totalvi_avail_w128
totalvi_avail_w128,2040.0,log_mean,B doublets,77,110,0.16033647927491515,0.0967863209246038,totalvi_avail_w128
totalvi_avail_w128,2040.0,log_mean,B-CD4 T cell doublets,62,110,0.173029975540468,0.1529332110492234,totalvi_avail_w128
totalvi_avail_w128,2040.0,log_mean,B-CD8 T cell doublets,50,110,0.1263268597887067,0.1240808337208679,totalvi_avail_w128
totalvi_avail_w128,2040.0,log_mean,B-macrophage doublets,74,110,0.21493145992408486,0.16621494785379037,totalvi_avail_w128
totalvi_avail_w128,2040.0,log_mean,B1 B,162,110,0.19362207664518827,0.07540754737003899,totalvi_avail_w128
totalvi_avail_w128,2040.0,log_mean,CD122+ CD8 T,258,110,0.12202601476034163,0.0627143942119371,totalvi_avail_w128
totalvi_avail_w128,2040.0,log_mean,CD4 T,1077,110,0.09018607072199919,0.0333690522366933,totalvi_avail_w128
totalvi_avail_w128,2040.0,log_mean,CD8 T,680,110,0.08621607823428894,0.0366027589448012,totalvi_avail_w128
totalvi_avail_w128,2040.0,log_mean,Cycling B/T cells,81,110,0.3212978231876233,0.24060724754204166,totalvi_avail_w128
totalvi_avail_w128,2040.0,log_mean,GD T,73,110,0.21015719258778837,0.18901201939362325,totalvi_avail_w128
totalvi_avail_w128,2040.0,log_mean,ICOS-high Tregs,91,110,0.17398052637231157,0.12308771937540025,totalvi_avail_w128
totalvi_avail_w128,2040.0,log_mean,Ifit3-high B,249,110,0.09261451909741787,0.05184827586992205,totalvi_avail_w128
totalvi_avail_w128,2040.0,log_mean,Ifit3-high CD4 T,132,110,0.06776644064300143,0.0353842323799695,totalvi_avail_w128
totalvi_avail_w128,2040.0,log_mean,Ifit3-high CD8 T,100,110,0.1176539562415292,0.10315603152962466,totalvi_avail_w128
totalvi_avail_w128,2040.0,log_mean,Low quality B cells,230,110,0.10975611756651177,0.05343769986152675,totalvi_avail_w128
totalvi_avail_w128,2040.0,log_mean,Low quality T cells,67,110,0.10531554048652116,0.0699808675176867,totalvi_avail_w128
totalvi_avail_w128,2040.0,log_mean,Ly6-high mono,77,110,0.2515223432911014,0.20263001153271287,totalvi_avail_w128
totalvi_avail_w128,2040.0,log_mean,MZ B,205,110,0.17582932348056762,0.08375840533940884,totalvi_avail_w128
totalvi_avail_w128,2040.0,log_mean,MZ/Marco-high macrophages,36,110,0.23663237789215666,0.26580114157719564,totalvi_avail_w128
totalvi_avail_w128,2040.0,log_mean,Mature B,2408,110,0.12040954692392802,0.0403318869162742,totalvi_avail_w128
totalvi_avail_w128,2040.0,log_mean,NK,104,110,0.2158504922652773,0.2028425242702667,totalvi_avail_w128
totalvi_avail_w128,2040.0,log_mean,NKT,117,110,0.27748785217877986,0.2540954631626987,totalvi_avail_w128
totalvi_avail_w128,2040.0,log_mean,Neutrophils,112,110,0.1904691603889778,0.18017031331476605,totalvi_avail_w128
totalvi_avail_w128,2040.0,log_mean,Red-pulp macrophages,35,110,0.020385110763332485,0.03658376145826865,totalvi_avail_w128
totalvi_avail_w128,2040.0,log_mean,T doublets,55,110,0.16756777682673143,0.1203761002338188,totalvi_avail_w128
totalvi_avail_w128,2040.0,log_mean,Transitional B,580,110,0.14216189275398985,0.034744636382661745,totalvi_avail_w128
totalvi_avail_w128,2040.0,log_mean,Tregs,115,110,0.15432035275523132,0.10770931242213319,totalvi_avail_w128
totalvi_avail_w128,2040.0,log_mean,cDC1s,62,110,0.2953719956492638,0.26110371670192806,totalvi_avail_w128
totalvi_avail_w128,2040.0,log_mean,cDC2s,65,110,0.27569624426660555,0.274928867125799,totalvi_avail_w128
totalvi_avail_w128,2040.0,log_mean,pDCs,30,110,0.11222071897488298,0.12695547688833395,totalvi_avail_w128
totalvi_avail_w128,2040.0,pred_log,Activated CD4 T,38,110,0.09275538193057012,0.062236012836346846,totalvi_avail_w128
totalvi_avail_w128,2040.0,pred_log,B doublets,77,110,0.1361224775678232,0.0769486896599973,totalvi_avail_w128
totalvi_avail_w128,2040.0,pred_log,B-CD4 T cell doublets,62,110,0.1484455377927911,0.1312733820411675,totalvi_avail_w128
totalvi_avail_w128,2040.0,pred_log,B-CD8 T cell doublets,50,110,0.10769876383457776,0.07130861703088506,totalvi_avail_w128
totalvi_avail_w128,2040.0,pred_log,B-macrophage doublets,74,110,0.20638024237750385,0.17265502597957583,totalvi_avail_w128
totalvi_avail_w128,2040.0,pred_log,B1 B,162,110,0.17380362137429772,0.0707032352485914,totalvi_avail_w128
totalvi_avail_w128,2040.0,pred_log,CD122+ CD8 T,258,110,0.09537624531543935,0.0418378221612104,totalvi_avail_w128
totalvi_avail_w128,2040.0,pred_log,CD4 T,1077,110,0.06553187081753839,0.02025410155471785,totalvi_avail_w128
totalvi_avail_w128,2040.0,pred_log,CD8 T,680,110,0.06925475313157055,0.02872630414713015,totalvi_avail_w128
totalvi_avail_w128,2040.0,pred_log,Cycling B/T cells,81,110,0.304527623572895,0.23068125220827496,totalvi_avail_w128
totalvi_avail_w128,2040.0,pred_log,GD T,73,110,0.1787060087175896,0.14548706164457584,totalvi_avail_w128
totalvi_avail_w128,2040.0,pred_log,ICOS-high Tregs,91,110,0.1736606733647113,0.12426945920036855,totalvi_avail_w128
totalvi_avail_w128,2040.0,pred_log,Ifit3-high B,249,110,0.07342877995271596,0.030999425264491752,totalvi_avail_w128
totalvi_avail_w128,2040.0,pred_log,Ifit3-high CD4 T,132,110,0.06122578653703637,0.046884612945830004,totalvi_avail_w128
totalvi_avail_w128,2040.0,pred_log,Ifit3-high CD8 T,100,110,0.09813796153369632,0.0757114331024962,totalvi_avail_w128
totalvi_avail_w128,2040.0,pred_log,Low quality B cells,230,110,0.08764860807777593,0.0461150456100535,totalvi_avail_w128
totalvi_avail_w128,2040.0,pred_log,Low quality T cells,67,110,0.08199333346068746,0.0588918590375066,totalvi_avail_w128
totalvi_avail_w128,2040.0,pred_log,Ly6-high mono,77,110,0.2230414194516462,0.1979870938343218,totalvi_avail_w128
totalvi_avail_w128,2040.0,pred_log,MZ B,205,110,0.15292354867876562,0.0794014032759024,totalvi_avail_w128
totalvi_avail_w128,2040.0,pred_log,MZ/Marco-high macrophages,36,110,0.21101023316183423,0.20966717933950474,totalvi_avail_w128
totalvi_avail_w128,2040.0,pred_log,Mature B,2408,110,0.0926930537708865,0.015064237546079249,totalvi_avail_w128
totalvi_avail_w128,2040.0,pred_log,NK,104,110,0.1943829953396502,0.18753334390571835,totalvi_avail_w128
totalvi_avail_w128,2040.0,pred_log,NKT,117,110,0.2282475243458501,0.1480672771499793,totalvi_avail_w128
totalvi_avail_w128,2040.0,pred_log,Neutrophils,112,110,0.17264113478988555,0.14367255072949545,totalvi_avail_w128
totalvi_avail_w128,2040.0,pred_log,Red-pulp macrophages,35,110,0.02602394723263186,0.05045254374484775,totalvi_avail_w128
totalvi_avail_w128,2040.0,pred_log,T doublets,55,110,0.14454369225377317,0.11599638844979435,totalvi_avail_w128
totalvi_avail_w128,2040.0,pred_log,Transitional B,580,110,0.11883218364218423,0.02070324594548515,totalvi_avail_w128
totalvi_avail_w128,2040.0,pred_log,Tregs,115,110,0.1176180866074649,0.0480073342650938,totalvi_avail_w128
totalvi_avail_w128,2040.0,pred_log,cDC1s,62,110,0.2700724904079677,0.2649055074539811,totalvi_avail_w128
totalvi_avail_w128,2040.0,pred_log,cDC2s,65,110,0.2307065205126824,0.20647100996958095,totalvi_avail_w128
totalvi_avail_w128,2040.0,pred_log,pDCs,30,110,0.09667342248318678,0.10762918191507735,totalvi_avail_w128
totalvi_avail_w128,2041.0,calibrated,Activated CD4 T,38,110,0.13525135707127195,0.12455053876177545,totalvi_avail_w128
totalvi_avail_w128,2041.0,calibrated,B doublets,77,110,0.16862487082145383,0.1034686137053665,totalvi_avail_w128
totalvi_avail_w128,2041.0,calibrated,B-CD4 T cell doublets,62,110,0.1739436560414648,0.15842558232142506,totalvi_avail_w128
totalvi_avail_w128,2041.0,calibrated,B-CD8 T cell doublets,50,110,0.12988844685703302,0.0899688572672232,totalvi_avail_w128
totalvi_avail_w128,2041.0,calibrated,B-macrophage doublets,74,110,0.2158248679020761,0.17659150351461544,totalvi_avail_w128
totalvi_avail_w128,2041.0,calibrated,B1 B,162,110,0.18953011058780933,0.07780717968972856,totalvi_avail_w128
totalvi_avail_w128,2041.0,calibrated,CD122+ CD8 T,258,110,0.12300748790537884,0.06688992231340346,totalvi_avail_w128
totalvi_avail_w128,2041.0,calibrated,CD4 T,1077,110,0.08784623751032701,0.02958153857873875,totalvi_avail_w128
totalvi_avail_w128,2041.0,calibrated,CD8 T,680,110,0.08569241097534275,0.03623993265810015,totalvi_avail_w128
totalvi_avail_w128,2041.0,calibrated,Cycling B/T cells,81,110,0.3192805993757885,0.24800740492051204,totalvi_avail_w128
totalvi_avail_w128,2041.0,calibrated,GD T,73,110,0.18741767503090126,0.15596016561792986,totalvi_avail_w128
totalvi_avail_w128,2041.0,calibrated,ICOS-high Tregs,91,110,0.2040757536217347,0.160678580878611,totalvi_avail_w128
totalvi_avail_w128,2041.0,calibrated,Ifit3-high B,249,110,0.09311731736889076,0.04939565006042575,totalvi_avail_w128
totalvi_avail_w128,2041.0,calibrated,Ifit3-high CD4 T,132,110,0.07367238717046255,0.04051313086358385,totalvi_avail_w128
totalvi_avail_w128,2041.0,calibrated,Ifit3-high CD8 T,100,110,0.10864507502207733,0.0912461210128184,totalvi_avail_w128
totalvi_avail_w128,2041.0,calibrated,Low quality B cells,230,110,0.1034545987703778,0.0655331145821588,totalvi_avail_w128
totalvi_avail_w128,2041.0,calibrated,Low quality T cells,67,110,0.12274844518714297,0.0787877567115587,totalvi_avail_w128
totalvi_avail_w128,2041.0,calibrated,Ly6-high mono,77,110,0.2587698658831775,0.20435007043132908,totalvi_avail_w128
totalvi_avail_w128,2041.0,calibrated,MZ B,205,110,0.17641305306711594,0.08232039416420389,totalvi_avail_w128
totalvi_avail_w128,2041.0,calibrated,MZ/Marco-high macrophages,36,110,0.23267209338942133,0.2278021604194616,totalvi_avail_w128
totalvi_avail_w128,2041.0,calibrated,Mature B,2408,110,0.1214935673666476,0.036918815234386546,totalvi_avail_w128
totalvi_avail_w128,2041.0,calibrated,NK,104,110,0.21282959378581387,0.20903642481010853,totalvi_avail_w128
totalvi_avail_w128,2041.0,calibrated,NKT,117,110,0.28567186624078256,0.2593848238072257,totalvi_avail_w128
totalvi_avail_w128,2041.0,calibrated,Neutrophils,112,110,0.20571343034985629,0.1976581737390372,totalvi_avail_w128
totalvi_avail_w128,2041.0,calibrated,Red-pulp macrophages,35,110,0.05834260541605932,0.053102730931142095,totalvi_avail_w128
totalvi_avail_w128,2041.0,calibrated,T doublets,55,110,0.1671885260183677,0.1037373388477178,totalvi_avail_w128
totalvi_avail_w128,2041.0,calibrated,Transitional B,580,110,0.14600036338611705,0.0379293725243487,totalvi_avail_w128
totalvi_avail_w128,2041.0,calibrated,Tregs,115,110,0.16067397781089665,0.1250893594394015,totalvi_avail_w128
totalvi_avail_w128,2041.0,calibrated,cDC1s,62,110,0.2865085365209515,0.2307867836860977,totalvi_avail_w128
totalvi_avail_w128,2041.0,calibrated,cDC2s,65,110,0.2806924916378773,0.2938382969946667,totalvi_avail_w128
totalvi_avail_w128,2041.0,calibrated,pDCs,30,110,0.1582447425367365,0.1600649920695112,totalvi_avail_w128
totalvi_avail_w128,2041.0,log_mean,Activated CD4 T,38,110,0.13525135707127195,0.12455053876177545,totalvi_avail_w128
totalvi_avail_w128,2041.0,log_mean,B doublets,77,110,0.16862487082145383,0.1034686137053665,totalvi_avail_w128
totalvi_avail_w128,2041.0,log_mean,B-CD4 T cell doublets,62,110,0.1739436560414648,0.15842558232142506,totalvi_avail_w128
totalvi_avail_w128,2041.0,log_mean,B-CD8 T cell doublets,50,110,0.12988844685703302,0.0899688572672232,totalvi_avail_w128
totalvi_avail_w128,2041.0,log_mean,B-macrophage doublets,74,110,0.2158248679020761,0.17659150351461544,totalvi_avail_w128
totalvi_avail_w128,2041.0,log_mean,B1 B,162,110,0.18953011058780933,0.07780717968972856,totalvi_avail_w128
totalvi_avail_w128,2041.0,log_mean,CD122+ CD8 T,258,110,0.12300748790537884,0.06688992231340346,totalvi_avail_w128
totalvi_avail_w128,2041.0,log_mean,CD4 T,1077,110,0.08784623751032701,0.02958153857873875,totalvi_avail_w128
totalvi_avail_w128,2041.0,log_mean,CD8 T,680,110,0.08569241097534275,0.03623993265810015,totalvi_avail_w128
totalvi_avail_w128,2041.0,log_mean,Cycling B/T cells,81,110,0.3192805993757885,0.24800740492051204,totalvi_avail_w128
totalvi_avail_w128,2041.0,log_mean,GD T,73,110,0.18741767503090126,0.15596016561792986,totalvi_avail_w128
totalvi_avail_w128,2041.0,log_mean,ICOS-high Tregs,91,110,0.2040757536217347,0.160678580878611,totalvi_avail_w128
totalvi_avail_w128,2041.0,log_mean,Ifit3-high B,249,110,0.09311731736889076,0.04939565006042575,totalvi_avail_w128
totalvi_avail_w128,2041.0,log_mean,Ifit3-high CD4 T,132,110,0.07367238717046255,0.04051313086358385,totalvi_avail_w128
totalvi_avail_w128,2041.0,log_mean,Ifit3-high CD8 T,100,110,0.10864507502207733,0.0912461210128184,totalvi_avail_w128
totalvi_avail_w128,2041.0,log_mean,Low quality B cells,230,110,0.1034545987703778,0.0655331145821588,totalvi_avail_w128
totalvi_avail_w128,2041.0,log_mean,Low quality T cells,67,110,0.12274844518714297,0.0787877567115587,totalvi_avail_w128
totalvi_avail_w128,2041.0,log_mean,Ly6-high mono,77,110,0.2587698658831775,0.20435007043132908,totalvi_avail_w128
totalvi_avail_w128,2041.0,log_mean,MZ B,205,110,0.17641305306711594,0.08232039416420389,totalvi_avail_w128
totalvi_avail_w128,2041.0,log_mean,MZ/Marco-high macrophages,36,110,0.23267209338942133,0.2278021604194616,totalvi_avail_w128
totalvi_avail_w128,2041.0,log_mean,Mature B,2408,110,0.12149356897029498,0.036918815234386546,totalvi_avail_w128
totalvi_avail_w128,2041.0,log_mean,NK,104,110,0.21282959378581387,0.20903642481010853,totalvi_avail_w128
totalvi_avail_w128,2041.0,log_mean,NKT,117,110,0.28567186624078256,0.2593848238072257,totalvi_avail_w128
totalvi_avail_w128,2041.0,log_mean,Neutrophils,112,110,0.20571343034985629,0.1976581737390372,totalvi_avail_w128
totalvi_avail_w128,2041.0,log_mean,Red-pulp macrophages,35,110,0.05834260541605932,0.053102730931142095,totalvi_avail_w128
totalvi_avail_w128,2041.0,log_mean,T doublets,55,110,0.1671885260183677,0.1037373388477178,totalvi_avail_w128
totalvi_avail_w128,2041.0,log_mean,Transitional B,580,110,0.14600036338611705,0.0379293725243487,totalvi_avail_w128
totalvi_avail_w128,2041.0,log_mean,Tregs,115,110,0.16067397781089665,0.1250893594394015,totalvi_avail_w128
totalvi_avail_w128,2041.0,log_mean,cDC1s,62,110,0.2865085365209515,0.2307867836860977,totalvi_avail_w128
totalvi_avail_w128,2041.0,log_mean,cDC2s,65,110,0.2806924916378773,0.2938382969946667,totalvi_avail_w128
totalvi_avail_w128,2041.0,log_mean,pDCs,30,110,0.1582447425367365,0.1600649920695112,totalvi_avail_w128
totalvi_avail_w128,2041.0,pred_log,Activated CD4 T,38,110,0.07809402986224319,0.07779164472105335,totalvi_avail_w128
totalvi_avail_w128,2041.0,pred_log,B doublets,77,110,0.14925237351317674,0.0940215552386254,totalvi_avail_w128
totalvi_avail_w128,2041.0,pred_log,B-CD4 T cell doublets,62,110,0.1440721919507007,0.11664881477116905,totalvi_avail_w128
totalvi_avail_w128,2041.0,pred_log,B-CD8 T cell doublets,50,110,0.10955251893573674,0.08221607679031609,totalvi_avail_w128
totalvi_avail_w128,2041.0,pred_log,B-macrophage doublets,74,110,0.21797964802544118,0.17839423860441633,totalvi_avail_w128
totalvi_avail_w128,2041.0,pred_log,B1 B,162,110,0.16716981635806508,0.054782634238454905,totalvi_avail_w128
totalvi_avail_w128,2041.0,pred_log,CD122+ CD8 T,258,110,0.09548890752845297,0.03391595714250615,totalvi_avail_w128
totalvi_avail_w128,2041.0,pred_log,CD4 T,1077,110,0.0699374383016403,0.019873423337777398,totalvi_avail_w128
totalvi_avail_w128,2041.0,pred_log,CD8 T,680,110,0.06514440016111739,0.0253099606634037,totalvi_avail_w128
totalvi_avail_w128,2041.0,pred_log,Cycling B/T cells,81,110,0.3248339209268727,0.21552938445569264,totalvi_avail_w128
totalvi_avail_w128,2041.0,pred_log,GD T,73,110,0.1509723967857611,0.11312935711929785,totalvi_avail_w128
totalvi_avail_w128,2041.0,pred_log,ICOS-high Tregs,91,110,0.16415016293962495,0.1230008900755977,totalvi_avail_w128
totalvi_avail_w128,2041.0,pred_log,Ifit3-high B,249,110,0.0697971592328939,0.031097449952752952,totalvi_avail_w128
totalvi_avail_w128,2041.0,pred_log,Ifit3-high CD4 T,132,110,0.061239294931020934,0.052580233520077596,totalvi_avail_w128
totalvi_avail_w128,2041.0,pred_log,Ifit3-high CD8 T,100,110,0.08633480901012659,0.071640479003163,totalvi_avail_w128
totalvi_avail_w128,2041.0,pred_log,Low quality B cells,230,110,0.08502996333219391,0.0489213929531737,totalvi_avail_w128
totalvi_avail_w128,2041.0,pred_log,Low quality T cells,67,110,0.09460419090921454,0.05844354564009545,totalvi_avail_w128
totalvi_avail_w128,2041.0,pred_log,Ly6-high mono,77,110,0.2316175539745594,0.17243247180537824,totalvi_avail_w128
totalvi_avail_w128,2041.0,pred_log,MZ B,205,110,0.14833121307007385,0.05588154461991285,totalvi_avail_w128
totalvi_avail_w128,2041.0,pred_log,MZ/Marco-high macrophages,36,110,0.22092917540033885,0.23843349002477854,totalvi_avail_w128
totalvi_avail_w128,2041.0,pred_log,Mature B,2408,110,0.09650178028013066,0.0203852397261563,totalvi_avail_w128
totalvi_avail_w128,2041.0,pred_log,NK,104,110,0.17376052826826727,0.13314827971274174,totalvi_avail_w128
totalvi_avail_w128,2041.0,pred_log,NKT,117,110,0.2255701667520778,0.17777318774153716,totalvi_avail_w128
totalvi_avail_w128,2041.0,pred_log,Neutrophils,112,110,0.1906253072302372,0.16172769698240685,totalvi_avail_w128
totalvi_avail_w128,2041.0,pred_log,Red-pulp macrophages,35,110,0.07549441351574178,0.06573060424650165,totalvi_avail_w128
totalvi_avail_w128,2041.0,pred_log,T doublets,55,110,0.13299070829706705,0.09731809724844856,totalvi_avail_w128
totalvi_avail_w128,2041.0,pred_log,Transitional B,580,110,0.12681946983468118,0.01531569030151045,totalvi_avail_w128
totalvi_avail_w128,2041.0,pred_log,Tregs,115,110,0.13938222547689103,0.11497228669421035,totalvi_avail_w128
totalvi_avail_w128,2041.0,pred_log,cDC1s,62,110,0.2647715697050424,0.24054863529275636,totalvi_avail_w128
totalvi_avail_w128,2041.0,pred_log,cDC2s,65,110,0.24629535516961043,0.2256610225989843,totalvi_avail_w128
totalvi_avail_w128,2041.0,pred_log,pDCs,30,110,0.11043046454170752,0.11063389282757005,totalvi_avail_w128
totalvi_pmatch,2026.0,calibrated,Activated CD4 T,38,110,0.12454185705003694,0.113300973865249,totalvi_pmatch
totalvi_pmatch,2026.0,calibrated,B doublets,77,110,0.150173205470097,0.09728685440700625,totalvi_pmatch
totalvi_pmatch,2026.0,calibrated,B-CD4 T cell doublets,62,110,0.15729292488768268,0.15904156653519086,totalvi_pmatch
totalvi_pmatch,2026.0,calibrated,B-CD8 T cell doublets,50,110,0.12357806029491325,0.06946829562817264,totalvi_pmatch
totalvi_pmatch,2026.0,calibrated,B-macrophage doublets,74,110,0.18794334158597764,0.13012806668179425,totalvi_pmatch
totalvi_pmatch,2026.0,calibrated,B1 B,162,110,0.1801621440846119,0.08524738372037094,totalvi_pmatch
totalvi_pmatch,2026.0,calibrated,CD122+ CD8 T,258,110,0.11232545066171584,0.05579816269271045,totalvi_pmatch
totalvi_pmatch,2026.0,calibrated,CD4 T,1077,110,0.08414317369908289,0.03348252764617905,totalvi_pmatch
totalvi_pmatch,2026.0,calibrated,CD8 T,680,110,0.08472093459232471,0.03717822494190155,totalvi_pmatch
totalvi_pmatch,2026.0,calibrated,Cycling B/T cells,81,110,0.3205871373749879,0.21687200839716209,totalvi_pmatch
totalvi_pmatch,2026.0,calibrated,GD T,73,110,0.1579892026658308,0.12009693863568849,totalvi_pmatch
totalvi_pmatch,2026.0,calibrated,ICOS-high Tregs,91,110,0.18227178140665753,0.1666422099598571,totalvi_pmatch
totalvi_pmatch,2026.0,calibrated,Ifit3-high B,249,110,0.0937757978594547,0.0468574071664527,totalvi_pmatch
totalvi_pmatch,2026.0,calibrated,Ifit3-high CD4 T,132,110,0.057845499458242446,0.0374473878122346,totalvi_pmatch
totalvi_pmatch,2026.0,calibrated,Ifit3-high CD8 T,100,110,0.10279041899553391,0.07685059939956075,totalvi_pmatch
totalvi_pmatch,2026.0,calibrated,Low quality B cells,230,110,0.10162759820890045,0.06363104461235285,totalvi_pmatch
totalvi_pmatch,2026.0,calibrated,Low quality T cells,67,110,0.09344553718098583,0.08296508395311106,totalvi_pmatch
totalvi_pmatch,2026.0,calibrated,Ly6-high mono,77,110,0.2622715093937344,0.20527862401893684,totalvi_pmatch
totalvi_pmatch,2026.0,calibrated,MZ B,205,110,0.1703690218896761,0.06662022083193084,totalvi_pmatch
totalvi_pmatch,2026.0,calibrated,MZ/Marco-high macrophages,36,110,0.2217077303458347,0.2464827397665172,totalvi_pmatch
totalvi_pmatch,2026.0,calibrated,Mature B,2408,110,0.11745829464959502,0.038040560032435555,totalvi_pmatch
totalvi_pmatch,2026.0,calibrated,NK,104,110,0.18949902211355066,0.16553909035660375,totalvi_pmatch
totalvi_pmatch,2026.0,calibrated,NKT,117,110,0.2751550820986766,0.24185374197216555,totalvi_pmatch
totalvi_pmatch,2026.0,calibrated,Neutrophils,112,110,0.2112912918540239,0.207712099839774,totalvi_pmatch
totalvi_pmatch,2026.0,calibrated,Red-pulp macrophages,35,110,0.06869597568585929,0.08522772142595314,totalvi_pmatch
totalvi_pmatch,2026.0,calibrated,T doublets,55,110,0.1660459568135332,0.13380728259641722,totalvi_pmatch
totalvi_pmatch,2026.0,calibrated,Transitional B,580,110,0.14323169023071816,0.036544951837223005,totalvi_pmatch
totalvi_pmatch,2026.0,calibrated,Tregs,115,110,0.1642006572631332,0.1165251742719243,totalvi_pmatch
totalvi_pmatch,2026.0,calibrated,cDC1s,62,110,0.2821636272984617,0.23743679935842843,totalvi_pmatch
totalvi_pmatch,2026.0,calibrated,cDC2s,65,110,0.27190186979003805,0.2345410464278041,totalvi_pmatch
totalvi_pmatch,2026.0,calibrated,pDCs,30,110,0.0649413605348303,0.0873134378936716,totalvi_pmatch
totalvi_pmatch,2026.0,log_mean,Activated CD4 T,38,110,0.12454185705003694,0.113300973865249,totalvi_pmatch
totalvi_pmatch,2026.0,log_mean,B doublets,77,110,0.150173205470097,0.09728685440700625,totalvi_pmatch
totalvi_pmatch,2026.0,log_mean,B-CD4 T cell doublets,62,110,0.15729292488768268,0.15904156653519086,totalvi_pmatch
totalvi_pmatch,2026.0,log_mean,B-CD8 T cell doublets,50,110,0.12357806029491325,0.06946829562817264,totalvi_pmatch
totalvi_pmatch,2026.0,log_mean,B-macrophage doublets,74,110,0.18794334158597764,0.13012806668179425,totalvi_pmatch
totalvi_pmatch,2026.0,log_mean,B1 B,162,110,0.1801621440846119,0.08524738372037094,totalvi_pmatch
totalvi_pmatch,2026.0,log_mean,CD122+ CD8 T,258,110,0.11232545066171584,0.05579816269271045,totalvi_pmatch
totalvi_pmatch,2026.0,log_mean,CD4 T,1077,110,0.08414317369908289,0.03348252764617905,totalvi_pmatch
totalvi_pmatch,2026.0,log_mean,CD8 T,680,110,0.08472093459232471,0.03717822494190155,totalvi_pmatch
totalvi_pmatch,2026.0,log_mean,Cycling B/T cells,81,110,0.3205871373749879,0.21687200839716209,totalvi_pmatch
totalvi_pmatch,2026.0,log_mean,GD T,73,110,0.1579892026658308,0.12009693863568849,totalvi_pmatch
totalvi_pmatch,2026.0,log_mean,ICOS-high Tregs,91,110,0.18227178140665753,0.1666422099598571,totalvi_pmatch
totalvi_pmatch,2026.0,log_mean,Ifit3-high B,249,110,0.0937757978594547,0.0468574071664527,totalvi_pmatch
totalvi_pmatch,2026.0,log_mean,Ifit3-high CD4 T,132,110,0.057845499458242446,0.0374473878122346,totalvi_pmatch
totalvi_pmatch,2026.0,log_mean,Ifit3-high CD8 T,100,110,0.10279041899553391,0.07685059939956075,totalvi_pmatch
totalvi_pmatch,2026.0,log_mean,Low quality B cells,230,110,0.10162759820890045,0.06363104461235285,totalvi_pmatch
totalvi_pmatch,2026.0,log_mean,Low quality T cells,67,110,0.09344553718098583,0.08296508395311106,totalvi_pmatch
totalvi_pmatch,2026.0,log_mean,Ly6-high mono,77,110,0.2622715093937344,0.20527862401893684,totalvi_pmatch
totalvi_pmatch,2026.0,log_mean,MZ B,205,110,0.1703690218896761,0.06662022083193084,totalvi_pmatch
totalvi_pmatch,2026.0,log_mean,MZ/Marco-high macrophages,36,110,0.2217077303458347,0.2464827397665172,totalvi_pmatch
totalvi_pmatch,2026.0,log_mean,Mature B,2408,110,0.11745830167152987,0.038040560032435555,totalvi_pmatch
totalvi_pmatch,2026.0,log_mean,NK,104,110,0.18949902211355066,0.16553909035660375,totalvi_pmatch
totalvi_pmatch,2026.0,log_mean,NKT,117,110,0.2751550820986766,0.24185374197216555,totalvi_pmatch
totalvi_pmatch,2026.0,log_mean,Neutrophils,112,110,0.2112912918540239,0.207712099839774,totalvi_pmatch
totalvi_pmatch,2026.0,log_mean,Red-pulp macrophages,35,110,0.06869597568585929,0.08522772142595314,totalvi_pmatch
totalvi_pmatch,2026.0,log_mean,T doublets,55,110,0.1660459568135332,0.13380728259641722,totalvi_pmatch
totalvi_pmatch,2026.0,log_mean,Transitional B,580,110,0.14323169023071816,0.036544951837223005,totalvi_pmatch
totalvi_pmatch,2026.0,log_mean,Tregs,115,110,0.1642006572631332,0.1165251742719243,totalvi_pmatch
totalvi_pmatch,2026.0,log_mean,cDC1s,62,110,0.2821636272984617,0.23743679935842843,totalvi_pmatch
totalvi_pmatch,2026.0,log_mean,cDC2s,65,110,0.27190186979003805,0.2345410464278041,totalvi_pmatch
totalvi_pmatch,2026.0,log_mean,pDCs,30,110,0.0649413605348303,0.0873134378936716,totalvi_pmatch
totalvi_pmatch,2026.0,pred_log,Activated CD4 T,38,110,0.10075874405243392,0.06511599428490371,totalvi_pmatch
totalvi_pmatch,2026.0,pred_log,B doublets,77,110,0.1405228636614092,0.0981157610040841,totalvi_pmatch
totalvi_pmatch,2026.0,pred_log,B-CD4 T cell doublets,62,110,0.14567033676543736,0.13605646771865665,totalvi_pmatch
totalvi_pmatch,2026.0,pred_log,B-CD8 T cell doublets,50,110,0.08084248387538867,0.04239748226575015,totalvi_pmatch
totalvi_pmatch,2026.0,pred_log,B-macrophage doublets,74,110,0.18729929933003361,0.12827126525417495,totalvi_pmatch
totalvi_pmatch,2026.0,pred_log,B1 B,162,110,0.1558754574422172,0.053595380902304895,totalvi_pmatch
totalvi_pmatch,2026.0,pred_log,CD122+ CD8 T,258,110,0.0802117489525154,0.03773568173981605,totalvi_pmatch
totalvi_pmatch,2026.0,pred_log,CD4 T,1077,110,0.05757455861225097,0.0252660427518715,totalvi_pmatch
totalvi_pmatch,2026.0,pred_log,CD8 T,680,110,0.057788586129796905,0.02304407810229005,totalvi_pmatch
totalvi_pmatch,2026.0,pred_log,Cycling B/T cells,81,110,0.29370683249667046,0.19723004740029582,totalvi_pmatch
totalvi_pmatch,2026.0,pred_log,GD T,73,110,0.1395152143265396,0.10835160992463305,totalvi_pmatch
totalvi_pmatch,2026.0,pred_log,ICOS-high Tregs,91,110,0.16063588294913272,0.146050300128525,totalvi_pmatch
totalvi_pmatch,2026.0,pred_log,Ifit3-high B,249,110,0.06849295227973964,0.0434708305912089,totalvi_pmatch
totalvi_pmatch,2026.0,pred_log,Ifit3-high CD4 T,132,110,0.0377896613215778,0.02858734363022225,totalvi_pmatch
totalvi_pmatch,2026.0,pred_log,Ifit3-high CD8 T,100,110,0.06207532731470804,0.03393536433412245,totalvi_pmatch
totalvi_pmatch,2026.0,pred_log,Low quality B cells,230,110,0.08097602255078555,0.04509118942822315,totalvi_pmatch
totalvi_pmatch,2026.0,pred_log,Low quality T cells,67,110,0.0899574805007762,0.06476499299487755,totalvi_pmatch
totalvi_pmatch,2026.0,pred_log,Ly6-high mono,77,110,0.2316175772292057,0.21318002167354277,totalvi_pmatch
totalvi_pmatch,2026.0,pred_log,MZ B,205,110,0.13554396592607842,0.056029096492432595,totalvi_pmatch
totalvi_pmatch,2026.0,pred_log,MZ/Marco-high macrophages,36,110,0.1751192280973529,0.19262593477059353,totalvi_pmatch
totalvi_pmatch,2026.0,pred_log,Mature B,2408,110,0.09355365469099594,0.023530930260484,totalvi_pmatch
totalvi_pmatch,2026.0,pred_log,NK,104,110,0.16253765236899972,0.14357338437413014,totalvi_pmatch
totalvi_pmatch,2026.0,pred_log,NKT,117,110,0.21224078237749416,0.16824001289677343,totalvi_pmatch
totalvi_pmatch,2026.0,pred_log,Neutrophils,112,110,0.18203237908073183,0.1556148776439586,totalvi_pmatch
totalvi_pmatch,2026.0,pred_log,Red-pulp macrophages,35,110,0.09181927354441935,0.0970474055145817,totalvi_pmatch
totalvi_pmatch,2026.0,pred_log,T doublets,55,110,0.14601937416361907,0.12826540379210832,totalvi_pmatch
totalvi_pmatch,2026.0,pred_log,Transitional B,580,110,0.11730704927873228,0.017357184037800698,totalvi_pmatch
totalvi_pmatch,2026.0,pred_log,Tregs,115,110,0.11847662918401279,0.0635039720030983,totalvi_pmatch
totalvi_pmatch,2026.0,pred_log,cDC1s,62,110,0.2588987860977426,0.2315721145957752,totalvi_pmatch
totalvi_pmatch,2026.0,pred_log,cDC2s,65,110,0.2423665499361821,0.2270808591724916,totalvi_pmatch
totalvi_pmatch,2026.0,pred_log,pDCs,30,110,0.07384300224705795,0.0756378799806127,totalvi_pmatch
totalvi_pmatch,2027.0,calibrated,Activated CD4 T,38,110,0.08602873177633306,0.029363496987254,totalvi_pmatch
totalvi_pmatch,2027.0,calibrated,B doublets,77,110,0.1585455781906562,0.09592404219514415,totalvi_pmatch
totalvi_pmatch,2027.0,calibrated,B-CD4 T cell doublets,62,110,0.14647736772353764,0.13867686833468626,totalvi_pmatch
totalvi_pmatch,2027.0,calibrated,B-CD8 T cell doublets,50,110,0.08817970792162308,0.049879952065532654,totalvi_pmatch
totalvi_pmatch,2027.0,calibrated,B-macrophage doublets,74,110,0.19179277690368876,0.1459935677582605,totalvi_pmatch
totalvi_pmatch,2027.0,calibrated,B1 B,162,110,0.18595093377491617,0.1048527006595996,totalvi_pmatch
totalvi_pmatch,2027.0,calibrated,CD122+ CD8 T,258,110,0.11684958315553397,0.0611338960121706,totalvi_pmatch
totalvi_pmatch,2027.0,calibrated,CD4 T,1077,110,0.08087392882027694,0.0242569436741482,totalvi_pmatch
totalvi_pmatch,2027.0,calibrated,CD8 T,680,110,0.08515930054168502,0.0346784663046055,totalvi_pmatch
totalvi_pmatch,2027.0,calibrated,Cycling B/T cells,81,110,0.32564953088157145,0.2512930902629863,totalvi_pmatch
totalvi_pmatch,2027.0,calibrated,GD T,73,110,0.1595956177308458,0.10906442825642695,totalvi_pmatch
totalvi_pmatch,2027.0,calibrated,ICOS-high Tregs,91,110,0.18509668048451305,0.14709595811552234,totalvi_pmatch
totalvi_pmatch,2027.0,calibrated,Ifit3-high B,249,110,0.09714601393956189,0.05353540874747505,totalvi_pmatch
totalvi_pmatch,2027.0,calibrated,Ifit3-high CD4 T,132,110,0.059043616085348735,0.0472918990264824,totalvi_pmatch
totalvi_pmatch,2027.0,calibrated,Ifit3-high CD8 T,100,110,0.1100014492373155,0.09099444115723976,totalvi_pmatch
totalvi_pmatch,2027.0,calibrated,Low quality B cells,230,110,0.10733391829630948,0.07792479244683925,totalvi_pmatch
totalvi_pmatch,2027.0,calibrated,Low quality T cells,67,110,0.11020145862714513,0.06357336753908716,totalvi_pmatch
totalvi_pmatch,2027.0,calibrated,Ly6-high mono,77,110,0.2339434153786982,0.19746652238704554,totalvi_pmatch
totalvi_pmatch,2027.0,calibrated,MZ B,205,110,0.16120126221187106,0.0663159682602392,totalvi_pmatch
totalvi_pmatch,2027.0,calibrated,MZ/Marco-high macrophages,36,110,0.16171151281882223,0.14776810365360488,totalvi_pmatch
totalvi_pmatch,2027.0,calibrated,Mature B,2408,110,0.11805180543845771,0.0345572320193224,totalvi_pmatch
totalvi_pmatch,2027.0,calibrated,NK,104,110,0.2022777471747583,0.17555205236742377,totalvi_pmatch
totalvi_pmatch,2027.0,calibrated,NKT,117,110,0.2797944220572322,0.25533865449323095,totalvi_pmatch
totalvi_pmatch,2027.0,calibrated,Neutrophils,112,110,0.16919115104653665,0.13033451430716644,totalvi_pmatch
totalvi_pmatch,2027.0,calibrated,Red-pulp macrophages,35,110,0.07967464236398894,0.0846907789350829,totalvi_pmatch
totalvi_pmatch,2027.0,calibrated,T doublets,55,110,0.19440969289642918,0.13718657974544807,totalvi_pmatch
totalvi_pmatch,2027.0,calibrated,Transitional B,580,110,0.14722045779389234,0.0548415319377406,totalvi_pmatch
totalvi_pmatch,2027.0,calibrated,Tregs,115,110,0.14489683341516846,0.1112668602719171,totalvi_pmatch
totalvi_pmatch,2027.0,calibrated,cDC1s,62,110,0.2846277137396134,0.2757451183819585,totalvi_pmatch
totalvi_pmatch,2027.0,calibrated,cDC2s,65,110,0.26009678332164315,0.25581859190928485,totalvi_pmatch
totalvi_pmatch,2027.0,calibrated,pDCs,30,110,0.10021758533189694,0.11680614848686086,totalvi_pmatch
totalvi_pmatch,2027.0,log_mean,Activated CD4 T,38,110,0.08602873177633306,0.029363496987254,totalvi_pmatch
totalvi_pmatch,2027.0,log_mean,B doublets,77,110,0.1585455781906562,0.09592404219514415,totalvi_pmatch
totalvi_pmatch,2027.0,log_mean,B-CD4 T cell doublets,62,110,0.14647736772353764,0.13867686833468626,totalvi_pmatch
totalvi_pmatch,2027.0,log_mean,B-CD8 T cell doublets,50,110,0.08817970792162308,0.049879952065532654,totalvi_pmatch
totalvi_pmatch,2027.0,log_mean,B-macrophage doublets,74,110,0.19179277690368876,0.1459935677582605,totalvi_pmatch
totalvi_pmatch,2027.0,log_mean,B1 B,162,110,0.18595093377491617,0.1048527006595996,totalvi_pmatch
totalvi_pmatch,2027.0,log_mean,CD122+ CD8 T,258,110,0.11684958315553397,0.0611338960121706,totalvi_pmatch
totalvi_pmatch,2027.0,log_mean,CD4 T,1077,110,0.08087392882027694,0.0242569436741482,totalvi_pmatch
totalvi_pmatch,2027.0,log_mean,CD8 T,680,110,0.08515930054168502,0.0346784663046055,totalvi_pmatch
totalvi_pmatch,2027.0,log_mean,Cycling B/T cells,81,110,0.32564953088157145,0.2512930902629863,totalvi_pmatch
totalvi_pmatch,2027.0,log_mean,GD T,73,110,0.1595956177308458,0.10906442825642695,totalvi_pmatch
totalvi_pmatch,2027.0,log_mean,ICOS-high Tregs,91,110,0.18509668048451305,0.14709595811552234,totalvi_pmatch
totalvi_pmatch,2027.0,log_mean,Ifit3-high B,249,110,0.09714601393956189,0.05353540874747505,totalvi_pmatch
totalvi_pmatch,2027.0,log_mean,Ifit3-high CD4 T,132,110,0.059043616085348735,0.0472918990264824,totalvi_pmatch
totalvi_pmatch,2027.0,log_mean,Ifit3-high CD8 T,100,110,0.1100014492373155,0.09099444115723976,totalvi_pmatch
totalvi_pmatch,2027.0,log_mean,Low quality B cells,230,110,0.10733391829630948,0.07792479244683925,totalvi_pmatch
totalvi_pmatch,2027.0,log_mean,Low quality T cells,67,110,0.11020145862714513,0.06357336753908716,totalvi_pmatch
totalvi_pmatch,2027.0,log_mean,Ly6-high mono,77,110,0.2339434153786982,0.19746652238704554,totalvi_pmatch
totalvi_pmatch,2027.0,log_mean,MZ B,205,110,0.16120126221187106,0.0663159682602392,totalvi_pmatch
totalvi_pmatch,2027.0,log_mean,MZ/Marco-high macrophages,36,110,0.16171151281882223,0.14776810365360488,totalvi_pmatch
totalvi_pmatch,2027.0,log_mean,Mature B,2408,110,0.11805180543845771,0.0345572320193224,totalvi_pmatch
totalvi_pmatch,2027.0,log_mean,NK,104,110,0.2022777471747583,0.17555205236742377,totalvi_pmatch
totalvi_pmatch,2027.0,log_mean,NKT,117,110,0.2797944220572322,0.25533865449323095,totalvi_pmatch
totalvi_pmatch,2027.0,log_mean,Neutrophils,112,110,0.16919115104653665,0.13033451430716644,totalvi_pmatch
totalvi_pmatch,2027.0,log_mean,Red-pulp macrophages,35,110,0.07967464236398894,0.0846907789350829,totalvi_pmatch
totalvi_pmatch,2027.0,log_mean,T doublets,55,110,0.19440969289642918,0.13718657974544807,totalvi_pmatch
totalvi_pmatch,2027.0,log_mean,Transitional B,580,110,0.14722045779389234,0.0548415319377406,totalvi_pmatch
totalvi_pmatch,2027.0,log_mean,Tregs,115,110,0.14489683341516846,0.1112668602719171,totalvi_pmatch
totalvi_pmatch,2027.0,log_mean,cDC1s,62,110,0.2846277137396134,0.2757451183819585,totalvi_pmatch
totalvi_pmatch,2027.0,log_mean,cDC2s,65,110,0.26009678332164315,0.25581859190928485,totalvi_pmatch
totalvi_pmatch,2027.0,log_mean,pDCs,30,110,0.10021758533189694,0.11680614848686086,totalvi_pmatch
totalvi_pmatch,2027.0,pred_log,Activated CD4 T,38,110,0.062021623597375355,0.0281857439894396,totalvi_pmatch
totalvi_pmatch,2027.0,pred_log,B doublets,77,110,0.13066721637086778,0.06670933819834696,totalvi_pmatch
totalvi_pmatch,2027.0,pred_log,B-CD4 T cell doublets,62,110,0.09739330673770437,0.0753155711791906,totalvi_pmatch
totalvi_pmatch,2027.0,pred_log,B-CD8 T cell doublets,50,110,0.09796144378591543,0.08290960369923225,totalvi_pmatch
totalvi_pmatch,2027.0,pred_log,B-macrophage doublets,74,110,0.19180076630459844,0.12453440114757106,totalvi_pmatch
totalvi_pmatch,2027.0,pred_log,B1 B,162,110,0.15671606857007617,0.06728004596708914,totalvi_pmatch
totalvi_pmatch,2027.0,pred_log,CD122+ CD8 T,258,110,0.09261409828706317,0.0702830896167426,totalvi_pmatch
totalvi_pmatch,2027.0,pred_log,CD4 T,1077,110,0.055689330028788404,0.0226633196667961,totalvi_pmatch
totalvi_pmatch,2027.0,pred_log,CD8 T,680,110,0.05724548909038133,0.020960240834106247,totalvi_pmatch
totalvi_pmatch,2027.0,pred_log,Cycling B/T cells,81,110,0.3014682872987418,0.2385878322923338,totalvi_pmatch
totalvi_pmatch,2027.0,pred_log,GD T,73,110,0.13987855577013958,0.11071993244153505,totalvi_pmatch
totalvi_pmatch,2027.0,pred_log,ICOS-high Tregs,91,110,0.15774503456834135,0.0945600415428121,totalvi_pmatch
totalvi_pmatch,2027.0,pred_log,Ifit3-high B,249,110,0.061417576462947834,0.0261374291177073,totalvi_pmatch
totalvi_pmatch,2027.0,pred_log,Ifit3-high CD4 T,132,110,0.024206538002358245,0.0061211615500042504,totalvi_pmatch
totalvi_pmatch,2027.0,pred_log,Ifit3-high CD8 T,100,110,0.06918450959610646,0.05917453491692195,totalvi_pmatch
totalvi_pmatch,2027.0,pred_log,Low quality B cells,230,110,0.07846651631010222,0.04974610618180635,totalvi_pmatch
totalvi_pmatch,2027.0,pred_log,Low quality T cells,67,110,0.0958535053645748,0.0801763875801403,totalvi_pmatch
totalvi_pmatch,2027.0,pred_log,Ly6-high mono,77,110,0.2086725957345653,0.14903260451842198,totalvi_pmatch
totalvi_pmatch,2027.0,pred_log,MZ B,205,110,0.12818784380164527,0.053907741107540055,totalvi_pmatch
totalvi_pmatch,2027.0,pred_log,MZ/Marco-high macrophages,36,110,0.13265489097387684,0.15028158844876385,totalvi_pmatch
totalvi_pmatch,2027.0,pred_log,Mature B,2408,110,0.09194368502300346,0.0233198771661275,totalvi_pmatch
totalvi_pmatch,2027.0,pred_log,NK,104,110,0.17974483951918635,0.1744285260703224,totalvi_pmatch
totalvi_pmatch,2027.0,pred_log,NKT,117,110,0.2226629787570446,0.17568306727107036,totalvi_pmatch
totalvi_pmatch,2027.0,pred_log,Neutrophils,112,110,0.15120066771517696,0.1347817346295804,totalvi_pmatch
totalvi_pmatch,2027.0,pred_log,Red-pulp macrophages,35,110,0.0633996003420444,0.047179199530399896,totalvi_pmatch
totalvi_pmatch,2027.0,pred_log,T doublets,55,110,0.1474230624626256,0.09706977969240174,totalvi_pmatch
totalvi_pmatch,2027.0,pred_log,Transitional B,580,110,0.11850207795713343,0.02695348728448475,totalvi_pmatch
totalvi_pmatch,2027.0,pred_log,Tregs,115,110,0.11476058473283281,0.06728633844491386,totalvi_pmatch
totalvi_pmatch,2027.0,pred_log,cDC1s,62,110,0.24484287574071134,0.2015138365748014,totalvi_pmatch
totalvi_pmatch,2027.0,pred_log,cDC2s,65,110,0.2389422096077974,0.19361460492539564,totalvi_pmatch
totalvi_pmatch,2027.0,pred_log,pDCs,30,110,0.046685603957485285,0.03486908836027015,totalvi_pmatch
totalvi_pmatch,2028.0,calibrated,Activated CD4 T,38,110,0.12013243909543111,0.11270060180535744,totalvi_pmatch
totalvi_pmatch,2028.0,calibrated,B doublets,77,110,0.15705841846513238,0.10112118796254271,totalvi_pmatch
totalvi_pmatch,2028.0,calibrated,B-CD4 T cell doublets,62,110,0.16641031181384455,0.1536119255313304,totalvi_pmatch
totalvi_pmatch,2028.0,calibrated,B-CD8 T cell doublets,50,110,0.10313040543134824,0.0617359181016413,totalvi_pmatch
totalvi_pmatch,2028.0,calibrated,B-macrophage doublets,74,110,0.20081879498621108,0.1588976829482469,totalvi_pmatch
totalvi_pmatch,2028.0,calibrated,B1 B,162,110,0.18177365888179328,0.0845556643187351,totalvi_pmatch
totalvi_pmatch,2028.0,calibrated,CD122+ CD8 T,258,110,0.10805852204449433,0.033820413979272296,totalvi_pmatch
totalvi_pmatch,2028.0,calibrated,CD4 T,1077,110,0.08139213143282724,0.03354751058601135,totalvi_pmatch
totalvi_pmatch,2028.0,calibrated,CD8 T,680,110,0.06484694760538051,0.02432721389134465,totalvi_pmatch
totalvi_pmatch,2028.0,calibrated,Cycling B/T cells,81,110,0.3078971287990342,0.23304578182168212,totalvi_pmatch
totalvi_pmatch,2028.0,calibrated,GD T,73,110,0.19008387107473979,0.13952545277579909,totalvi_pmatch
totalvi_pmatch,2028.0,calibrated,ICOS-high Tregs,91,110,0.17240525571094506,0.1319807358796519,totalvi_pmatch
totalvi_pmatch,2028.0,calibrated,Ifit3-high B,249,110,0.0937044007208706,0.0581634798194078,totalvi_pmatch
totalvi_pmatch,2028.0,calibrated,Ifit3-high CD4 T,132,110,0.060549168035744304,0.03077704545807875,totalvi_pmatch
totalvi_pmatch,2028.0,calibrated,Ifit3-high CD8 T,100,110,0.09543031033408873,0.09273632456599279,totalvi_pmatch
totalvi_pmatch,2028.0,calibrated,Low quality B cells,230,110,0.11934572254004217,0.07811279062093775,totalvi_pmatch
totalvi_pmatch,2028.0,calibrated,Low quality T cells,67,110,0.0904338888087545,0.06939435859037399,totalvi_pmatch
totalvi_pmatch,2028.0,calibrated,Ly6-high mono,77,110,0.2351220577299627,0.192322684057605,totalvi_pmatch
totalvi_pmatch,2028.0,calibrated,MZ B,205,110,0.15848980157584586,0.07087717962096975,totalvi_pmatch
totalvi_pmatch,2028.0,calibrated,MZ/Marco-high macrophages,36,110,0.23702683313916045,0.25394671623434173,totalvi_pmatch
totalvi_pmatch,2028.0,calibrated,Mature B,2408,110,0.12079336494041241,0.0361613896198322,totalvi_pmatch
totalvi_pmatch,2028.0,calibrated,NK,104,110,0.19789897880461949,0.1940237138229633,totalvi_pmatch
totalvi_pmatch,2028.0,calibrated,NKT,117,110,0.2813599960477785,0.25773377409710996,totalvi_pmatch
totalvi_pmatch,2028.0,calibrated,Neutrophils,112,110,0.1888421193833593,0.16251697392913278,totalvi_pmatch
totalvi_pmatch,2028.0,calibrated,Red-pulp macrophages,35,110,0.08306956786337384,0.10497494876177074,totalvi_pmatch
totalvi_pmatch,2028.0,calibrated,T doublets,55,110,0.20302465441374964,0.16273758112530384,totalvi_pmatch
totalvi_pmatch,2028.0,calibrated,Transitional B,580,110,0.14109525448855118,0.04173859947406605,totalvi_pmatch
totalvi_pmatch,2028.0,calibrated,Tregs,115,110,0.15374030321823426,0.12290405460406989,totalvi_pmatch
totalvi_pmatch,2028.0,calibrated,cDC1s,62,110,0.2892707738615356,0.23750799981628934,totalvi_pmatch
totalvi_pmatch,2028.0,calibrated,cDC2s,65,110,0.2708991756920484,0.27073831430234363,totalvi_pmatch
totalvi_pmatch,2028.0,calibrated,pDCs,30,110,0.12029218413257162,0.1370604109016726,totalvi_pmatch
totalvi_pmatch,2028.0,log_mean,Activated CD4 T,38,110,0.12013243909543111,0.11270060180535744,totalvi_pmatch
totalvi_pmatch,2028.0,log_mean,B doublets,77,110,0.15705841846513238,0.10112118796254271,totalvi_pmatch
totalvi_pmatch,2028.0,log_mean,B-CD4 T cell doublets,62,110,0.16641031181384455,0.1536119255313304,totalvi_pmatch
totalvi_pmatch,2028.0,log_mean,B-CD8 T cell doublets,50,110,0.10313040543134824,0.0617359181016413,totalvi_pmatch
totalvi_pmatch,2028.0,log_mean,B-macrophage doublets,74,110,0.20081879498621108,0.1588976829482469,totalvi_pmatch
totalvi_pmatch,2028.0,log_mean,B1 B,162,110,0.18177365888179328,0.0845556643187351,totalvi_pmatch
totalvi_pmatch,2028.0,log_mean,CD122+ CD8 T,258,110,0.10805852204449433,0.033820413979272296,totalvi_pmatch
totalvi_pmatch,2028.0,log_mean,CD4 T,1077,110,0.08139213143282724,0.03354751058601135,totalvi_pmatch
totalvi_pmatch,2028.0,log_mean,CD8 T,680,110,0.06484694760538051,0.02432721389134465,totalvi_pmatch
totalvi_pmatch,2028.0,log_mean,Cycling B/T cells,81,110,0.3078971287990342,0.23304578182168212,totalvi_pmatch
totalvi_pmatch,2028.0,log_mean,GD T,73,110,0.19008387107473979,0.13952545277579909,totalvi_pmatch
totalvi_pmatch,2028.0,log_mean,ICOS-high Tregs,91,110,0.17240525571094506,0.1319807358796519,totalvi_pmatch
totalvi_pmatch,2028.0,log_mean,Ifit3-high B,249,110,0.0937044007208706,0.0581634798194078,totalvi_pmatch
totalvi_pmatch,2028.0,log_mean,Ifit3-high CD4 T,132,110,0.060549168035744304,0.03077704545807875,totalvi_pmatch
totalvi_pmatch,2028.0,log_mean,Ifit3-high CD8 T,100,110,0.09543031033408873,0.09273632456599279,totalvi_pmatch
totalvi_pmatch,2028.0,log_mean,Low quality B cells,230,110,0.11934572254004217,0.07811279062093775,totalvi_pmatch
totalvi_pmatch,2028.0,log_mean,Low quality T cells,67,110,0.0904338888087545,0.06939435859037399,totalvi_pmatch
totalvi_pmatch,2028.0,log_mean,Ly6-high mono,77,110,0.2351220577299627,0.192322684057605,totalvi_pmatch
totalvi_pmatch,2028.0,log_mean,MZ B,205,110,0.15848980157584586,0.07087717962096975,totalvi_pmatch
totalvi_pmatch,2028.0,log_mean,MZ/Marco-high macrophages,36,110,0.23702683313916045,0.25394671623434173,totalvi_pmatch
totalvi_pmatch,2028.0,log_mean,Mature B,2408,110,0.12079336494041241,0.0361613896198322,totalvi_pmatch
totalvi_pmatch,2028.0,log_mean,NK,104,110,0.19789897880461949,0.1940237138229633,totalvi_pmatch
totalvi_pmatch,2028.0,log_mean,NKT,117,110,0.2813599960477785,0.25773377409710996,totalvi_pmatch
totalvi_pmatch,2028.0,log_mean,Neutrophils,112,110,0.1888421193833593,0.16251697392913278,totalvi_pmatch
totalvi_pmatch,2028.0,log_mean,Red-pulp macrophages,35,110,0.08306956786337384,0.10497494876177074,totalvi_pmatch
totalvi_pmatch,2028.0,log_mean,T doublets,55,110,0.20302465441374964,0.16273758112530384,totalvi_pmatch
totalvi_pmatch,2028.0,log_mean,Transitional B,580,110,0.14109525448855118,0.04173859947406605,totalvi_pmatch
totalvi_pmatch,2028.0,log_mean,Tregs,115,110,0.15374030321823426,0.12290405460406989,totalvi_pmatch
totalvi_pmatch,2028.0,log_mean,cDC1s,62,110,0.2892707738615356,0.23750799981628934,totalvi_pmatch
totalvi_pmatch,2028.0,log_mean,cDC2s,65,110,0.2708991756920484,0.27073831430234363,totalvi_pmatch
totalvi_pmatch,2028.0,log_mean,pDCs,30,110,0.12029218413257162,0.1370604109016726,totalvi_pmatch
totalvi_pmatch,2028.0,pred_log,Activated CD4 T,38,110,0.07098318151463685,0.060952671449321955,totalvi_pmatch
totalvi_pmatch,2028.0,pred_log,B doublets,77,110,0.13815255225145326,0.1046489309943216,totalvi_pmatch
totalvi_pmatch,2028.0,pred_log,B-CD4 T cell doublets,62,110,0.13954129588195435,0.1212729844280077,totalvi_pmatch
totalvi_pmatch,2028.0,pred_log,B-CD8 T cell doublets,50,110,0.0930974733737165,0.0704533100042476,totalvi_pmatch
totalvi_pmatch,2028.0,pred_log,B-macrophage doublets,74,110,0.1889304465821838,0.13234146505651115,totalvi_pmatch
totalvi_pmatch,2028.0,pred_log,B1 B,162,110,0.16043458192883564,0.06530739620619785,totalvi_pmatch
totalvi_pmatch,2028.0,pred_log,CD122+ CD8 T,258,110,0.08231838212836609,0.04768835541850315,totalvi_pmatch
totalvi_pmatch,2028.0,pred_log,CD4 T,1077,110,0.056068037960735465,0.02255058985625155,totalvi_pmatch
totalvi_pmatch,2028.0,pred_log,CD8 T,680,110,0.0509260825414061,0.0239004706574185,totalvi_pmatch
totalvi_pmatch,2028.0,pred_log,Cycling B/T cells,81,110,0.29617241983334275,0.21842795850851315,totalvi_pmatch
totalvi_pmatch,2028.0,pred_log,GD T,73,110,0.15875122285235096,0.11258574180632415,totalvi_pmatch
totalvi_pmatch,2028.0,pred_log,ICOS-high Tregs,91,110,0.15429165442340376,0.1267561469111902,totalvi_pmatch
totalvi_pmatch,2028.0,pred_log,Ifit3-high B,249,110,0.06617310512600287,0.0414804679132483,totalvi_pmatch
totalvi_pmatch,2028.0,pred_log,Ifit3-high CD4 T,132,110,0.05403185599735267,0.0355712105770091,totalvi_pmatch
totalvi_pmatch,2028.0,pred_log,Ifit3-high CD8 T,100,110,0.083943872480158,0.06859668492631585,totalvi_pmatch
totalvi_pmatch,2028.0,pred_log,Low quality B cells,230,110,0.0811432887712598,0.0520303686000302,totalvi_pmatch
totalvi_pmatch,2028.0,pred_log,Low quality T cells,67,110,0.05945751995037461,0.03357429098803085,totalvi_pmatch
totalvi_pmatch,2028.0,pred_log,Ly6-high mono,77,110,0.21262573069782637,0.17856349310657627,totalvi_pmatch
totalvi_pmatch,2028.0,pred_log,MZ B,205,110,0.14330213070348766,0.0646101159280316,totalvi_pmatch
totalvi_pmatch,2028.0,pred_log,MZ/Marco-high macrophages,36,110,0.21371173086343462,0.2325009743455121,totalvi_pmatch
totalvi_pmatch,2028.0,pred_log,Mature B,2408,110,0.09317555444205013,0.02122899545746225,totalvi_pmatch
totalvi_pmatch,2028.0,pred_log,NK,104,110,0.16664731677968808,0.14940488447260675,totalvi_pmatch
totalvi_pmatch,2028.0,pred_log,NKT,117,110,0.21428137579162232,0.18095897985617596,totalvi_pmatch
totalvi_pmatch,2028.0,pred_log,Neutrophils,112,110,0.16329847053033542,0.15435547432844227,totalvi_pmatch
totalvi_pmatch,2028.0,pred_log,Red-pulp macrophages,35,110,0.08644844367223796,0.10287854218418199,totalvi_pmatch
totalvi_pmatch,2028.0,pred_log,T doublets,55,110,0.14558696971827642,0.10859531490006955,totalvi_pmatch
totalvi_pmatch,2028.0,pred_log,Transitional B,580,110,0.11110789515796904,0.01020597603380565,totalvi_pmatch
totalvi_pmatch,2028.0,pred_log,Tregs,115,110,0.12586002847748673,0.0866871745486142,totalvi_pmatch
totalvi_pmatch,2028.0,pred_log,cDC1s,62,110,0.2647525587195609,0.2322548760218206,totalvi_pmatch
totalvi_pmatch,2028.0,pred_log,cDC2s,65,110,0.2446347003001927,0.2170414750785337,totalvi_pmatch
totalvi_pmatch,2028.0,pred_log,pDCs,30,110,0.08225245080981729,0.0756811020353005,totalvi_pmatch
totalvi_pmatch,2029.0,calibrated,Activated CD4 T,38,110,0.11483808721152733,0.09027877529080915,totalvi_pmatch
totalvi_pmatch,2029.0,calibrated,B doublets,77,110,0.15638004234645975,0.0987977094906203,totalvi_pmatch
totalvi_pmatch,2029.0,calibrated,B-CD4 T cell doublets,62,110,0.15238755353286979,0.14650638485354378,totalvi_pmatch
totalvi_pmatch,2029.0,calibrated,B-CD8 T cell doublets,50,110,0.11585280789255037,0.08021297456840705,totalvi_pmatch
totalvi_pmatch,2029.0,calibrated,B-macrophage doublets,74,110,0.19842733922191527,0.1543811876869492,totalvi_pmatch
totalvi_pmatch,2029.0,calibrated,B1 B,162,110,0.18302401224119372,0.0802083491591782,totalvi_pmatch
totalvi_pmatch,2029.0,calibrated,CD122+ CD8 T,258,110,0.11765369244787684,0.05299686769591545,totalvi_pmatch
totalvi_pmatch,2029.0,calibrated,CD4 T,1077,110,0.08534807548533334,0.0342207763206301,totalvi_pmatch
totalvi_pmatch,2029.0,calibrated,CD8 T,680,110,0.0804837224725375,0.0365058010582803,totalvi_pmatch
totalvi_pmatch,2029.0,calibrated,Cycling B/T cells,81,110,0.3032525134104765,0.19799460144341247,totalvi_pmatch
totalvi_pmatch,2029.0,calibrated,GD T,73,110,0.1330483726362465,0.11448361008553959,totalvi_pmatch
totalvi_pmatch,2029.0,calibrated,ICOS-high Tregs,91,110,0.17807120802144183,0.14846547836126,totalvi_pmatch
totalvi_pmatch,2029.0,calibrated,Ifit3-high B,249,110,0.08754637658814898,0.04224119632965405,totalvi_pmatch
totalvi_pmatch,2029.0,calibrated,Ifit3-high CD4 T,132,110,0.050905735395503963,0.030961102414811148,totalvi_pmatch
totalvi_pmatch,2029.0,calibrated,Ifit3-high CD8 T,100,110,0.11502164925535946,0.09288729460531986,totalvi_pmatch
totalvi_pmatch,2029.0,calibrated,Low quality B cells,230,110,0.10341841269496714,0.0684444851750564,totalvi_pmatch
totalvi_pmatch,2029.0,calibrated,Low quality T cells,67,110,0.11357975620639942,0.08388201409587856,totalvi_pmatch
totalvi_pmatch,2029.0,calibrated,Ly6-high mono,77,110,0.24766624524958009,0.2032724752404733,totalvi_pmatch
totalvi_pmatch,2029.0,calibrated,MZ B,205,110,0.1677040604420629,0.07935420069754776,totalvi_pmatch
totalvi_pmatch,2029.0,calibrated,MZ/Marco-high macrophages,36,110,0.21892915272349864,0.23415254349023515,totalvi_pmatch
totalvi_pmatch,2029.0,calibrated,Mature B,2408,110,0.11772594696890099,0.0369711195262288,totalvi_pmatch
totalvi_pmatch,2029.0,calibrated,NK,104,110,0.19456317447200253,0.18957416151285175,totalvi_pmatch
totalvi_pmatch,2029.0,calibrated,NKT,117,110,0.26929171229938154,0.2392518912455694,totalvi_pmatch
totalvi_pmatch,2029.0,calibrated,Neutrophils,112,110,0.19935761828844772,0.17106704784811239,totalvi_pmatch
totalvi_pmatch,2029.0,calibrated,Red-pulp macrophages,35,110,0.054798324505598336,0.07740709200716564,totalvi_pmatch
totalvi_pmatch,2029.0,calibrated,T doublets,55,110,0.1977018164329522,0.1603337588651541,totalvi_pmatch
totalvi_pmatch,2029.0,calibrated,Transitional B,580,110,0.13798794372771117,0.03034134564124155,totalvi_pmatch
totalvi_pmatch,2029.0,calibrated,Tregs,115,110,0.1604905629639525,0.10991897049569166,totalvi_pmatch
totalvi_pmatch,2029.0,calibrated,cDC1s,62,110,0.2922348888828848,0.284743462807517,totalvi_pmatch
totalvi_pmatch,2029.0,calibrated,cDC2s,65,110,0.25724910461210665,0.24778673319500882,totalvi_pmatch
totalvi_pmatch,2029.0,calibrated,pDCs,30,110,0.12389645105618317,0.12577620967537775,totalvi_pmatch
totalvi_pmatch,2029.0,log_mean,Activated CD4 T,38,110,0.11483808721152733,0.09027877529080915,totalvi_pmatch
totalvi_pmatch,2029.0,log_mean,B doublets,77,110,0.15638004234645975,0.0987977094906203,totalvi_pmatch
totalvi_pmatch,2029.0,log_mean,B-CD4 T cell doublets,62,110,0.15238755353286979,0.14650638485354378,totalvi_pmatch
totalvi_pmatch,2029.0,log_mean,B-CD8 T cell doublets,50,110,0.11585280789255037,0.08021297456840705,totalvi_pmatch
totalvi_pmatch,2029.0,log_mean,B-macrophage doublets,74,110,0.19842733922191527,0.1543811876869492,totalvi_pmatch
totalvi_pmatch,2029.0,log_mean,B1 B,162,110,0.18302401224119372,0.0802083491591782,totalvi_pmatch
totalvi_pmatch,2029.0,log_mean,CD122+ CD8 T,258,110,0.11765369244787684,0.05299686769591545,totalvi_pmatch
totalvi_pmatch,2029.0,log_mean,CD4 T,1077,110,0.08534807548533334,0.0342207763206301,totalvi_pmatch
totalvi_pmatch,2029.0,log_mean,CD8 T,680,110,0.0804837224725375,0.0365058010582803,totalvi_pmatch
totalvi_pmatch,2029.0,log_mean,Cycling B/T cells,81,110,0.3032525134104765,0.19799460144341247,totalvi_pmatch
totalvi_pmatch,2029.0,log_mean,GD T,73,110,0.1330483726362465,0.11448361008553959,totalvi_pmatch
totalvi_pmatch,2029.0,log_mean,ICOS-high Tregs,91,110,0.17807120802144183,0.14846547836126,totalvi_pmatch
totalvi_pmatch,2029.0,log_mean,Ifit3-high B,249,110,0.08754637658814898,0.04224119632965405,totalvi_pmatch
totalvi_pmatch,2029.0,log_mean,Ifit3-high CD4 T,132,110,0.050905735395503963,0.030961102414811148,totalvi_pmatch
totalvi_pmatch,2029.0,log_mean,Ifit3-high CD8 T,100,110,0.11502164925535946,0.09288729460531986,totalvi_pmatch
totalvi_pmatch,2029.0,log_mean,Low quality B cells,230,110,0.10341841269496714,0.0684444851750564,totalvi_pmatch
totalvi_pmatch,2029.0,log_mean,Low quality T cells,67,110,0.11357975620639942,0.08388201409587856,totalvi_pmatch
totalvi_pmatch,2029.0,log_mean,Ly6-high mono,77,110,0.24766624524958009,0.2032724752404733,totalvi_pmatch
totalvi_pmatch,2029.0,log_mean,MZ B,205,110,0.1677040604420629,0.07935420069754776,totalvi_pmatch
totalvi_pmatch,2029.0,log_mean,MZ/Marco-high macrophages,36,110,0.21892915272349864,0.23415254349023515,totalvi_pmatch
totalvi_pmatch,2029.0,log_mean,Mature B,2408,110,0.11772594696890099,0.0369711195262288,totalvi_pmatch
totalvi_pmatch,2029.0,log_mean,NK,104,110,0.19456317447200253,0.18957416151285175,totalvi_pmatch
totalvi_pmatch,2029.0,log_mean,NKT,117,110,0.26929171229938154,0.2392518912455694,totalvi_pmatch
totalvi_pmatch,2029.0,log_mean,Neutrophils,112,110,0.19935761828844772,0.17106704784811239,totalvi_pmatch
totalvi_pmatch,2029.0,log_mean,Red-pulp macrophages,35,110,0.054798324505598336,0.07740709200716564,totalvi_pmatch
totalvi_pmatch,2029.0,log_mean,T doublets,55,110,0.1977018164329522,0.1603337588651541,totalvi_pmatch
totalvi_pmatch,2029.0,log_mean,Transitional B,580,110,0.13798794372771117,0.03034134564124155,totalvi_pmatch
totalvi_pmatch,2029.0,log_mean,Tregs,115,110,0.1604905629639525,0.10991897049569166,totalvi_pmatch
totalvi_pmatch,2029.0,log_mean,cDC1s,62,110,0.2922348888828848,0.284743462807517,totalvi_pmatch
totalvi_pmatch,2029.0,log_mean,cDC2s,65,110,0.25724910461210665,0.24778673319500882,totalvi_pmatch
totalvi_pmatch,2029.0,log_mean,pDCs,30,110,0.12389645105618317,0.12577620967537775,totalvi_pmatch
totalvi_pmatch,2029.0,pred_log,Activated CD4 T,38,110,0.0801769817311141,0.0736499427600419,totalvi_pmatch
totalvi_pmatch,2029.0,pred_log,B doublets,77,110,0.12481715102150776,0.07479388642177526,totalvi_pmatch
totalvi_pmatch,2029.0,pred_log,B-CD4 T cell doublets,62,110,0.11874757448559693,0.1155697325610337,totalvi_pmatch
totalvi_pmatch,2029.0,pred_log,B-CD8 T cell doublets,50,110,0.092612602780655,0.06475490865801535,totalvi_pmatch
totalvi_pmatch,2029.0,pred_log,B-macrophage doublets,74,110,0.20728535626568062,0.15818250274820544,totalvi_pmatch
totalvi_pmatch,2029.0,pred_log,B1 B,162,110,0.17169614522677437,0.08569782517928005,totalvi_pmatch
totalvi_pmatch,2029.0,pred_log,CD122+ CD8 T,258,110,0.08072954909562166,0.02596868391613015,totalvi_pmatch
totalvi_pmatch,2029.0,pred_log,CD4 T,1077,110,0.06109419974006906,0.0227036452470267,totalvi_pmatch
totalvi_pmatch,2029.0,pred_log,CD8 T,680,110,0.058179332618552425,0.02615076500186185,totalvi_pmatch
totalvi_pmatch,2029.0,pred_log,Cycling B/T cells,81,110,0.2873623976948721,0.1831940055748687,totalvi_pmatch
totalvi_pmatch,2029.0,pred_log,GD T,73,110,0.13202516324385563,0.09508885738988604,totalvi_pmatch
totalvi_pmatch,2029.0,pred_log,ICOS-high Tregs,91,110,0.16003075071436393,0.13210870408566217,totalvi_pmatch
totalvi_pmatch,2029.0,pred_log,Ifit3-high B,249,110,0.06728196754952269,0.04882890115289075,totalvi_pmatch
totalvi_pmatch,2029.0,pred_log,Ifit3-high CD4 T,132,110,0.03298803507113932,0.0269980914822134,totalvi_pmatch
totalvi_pmatch,2029.0,pred_log,Ifit3-high CD8 T,100,110,0.05678682816170744,0.0401890106452069,totalvi_pmatch
totalvi_pmatch,2029.0,pred_log,Low quality B cells,230,110,0.07061336297463368,0.031259798511686004,totalvi_pmatch
totalvi_pmatch,2029.0,pred_log,Low quality T cells,67,110,0.09095581880701924,0.08850636199280851,totalvi_pmatch
totalvi_pmatch,2029.0,pred_log,Ly6-high mono,77,110,0.20242332633411492,0.1680865979561147,totalvi_pmatch
totalvi_pmatch,2029.0,pred_log,MZ B,205,110,0.1387462989247523,0.0655019038449437,totalvi_pmatch
totalvi_pmatch,2029.0,pred_log,MZ/Marco-high macrophages,36,110,0.20599955077627471,0.2047436930640446,totalvi_pmatch
totalvi_pmatch,2029.0,pred_log,Mature B,2408,110,0.0860149619816476,0.01704105351072275,totalvi_pmatch
totalvi_pmatch,2029.0,pred_log,NK,104,110,0.16079494728173369,0.16285966040439354,totalvi_pmatch
totalvi_pmatch,2029.0,pred_log,NKT,117,110,0.21314148435218916,0.1657323994349598,totalvi_pmatch
totalvi_pmatch,2029.0,pred_log,Neutrophils,112,110,0.18915781064721565,0.17088407044078754,totalvi_pmatch
totalvi_pmatch,2029.0,pred_log,Red-pulp macrophages,35,110,0.06447872039298014,0.07304075005708045,totalvi_pmatch
totalvi_pmatch,2029.0,pred_log,T doublets,55,110,0.1300678677770244,0.07873252822700655,totalvi_pmatch
totalvi_pmatch,2029.0,pred_log,Transitional B,580,110,0.11611229673616011,0.0192663285006228,totalvi_pmatch
totalvi_pmatch,2029.0,pred_log,Tregs,115,110,0.1221847763406649,0.08127712310941346,totalvi_pmatch
totalvi_pmatch,2029.0,pred_log,cDC1s,62,110,0.2660083867180781,0.2313548244980967,totalvi_pmatch
totalvi_pmatch,2029.0,pred_log,cDC2s,65,110,0.23541706765896528,0.20211751707800935,totalvi_pmatch
totalvi_pmatch,2029.0,pred_log,pDCs,30,110,0.0493429535617753,0.0612602469527133,totalvi_pmatch
totalvi_pmatch,2030.0,calibrated,Activated CD4 T,38,110,0.11111799193432216,0.08062490761086516,totalvi_pmatch
totalvi_pmatch,2030.0,calibrated,B doublets,77,110,0.15489942930274225,0.10137863126481836,totalvi_pmatch
totalvi_pmatch,2030.0,calibrated,B-CD4 T cell doublets,62,110,0.16573774490669932,0.15382739164752618,totalvi_pmatch
totalvi_pmatch,2030.0,calibrated,B-CD8 T cell doublets,50,110,0.10699722537720831,0.0914566009154784,totalvi_pmatch
totalvi_pmatch,2030.0,calibrated,B-macrophage doublets,74,110,0.2090869203866299,0.1595140188322543,totalvi_pmatch
totalvi_pmatch,2030.0,calibrated,B1 B,162,110,0.18266456881098242,0.0841862757758788,totalvi_pmatch
totalvi_pmatch,2030.0,calibrated,CD122+ CD8 T,258,110,0.1205056873570757,0.06210453307819905,totalvi_pmatch
totalvi_pmatch,2030.0,calibrated,CD4 T,1077,110,0.08020759273609615,0.031452758479598,totalvi_pmatch
totalvi_pmatch,2030.0,calibrated,CD8 T,680,110,0.07659078554338082,0.03479525628828185,totalvi_pmatch
totalvi_pmatch,2030.0,calibrated,Cycling B/T cells,81,110,0.31170986267244943,0.23050779223999857,totalvi_pmatch
totalvi_pmatch,2030.0,calibrated,GD T,73,110,0.16662618756632336,0.10671664570097819,totalvi_pmatch
totalvi_pmatch,2030.0,calibrated,ICOS-high Tregs,91,110,0.18104305707437487,0.1444471292302153,totalvi_pmatch
totalvi_pmatch,2030.0,calibrated,Ifit3-high B,249,110,0.08165300795899964,0.0335441535587884,totalvi_pmatch
totalvi_pmatch,2030.0,calibrated,Ifit3-high CD4 T,132,110,0.060960874344508545,0.0184963777515195,totalvi_pmatch
totalvi_pmatch,2030.0,calibrated,Ifit3-high CD8 T,100,110,0.09759283943174434,0.07184756390537195,totalvi_pmatch
totalvi_pmatch,2030.0,calibrated,Low quality B cells,230,110,0.1076204935445454,0.06580372775347204,totalvi_pmatch
totalvi_pmatch,2030.0,calibrated,Low quality T cells,67,110,0.11375514740370322,0.0738491720452322,totalvi_pmatch
totalvi_pmatch,2030.0,calibrated,Ly6-high mono,77,110,0.2404113566659224,0.19908653889667588,totalvi_pmatch
totalvi_pmatch,2030.0,calibrated,MZ B,205,110,0.18167524545409455,0.09215149384969751,totalvi_pmatch
totalvi_pmatch,2030.0,calibrated,MZ/Marco-high macrophages,36,110,0.20887939838858288,0.2249166445561113,totalvi_pmatch
totalvi_pmatch,2030.0,calibrated,Mature B,2408,110,0.12129210349904354,0.0386091221219403,totalvi_pmatch
totalvi_pmatch,2030.0,calibrated,NK,104,110,0.1957247571601975,0.18530544356550588,totalvi_pmatch
totalvi_pmatch,2030.0,calibrated,NKT,117,110,0.28473087941951497,0.273677686370563,totalvi_pmatch
totalvi_pmatch,2030.0,calibrated,Neutrophils,112,110,0.21708949647157383,0.21528966334316954,totalvi_pmatch
totalvi_pmatch,2030.0,calibrated,Red-pulp macrophages,35,110,0.04146450580233504,0.059692016533207604,totalvi_pmatch
totalvi_pmatch,2030.0,calibrated,T doublets,55,110,0.18224145053710022,0.13967980831000704,totalvi_pmatch
totalvi_pmatch,2030.0,calibrated,Transitional B,580,110,0.139729537795645,0.032340777068087745,totalvi_pmatch
totalvi_pmatch,2030.0,calibrated,Tregs,115,110,0.1685185800881158,0.1103721618514247,totalvi_pmatch
totalvi_pmatch,2030.0,calibrated,cDC1s,62,110,0.2838688915094411,0.23226810814124144,totalvi_pmatch
totalvi_pmatch,2030.0,calibrated,cDC2s,65,110,0.2754330674225506,0.24829025499902402,totalvi_pmatch
totalvi_pmatch,2030.0,calibrated,pDCs,30,110,0.1012290176237875,0.0872893693580866,totalvi_pmatch
totalvi_pmatch,2030.0,log_mean,Activated CD4 T,38,110,0.11111799193432216,0.08062490761086516,totalvi_pmatch
totalvi_pmatch,2030.0,log_mean,B doublets,77,110,0.15489942930274225,0.10137863126481836,totalvi_pmatch
totalvi_pmatch,2030.0,log_mean,B-CD4 T cell doublets,62,110,0.16573774490669932,0.15382739164752618,totalvi_pmatch
totalvi_pmatch,2030.0,log_mean,B-CD8 T cell doublets,50,110,0.10699722537720831,0.0914566009154784,totalvi_pmatch
totalvi_pmatch,2030.0,log_mean,B-macrophage doublets,74,110,0.2090869203866299,0.1595140188322543,totalvi_pmatch
totalvi_pmatch,2030.0,log_mean,B1 B,162,110,0.18266456881098242,0.0841862757758788,totalvi_pmatch
totalvi_pmatch,2030.0,log_mean,CD122+ CD8 T,258,110,0.1205056873570757,0.06210453307819905,totalvi_pmatch
totalvi_pmatch,2030.0,log_mean,CD4 T,1077,110,0.08020759273609615,0.031452758479598,totalvi_pmatch
totalvi_pmatch,2030.0,log_mean,CD8 T,680,110,0.07659078554338082,0.03479525628828185,totalvi_pmatch
totalvi_pmatch,2030.0,log_mean,Cycling B/T cells,81,110,0.31170986267244943,0.23050779223999857,totalvi_pmatch
totalvi_pmatch,2030.0,log_mean,GD T,73,110,0.16662618756632336,0.10671664570097819,totalvi_pmatch
totalvi_pmatch,2030.0,log_mean,ICOS-high Tregs,91,110,0.18104305707437487,0.1444471292302153,totalvi_pmatch
totalvi_pmatch,2030.0,log_mean,Ifit3-high B,249,110,0.08165300795899964,0.0335441535587884,totalvi_pmatch
totalvi_pmatch,2030.0,log_mean,Ifit3-high CD4 T,132,110,0.060960874344508545,0.0184963777515195,totalvi_pmatch
totalvi_pmatch,2030.0,log_mean,Ifit3-high CD8 T,100,110,0.09759283943174434,0.07184756390537195,totalvi_pmatch
totalvi_pmatch,2030.0,log_mean,Low quality B cells,230,110,0.1076204935445454,0.06580372775347204,totalvi_pmatch
totalvi_pmatch,2030.0,log_mean,Low quality T cells,67,110,0.11375514740370322,0.0738491720452322,totalvi_pmatch
totalvi_pmatch,2030.0,log_mean,Ly6-high mono,77,110,0.2404113566659224,0.19908653889667588,totalvi_pmatch
totalvi_pmatch,2030.0,log_mean,MZ B,205,110,0.18167524545409455,0.09215149384969751,totalvi_pmatch
totalvi_pmatch,2030.0,log_mean,MZ/Marco-high macrophages,36,110,0.20887939838858288,0.2249166445561113,totalvi_pmatch
totalvi_pmatch,2030.0,log_mean,Mature B,2408,110,0.12129210723964982,0.0386091221219403,totalvi_pmatch
totalvi_pmatch,2030.0,log_mean,NK,104,110,0.1957247571601975,0.18530544356550588,totalvi_pmatch
totalvi_pmatch,2030.0,log_mean,NKT,117,110,0.28473087941951497,0.273677686370563,totalvi_pmatch
totalvi_pmatch,2030.0,log_mean,Neutrophils,112,110,0.21708949647157383,0.21528966334316954,totalvi_pmatch
totalvi_pmatch,2030.0,log_mean,Red-pulp macrophages,35,110,0.04146450580233504,0.059692016533207604,totalvi_pmatch
totalvi_pmatch,2030.0,log_mean,T doublets,55,110,0.18224145053710022,0.13967980831000704,totalvi_pmatch
totalvi_pmatch,2030.0,log_mean,Transitional B,580,110,0.139729537795645,0.032340777068087745,totalvi_pmatch
totalvi_pmatch,2030.0,log_mean,Tregs,115,110,0.1685185800881158,0.1103721618514247,totalvi_pmatch
totalvi_pmatch,2030.0,log_mean,cDC1s,62,110,0.2838688915094411,0.23226810814124144,totalvi_pmatch
totalvi_pmatch,2030.0,log_mean,cDC2s,65,110,0.2754330674225506,0.24829025499902402,totalvi_pmatch
totalvi_pmatch,2030.0,log_mean,pDCs,30,110,0.1012290176237875,0.0872893693580866,totalvi_pmatch
totalvi_pmatch,2030.0,pred_log,Activated CD4 T,38,110,0.04743348244958679,0.02940263232465825,totalvi_pmatch
totalvi_pmatch,2030.0,pred_log,B doublets,77,110,0.1173424940602964,0.06434022820623711,totalvi_pmatch
totalvi_pmatch,2030.0,pred_log,B-CD4 T cell doublets,62,110,0.11190904436481017,0.0821983346760305,totalvi_pmatch
totalvi_pmatch,2030.0,pred_log,B-CD8 T cell doublets,50,110,0.09502963659429217,0.06569820989314565,totalvi_pmatch
totalvi_pmatch,2030.0,pred_log,B-macrophage doublets,74,110,0.20100876384209007,0.1411148707195543,totalvi_pmatch
totalvi_pmatch,2030.0,pred_log,B1 B,162,110,0.16667896390263562,0.0657149638583995,totalvi_pmatch
totalvi_pmatch,2030.0,pred_log,CD122+ CD8 T,258,110,0.08085454251100979,0.0317456379435682,totalvi_pmatch
totalvi_pmatch,2030.0,pred_log,CD4 T,1077,110,0.05178400016719091,0.016699305177024802,totalvi_pmatch
totalvi_pmatch,2030.0,pred_log,CD8 T,680,110,0.05026931058184072,0.02509712873820205,totalvi_pmatch
totalvi_pmatch,2030.0,pred_log,Cycling B/T cells,81,110,0.30281468125071087,0.2066004026408021,totalvi_pmatch
totalvi_pmatch,2030.0,pred_log,GD T,73,110,0.15913752506882906,0.1175291162912111,totalvi_pmatch
totalvi_pmatch,2030.0,pred_log,ICOS-high Tregs,91,110,0.18074619402240308,0.15072350486441666,totalvi_pmatch
totalvi_pmatch,2030.0,pred_log,Ifit3-high B,249,110,0.06394651612695607,0.03561481053883625,totalvi_pmatch
totalvi_pmatch,2030.0,pred_log,Ifit3-high CD4 T,132,110,0.043866547174819685,0.0346176322917625,totalvi_pmatch
totalvi_pmatch,2030.0,pred_log,Ifit3-high CD8 T,100,110,0.06215415574313772,0.04752723541431145,totalvi_pmatch
totalvi_pmatch,2030.0,pred_log,Low quality B cells,230,110,0.07414807282312953,0.03341519166649455,totalvi_pmatch
totalvi_pmatch,2030.0,pred_log,Low quality T cells,67,110,0.06883848069616672,0.04686473971975235,totalvi_pmatch
totalvi_pmatch,2030.0,pred_log,Ly6-high mono,77,110,0.2046033765055586,0.1536441019107827,totalvi_pmatch
totalvi_pmatch,2030.0,pred_log,MZ B,205,110,0.13811424020026433,0.0479082632645118,totalvi_pmatch
totalvi_pmatch,2030.0,pred_log,MZ/Marco-high macrophages,36,110,0.19764406607132143,0.2027965676941124,totalvi_pmatch
totalvi_pmatch,2030.0,pred_log,Mature B,2408,110,0.09160320077057578,0.01925753255833695,totalvi_pmatch
totalvi_pmatch,2030.0,pred_log,NK,104,110,0.16962470800767526,0.1551275262078477,totalvi_pmatch
totalvi_pmatch,2030.0,pred_log,NKT,117,110,0.23766170935044031,0.206958409468056,totalvi_pmatch
totalvi_pmatch,2030.0,pred_log,Neutrophils,112,110,0.18572066678179963,0.16910973333377788,totalvi_pmatch
totalvi_pmatch,2030.0,pred_log,Red-pulp macrophages,35,110,0.040622991476536766,0.03663639810689145,totalvi_pmatch
totalvi_pmatch,2030.0,pred_log,T doublets,55,110,0.1402995644185714,0.0845587472760351,totalvi_pmatch
totalvi_pmatch,2030.0,pred_log,Transitional B,580,110,0.11852466859060484,0.01892934491500395,totalvi_pmatch
totalvi_pmatch,2030.0,pred_log,Tregs,115,110,0.11680651999028115,0.0561417468460078,totalvi_pmatch
totalvi_pmatch,2030.0,pred_log,cDC1s,62,110,0.25985766703931235,0.23133399857771253,totalvi_pmatch
totalvi_pmatch,2030.0,pred_log,cDC2s,65,110,0.23541726905113558,0.24719992263178275,totalvi_pmatch
totalvi_pmatch,2030.0,pred_log,pDCs,30,110,0.09642155129767763,0.0866748802275488,totalvi_pmatch
totalvi_pmatch,2031.0,calibrated,Activated CD4 T,38,110,0.1154529039116326,0.08871333040341234,totalvi_pmatch
totalvi_pmatch,2031.0,calibrated,B doublets,77,110,0.14029912158111865,0.07764296355788025,totalvi_pmatch
totalvi_pmatch,2031.0,calibrated,B-CD4 T cell doublets,62,110,0.1498548554454552,0.16721248309200726,totalvi_pmatch
totalvi_pmatch,2031.0,calibrated,B-CD8 T cell doublets,50,110,0.1041025865146508,0.0899362641543098,totalvi_pmatch
totalvi_pmatch,2031.0,calibrated,B-macrophage doublets,74,110,0.20448897305071023,0.1702685840299445,totalvi_pmatch
totalvi_pmatch,2031.0,calibrated,B1 B,162,110,0.18966202397074733,0.1011208109914184,totalvi_pmatch
totalvi_pmatch,2031.0,calibrated,CD122+ CD8 T,258,110,0.11916484538623032,0.0523107383052461,totalvi_pmatch
totalvi_pmatch,2031.0,calibrated,CD4 T,1077,110,0.0793168755087965,0.0323334741034153,totalvi_pmatch
totalvi_pmatch,2031.0,calibrated,CD8 T,680,110,0.07862862593853238,0.0370467553648872,totalvi_pmatch
totalvi_pmatch,2031.0,calibrated,Cycling B/T cells,81,110,0.31565317142566757,0.2563982760132959,totalvi_pmatch
totalvi_pmatch,2031.0,calibrated,GD T,73,110,0.16699733063545766,0.13430695642043616,totalvi_pmatch
totalvi_pmatch,2031.0,calibrated,ICOS-high Tregs,91,110,0.18597895546826468,0.1491146528498821,totalvi_pmatch
totalvi_pmatch,2031.0,calibrated,Ifit3-high B,249,110,0.09067641498483613,0.05157792888243515,totalvi_pmatch
totalvi_pmatch,2031.0,calibrated,Ifit3-high CD4 T,132,110,0.057841646087255456,0.02654036616225,totalvi_pmatch
totalvi_pmatch,2031.0,calibrated,Ifit3-high CD8 T,100,110,0.104740643319966,0.08612240184616385,totalvi_pmatch
totalvi_pmatch,2031.0,calibrated,Low quality B cells,230,110,0.1101977444842045,0.0619404798257501,totalvi_pmatch
totalvi_pmatch,2031.0,calibrated,Low quality T cells,67,110,0.07515492306049398,0.042560792418659954,totalvi_pmatch
totalvi_pmatch,2031.0,calibrated,Ly6-high mono,77,110,0.21202086074828783,0.17105992570501066,totalvi_pmatch
totalvi_pmatch,2031.0,calibrated,MZ B,205,110,0.18116387110508256,0.09893418921874335,totalvi_pmatch
totalvi_pmatch,2031.0,calibrated,MZ/Marco-high macrophages,36,110,0.21427268648489842,0.2310806031003719,totalvi_pmatch
totalvi_pmatch,2031.0,calibrated,Mature B,2408,110,0.11602187010363291,0.029454823186253698,totalvi_pmatch
totalvi_pmatch,2031.0,calibrated,NK,104,110,0.181133070490686,0.157202947116366,totalvi_pmatch
totalvi_pmatch,2031.0,calibrated,NKT,117,110,0.2892744962895545,0.27057679818965163,totalvi_pmatch
totalvi_pmatch,2031.0,calibrated,Neutrophils,112,110,0.18682139809573192,0.1619058147056442,totalvi_pmatch
totalvi_pmatch,2031.0,calibrated,Red-pulp macrophages,35,110,0.044645379561948174,0.04450959319528095,totalvi_pmatch
totalvi_pmatch,2031.0,calibrated,T doublets,55,110,0.1693192469414448,0.1273579158146837,totalvi_pmatch
totalvi_pmatch,2031.0,calibrated,Transitional B,580,110,0.14173744588176987,0.0425105852214394,totalvi_pmatch
totalvi_pmatch,2031.0,calibrated,Tregs,115,110,0.16672215233256985,0.10423527907329255,totalvi_pmatch
totalvi_pmatch,2031.0,calibrated,cDC1s,62,110,0.26571358840505516,0.2432058382367231,totalvi_pmatch
totalvi_pmatch,2031.0,calibrated,cDC2s,65,110,0.2728604585454131,0.26905962527866023,totalvi_pmatch
totalvi_pmatch,2031.0,calibrated,pDCs,30,110,0.08428060975019118,0.0699609562063522,totalvi_pmatch
totalvi_pmatch,2031.0,log_mean,Activated CD4 T,38,110,0.1154529039116326,0.08871333040341234,totalvi_pmatch
totalvi_pmatch,2031.0,log_mean,B doublets,77,110,0.14029912158111865,0.07764296355788025,totalvi_pmatch
totalvi_pmatch,2031.0,log_mean,B-CD4 T cell doublets,62,110,0.1498548554454552,0.16721248309200726,totalvi_pmatch
totalvi_pmatch,2031.0,log_mean,B-CD8 T cell doublets,50,110,0.1041025865146508,0.0899362641543098,totalvi_pmatch
totalvi_pmatch,2031.0,log_mean,B-macrophage doublets,74,110,0.20448897305071023,0.1702685840299445,totalvi_pmatch
totalvi_pmatch,2031.0,log_mean,B1 B,162,110,0.18966202397074733,0.1011208109914184,totalvi_pmatch
totalvi_pmatch,2031.0,log_mean,CD122+ CD8 T,258,110,0.11916484538623032,0.0523107383052461,totalvi_pmatch
totalvi_pmatch,2031.0,log_mean,CD4 T,1077,110,0.0793168755087965,0.0323334741034153,totalvi_pmatch
totalvi_pmatch,2031.0,log_mean,CD8 T,680,110,0.07862862593853238,0.0370467553648872,totalvi_pmatch
totalvi_pmatch,2031.0,log_mean,Cycling B/T cells,81,110,0.31565317142566757,0.2563982760132959,totalvi_pmatch
totalvi_pmatch,2031.0,log_mean,GD T,73,110,0.16699733063545766,0.13430695642043616,totalvi_pmatch
totalvi_pmatch,2031.0,log_mean,ICOS-high Tregs,91,110,0.18597895546826468,0.1491146528498821,totalvi_pmatch
totalvi_pmatch,2031.0,log_mean,Ifit3-high B,249,110,0.09067641498483613,0.05157792888243515,totalvi_pmatch
totalvi_pmatch,2031.0,log_mean,Ifit3-high CD4 T,132,110,0.057841646087255456,0.02654036616225,totalvi_pmatch
totalvi_pmatch,2031.0,log_mean,Ifit3-high CD8 T,100,110,0.104740643319966,0.08612240184616385,totalvi_pmatch
totalvi_pmatch,2031.0,log_mean,Low quality B cells,230,110,0.1101977444842045,0.0619404798257501,totalvi_pmatch
totalvi_pmatch,2031.0,log_mean,Low quality T cells,67,110,0.07515492306049398,0.042560792418659954,totalvi_pmatch
totalvi_pmatch,2031.0,log_mean,Ly6-high mono,77,110,0.21202086074828783,0.17105992570501066,totalvi_pmatch
totalvi_pmatch,2031.0,log_mean,MZ B,205,110,0.18116387110508256,0.09893418921874335,totalvi_pmatch
totalvi_pmatch,2031.0,log_mean,MZ/Marco-high macrophages,36,110,0.21427268648489842,0.2310806031003719,totalvi_pmatch
totalvi_pmatch,2031.0,log_mean,Mature B,2408,110,0.11602187010363291,0.029454823186253698,totalvi_pmatch
totalvi_pmatch,2031.0,log_mean,NK,104,110,0.181133070490686,0.157202947116366,totalvi_pmatch
totalvi_pmatch,2031.0,log_mean,NKT,117,110,0.2892744962895545,0.27057679818965163,totalvi_pmatch
totalvi_pmatch,2031.0,log_mean,Neutrophils,112,110,0.18682139809573192,0.1619058147056442,totalvi_pmatch
totalvi_pmatch,2031.0,log_mean,Red-pulp macrophages,35,110,0.044645379561948174,0.04450959319528095,totalvi_pmatch
totalvi_pmatch,2031.0,log_mean,T doublets,55,110,0.1693192469414448,0.1273579158146837,totalvi_pmatch
totalvi_pmatch,2031.0,log_mean,Transitional B,580,110,0.14173744588176987,0.0425105852214394,totalvi_pmatch
totalvi_pmatch,2031.0,log_mean,Tregs,115,110,0.16672215233256985,0.10423527907329255,totalvi_pmatch
totalvi_pmatch,2031.0,log_mean,cDC1s,62,110,0.26571358840505516,0.2432058382367231,totalvi_pmatch
totalvi_pmatch,2031.0,log_mean,cDC2s,65,110,0.2728604585454131,0.26905962527866023,totalvi_pmatch
totalvi_pmatch,2031.0,log_mean,pDCs,30,110,0.08428060975019118,0.0699609562063522,totalvi_pmatch
totalvi_pmatch,2031.0,pred_log,Activated CD4 T,38,110,0.06961869605658266,0.044040645873102746,totalvi_pmatch
totalvi_pmatch,2031.0,pred_log,B doublets,77,110,0.1275231009744131,0.0601097776153795,totalvi_pmatch
totalvi_pmatch,2031.0,pred_log,B-CD4 T cell doublets,62,110,0.10971622425918422,0.09290151905565665,totalvi_pmatch
totalvi_pmatch,2031.0,pred_log,B-CD8 T cell doublets,50,110,0.09249029541554019,0.07211785162087525,totalvi_pmatch
totalvi_pmatch,2031.0,pred_log,B-macrophage doublets,74,110,0.20370655354745296,0.14196346686752526,totalvi_pmatch
totalvi_pmatch,2031.0,pred_log,B1 B,162,110,0.16311237546396642,0.0682142329642493,totalvi_pmatch
totalvi_pmatch,2031.0,pred_log,CD122+ CD8 T,258,110,0.09275945645091098,0.03938124536648875,totalvi_pmatch
totalvi_pmatch,2031.0,pred_log,CD4 T,1077,110,0.04931598601840411,0.0165608672391687,totalvi_pmatch
totalvi_pmatch,2031.0,pred_log,CD8 T,680,110,0.05591573838832916,0.019363004682420602,totalvi_pmatch
totalvi_pmatch,2031.0,pred_log,Cycling B/T cells,81,110,0.2995266332372128,0.21365684455891631,totalvi_pmatch
totalvi_pmatch,2031.0,pred_log,GD T,73,110,0.157522580663482,0.129689178187543,totalvi_pmatch
totalvi_pmatch,2031.0,pred_log,ICOS-high Tregs,91,110,0.1671356030298878,0.11903969207611634,totalvi_pmatch
totalvi_pmatch,2031.0,pred_log,Ifit3-high B,249,110,0.056684778508713375,0.01111954431249685,totalvi_pmatch
totalvi_pmatch,2031.0,pred_log,Ifit3-high CD4 T,132,110,0.019528227734239588,-0.0063805641311472,totalvi_pmatch
totalvi_pmatch,2031.0,pred_log,Ifit3-high CD8 T,100,110,0.0700967311301583,0.05560274314150205,totalvi_pmatch
totalvi_pmatch,2031.0,pred_log,Low quality B cells,230,110,0.07998526670166257,0.0464499347074977,totalvi_pmatch
totalvi_pmatch,2031.0,pred_log,Low quality T cells,67,110,0.0892133037371767,0.0803601489096977,totalvi_pmatch
totalvi_pmatch,2031.0,pred_log,Ly6-high mono,77,110,0.20414073873227837,0.172350264307216,totalvi_pmatch
totalvi_pmatch,2031.0,pred_log,MZ B,205,110,0.14640667549819517,0.0740672059216506,totalvi_pmatch
totalvi_pmatch,2031.0,pred_log,MZ/Marco-high macrophages,36,110,0.1840894389022326,0.17836917589021314,totalvi_pmatch
totalvi_pmatch,2031.0,pred_log,Mature B,2408,110,0.08880674252895118,0.0178476489635583,totalvi_pmatch
totalvi_pmatch,2031.0,pred_log,NK,104,110,0.16572493137254854,0.17131632216601317,totalvi_pmatch
totalvi_pmatch,2031.0,pred_log,NKT,117,110,0.21931430487494252,0.15690930215345694,totalvi_pmatch
totalvi_pmatch,2031.0,pred_log,Neutrophils,112,110,0.1642451542255907,0.13902489792613434,totalvi_pmatch
totalvi_pmatch,2031.0,pred_log,Red-pulp macrophages,35,110,0.06384972614032218,0.05824352356800025,totalvi_pmatch
totalvi_pmatch,2031.0,pred_log,T doublets,55,110,0.12901494722601167,0.08382577992555065,totalvi_pmatch
totalvi_pmatch,2031.0,pred_log,Transitional B,580,110,0.12928709894670756,0.03331001671497905,totalvi_pmatch
totalvi_pmatch,2031.0,pred_log,Tregs,115,110,0.14280389854202558,0.09244078013459285,totalvi_pmatch
totalvi_pmatch,2031.0,pred_log,cDC1s,62,110,0.23734547740278752,0.20221281563966825,totalvi_pmatch
totalvi_pmatch,2031.0,pred_log,cDC2s,65,110,0.2267689856813611,0.16723156238462356,totalvi_pmatch
totalvi_pmatch,2031.0,pred_log,pDCs,30,110,0.05409120759300644,0.040081303998779655,totalvi_pmatch
totalvi_pmatch,2032.0,calibrated,Activated CD4 T,38,110,0.10435788481527758,0.07458922398227741,totalvi_pmatch
totalvi_pmatch,2032.0,calibrated,B doublets,77,110,0.13484765465239337,0.059782164509476154,totalvi_pmatch
totalvi_pmatch,2032.0,calibrated,B-CD4 T cell doublets,62,110,0.15874332108757536,0.1287032448919388,totalvi_pmatch
totalvi_pmatch,2032.0,calibrated,B-CD8 T cell doublets,50,110,0.09620312501453761,0.0559894637174947,totalvi_pmatch
totalvi_pmatch,2032.0,calibrated,B-macrophage doublets,74,110,0.2135845855218254,0.14534960007741493,totalvi_pmatch
totalvi_pmatch,2032.0,calibrated,B1 B,162,110,0.18163285072181587,0.07935780634213871,totalvi_pmatch
totalvi_pmatch,2032.0,calibrated,CD122+ CD8 T,258,110,0.1243081870670174,0.0672451656468889,totalvi_pmatch
totalvi_pmatch,2032.0,calibrated,CD4 T,1077,110,0.08057395991109076,0.0299531647734423,totalvi_pmatch
totalvi_pmatch,2032.0,calibrated,CD8 T,680,110,0.07774372896860388,0.03127447387409985,totalvi_pmatch
totalvi_pmatch,2032.0,calibrated,Cycling B/T cells,81,110,0.31658108362032134,0.2300101020634154,totalvi_pmatch
totalvi_pmatch,2032.0,calibrated,GD T,73,110,0.17811837953999754,0.14773873581447383,totalvi_pmatch
totalvi_pmatch,2032.0,calibrated,ICOS-high Tregs,91,110,0.17252711533203366,0.119905365667291,totalvi_pmatch
totalvi_pmatch,2032.0,calibrated,Ifit3-high B,249,110,0.08818203199661162,0.05412058703552615,totalvi_pmatch
totalvi_pmatch,2032.0,calibrated,Ifit3-high CD4 T,132,110,0.061896097667747625,0.02415375503061045,totalvi_pmatch
totalvi_pmatch,2032.0,calibrated,Ifit3-high CD8 T,100,110,0.11724324225459143,0.09184174270362941,totalvi_pmatch
totalvi_pmatch,2032.0,calibrated,Low quality B cells,230,110,0.11088201618119027,0.0692702062706047,totalvi_pmatch
totalvi_pmatch,2032.0,calibrated,Low quality T cells,67,110,0.08201372911670106,0.0337321298662495,totalvi_pmatch
totalvi_pmatch,2032.0,calibrated,Ly6-high mono,77,110,0.2439440675429956,0.2132419978909342,totalvi_pmatch
totalvi_pmatch,2032.0,calibrated,MZ B,205,110,0.16063999679604063,0.06390405061971265,totalvi_pmatch
totalvi_pmatch,2032.0,calibrated,MZ/Marco-high macrophages,36,110,0.2678412759305161,0.2787606841939856,totalvi_pmatch
totalvi_pmatch,2032.0,calibrated,Mature B,2408,110,0.11611880964136956,0.0323352933337825,totalvi_pmatch
totalvi_pmatch,2032.0,calibrated,NK,104,110,0.1965337372978051,0.174877214573843,totalvi_pmatch
totalvi_pmatch,2032.0,calibrated,NKT,117,110,0.2802326429372159,0.2738927819720157,totalvi_pmatch
totalvi_pmatch,2032.0,calibrated,Neutrophils,112,110,0.16916450535382688,0.12273715382920125,totalvi_pmatch
totalvi_pmatch,2032.0,calibrated,Red-pulp macrophages,35,110,0.04661140841939876,0.07584289062768085,totalvi_pmatch
totalvi_pmatch,2032.0,calibrated,T doublets,55,110,0.18712323393740335,0.15335900996484653,totalvi_pmatch
totalvi_pmatch,2032.0,calibrated,Transitional B,580,110,0.13992390855420267,0.0437051413073893,totalvi_pmatch
totalvi_pmatch,2032.0,calibrated,Tregs,115,110,0.16030584205624193,0.10711299356337975,totalvi_pmatch
totalvi_pmatch,2032.0,calibrated,cDC1s,62,110,0.2680961668603989,0.2245791592592778,totalvi_pmatch
totalvi_pmatch,2032.0,calibrated,cDC2s,65,110,0.24508085255336132,0.2602869395743478,totalvi_pmatch
totalvi_pmatch,2032.0,calibrated,pDCs,30,110,0.08229641887874824,0.0867031190669512,totalvi_pmatch
totalvi_pmatch,2032.0,log_mean,Activated CD4 T,38,110,0.10435788481527758,0.07458922398227741,totalvi_pmatch
totalvi_pmatch,2032.0,log_mean,B doublets,77,110,0.13484765465239337,0.059782164509476154,totalvi_pmatch
totalvi_pmatch,2032.0,log_mean,B-CD4 T cell doublets,62,110,0.15874332108757536,0.1287032448919388,totalvi_pmatch
totalvi_pmatch,2032.0,log_mean,B-CD8 T cell doublets,50,110,0.09620312501453761,0.0559894637174947,totalvi_pmatch
totalvi_pmatch,2032.0,log_mean,B-macrophage doublets,74,110,0.2135845855218254,0.14534960007741493,totalvi_pmatch
totalvi_pmatch,2032.0,log_mean,B1 B,162,110,0.18163285072181587,0.07935780634213871,totalvi_pmatch
totalvi_pmatch,2032.0,log_mean,CD122+ CD8 T,258,110,0.1243081870670174,0.0672451656468889,totalvi_pmatch
totalvi_pmatch,2032.0,log_mean,CD4 T,1077,110,0.08057395991109076,0.0299531647734423,totalvi_pmatch
totalvi_pmatch,2032.0,log_mean,CD8 T,680,110,0.07774372896860388,0.03127447387409985,totalvi_pmatch
totalvi_pmatch,2032.0,log_mean,Cycling B/T cells,81,110,0.31658108362032134,0.2300101020634154,totalvi_pmatch
totalvi_pmatch,2032.0,log_mean,GD T,73,110,0.17811837953999754,0.14773873581447383,totalvi_pmatch
totalvi_pmatch,2032.0,log_mean,ICOS-high Tregs,91,110,0.17252711533203366,0.119905365667291,totalvi_pmatch
totalvi_pmatch,2032.0,log_mean,Ifit3-high B,249,110,0.08818203199661162,0.05412058703552615,totalvi_pmatch
totalvi_pmatch,2032.0,log_mean,Ifit3-high CD4 T,132,110,0.061896097667747625,0.02415375503061045,totalvi_pmatch
totalvi_pmatch,2032.0,log_mean,Ifit3-high CD8 T,100,110,0.11724324225459143,0.09184174270362941,totalvi_pmatch
totalvi_pmatch,2032.0,log_mean,Low quality B cells,230,110,0.11088201618119027,0.0692702062706047,totalvi_pmatch
totalvi_pmatch,2032.0,log_mean,Low quality T cells,67,110,0.08201372911670106,0.0337321298662495,totalvi_pmatch
totalvi_pmatch,2032.0,log_mean,Ly6-high mono,77,110,0.2439440675429956,0.2132419978909342,totalvi_pmatch
totalvi_pmatch,2032.0,log_mean,MZ B,205,110,0.16063999679604063,0.06390405061971265,totalvi_pmatch
totalvi_pmatch,2032.0,log_mean,MZ/Marco-high macrophages,36,110,0.2678412759305161,0.2787606841939856,totalvi_pmatch
totalvi_pmatch,2032.0,log_mean,Mature B,2408,110,0.11611880964136956,0.0323352933337825,totalvi_pmatch
totalvi_pmatch,2032.0,log_mean,NK,104,110,0.1965337372978051,0.174877214573843,totalvi_pmatch
totalvi_pmatch,2032.0,log_mean,NKT,117,110,0.2802326429372159,0.2738927819720157,totalvi_pmatch
totalvi_pmatch,2032.0,log_mean,Neutrophils,112,110,0.16916450535382688,0.12273715382920125,totalvi_pmatch
totalvi_pmatch,2032.0,log_mean,Red-pulp macrophages,35,110,0.04661140841939876,0.07584289062768085,totalvi_pmatch
totalvi_pmatch,2032.0,log_mean,T doublets,55,110,0.18712323393740335,0.15335900996484653,totalvi_pmatch
totalvi_pmatch,2032.0,log_mean,Transitional B,580,110,0.13992402286224592,0.0437051413073893,totalvi_pmatch
totalvi_pmatch,2032.0,log_mean,Tregs,115,110,0.16030584205624193,0.10711299356337975,totalvi_pmatch
totalvi_pmatch,2032.0,log_mean,cDC1s,62,110,0.2680961668603989,0.2245791592592778,totalvi_pmatch
totalvi_pmatch,2032.0,log_mean,cDC2s,65,110,0.24508085255336132,0.2602869395743478,totalvi_pmatch
totalvi_pmatch,2032.0,log_mean,pDCs,30,110,0.08229641887874824,0.0867031190669512,totalvi_pmatch
totalvi_pmatch,2032.0,pred_log,Activated CD4 T,38,110,0.04921058251474636,0.033747385505635004,totalvi_pmatch
totalvi_pmatch,2032.0,pred_log,B doublets,77,110,0.12774585539276206,0.055122456215875554,totalvi_pmatch
totalvi_pmatch,2032.0,pred_log,B-CD4 T cell doublets,62,110,0.12188752660659577,0.1053840348985644,totalvi_pmatch
totalvi_pmatch,2032.0,pred_log,B-CD8 T cell doublets,50,110,0.09830698228695818,0.1042294478751367,totalvi_pmatch
totalvi_pmatch,2032.0,pred_log,B-macrophage doublets,74,110,0.19843704354081362,0.1603137454306433,totalvi_pmatch
totalvi_pmatch,2032.0,pred_log,B1 B,162,110,0.15291143796549136,0.0459056527226094,totalvi_pmatch
totalvi_pmatch,2032.0,pred_log,CD122+ CD8 T,258,110,0.0874956945224704,0.04913517349398495,totalvi_pmatch
totalvi_pmatch,2032.0,pred_log,CD4 T,1077,110,0.052644552837887666,0.01457858926360835,totalvi_pmatch
totalvi_pmatch,2032.0,pred_log,CD8 T,680,110,0.05727625997741214,0.029542726032535847,totalvi_pmatch
totalvi_pmatch,2032.0,pred_log,Cycling B/T cells,81,110,0.2867374050863553,0.2149977643694525,totalvi_pmatch
totalvi_pmatch,2032.0,pred_log,GD T,73,110,0.16594347627791214,0.1173243283753651,totalvi_pmatch
totalvi_pmatch,2032.0,pred_log,ICOS-high Tregs,91,110,0.14876173948086016,0.1073606744233851,totalvi_pmatch
totalvi_pmatch,2032.0,pred_log,Ifit3-high B,249,110,0.06536986638889541,0.0407746319921856,totalvi_pmatch
totalvi_pmatch,2032.0,pred_log,Ifit3-high CD4 T,132,110,0.05554288177117471,0.03834496183297655,totalvi_pmatch
totalvi_pmatch,2032.0,pred_log,Ifit3-high CD8 T,100,110,0.0716992739609041,0.0341868127662677,totalvi_pmatch
totalvi_pmatch,2032.0,pred_log,Low quality B cells,230,110,0.06922101724356089,0.0320117634857122,totalvi_pmatch
totalvi_pmatch,2032.0,pred_log,Low quality T cells,67,110,0.0795338238006833,0.0469119776810816,totalvi_pmatch
totalvi_pmatch,2032.0,pred_log,Ly6-high mono,77,110,0.20994329472293158,0.1699394207943896,totalvi_pmatch
totalvi_pmatch,2032.0,pred_log,MZ B,205,110,0.12666144344398675,0.044527870964466545,totalvi_pmatch
totalvi_pmatch,2032.0,pred_log,MZ/Marco-high macrophages,36,110,0.2007298240660615,0.1785069631658777,totalvi_pmatch
totalvi_pmatch,2032.0,pred_log,Mature B,2408,110,0.0867384752166419,0.01935496584875445,totalvi_pmatch
totalvi_pmatch,2032.0,pred_log,NK,104,110,0.1606963033342809,0.13841231060238324,totalvi_pmatch
totalvi_pmatch,2032.0,pred_log,NKT,117,110,0.21335147835141832,0.16878570878734733,totalvi_pmatch
totalvi_pmatch,2032.0,pred_log,Neutrophils,112,110,0.14836132321655723,0.13002356220397696,totalvi_pmatch
totalvi_pmatch,2032.0,pred_log,Red-pulp macrophages,35,110,0.036979543870178606,0.059759732208043745,totalvi_pmatch
totalvi_pmatch,2032.0,pred_log,T doublets,55,110,0.1306937695714356,0.09053754206985505,totalvi_pmatch
totalvi_pmatch,2032.0,pred_log,Transitional B,580,110,0.12269081754700273,0.033554111997324346,totalvi_pmatch
totalvi_pmatch,2032.0,pred_log,Tregs,115,110,0.12850976391917837,0.07342075082436475,totalvi_pmatch
totalvi_pmatch,2032.0,pred_log,cDC1s,62,110,0.23876503900467427,0.1909720338120229,totalvi_pmatch
totalvi_pmatch,2032.0,pred_log,cDC2s,65,110,0.23106954342787542,0.2025804978724361,totalvi_pmatch
totalvi_pmatch,2032.0,pred_log,pDCs,30,110,0.0609394665674942,0.045152283865214096,totalvi_pmatch
totalvi_pmatch,2033.0,calibrated,Activated CD4 T,38,110,0.10071943685730347,0.04581255370231765,totalvi_pmatch
totalvi_pmatch,2033.0,calibrated,B doublets,77,110,0.1712082356344864,0.10127288508608885,totalvi_pmatch
totalvi_pmatch,2033.0,calibrated,B-CD4 T cell doublets,62,110,0.17496422844911447,0.1814492709497167,totalvi_pmatch
totalvi_pmatch,2033.0,calibrated,B-CD8 T cell doublets,50,110,0.09626748124724904,0.07251084010634605,totalvi_pmatch
totalvi_pmatch,2033.0,calibrated,B-macrophage doublets,74,110,0.23032693077636499,0.16124748663901767,totalvi_pmatch
totalvi_pmatch,2033.0,calibrated,B1 B,162,110,0.1936080218568128,0.09540183191994055,totalvi_pmatch
totalvi_pmatch,2033.0,calibrated,CD122+ CD8 T,258,110,0.11411259502989818,0.04803575950114235,totalvi_pmatch
totalvi_pmatch,2033.0,calibrated,CD4 T,1077,110,0.0788378087737529,0.031008361508048053,totalvi_pmatch
totalvi_pmatch,2033.0,calibrated,CD8 T,680,110,0.0815812101124069,0.03570848557261645,totalvi_pmatch
totalvi_pmatch,2033.0,calibrated,Cycling B/T cells,81,110,0.3165906196941082,0.23813196140350104,totalvi_pmatch
totalvi_pmatch,2033.0,calibrated,GD T,73,110,0.15893192797272207,0.1143304559223084,totalvi_pmatch
totalvi_pmatch,2033.0,calibrated,ICOS-high Tregs,91,110,0.18625268005812406,0.1362418398820795,totalvi_pmatch
totalvi_pmatch,2033.0,calibrated,Ifit3-high B,249,110,0.09576137800358504,0.0542555487361136,totalvi_pmatch
totalvi_pmatch,2033.0,calibrated,Ifit3-high CD4 T,132,110,0.047903762330146045,0.0228207938132402,totalvi_pmatch
totalvi_pmatch,2033.0,calibrated,Ifit3-high CD8 T,100,110,0.12430468390964547,0.10817542302001054,totalvi_pmatch
totalvi_pmatch,2033.0,calibrated,Low quality B cells,230,110,0.10472831676347198,0.06167762849947585,totalvi_pmatch
totalvi_pmatch,2033.0,calibrated,Low quality T cells,67,110,0.1071533930279369,0.04719709303781025,totalvi_pmatch
totalvi_pmatch,2033.0,calibrated,Ly6-high mono,77,110,0.25991075827868326,0.21665952216553075,totalvi_pmatch
totalvi_pmatch,2033.0,calibrated,MZ B,205,110,0.1737094822788497,0.08145750215562525,totalvi_pmatch
totalvi_pmatch,2033.0,calibrated,MZ/Marco-high macrophages,36,110,0.19430005406529868,0.22503683523508966,totalvi_pmatch
totalvi_pmatch,2033.0,calibrated,Mature B,2408,110,0.11765095046191233,0.0371715955553948,totalvi_pmatch
totalvi_pmatch,2033.0,calibrated,NK,104,110,0.2055071015429295,0.16141464504424174,totalvi_pmatch
totalvi_pmatch,2033.0,calibrated,NKT,117,110,0.27467983063992113,0.23875637221734144,totalvi_pmatch
totalvi_pmatch,2033.0,calibrated,Neutrophils,112,110,0.228487873465127,0.19992835158276795,totalvi_pmatch
totalvi_pmatch,2033.0,calibrated,Red-pulp macrophages,35,110,0.05459753885786034,0.0610888202688106,totalvi_pmatch
totalvi_pmatch,2033.0,calibrated,T doublets,55,110,0.1892722236748293,0.13127305885673018,totalvi_pmatch
totalvi_pmatch,2033.0,calibrated,Transitional B,580,110,0.14320734714627673,0.03295921408274605,totalvi_pmatch
totalvi_pmatch,2033.0,calibrated,Tregs,115,110,0.15989967252055354,0.10119505462566025,totalvi_pmatch
totalvi_pmatch,2033.0,calibrated,cDC1s,62,110,0.30747237885011414,0.2701436439571969,totalvi_pmatch
totalvi_pmatch,2033.0,calibrated,cDC2s,65,110,0.2868055487746264,0.2722808511692909,totalvi_pmatch
totalvi_pmatch,2033.0,calibrated,pDCs,30,110,0.09659489580703587,0.09979224734913836,totalvi_pmatch
totalvi_pmatch,2033.0,log_mean,Activated CD4 T,38,110,0.10071943685730347,0.04581255370231765,totalvi_pmatch
totalvi_pmatch,2033.0,log_mean,B doublets,77,110,0.1712082356344864,0.10127288508608885,totalvi_pmatch
totalvi_pmatch,2033.0,log_mean,B-CD4 T cell doublets,62,110,0.17496422844911447,0.1814492709497167,totalvi_pmatch
totalvi_pmatch,2033.0,log_mean,B-CD8 T cell doublets,50,110,0.09626748124724904,0.07251084010634605,totalvi_pmatch
totalvi_pmatch,2033.0,log_mean,B-macrophage doublets,74,110,0.23032693077636499,0.16124748663901767,totalvi_pmatch
totalvi_pmatch,2033.0,log_mean,B1 B,162,110,0.1936080218568128,0.09540183191994055,totalvi_pmatch
totalvi_pmatch,2033.0,log_mean,CD122+ CD8 T,258,110,0.11411259502989818,0.04803575950114235,totalvi_pmatch
totalvi_pmatch,2033.0,log_mean,CD4 T,1077,110,0.0788378087737529,0.031008361508048053,totalvi_pmatch
totalvi_pmatch,2033.0,log_mean,CD8 T,680,110,0.0815812101124069,0.03570848557261645,totalvi_pmatch
totalvi_pmatch,2033.0,log_mean,Cycling B/T cells,81,110,0.3165906196941082,0.23813196140350104,totalvi_pmatch
totalvi_pmatch,2033.0,log_mean,GD T,73,110,0.15893192797272207,0.1143304559223084,totalvi_pmatch
totalvi_pmatch,2033.0,log_mean,ICOS-high Tregs,91,110,0.18625268005812406,0.1362418398820795,totalvi_pmatch
totalvi_pmatch,2033.0,log_mean,Ifit3-high B,249,110,0.09576137800358504,0.0542555487361136,totalvi_pmatch
totalvi_pmatch,2033.0,log_mean,Ifit3-high CD4 T,132,110,0.047903762330146045,0.0228207938132402,totalvi_pmatch
totalvi_pmatch,2033.0,log_mean,Ifit3-high CD8 T,100,110,0.12430468390964547,0.10817542302001054,totalvi_pmatch
totalvi_pmatch,2033.0,log_mean,Low quality B cells,230,110,0.10472831676347198,0.06167762849947585,totalvi_pmatch
totalvi_pmatch,2033.0,log_mean,Low quality T cells,67,110,0.1071533930279369,0.04719709303781025,totalvi_pmatch
totalvi_pmatch,2033.0,log_mean,Ly6-high mono,77,110,0.25991075827868326,0.21665952216553075,totalvi_pmatch
totalvi_pmatch,2033.0,log_mean,MZ B,205,110,0.1737094822788497,0.08145750215562525,totalvi_pmatch
totalvi_pmatch,2033.0,log_mean,MZ/Marco-high macrophages,36,110,0.19430005406529868,0.22503683523508966,totalvi_pmatch
totalvi_pmatch,2033.0,log_mean,Mature B,2408,110,0.11765095598999706,0.0371715955553948,totalvi_pmatch
totalvi_pmatch,2033.0,log_mean,NK,104,110,0.2055071015429295,0.16141464504424174,totalvi_pmatch
totalvi_pmatch,2033.0,log_mean,NKT,117,110,0.27467983063992113,0.23875637221734144,totalvi_pmatch
totalvi_pmatch,2033.0,log_mean,Neutrophils,112,110,0.228487873465127,0.19992835158276795,totalvi_pmatch
totalvi_pmatch,2033.0,log_mean,Red-pulp macrophages,35,110,0.05459753885786034,0.0610888202688106,totalvi_pmatch
totalvi_pmatch,2033.0,log_mean,T doublets,55,110,0.1892722236748293,0.13127305885673018,totalvi_pmatch
totalvi_pmatch,2033.0,log_mean,Transitional B,580,110,0.14320734714627673,0.03295921408274605,totalvi_pmatch
totalvi_pmatch,2033.0,log_mean,Tregs,115,110,0.15989967252055354,0.10119505462566025,totalvi_pmatch
totalvi_pmatch,2033.0,log_mean,cDC1s,62,110,0.30747237885011414,0.2701436439571969,totalvi_pmatch
totalvi_pmatch,2033.0,log_mean,cDC2s,65,110,0.2868055487746264,0.2722808511692909,totalvi_pmatch
totalvi_pmatch,2033.0,log_mean,pDCs,30,110,0.09659489580703587,0.09979224734913836,totalvi_pmatch
totalvi_pmatch,2033.0,pred_log,Activated CD4 T,38,110,0.08752610007158788,0.058112932899796105,totalvi_pmatch
totalvi_pmatch,2033.0,pred_log,B doublets,77,110,0.11966024691648934,0.04695050310795115,totalvi_pmatch
totalvi_pmatch,2033.0,pred_log,B-CD4 T cell doublets,62,110,0.13830318569467784,0.13546008631983752,totalvi_pmatch
totalvi_pmatch,2033.0,pred_log,B-CD8 T cell doublets,50,110,0.10366748395110813,0.09124631793260125,totalvi_pmatch
totalvi_pmatch,2033.0,pred_log,B-macrophage doublets,74,110,0.21827199506866848,0.1752974249600441,totalvi_pmatch
totalvi_pmatch,2033.0,pred_log,B1 B,162,110,0.17157791491622282,0.08503076415546976,totalvi_pmatch
totalvi_pmatch,2033.0,pred_log,CD122+ CD8 T,258,110,0.08971595338737035,0.03594120351476505,totalvi_pmatch
totalvi_pmatch,2033.0,pred_log,CD4 T,1077,110,0.05370625587639078,0.01686289616217165,totalvi_pmatch
totalvi_pmatch,2033.0,pred_log,CD8 T,680,110,0.05663083138290423,0.02938301888688125,totalvi_pmatch
totalvi_pmatch,2033.0,pred_log,Cycling B/T cells,81,110,0.3010709295934238,0.2029236179724333,totalvi_pmatch
totalvi_pmatch,2033.0,pred_log,GD T,73,110,0.17176587044501562,0.141130745865296,totalvi_pmatch
totalvi_pmatch,2033.0,pred_log,ICOS-high Tregs,91,110,0.16338216211957987,0.132285369031369,totalvi_pmatch
totalvi_pmatch,2033.0,pred_log,Ifit3-high B,249,110,0.05754262081927262,0.0217181235640404,totalvi_pmatch
totalvi_pmatch,2033.0,pred_log,Ifit3-high CD4 T,132,110,0.02845128278627059,0.0237159324728589,totalvi_pmatch
totalvi_pmatch,2033.0,pred_log,Ifit3-high CD8 T,100,110,0.06918601070888289,0.06018683761516195,totalvi_pmatch
totalvi_pmatch,2033.0,pred_log,Low quality B cells,230,110,0.07277869583876705,0.027618512920675353,totalvi_pmatch
totalvi_pmatch,2033.0,pred_log,Low quality T cells,67,110,0.08479663875236194,0.052426700214404154,totalvi_pmatch
totalvi_pmatch,2033.0,pred_log,Ly6-high mono,77,110,0.22634832767466195,0.20099229034681085,totalvi_pmatch
totalvi_pmatch,2033.0,pred_log,MZ B,205,110,0.13392202412829873,0.063675188861619,totalvi_pmatch
totalvi_pmatch,2033.0,pred_log,MZ/Marco-high macrophages,36,110,0.15359053260277825,0.1593455456988375,totalvi_pmatch
totalvi_pmatch,2033.0,pred_log,Mature B,2408,110,0.08854847158960462,0.018896873013784947,totalvi_pmatch
totalvi_pmatch,2033.0,pred_log,NK,104,110,0.16486585744346002,0.14630440671373018,totalvi_pmatch
totalvi_pmatch,2033.0,pred_log,NKT,117,110,0.21255963903007372,0.1859983950313435,totalvi_pmatch
totalvi_pmatch,2033.0,pred_log,Neutrophils,112,110,0.1877955449053814,0.17834588761246056,totalvi_pmatch
totalvi_pmatch,2033.0,pred_log,Red-pulp macrophages,35,110,0.05769732261207909,0.0657212461753435,totalvi_pmatch
totalvi_pmatch,2033.0,pred_log,T doublets,55,110,0.1405449561944903,0.09439380696301705,totalvi_pmatch
totalvi_pmatch,2033.0,pred_log,Transitional B,580,110,0.11574593968942168,0.025953908995090202,totalvi_pmatch
totalvi_pmatch,2033.0,pred_log,Tregs,115,110,0.13415234304389625,0.0777009911812913,totalvi_pmatch
totalvi_pmatch,2033.0,pred_log,cDC1s,62,110,0.27988194853083953,0.2425442010193457,totalvi_pmatch
totalvi_pmatch,2033.0,pred_log,cDC2s,65,110,0.24408258523663096,0.2173701111377554,totalvi_pmatch
totalvi_pmatch,2033.0,pred_log,pDCs,30,110,0.07171892405273786,0.0610637657554667,totalvi_pmatch
totalvi_pmatch,2034.0,calibrated,Activated CD4 T,38,110,0.08853448947215416,0.0601721760783977,totalvi_pmatch
totalvi_pmatch,2034.0,calibrated,B doublets,77,110,0.14625456936116657,0.09471953541528616,totalvi_pmatch
totalvi_pmatch,2034.0,calibrated,B-CD4 T cell doublets,62,110,0.15924638562745685,0.14360218507701664,totalvi_pmatch
totalvi_pmatch,2034.0,calibrated,B-CD8 T cell doublets,50,110,0.10101330158467409,0.052974124336679654,totalvi_pmatch
totalvi_pmatch,2034.0,calibrated,B-macrophage doublets,74,110,0.19813601018107632,0.14185989322034054,totalvi_pmatch
totalvi_pmatch,2034.0,calibrated,B1 B,162,110,0.18374843013853262,0.07760371849722444,totalvi_pmatch
totalvi_pmatch,2034.0,calibrated,CD122+ CD8 T,258,110,0.10659208867041937,0.06122741899101115,totalvi_pmatch
totalvi_pmatch,2034.0,calibrated,CD4 T,1077,110,0.0809221802852741,0.03177465094421805,totalvi_pmatch
totalvi_pmatch,2034.0,calibrated,CD8 T,680,110,0.07802468118485698,0.0360874544010133,totalvi_pmatch
totalvi_pmatch,2034.0,calibrated,Cycling B/T cells,81,110,0.31128405613124627,0.23998750302975802,totalvi_pmatch
totalvi_pmatch,2034.0,calibrated,GD T,73,110,0.16830361792716841,0.14195633377291295,totalvi_pmatch
totalvi_pmatch,2034.0,calibrated,ICOS-high Tregs,91,110,0.1971592686590243,0.15769415266917142,totalvi_pmatch
totalvi_pmatch,2034.0,calibrated,Ifit3-high B,249,110,0.09065541985638202,0.055967671065788496,totalvi_pmatch
totalvi_pmatch,2034.0,calibrated,Ifit3-high CD4 T,132,110,0.050323937013655375,0.01180728306138175,totalvi_pmatch
totalvi_pmatch,2034.0,calibrated,Ifit3-high CD8 T,100,110,0.12009178359335497,0.08571946287463995,totalvi_pmatch
totalvi_pmatch,2034.0,calibrated,Low quality B cells,230,110,0.10961108283490688,0.07676989286294905,totalvi_pmatch
totalvi_pmatch,2034.0,calibrated,Low quality T cells,67,110,0.08410959400854265,0.0418604891661049,totalvi_pmatch
totalvi_pmatch,2034.0,calibrated,Ly6-high mono,77,110,0.2741706207930885,0.25722976006297155,totalvi_pmatch
totalvi_pmatch,2034.0,calibrated,MZ B,205,110,0.17782893852046755,0.0965769626801062,totalvi_pmatch
totalvi_pmatch,2034.0,calibrated,MZ/Marco-high macrophages,36,110,0.21484189161623093,0.24484021810552958,totalvi_pmatch
totalvi_pmatch,2034.0,calibrated,Mature B,2408,110,0.11466544662020353,0.029909092885999647,totalvi_pmatch
totalvi_pmatch,2034.0,calibrated,NK,104,110,0.1888021618612972,0.1726776187764439,totalvi_pmatch
totalvi_pmatch,2034.0,calibrated,NKT,117,110,0.26984731593639716,0.2303066942123022,totalvi_pmatch
totalvi_pmatch,2034.0,calibrated,Neutrophils,112,110,0.183140642770162,0.1627881139869067,totalvi_pmatch
totalvi_pmatch,2034.0,calibrated,Red-pulp macrophages,35,110,0.04939355459926193,0.0381612381923171,totalvi_pmatch
totalvi_pmatch,2034.0,calibrated,T doublets,55,110,0.1689448526750388,0.1135411761888558,totalvi_pmatch
totalvi_pmatch,2034.0,calibrated,Transitional B,580,110,0.14224419891014972,0.03514422261066625,totalvi_pmatch
totalvi_pmatch,2034.0,calibrated,Tregs,115,110,0.15551591360307385,0.0987393317766551,totalvi_pmatch
totalvi_pmatch,2034.0,calibrated,cDC1s,62,110,0.26966086799181455,0.2417856026074675,totalvi_pmatch
totalvi_pmatch,2034.0,calibrated,cDC2s,65,110,0.26715331788436586,0.2466519508840067,totalvi_pmatch
totalvi_pmatch,2034.0,calibrated,pDCs,30,110,0.12424615466597287,0.1501000043067019,totalvi_pmatch
totalvi_pmatch,2034.0,log_mean,Activated CD4 T,38,110,0.08853448947215416,0.0601721760783977,totalvi_pmatch
totalvi_pmatch,2034.0,log_mean,B doublets,77,110,0.14625456936116657,0.09471953541528616,totalvi_pmatch
totalvi_pmatch,2034.0,log_mean,B-CD4 T cell doublets,62,110,0.15924638562745685,0.14360218507701664,totalvi_pmatch
totalvi_pmatch,2034.0,log_mean,B-CD8 T cell doublets,50,110,0.10101330158467409,0.052974124336679654,totalvi_pmatch
totalvi_pmatch,2034.0,log_mean,B-macrophage doublets,74,110,0.19813601018107632,0.14185989322034054,totalvi_pmatch
totalvi_pmatch,2034.0,log_mean,B1 B,162,110,0.18374843013853262,0.07760371849722444,totalvi_pmatch
totalvi_pmatch,2034.0,log_mean,CD122+ CD8 T,258,110,0.10659208867041937,0.06122741899101115,totalvi_pmatch
totalvi_pmatch,2034.0,log_mean,CD4 T,1077,110,0.0809221802852741,0.03177465094421805,totalvi_pmatch
totalvi_pmatch,2034.0,log_mean,CD8 T,680,110,0.07802468118485698,0.0360874544010133,totalvi_pmatch
totalvi_pmatch,2034.0,log_mean,Cycling B/T cells,81,110,0.31128405613124627,0.23998750302975802,totalvi_pmatch
totalvi_pmatch,2034.0,log_mean,GD T,73,110,0.16830361792716841,0.14195633377291295,totalvi_pmatch
totalvi_pmatch,2034.0,log_mean,ICOS-high Tregs,91,110,0.1971592686590243,0.15769415266917142,totalvi_pmatch
totalvi_pmatch,2034.0,log_mean,Ifit3-high B,249,110,0.09065541985638202,0.055967671065788496,totalvi_pmatch
totalvi_pmatch,2034.0,log_mean,Ifit3-high CD4 T,132,110,0.050323937013655375,0.01180728306138175,totalvi_pmatch
totalvi_pmatch,2034.0,log_mean,Ifit3-high CD8 T,100,110,0.12009178359335497,0.08571946287463995,totalvi_pmatch
totalvi_pmatch,2034.0,log_mean,Low quality B cells,230,110,0.10961108283490688,0.07676989286294905,totalvi_pmatch
totalvi_pmatch,2034.0,log_mean,Low quality T cells,67,110,0.08410959400854265,0.0418604891661049,totalvi_pmatch
totalvi_pmatch,2034.0,log_mean,Ly6-high mono,77,110,0.2741706207930885,0.25722976006297155,totalvi_pmatch
totalvi_pmatch,2034.0,log_mean,MZ B,205,110,0.17782893852046755,0.0965769626801062,totalvi_pmatch
totalvi_pmatch,2034.0,log_mean,MZ/Marco-high macrophages,36,110,0.21484189161623093,0.24484021810552958,totalvi_pmatch
totalvi_pmatch,2034.0,log_mean,Mature B,2408,110,0.11466544662020353,0.029909092885999647,totalvi_pmatch
totalvi_pmatch,2034.0,log_mean,NK,104,110,0.1888021618612972,0.1726776187764439,totalvi_pmatch
totalvi_pmatch,2034.0,log_mean,NKT,117,110,0.26984731593639716,0.2303066942123022,totalvi_pmatch
totalvi_pmatch,2034.0,log_mean,Neutrophils,112,110,0.183140642770162,0.1627881139869067,totalvi_pmatch
totalvi_pmatch,2034.0,log_mean,Red-pulp macrophages,35,110,0.04939355459926193,0.0381612381923171,totalvi_pmatch
totalvi_pmatch,2034.0,log_mean,T doublets,55,110,0.1689448526750388,0.1135411761888558,totalvi_pmatch
totalvi_pmatch,2034.0,log_mean,Transitional B,580,110,0.14224419891014972,0.03514422261066625,totalvi_pmatch
totalvi_pmatch,2034.0,log_mean,Tregs,115,110,0.15551591360307385,0.0987393317766551,totalvi_pmatch
totalvi_pmatch,2034.0,log_mean,cDC1s,62,110,0.26966086799181455,0.2417856026074675,totalvi_pmatch
totalvi_pmatch,2034.0,log_mean,cDC2s,65,110,0.26715331788436586,0.2466519508840067,totalvi_pmatch
totalvi_pmatch,2034.0,log_mean,pDCs,30,110,0.12424615466597287,0.1501000043067019,totalvi_pmatch
totalvi_pmatch,2034.0,pred_log,Activated CD4 T,38,110,0.04417264371025247,0.01694506068916335,totalvi_pmatch
totalvi_pmatch,2034.0,pred_log,B doublets,77,110,0.12111040831032638,0.054457861168309404,totalvi_pmatch
totalvi_pmatch,2034.0,pred_log,B-CD4 T cell doublets,62,110,0.12892590319923639,0.0978040707944123,totalvi_pmatch
totalvi_pmatch,2034.0,pred_log,B-CD8 T cell doublets,50,110,0.10433178258252475,0.07570872120422484,totalvi_pmatch
totalvi_pmatch,2034.0,pred_log,B-macrophage doublets,74,110,0.19224678955826435,0.13081431864991688,totalvi_pmatch
totalvi_pmatch,2034.0,pred_log,B1 B,162,110,0.1510405963021923,0.040560031392181645,totalvi_pmatch
totalvi_pmatch,2034.0,pred_log,CD122+ CD8 T,258,110,0.0698648310946345,0.026449131479211803,totalvi_pmatch
totalvi_pmatch,2034.0,pred_log,CD4 T,1077,110,0.04648668776713593,0.00827216134679215,totalvi_pmatch
totalvi_pmatch,2034.0,pred_log,CD8 T,680,110,0.05630814783812888,0.02567146536544225,totalvi_pmatch
totalvi_pmatch,2034.0,pred_log,Cycling B/T cells,81,110,0.2870778173003442,0.19251008705391448,totalvi_pmatch
totalvi_pmatch,2034.0,pred_log,GD T,73,110,0.12033992491707537,0.0702686789175975,totalvi_pmatch
totalvi_pmatch,2034.0,pred_log,ICOS-high Tregs,91,110,0.18297076309657062,0.1409551634092452,totalvi_pmatch
totalvi_pmatch,2034.0,pred_log,Ifit3-high B,249,110,0.059956996246987415,0.0278373935242783,totalvi_pmatch
totalvi_pmatch,2034.0,pred_log,Ifit3-high CD4 T,132,110,0.04662865750143545,0.021962426290534097,totalvi_pmatch
totalvi_pmatch,2034.0,pred_log,Ifit3-high CD8 T,100,110,0.07861352230693062,0.061019051776690855,totalvi_pmatch
totalvi_pmatch,2034.0,pred_log,Low quality B cells,230,110,0.07521226384059305,0.0297684958602685,totalvi_pmatch
totalvi_pmatch,2034.0,pred_log,Low quality T cells,67,110,0.06088610987913805,0.01809405468449785,totalvi_pmatch
totalvi_pmatch,2034.0,pred_log,Ly6-high mono,77,110,0.2294749771377859,0.19176502896637543,totalvi_pmatch
totalvi_pmatch,2034.0,pred_log,MZ B,205,110,0.14716952034433123,0.073737498525771,totalvi_pmatch
totalvi_pmatch,2034.0,pred_log,MZ/Marco-high macrophages,36,110,0.17548576876213456,0.18687868564970833,totalvi_pmatch
totalvi_pmatch,2034.0,pred_log,Mature B,2408,110,0.09072394769483647,0.0181266970522093,totalvi_pmatch
totalvi_pmatch,2034.0,pred_log,NK,104,110,0.16435215817178184,0.15042198389263664,totalvi_pmatch
totalvi_pmatch,2034.0,pred_log,NKT,117,110,0.2169341070848452,0.1883875851411197,totalvi_pmatch
totalvi_pmatch,2034.0,pred_log,Neutrophils,112,110,0.1646184896637195,0.1280142650423709,totalvi_pmatch
totalvi_pmatch,2034.0,pred_log,Red-pulp macrophages,35,110,0.07751332849879422,0.06973814393045075,totalvi_pmatch
totalvi_pmatch,2034.0,pred_log,T doublets,55,110,0.12906433660534453,0.0798149763620124,totalvi_pmatch
totalvi_pmatch,2034.0,pred_log,Transitional B,580,110,0.12067975799537736,0.0161976118242791,totalvi_pmatch
totalvi_pmatch,2034.0,pred_log,Tregs,115,110,0.1329681612836084,0.09297475053710785,totalvi_pmatch
totalvi_pmatch,2034.0,pred_log,cDC1s,62,110,0.25734539906474396,0.23986477241123944,totalvi_pmatch
totalvi_pmatch,2034.0,pred_log,cDC2s,65,110,0.25733903094185934,0.2197023811980737,totalvi_pmatch
totalvi_pmatch,2034.0,pred_log,pDCs,30,110,0.10277395290880686,0.12463098364265054,totalvi_pmatch
totalvi_pmatch,2035.0,calibrated,Activated CD4 T,38,110,0.0784598625436403,0.055995996831492756,totalvi_pmatch
totalvi_pmatch,2035.0,calibrated,B doublets,77,110,0.16783448087674727,0.10850687199008571,totalvi_pmatch
totalvi_pmatch,2035.0,calibrated,B-CD4 T cell doublets,62,110,0.14122101756259414,0.1397344687283132,totalvi_pmatch
totalvi_pmatch,2035.0,calibrated,B-CD8 T cell doublets,50,110,0.1254048118918448,0.1098090547628668,totalvi_pmatch
totalvi_pmatch,2035.0,calibrated,B-macrophage doublets,74,110,0.22160097479037272,0.1962671034729688,totalvi_pmatch
totalvi_pmatch,2035.0,calibrated,B1 B,162,110,0.18891341081388835,0.08073244049933745,totalvi_pmatch
totalvi_pmatch,2035.0,calibrated,CD122+ CD8 T,258,110,0.12147649364559211,0.06980990739059426,totalvi_pmatch
totalvi_pmatch,2035.0,calibrated,CD4 T,1077,110,0.0825979729286532,0.0314557623542159,totalvi_pmatch
totalvi_pmatch,2035.0,calibrated,CD8 T,680,110,0.08073534391269054,0.03346900978740405,totalvi_pmatch
totalvi_pmatch,2035.0,calibrated,Cycling B/T cells,81,110,0.317403933813848,0.2436142692876585,totalvi_pmatch
totalvi_pmatch,2035.0,calibrated,GD T,73,110,0.174222542694395,0.143093473763136,totalvi_pmatch
totalvi_pmatch,2035.0,calibrated,ICOS-high Tregs,91,110,0.17676700667564357,0.12120889013735556,totalvi_pmatch
totalvi_pmatch,2035.0,calibrated,Ifit3-high B,249,110,0.08774360309726059,0.05097231660301545,totalvi_pmatch
totalvi_pmatch,2035.0,calibrated,Ifit3-high CD4 T,132,110,0.051224497392895675,0.025891786567837548,totalvi_pmatch
totalvi_pmatch,2035.0,calibrated,Ifit3-high CD8 T,100,110,0.11505494310344312,0.09760303074270725,totalvi_pmatch
totalvi_pmatch,2035.0,calibrated,Low quality B cells,230,110,0.10000336487284726,0.053994215354206496,totalvi_pmatch
totalvi_pmatch,2035.0,calibrated,Low quality T cells,67,110,0.09161952764766032,0.0732924374198906,totalvi_pmatch
totalvi_pmatch,2035.0,calibrated,Ly6-high mono,77,110,0.25913527872115777,0.23466998224694985,totalvi_pmatch
totalvi_pmatch,2035.0,calibrated,MZ B,205,110,0.17512987034104657,0.0745215549798575,totalvi_pmatch
totalvi_pmatch,2035.0,calibrated,MZ/Marco-high macrophages,36,110,0.2518778259872751,0.25367711144349187,totalvi_pmatch
totalvi_pmatch,2035.0,calibrated,Mature B,2408,110,0.11645113630386679,0.0370978796881844,totalvi_pmatch
totalvi_pmatch,2035.0,calibrated,NK,104,110,0.18970640047035928,0.17880616206345645,totalvi_pmatch
totalvi_pmatch,2035.0,calibrated,NKT,117,110,0.2748665750430649,0.24681540992882345,totalvi_pmatch
totalvi_pmatch,2035.0,calibrated,Neutrophils,112,110,0.18536437681983248,0.16478037652599858,totalvi_pmatch
totalvi_pmatch,2035.0,calibrated,Red-pulp macrophages,35,110,0.07135723748165133,0.0845332381027281,totalvi_pmatch
totalvi_pmatch,2035.0,calibrated,T doublets,55,110,0.18136048127194668,0.1517483641169444,totalvi_pmatch
totalvi_pmatch,2035.0,calibrated,Transitional B,580,110,0.1458146463355824,0.04483009497428365,totalvi_pmatch
totalvi_pmatch,2035.0,calibrated,Tregs,115,110,0.144951378896677,0.0875603723588112,totalvi_pmatch
totalvi_pmatch,2035.0,calibrated,cDC1s,62,110,0.29720285803932506,0.26222434133632566,totalvi_pmatch
totalvi_pmatch,2035.0,calibrated,cDC2s,65,110,0.2415361235204314,0.2057658027106572,totalvi_pmatch
totalvi_pmatch,2035.0,calibrated,pDCs,30,110,0.07263590406046415,0.06437044902684069,totalvi_pmatch
totalvi_pmatch,2035.0,log_mean,Activated CD4 T,38,110,0.0784598625436403,0.055995996831492756,totalvi_pmatch
totalvi_pmatch,2035.0,log_mean,B doublets,77,110,0.16783448087674727,0.10850687199008571,totalvi_pmatch
totalvi_pmatch,2035.0,log_mean,B-CD4 T cell doublets,62,110,0.14122101756259414,0.1397344687283132,totalvi_pmatch
totalvi_pmatch,2035.0,log_mean,B-CD8 T cell doublets,50,110,0.1254048118918448,0.1098090547628668,totalvi_pmatch
totalvi_pmatch,2035.0,log_mean,B-macrophage doublets,74,110,0.22160097479037272,0.1962671034729688,totalvi_pmatch
totalvi_pmatch,2035.0,log_mean,B1 B,162,110,0.18891341081388835,0.08073244049933745,totalvi_pmatch
totalvi_pmatch,2035.0,log_mean,CD122+ CD8 T,258,110,0.12147649364559211,0.06980990739059426,totalvi_pmatch
totalvi_pmatch,2035.0,log_mean,CD4 T,1077,110,0.0825979729286532,0.0314557623542159,totalvi_pmatch
totalvi_pmatch,2035.0,log_mean,CD8 T,680,110,0.08073534391269054,0.03346900978740405,totalvi_pmatch
totalvi_pmatch,2035.0,log_mean,Cycling B/T cells,81,110,0.317403933813848,0.2436142692876585,totalvi_pmatch
totalvi_pmatch,2035.0,log_mean,GD T,73,110,0.174222542694395,0.143093473763136,totalvi_pmatch
totalvi_pmatch,2035.0,log_mean,ICOS-high Tregs,91,110,0.17676700667564357,0.12120889013735556,totalvi_pmatch
totalvi_pmatch,2035.0,log_mean,Ifit3-high B,249,110,0.08774360309726059,0.05097231660301545,totalvi_pmatch
totalvi_pmatch,2035.0,log_mean,Ifit3-high CD4 T,132,110,0.051224497392895675,0.025891786567837548,totalvi_pmatch
totalvi_pmatch,2035.0,log_mean,Ifit3-high CD8 T,100,110,0.11505494310344312,0.09760303074270725,totalvi_pmatch
totalvi_pmatch,2035.0,log_mean,Low quality B cells,230,110,0.10000336487284726,0.053994215354206496,totalvi_pmatch
totalvi_pmatch,2035.0,log_mean,Low quality T cells,67,110,0.09161952764766032,0.0732924374198906,totalvi_pmatch
totalvi_pmatch,2035.0,log_mean,Ly6-high mono,77,110,0.25913527872115777,0.23466998224694985,totalvi_pmatch
totalvi_pmatch,2035.0,log_mean,MZ B,205,110,0.17512987034104657,0.0745215549798575,totalvi_pmatch
totalvi_pmatch,2035.0,log_mean,MZ/Marco-high macrophages,36,110,0.2518778259872751,0.25367711144349187,totalvi_pmatch
totalvi_pmatch,2035.0,log_mean,Mature B,2408,110,0.11645113630386679,0.0370978796881844,totalvi_pmatch
totalvi_pmatch,2035.0,log_mean,NK,104,110,0.18970640047035928,0.17880616206345645,totalvi_pmatch
totalvi_pmatch,2035.0,log_mean,NKT,117,110,0.2748665750430649,0.24681540992882345,totalvi_pmatch
totalvi_pmatch,2035.0,log_mean,Neutrophils,112,110,0.18536437681983248,0.16478037652599858,totalvi_pmatch
totalvi_pmatch,2035.0,log_mean,Red-pulp macrophages,35,110,0.07135723748165133,0.0845332381027281,totalvi_pmatch
totalvi_pmatch,2035.0,log_mean,T doublets,55,110,0.18136048127194668,0.1517483641169444,totalvi_pmatch
totalvi_pmatch,2035.0,log_mean,Transitional B,580,110,0.1458146463355824,0.04483009497428365,totalvi_pmatch
totalvi_pmatch,2035.0,log_mean,Tregs,115,110,0.144951378896677,0.0875603723588112,totalvi_pmatch
totalvi_pmatch,2035.0,log_mean,cDC1s,62,110,0.29720285803932506,0.26222434133632566,totalvi_pmatch
totalvi_pmatch,2035.0,log_mean,cDC2s,65,110,0.2415361235204314,0.2057658027106572,totalvi_pmatch
totalvi_pmatch,2035.0,log_mean,pDCs,30,110,0.07263590406046415,0.06437044902684069,totalvi_pmatch
totalvi_pmatch,2035.0,pred_log,Activated CD4 T,38,110,0.0701056493270693,0.07454677958718915,totalvi_pmatch
totalvi_pmatch,2035.0,pred_log,B doublets,77,110,0.11045641947511557,0.0180505832561125,totalvi_pmatch
totalvi_pmatch,2035.0,pred_log,B-CD4 T cell doublets,62,110,0.10794073940435528,0.0943967041371178,totalvi_pmatch
totalvi_pmatch,2035.0,pred_log,B-CD8 T cell doublets,50,110,0.10334601197010618,0.07417234938555614,totalvi_pmatch
totalvi_pmatch,2035.0,pred_log,B-macrophage doublets,74,110,0.22529629019457587,0.18069140442439424,totalvi_pmatch
totalvi_pmatch,2035.0,pred_log,B1 B,162,110,0.16387941775764242,0.05386137871802685,totalvi_pmatch
totalvi_pmatch,2035.0,pred_log,CD122+ CD8 T,258,110,0.09014513178811688,0.0359733523913965,totalvi_pmatch
totalvi_pmatch,2035.0,pred_log,CD4 T,1077,110,0.052102941812630595,0.01274991009966765,totalvi_pmatch
totalvi_pmatch,2035.0,pred_log,CD8 T,680,110,0.05647824950395117,0.03123420628359975,totalvi_pmatch
totalvi_pmatch,2035.0,pred_log,Cycling B/T cells,81,110,0.30225936570726,0.19833289118798264,totalvi_pmatch
totalvi_pmatch,2035.0,pred_log,GD T,73,110,0.14828171984576355,0.12805173374720663,totalvi_pmatch
totalvi_pmatch,2035.0,pred_log,ICOS-high Tregs,91,110,0.14982819009935583,0.11141236217233655,totalvi_pmatch
totalvi_pmatch,2035.0,pred_log,Ifit3-high B,249,110,0.06961992830930606,0.0461390592165208,totalvi_pmatch
totalvi_pmatch,2035.0,pred_log,Ifit3-high CD4 T,132,110,0.030954535503374882,0.01581414078358635,totalvi_pmatch
totalvi_pmatch,2035.0,pred_log,Ifit3-high CD8 T,100,110,0.06966127233703935,0.05264778812348545,totalvi_pmatch
totalvi_pmatch,2035.0,pred_log,Low quality B cells,230,110,0.06784718801075704,0.02920117813256945,totalvi_pmatch
totalvi_pmatch,2035.0,pred_log,Low quality T cells,67,110,0.08533381982749498,0.06312376325864624,totalvi_pmatch
totalvi_pmatch,2035.0,pred_log,Ly6-high mono,77,110,0.20921673170783267,0.16684302672359824,totalvi_pmatch
totalvi_pmatch,2035.0,pred_log,MZ B,205,110,0.1415955013231926,0.05234347993054325,totalvi_pmatch
totalvi_pmatch,2035.0,pred_log,MZ/Marco-high macrophages,36,110,0.2014530317133602,0.1841537368963566,totalvi_pmatch
totalvi_pmatch,2035.0,pred_log,Mature B,2408,110,0.08373985512479339,0.01153384107018915,totalvi_pmatch
totalvi_pmatch,2035.0,pred_log,NK,104,110,0.16901774489579705,0.1435728563012048,totalvi_pmatch
totalvi_pmatch,2035.0,pred_log,NKT,117,110,0.22189836373657548,0.1746685802184422,totalvi_pmatch
totalvi_pmatch,2035.0,pred_log,Neutrophils,112,110,0.1616177001652468,0.13744033007148382,totalvi_pmatch
totalvi_pmatch,2035.0,pred_log,Red-pulp macrophages,35,110,0.0751721490223063,0.06827167687624405,totalvi_pmatch
totalvi_pmatch,2035.0,pred_log,T doublets,55,110,0.1450693244384876,0.09349938329659485,totalvi_pmatch
totalvi_pmatch,2035.0,pred_log,Transitional B,580,110,0.1195586010370002,0.016920693516317753,totalvi_pmatch
totalvi_pmatch,2035.0,pred_log,Tregs,115,110,0.12338888840771338,0.059982745890621955,totalvi_pmatch
totalvi_pmatch,2035.0,pred_log,cDC1s,62,110,0.2626362648958764,0.22471642773381834,totalvi_pmatch
totalvi_pmatch,2035.0,pred_log,cDC2s,65,110,0.23268983556603362,0.17861041368566194,totalvi_pmatch
totalvi_pmatch,2035.0,pred_log,pDCs,30,110,0.052297075502360076,0.0607146545881272,totalvi_pmatch
totalvi_pmatch,2036.0,calibrated,Activated CD4 T,38,110,0.10071469427601278,0.06196149814846655,totalvi_pmatch
totalvi_pmatch,2036.0,calibrated,B doublets,77,110,0.15494286990880746,0.1114000106096711,totalvi_pmatch
totalvi_pmatch,2036.0,calibrated,B-CD4 T cell doublets,62,110,0.15469440734657725,0.1631150792236466,totalvi_pmatch
totalvi_pmatch,2036.0,calibrated,B-CD8 T cell doublets,50,110,0.1274079638527192,0.09685229964058614,totalvi_pmatch
totalvi_pmatch,2036.0,calibrated,B-macrophage doublets,74,110,0.21495609984498665,0.18440725320417875,totalvi_pmatch
totalvi_pmatch,2036.0,calibrated,B1 B,162,110,0.182860582633197,0.0728609252749459,totalvi_pmatch
totalvi_pmatch,2036.0,calibrated,CD122+ CD8 T,258,110,0.11537863751180764,0.05911226458829285,totalvi_pmatch
totalvi_pmatch,2036.0,calibrated,CD4 T,1077,110,0.08693379685180196,0.031852113634437254,totalvi_pmatch
totalvi_pmatch,2036.0,calibrated,CD8 T,680,110,0.08230076444359824,0.029763008003731453,totalvi_pmatch
totalvi_pmatch,2036.0,calibrated,Cycling B/T cells,81,110,0.3263566740069882,0.2554110341814973,totalvi_pmatch
totalvi_pmatch,2036.0,calibrated,GD T,73,110,0.17065249901883697,0.143789000180011,totalvi_pmatch
totalvi_pmatch,2036.0,calibrated,ICOS-high Tregs,91,110,0.17657671158511748,0.14245236833273955,totalvi_pmatch
totalvi_pmatch,2036.0,calibrated,Ifit3-high B,249,110,0.0942605604510411,0.0507521457443553,totalvi_pmatch
totalvi_pmatch,2036.0,calibrated,Ifit3-high CD4 T,132,110,0.07308403324022719,0.06543710278282969,totalvi_pmatch
totalvi_pmatch,2036.0,calibrated,Ifit3-high CD8 T,100,110,0.10468281220218921,0.0728792851719496,totalvi_pmatch
totalvi_pmatch,2036.0,calibrated,Low quality B cells,230,110,0.09655788850952877,0.0508831537241685,totalvi_pmatch
totalvi_pmatch,2036.0,calibrated,Low quality T cells,67,110,0.10406561464852179,0.085381054432473,totalvi_pmatch
totalvi_pmatch,2036.0,calibrated,Ly6-high mono,77,110,0.23427731233296312,0.191890322600307,totalvi_pmatch
totalvi_pmatch,2036.0,calibrated,MZ B,205,110,0.17984442338014006,0.08181890369387584,totalvi_pmatch
totalvi_pmatch,2036.0,calibrated,MZ/Marco-high macrophages,36,110,0.22453878521188075,0.22892911635546925,totalvi_pmatch
totalvi_pmatch,2036.0,calibrated,Mature B,2408,110,0.1153782782564821,0.03865951398705015,totalvi_pmatch
totalvi_pmatch,2036.0,calibrated,NK,104,110,0.19192887143538367,0.1916973908713128,totalvi_pmatch
totalvi_pmatch,2036.0,calibrated,NKT,117,110,0.27324533074373303,0.2396813407974261,totalvi_pmatch
totalvi_pmatch,2036.0,calibrated,Neutrophils,112,110,0.19548638848402478,0.176660242751175,totalvi_pmatch
totalvi_pmatch,2036.0,calibrated,Red-pulp macrophages,35,110,0.06701238091814238,0.0765548016361858,totalvi_pmatch
totalvi_pmatch,2036.0,calibrated,T doublets,55,110,0.1612300321590185,0.09820207780947765,totalvi_pmatch
totalvi_pmatch,2036.0,calibrated,Transitional B,580,110,0.13742504765010957,0.02474095778490295,totalvi_pmatch
totalvi_pmatch,2036.0,calibrated,Tregs,115,110,0.144161143183945,0.09926095080745895,totalvi_pmatch
totalvi_pmatch,2036.0,calibrated,cDC1s,62,110,0.28169681301804195,0.2420576854114891,totalvi_pmatch
totalvi_pmatch,2036.0,calibrated,cDC2s,65,110,0.2799534547082158,0.27212070260466537,totalvi_pmatch
totalvi_pmatch,2036.0,calibrated,pDCs,30,110,0.08411863257038861,0.08825755625560365,totalvi_pmatch
totalvi_pmatch,2036.0,log_mean,Activated CD4 T,38,110,0.10071469427601278,0.06196149814846655,totalvi_pmatch
totalvi_pmatch,2036.0,log_mean,B doublets,77,110,0.15494286990880746,0.1114000106096711,totalvi_pmatch
totalvi_pmatch,2036.0,log_mean,B-CD4 T cell doublets,62,110,0.15469440734657725,0.1631150792236466,totalvi_pmatch
totalvi_pmatch,2036.0,log_mean,B-CD8 T cell doublets,50,110,0.1274079638527192,0.09685229964058614,totalvi_pmatch
totalvi_pmatch,2036.0,log_mean,B-macrophage doublets,74,110,0.21495609984498665,0.18440725320417875,totalvi_pmatch
totalvi_pmatch,2036.0,log_mean,B1 B,162,110,0.182860582633197,0.0728609252749459,totalvi_pmatch
totalvi_pmatch,2036.0,log_mean,CD122+ CD8 T,258,110,0.11537863751180764,0.05911226458829285,totalvi_pmatch
totalvi_pmatch,2036.0,log_mean,CD4 T,1077,110,0.08693379685180196,0.031852113634437254,totalvi_pmatch
totalvi_pmatch,2036.0,log_mean,CD8 T,680,110,0.08230076444359824,0.029763008003731453,totalvi_pmatch
totalvi_pmatch,2036.0,log_mean,Cycling B/T cells,81,110,0.3263566740069882,0.2554110341814973,totalvi_pmatch
totalvi_pmatch,2036.0,log_mean,GD T,73,110,0.17065249901883697,0.143789000180011,totalvi_pmatch
totalvi_pmatch,2036.0,log_mean,ICOS-high Tregs,91,110,0.17657671158511748,0.14245236833273955,totalvi_pmatch
totalvi_pmatch,2036.0,log_mean,Ifit3-high B,249,110,0.0942605604510411,0.0507521457443553,totalvi_pmatch
totalvi_pmatch,2036.0,log_mean,Ifit3-high CD4 T,132,110,0.07308403324022719,0.06543710278282969,totalvi_pmatch
totalvi_pmatch,2036.0,log_mean,Ifit3-high CD8 T,100,110,0.10468281220218921,0.0728792851719496,totalvi_pmatch
totalvi_pmatch,2036.0,log_mean,Low quality B cells,230,110,0.09655788850952877,0.0508831537241685,totalvi_pmatch
totalvi_pmatch,2036.0,log_mean,Low quality T cells,67,110,0.10406561464852179,0.085381054432473,totalvi_pmatch
totalvi_pmatch,2036.0,log_mean,Ly6-high mono,77,110,0.23427731233296312,0.191890322600307,totalvi_pmatch
totalvi_pmatch,2036.0,log_mean,MZ B,205,110,0.17984442338014006,0.08181890369387584,totalvi_pmatch
totalvi_pmatch,2036.0,log_mean,MZ/Marco-high macrophages,36,110,0.22453878521188075,0.22892911635546925,totalvi_pmatch
totalvi_pmatch,2036.0,log_mean,Mature B,2408,110,0.1153782782564821,0.03865951398705015,totalvi_pmatch
totalvi_pmatch,2036.0,log_mean,NK,104,110,0.19192887143538367,0.1916973908713128,totalvi_pmatch
totalvi_pmatch,2036.0,log_mean,NKT,117,110,0.27324533074373303,0.2396813407974261,totalvi_pmatch
totalvi_pmatch,2036.0,log_mean,Neutrophils,112,110,0.19548638848402478,0.176660242751175,totalvi_pmatch
totalvi_pmatch,2036.0,log_mean,Red-pulp macrophages,35,110,0.06701238091814238,0.0765548016361858,totalvi_pmatch
totalvi_pmatch,2036.0,log_mean,T doublets,55,110,0.1612300321590185,0.09820207780947765,totalvi_pmatch
totalvi_pmatch,2036.0,log_mean,Transitional B,580,110,0.13742504765010957,0.02474095778490295,totalvi_pmatch
totalvi_pmatch,2036.0,log_mean,Tregs,115,110,0.144161143183945,0.09926095080745895,totalvi_pmatch
totalvi_pmatch,2036.0,log_mean,cDC1s,62,110,0.28169681301804195,0.2420576854114891,totalvi_pmatch
totalvi_pmatch,2036.0,log_mean,cDC2s,65,110,0.2799534547082158,0.27212070260466537,totalvi_pmatch
totalvi_pmatch,2036.0,log_mean,pDCs,30,110,0.08411863257038861,0.08825755625560365,totalvi_pmatch
totalvi_pmatch,2036.0,pred_log,Activated CD4 T,38,110,0.07951795589503295,0.0783043982469922,totalvi_pmatch
totalvi_pmatch,2036.0,pred_log,B doublets,77,110,0.11840551321930849,0.04156859389214805,totalvi_pmatch
totalvi_pmatch,2036.0,pred_log,B-CD4 T cell doublets,62,110,0.12156321361482883,0.12310836580300445,totalvi_pmatch
totalvi_pmatch,2036.0,pred_log,B-CD8 T cell doublets,50,110,0.11447182622833894,0.10210140054750864,totalvi_pmatch
totalvi_pmatch,2036.0,pred_log,B-macrophage doublets,74,110,0.19895884107535175,0.16144335857644276,totalvi_pmatch
totalvi_pmatch,2036.0,pred_log,B1 B,162,110,0.16806140940062053,0.07691251056486464,totalvi_pmatch
totalvi_pmatch,2036.0,pred_log,CD122+ CD8 T,258,110,0.08374926060221209,0.035794153053503,totalvi_pmatch
totalvi_pmatch,2036.0,pred_log,CD4 T,1077,110,0.05652783509570264,0.01786193346409685,totalvi_pmatch
totalvi_pmatch,2036.0,pred_log,CD8 T,680,110,0.06167978365179338,0.03386858205766395,totalvi_pmatch
totalvi_pmatch,2036.0,pred_log,Cycling B/T cells,81,110,0.2920888431212315,0.17875018095699904,totalvi_pmatch
totalvi_pmatch,2036.0,pred_log,GD T,73,110,0.1537632361226016,0.11349951132636049,totalvi_pmatch
totalvi_pmatch,2036.0,pred_log,ICOS-high Tregs,91,110,0.14564994212619606,0.1300649036373632,totalvi_pmatch
totalvi_pmatch,2036.0,pred_log,Ifit3-high B,249,110,0.06642423456589626,0.0271913407300579,totalvi_pmatch
totalvi_pmatch,2036.0,pred_log,Ifit3-high CD4 T,132,110,0.027907817799878998,0.01283270914643455,totalvi_pmatch
totalvi_pmatch,2036.0,pred_log,Ifit3-high CD8 T,100,110,0.058866916045891345,0.0365066661170031,totalvi_pmatch
totalvi_pmatch,2036.0,pred_log,Low quality B cells,230,110,0.07656899011068641,0.03592645579600475,totalvi_pmatch
totalvi_pmatch,2036.0,pred_log,Low quality T cells,67,110,0.06918532458190428,0.05885399142222815,totalvi_pmatch
totalvi_pmatch,2036.0,pred_log,Ly6-high mono,77,110,0.19424090258611781,0.1612573734857558,totalvi_pmatch
totalvi_pmatch,2036.0,pred_log,MZ B,205,110,0.1396894313899229,0.06617564676932135,totalvi_pmatch
totalvi_pmatch,2036.0,pred_log,MZ/Marco-high macrophages,36,110,0.18573608601988928,0.19338066945036647,totalvi_pmatch
totalvi_pmatch,2036.0,pred_log,Mature B,2408,110,0.08585457151025531,0.010804429768878701,totalvi_pmatch
totalvi_pmatch,2036.0,pred_log,NK,104,110,0.16541020504643678,0.14614582145596638,totalvi_pmatch
totalvi_pmatch,2036.0,pred_log,NKT,117,110,0.22197563590352523,0.1913544857350487,totalvi_pmatch
totalvi_pmatch,2036.0,pred_log,Neutrophils,112,110,0.16149573401540232,0.12936194651138772,totalvi_pmatch
totalvi_pmatch,2036.0,pred_log,Red-pulp macrophages,35,110,0.08064752846610697,0.1146753324763289,totalvi_pmatch
totalvi_pmatch,2036.0,pred_log,T doublets,55,110,0.14185473716593905,0.0955654950690734,totalvi_pmatch
totalvi_pmatch,2036.0,pred_log,Transitional B,580,110,0.12244360665995382,0.03631051489541915,totalvi_pmatch
totalvi_pmatch,2036.0,pred_log,Tregs,115,110,0.11987754363753465,0.07745071985728215,totalvi_pmatch
totalvi_pmatch,2036.0,pred_log,cDC1s,62,110,0.2830989484473336,0.22293245720236454,totalvi_pmatch
totalvi_pmatch,2036.0,pred_log,cDC2s,65,110,0.25974223330844676,0.2449873649415786,totalvi_pmatch
totalvi_pmatch,2036.0,pred_log,pDCs,30,110,0.05112915985861197,0.061663822063086154,totalvi_pmatch
totalvi_pmatch,2037.0,calibrated,Activated CD4 T,38,110,0.11229011170745377,0.09359938026557399,totalvi_pmatch
totalvi_pmatch,2037.0,calibrated,B doublets,77,110,0.1517965455796349,0.09394230279100585,totalvi_pmatch
totalvi_pmatch,2037.0,calibrated,B-CD4 T cell doublets,62,110,0.14973125144395114,0.15372104491215827,totalvi_pmatch
totalvi_pmatch,2037.0,calibrated,B-CD8 T cell doublets,50,110,0.09421342143605473,0.0800621722201531,totalvi_pmatch
totalvi_pmatch,2037.0,calibrated,B-macrophage doublets,74,110,0.20070587161115425,0.1452019793117052,totalvi_pmatch
totalvi_pmatch,2037.0,calibrated,B1 B,162,110,0.18570706417731353,0.08937040624662845,totalvi_pmatch
totalvi_pmatch,2037.0,calibrated,CD122+ CD8 T,258,110,0.1149383853932192,0.0616016282151836,totalvi_pmatch
totalvi_pmatch,2037.0,calibrated,CD4 T,1077,110,0.08829074863371131,0.0322118638250337,totalvi_pmatch
totalvi_pmatch,2037.0,calibrated,CD8 T,680,110,0.07915445127640569,0.040430491807535704,totalvi_pmatch
totalvi_pmatch,2037.0,calibrated,Cycling B/T cells,81,110,0.3061369378896692,0.2199891453663833,totalvi_pmatch
totalvi_pmatch,2037.0,calibrated,GD T,73,110,0.17356798360804013,0.1539559467934897,totalvi_pmatch
totalvi_pmatch,2037.0,calibrated,ICOS-high Tregs,91,110,0.1875415133493057,0.13443421026711466,totalvi_pmatch
totalvi_pmatch,2037.0,calibrated,Ifit3-high B,249,110,0.09367593416415976,0.0553901753381551,totalvi_pmatch
totalvi_pmatch,2037.0,calibrated,Ifit3-high CD4 T,132,110,0.05463713204281161,0.0207308967825631,totalvi_pmatch
totalvi_pmatch,2037.0,calibrated,Ifit3-high CD8 T,100,110,0.1117110081739645,0.10310668518673696,totalvi_pmatch
totalvi_pmatch,2037.0,calibrated,Low quality B cells,230,110,0.1036971476087511,0.06109015361991681,totalvi_pmatch
totalvi_pmatch,2037.0,calibrated,Low quality T cells,67,110,0.10724093732769065,0.08911172657748939,totalvi_pmatch
totalvi_pmatch,2037.0,calibrated,Ly6-high mono,77,110,0.25535322940416066,0.232881158859905,totalvi_pmatch
totalvi_pmatch,2037.0,calibrated,MZ B,205,110,0.17177202688735407,0.07026989030932795,totalvi_pmatch
totalvi_pmatch,2037.0,calibrated,MZ/Marco-high macrophages,36,110,0.25090547322100226,0.26121281587389733,totalvi_pmatch
totalvi_pmatch,2037.0,calibrated,Mature B,2408,110,0.11934022740442506,0.037748436864415105,totalvi_pmatch
totalvi_pmatch,2037.0,calibrated,NK,104,110,0.20223635857177863,0.18806107852978649,totalvi_pmatch
totalvi_pmatch,2037.0,calibrated,NKT,117,110,0.2905676376902074,0.29473672178135873,totalvi_pmatch
totalvi_pmatch,2037.0,calibrated,Neutrophils,112,110,0.20984385334257,0.1797384489995696,totalvi_pmatch
totalvi_pmatch,2037.0,calibrated,Red-pulp macrophages,35,110,0.059275830715317696,0.05938069814497195,totalvi_pmatch
totalvi_pmatch,2037.0,calibrated,T doublets,55,110,0.18516345017261085,0.12396564127199444,totalvi_pmatch
totalvi_pmatch,2037.0,calibrated,Transitional B,580,110,0.1428578993893469,0.0412024265135465,totalvi_pmatch
totalvi_pmatch,2037.0,calibrated,Tregs,115,110,0.16491377634845036,0.13381595620700154,totalvi_pmatch
totalvi_pmatch,2037.0,calibrated,cDC1s,62,110,0.29503652674907127,0.2682004374544526,totalvi_pmatch
totalvi_pmatch,2037.0,calibrated,cDC2s,65,110,0.24687433442289147,0.2203233255358012,totalvi_pmatch
totalvi_pmatch,2037.0,calibrated,pDCs,30,110,0.142144159210152,0.13800482330547748,totalvi_pmatch
totalvi_pmatch,2037.0,log_mean,Activated CD4 T,38,110,0.11229011170745377,0.09359938026557399,totalvi_pmatch
totalvi_pmatch,2037.0,log_mean,B doublets,77,110,0.1517965455796349,0.09394230279100585,totalvi_pmatch
totalvi_pmatch,2037.0,log_mean,B-CD4 T cell doublets,62,110,0.14973125144395114,0.15372104491215827,totalvi_pmatch
totalvi_pmatch,2037.0,log_mean,B-CD8 T cell doublets,50,110,0.09421342143605473,0.0800621722201531,totalvi_pmatch
totalvi_pmatch,2037.0,log_mean,B-macrophage doublets,74,110,0.20070587161115425,0.1452019793117052,totalvi_pmatch
totalvi_pmatch,2037.0,log_mean,B1 B,162,110,0.18570706417731353,0.08937040624662845,totalvi_pmatch
totalvi_pmatch,2037.0,log_mean,CD122+ CD8 T,258,110,0.1149383853932192,0.0616016282151836,totalvi_pmatch
totalvi_pmatch,2037.0,log_mean,CD4 T,1077,110,0.08829074863371131,0.0322118638250337,totalvi_pmatch
totalvi_pmatch,2037.0,log_mean,CD8 T,680,110,0.07915445127640569,0.040430491807535704,totalvi_pmatch
totalvi_pmatch,2037.0,log_mean,Cycling B/T cells,81,110,0.3061369378896692,0.2199891453663833,totalvi_pmatch
totalvi_pmatch,2037.0,log_mean,GD T,73,110,0.17356798360804013,0.1539559467934897,totalvi_pmatch
totalvi_pmatch,2037.0,log_mean,ICOS-high Tregs,91,110,0.1875415133493057,0.13443421026711466,totalvi_pmatch
totalvi_pmatch,2037.0,log_mean,Ifit3-high B,249,110,0.09367593416415976,0.0553901753381551,totalvi_pmatch
totalvi_pmatch,2037.0,log_mean,Ifit3-high CD4 T,132,110,0.05463713204281161,0.0207308967825631,totalvi_pmatch
totalvi_pmatch,2037.0,log_mean,Ifit3-high CD8 T,100,110,0.1117110081739645,0.10310668518673696,totalvi_pmatch
totalvi_pmatch,2037.0,log_mean,Low quality B cells,230,110,0.1036971476087511,0.06109015361991681,totalvi_pmatch
totalvi_pmatch,2037.0,log_mean,Low quality T cells,67,110,0.10724093732769065,0.08911172657748939,totalvi_pmatch
totalvi_pmatch,2037.0,log_mean,Ly6-high mono,77,110,0.25535322940416066,0.232881158859905,totalvi_pmatch
totalvi_pmatch,2037.0,log_mean,MZ B,205,110,0.17177202688735407,0.07026989030932795,totalvi_pmatch
totalvi_pmatch,2037.0,log_mean,MZ/Marco-high macrophages,36,110,0.25090547322100226,0.26121281587389733,totalvi_pmatch
totalvi_pmatch,2037.0,log_mean,Mature B,2408,110,0.11934022740442506,0.037748436864415105,totalvi_pmatch
totalvi_pmatch,2037.0,log_mean,NK,104,110,0.20223635857177863,0.18806107852978649,totalvi_pmatch
totalvi_pmatch,2037.0,log_mean,NKT,117,110,0.2905676376902074,0.29473672178135873,totalvi_pmatch
totalvi_pmatch,2037.0,log_mean,Neutrophils,112,110,0.20984385334257,0.1797384489995696,totalvi_pmatch
totalvi_pmatch,2037.0,log_mean,Red-pulp macrophages,35,110,0.059275830715317696,0.05938069814497195,totalvi_pmatch
totalvi_pmatch,2037.0,log_mean,T doublets,55,110,0.18516345017261085,0.12396564127199444,totalvi_pmatch
totalvi_pmatch,2037.0,log_mean,Transitional B,580,110,0.1428578993893469,0.0412024265135465,totalvi_pmatch
totalvi_pmatch,2037.0,log_mean,Tregs,115,110,0.16491377634845036,0.13381595620700154,totalvi_pmatch
totalvi_pmatch,2037.0,log_mean,cDC1s,62,110,0.29503652674907127,0.2682004374544526,totalvi_pmatch
totalvi_pmatch,2037.0,log_mean,cDC2s,65,110,0.24687433442289147,0.2203233255358012,totalvi_pmatch
totalvi_pmatch,2037.0,log_mean,pDCs,30,110,0.142144159210152,0.13800482330547748,totalvi_pmatch
totalvi_pmatch,2037.0,pred_log,Activated CD4 T,38,110,0.09388197760384423,0.0707484699001806,totalvi_pmatch
totalvi_pmatch,2037.0,pred_log,B doublets,77,110,0.13540512179864422,0.09657513870507585,totalvi_pmatch
totalvi_pmatch,2037.0,pred_log,B-CD4 T cell doublets,62,110,0.128871501744339,0.12290579046211131,totalvi_pmatch
totalvi_pmatch,2037.0,pred_log,B-CD8 T cell doublets,50,110,0.06448269962097272,0.043915096147564794,totalvi_pmatch
totalvi_pmatch,2037.0,pred_log,B-macrophage doublets,74,110,0.19763627956918103,0.15683617393352015,totalvi_pmatch
totalvi_pmatch,2037.0,pred_log,B1 B,162,110,0.16957828590931023,0.0840673337093138,totalvi_pmatch
totalvi_pmatch,2037.0,pred_log,CD122+ CD8 T,258,110,0.09037752473094636,0.037016679484905696,totalvi_pmatch
totalvi_pmatch,2037.0,pred_log,CD4 T,1077,110,0.05786707339581126,0.0203312593324808,totalvi_pmatch
totalvi_pmatch,2037.0,pred_log,CD8 T,680,110,0.0599631745148688,0.03209700516017565,totalvi_pmatch
totalvi_pmatch,2037.0,pred_log,Cycling B/T cells,81,110,0.2768480404995696,0.17845897268728383,totalvi_pmatch
totalvi_pmatch,2037.0,pred_log,GD T,73,110,0.15661452981913673,0.12881747140467914,totalvi_pmatch
totalvi_pmatch,2037.0,pred_log,ICOS-high Tregs,91,110,0.15884439639946027,0.0957394509262702,totalvi_pmatch
totalvi_pmatch,2037.0,pred_log,Ifit3-high B,249,110,0.06930810952266964,0.02591461978882825,totalvi_pmatch
totalvi_pmatch,2037.0,pred_log,Ifit3-high CD4 T,132,110,0.039705246300950806,0.0344231002490389,totalvi_pmatch
totalvi_pmatch,2037.0,pred_log,Ifit3-high CD8 T,100,110,0.06317289364422699,0.05140471352378565,totalvi_pmatch
totalvi_pmatch,2037.0,pred_log,Low quality B cells,230,110,0.08250666673495173,0.0404932555403903,totalvi_pmatch
totalvi_pmatch,2037.0,pred_log,Low quality T cells,67,110,0.08294191374916138,0.0391392054273016,totalvi_pmatch
totalvi_pmatch,2037.0,pred_log,Ly6-high mono,77,110,0.21472609509351687,0.17943441386541736,totalvi_pmatch
totalvi_pmatch,2037.0,pred_log,MZ B,205,110,0.14055938722095704,0.061115346058457795,totalvi_pmatch
totalvi_pmatch,2037.0,pred_log,MZ/Marco-high macrophages,36,110,0.20921886271859988,0.23264243425054898,totalvi_pmatch
totalvi_pmatch,2037.0,pred_log,Mature B,2408,110,0.08937763459190338,0.01920270728436485,totalvi_pmatch
totalvi_pmatch,2037.0,pred_log,NK,104,110,0.1603260159216172,0.16963310670166165,totalvi_pmatch
totalvi_pmatch,2037.0,pred_log,NKT,117,110,0.22721444446652037,0.2015082253499137,totalvi_pmatch
totalvi_pmatch,2037.0,pred_log,Neutrophils,112,110,0.17001008005280716,0.1331397610312261,totalvi_pmatch
totalvi_pmatch,2037.0,pred_log,Red-pulp macrophages,35,110,0.07437600690297043,0.07485328392875726,totalvi_pmatch
totalvi_pmatch,2037.0,pred_log,T doublets,55,110,0.12105456312096978,0.08738677488162094,totalvi_pmatch
totalvi_pmatch,2037.0,pred_log,Transitional B,580,110,0.11794422114478602,0.0235785851107783,totalvi_pmatch
totalvi_pmatch,2037.0,pred_log,Tregs,115,110,0.12472983814693389,0.07239497810158166,totalvi_pmatch
totalvi_pmatch,2037.0,pred_log,cDC1s,62,110,0.26614222498382345,0.22604060049509644,totalvi_pmatch
totalvi_pmatch,2037.0,pred_log,cDC2s,65,110,0.23575649978314192,0.18491646052128746,totalvi_pmatch
totalvi_pmatch,2037.0,pred_log,pDCs,30,110,0.11062607900676001,0.11089386946941429,totalvi_pmatch
totalvi_pmatch,2038.0,calibrated,Activated CD4 T,38,110,0.1298997915335011,0.10896416315747434,totalvi_pmatch
totalvi_pmatch,2038.0,calibrated,B doublets,77,110,0.1465997568611111,0.08297169923011055,totalvi_pmatch
totalvi_pmatch,2038.0,calibrated,B-CD4 T cell doublets,62,110,0.160911652841347,0.14606503677363494,totalvi_pmatch
totalvi_pmatch,2038.0,calibrated,B-CD8 T cell doublets,50,110,0.10955660717875208,0.0773591889864893,totalvi_pmatch
totalvi_pmatch,2038.0,calibrated,B-macrophage doublets,74,110,0.20115033775734548,0.14106047755919104,totalvi_pmatch
totalvi_pmatch,2038.0,calibrated,B1 B,162,110,0.19569888245243458,0.1000679755388077,totalvi_pmatch
totalvi_pmatch,2038.0,calibrated,CD122+ CD8 T,258,110,0.1173987957415384,0.05731759029701555,totalvi_pmatch
totalvi_pmatch,2038.0,calibrated,CD4 T,1077,110,0.08423451664976134,0.03332762112077195,totalvi_pmatch
totalvi_pmatch,2038.0,calibrated,CD8 T,680,110,0.07947335888256943,0.04370525936846885,totalvi_pmatch
totalvi_pmatch,2038.0,calibrated,Cycling B/T cells,81,110,0.3268038522684299,0.24671738670263355,totalvi_pmatch
totalvi_pmatch,2038.0,calibrated,GD T,73,110,0.17793980211092233,0.1395116395944606,totalvi_pmatch
totalvi_pmatch,2038.0,calibrated,ICOS-high Tregs,91,110,0.19388351429470746,0.1517532416495651,totalvi_pmatch
totalvi_pmatch,2038.0,calibrated,Ifit3-high B,249,110,0.10172529974195478,0.0579831821970752,totalvi_pmatch
totalvi_pmatch,2038.0,calibrated,Ifit3-high CD4 T,132,110,0.06660646422085016,0.05066569877885725,totalvi_pmatch
totalvi_pmatch,2038.0,calibrated,Ifit3-high CD8 T,100,110,0.10227527590645842,0.07737772784138491,totalvi_pmatch
totalvi_pmatch,2038.0,calibrated,Low quality B cells,230,110,0.09770041571188604,0.06217074974133349,totalvi_pmatch
totalvi_pmatch,2038.0,calibrated,Low quality T cells,67,110,0.09612629549524097,0.0614974098035002,totalvi_pmatch
totalvi_pmatch,2038.0,calibrated,Ly6-high mono,77,110,0.2572146693598865,0.2335578232212995,totalvi_pmatch
totalvi_pmatch,2038.0,calibrated,MZ B,205,110,0.16718848492643026,0.08907073108400634,totalvi_pmatch
totalvi_pmatch,2038.0,calibrated,MZ/Marco-high macrophages,36,110,0.23894594129952101,0.24548334012574125,totalvi_pmatch
totalvi_pmatch,2038.0,calibrated,Mature B,2408,110,0.115600804079108,0.02932826254225275,totalvi_pmatch
totalvi_pmatch,2038.0,calibrated,NK,104,110,0.1954904321409659,0.1683535574151663,totalvi_pmatch
totalvi_pmatch,2038.0,calibrated,NKT,117,110,0.27355655348397784,0.2507334150102905,totalvi_pmatch
totalvi_pmatch,2038.0,calibrated,Neutrophils,112,110,0.2155330716565732,0.1864861074218227,totalvi_pmatch
totalvi_pmatch,2038.0,calibrated,Red-pulp macrophages,35,110,0.08453683108364954,0.09459472242778999,totalvi_pmatch
totalvi_pmatch,2038.0,calibrated,T doublets,55,110,0.17266266198819927,0.1297130805048185,totalvi_pmatch
totalvi_pmatch,2038.0,calibrated,Transitional B,580,110,0.14394696555825773,0.036618404009358646,totalvi_pmatch
totalvi_pmatch,2038.0,calibrated,Tregs,115,110,0.16524726579932608,0.11582524862824785,totalvi_pmatch
totalvi_pmatch,2038.0,calibrated,cDC1s,62,110,0.29893730885504444,0.2666961206663455,totalvi_pmatch
totalvi_pmatch,2038.0,calibrated,cDC2s,65,110,0.26650055966011765,0.24796480235057405,totalvi_pmatch
totalvi_pmatch,2038.0,calibrated,pDCs,30,110,0.12973625010525677,0.10805951998650826,totalvi_pmatch
totalvi_pmatch,2038.0,log_mean,Activated CD4 T,38,110,0.1298997915335011,0.10896416315747434,totalvi_pmatch
totalvi_pmatch,2038.0,log_mean,B doublets,77,110,0.1465997568611111,0.08297169923011055,totalvi_pmatch
totalvi_pmatch,2038.0,log_mean,B-CD4 T cell doublets,62,110,0.160911652841347,0.14606503677363494,totalvi_pmatch
totalvi_pmatch,2038.0,log_mean,B-CD8 T cell doublets,50,110,0.10955660717875208,0.0773591889864893,totalvi_pmatch
totalvi_pmatch,2038.0,log_mean,B-macrophage doublets,74,110,0.20115033775734548,0.14106047755919104,totalvi_pmatch
totalvi_pmatch,2038.0,log_mean,B1 B,162,110,0.19569888245243458,0.1000679755388077,totalvi_pmatch
totalvi_pmatch,2038.0,log_mean,CD122+ CD8 T,258,110,0.1173987957415384,0.05731759029701555,totalvi_pmatch
totalvi_pmatch,2038.0,log_mean,CD4 T,1077,110,0.08423451664976134,0.03332762112077195,totalvi_pmatch
totalvi_pmatch,2038.0,log_mean,CD8 T,680,110,0.07947335888256943,0.04370525936846885,totalvi_pmatch
totalvi_pmatch,2038.0,log_mean,Cycling B/T cells,81,110,0.3268038522684299,0.24671738670263355,totalvi_pmatch
totalvi_pmatch,2038.0,log_mean,GD T,73,110,0.17793980211092233,0.1395116395944606,totalvi_pmatch
totalvi_pmatch,2038.0,log_mean,ICOS-high Tregs,91,110,0.19388351429470746,0.1517532416495651,totalvi_pmatch
totalvi_pmatch,2038.0,log_mean,Ifit3-high B,249,110,0.10172529974195478,0.0579831821970752,totalvi_pmatch
totalvi_pmatch,2038.0,log_mean,Ifit3-high CD4 T,132,110,0.06660646422085016,0.05066569877885725,totalvi_pmatch
totalvi_pmatch,2038.0,log_mean,Ifit3-high CD8 T,100,110,0.10227527590645842,0.07737772784138491,totalvi_pmatch
totalvi_pmatch,2038.0,log_mean,Low quality B cells,230,110,0.09770041571188604,0.06217074974133349,totalvi_pmatch
totalvi_pmatch,2038.0,log_mean,Low quality T cells,67,110,0.09612629549524097,0.0614974098035002,totalvi_pmatch
totalvi_pmatch,2038.0,log_mean,Ly6-high mono,77,110,0.2572146693598865,0.2335578232212995,totalvi_pmatch
totalvi_pmatch,2038.0,log_mean,MZ B,205,110,0.16718848492643026,0.08907073108400634,totalvi_pmatch
totalvi_pmatch,2038.0,log_mean,MZ/Marco-high macrophages,36,110,0.23894594129952101,0.24548334012574125,totalvi_pmatch
totalvi_pmatch,2038.0,log_mean,Mature B,2408,110,0.11560079788187239,0.02932826254225275,totalvi_pmatch
totalvi_pmatch,2038.0,log_mean,NK,104,110,0.1954904321409659,0.1683535574151663,totalvi_pmatch
totalvi_pmatch,2038.0,log_mean,NKT,117,110,0.27355655348397784,0.2507334150102905,totalvi_pmatch
totalvi_pmatch,2038.0,log_mean,Neutrophils,112,110,0.2155330716565732,0.1864861074218227,totalvi_pmatch
totalvi_pmatch,2038.0,log_mean,Red-pulp macrophages,35,110,0.08453683108364954,0.09459472242778999,totalvi_pmatch
totalvi_pmatch,2038.0,log_mean,T doublets,55,110,0.17266266198819927,0.1297130805048185,totalvi_pmatch
totalvi_pmatch,2038.0,log_mean,Transitional B,580,110,0.14394696555825773,0.036618404009358646,totalvi_pmatch
totalvi_pmatch,2038.0,log_mean,Tregs,115,110,0.16524726579932608,0.11582524862824785,totalvi_pmatch
totalvi_pmatch,2038.0,log_mean,cDC1s,62,110,0.29893730885504444,0.2666961206663455,totalvi_pmatch
totalvi_pmatch,2038.0,log_mean,cDC2s,65,110,0.26650055966011765,0.24796480235057405,totalvi_pmatch
totalvi_pmatch,2038.0,log_mean,pDCs,30,110,0.12973625010525677,0.10805951998650826,totalvi_pmatch
totalvi_pmatch,2038.0,pred_log,Activated CD4 T,38,110,0.07618101511577495,0.07092517470638385,totalvi_pmatch
totalvi_pmatch,2038.0,pred_log,B doublets,77,110,0.13077288419463276,0.07458576461939889,totalvi_pmatch
totalvi_pmatch,2038.0,pred_log,B-CD4 T cell doublets,62,110,0.12141927895808455,0.08645395959436206,totalvi_pmatch
totalvi_pmatch,2038.0,pred_log,B-CD8 T cell doublets,50,110,0.11040582707912194,0.0708540577172479,totalvi_pmatch
totalvi_pmatch,2038.0,pred_log,B-macrophage doublets,74,110,0.18630167221232238,0.12396659650955644,totalvi_pmatch
totalvi_pmatch,2038.0,pred_log,B1 B,162,110,0.1529604355693972,0.0385924620306005,totalvi_pmatch
totalvi_pmatch,2038.0,pred_log,CD122+ CD8 T,258,110,0.09083168089214168,0.0456008093874328,totalvi_pmatch
totalvi_pmatch,2038.0,pred_log,CD4 T,1077,110,0.05720541372857902,0.0251609684901549,totalvi_pmatch
totalvi_pmatch,2038.0,pred_log,CD8 T,680,110,0.05657395416182007,0.024980609675165952,totalvi_pmatch
totalvi_pmatch,2038.0,pred_log,Cycling B/T cells,81,110,0.3121825129062177,0.2533741002721631,totalvi_pmatch
totalvi_pmatch,2038.0,pred_log,GD T,73,110,0.16854647949556711,0.1281346312256129,totalvi_pmatch
totalvi_pmatch,2038.0,pred_log,ICOS-high Tregs,91,110,0.14900991618399037,0.10727152917061575,totalvi_pmatch
totalvi_pmatch,2038.0,pred_log,Ifit3-high B,249,110,0.06713280981195313,0.045351285594602,totalvi_pmatch
totalvi_pmatch,2038.0,pred_log,Ifit3-high CD4 T,132,110,0.044304488347452,0.02984140722498705,totalvi_pmatch
totalvi_pmatch,2038.0,pred_log,Ifit3-high CD8 T,100,110,0.07706608746630188,0.05603943524873425,totalvi_pmatch
totalvi_pmatch,2038.0,pred_log,Low quality B cells,230,110,0.05621794994984766,0.0188785341386392,totalvi_pmatch
totalvi_pmatch,2038.0,pred_log,Low quality T cells,67,110,0.0874044074353312,0.06749263616649614,totalvi_pmatch
totalvi_pmatch,2038.0,pred_log,Ly6-high mono,77,110,0.21243125203444718,0.15914649604275727,totalvi_pmatch
totalvi_pmatch,2038.0,pred_log,MZ B,205,110,0.1370715028549954,0.0529353107895248,totalvi_pmatch
totalvi_pmatch,2038.0,pred_log,MZ/Marco-high macrophages,36,110,0.20031351679795778,0.20872687607361456,totalvi_pmatch
totalvi_pmatch,2038.0,pred_log,Mature B,2408,110,0.08736079847235001,0.01464341627837,totalvi_pmatch
totalvi_pmatch,2038.0,pred_log,NK,104,110,0.16627885114820873,0.13468621318063606,totalvi_pmatch
totalvi_pmatch,2038.0,pred_log,NKT,117,110,0.2155124411109788,0.1811569137535051,totalvi_pmatch
totalvi_pmatch,2038.0,pred_log,Neutrophils,112,110,0.17858161262110536,0.1584231358520426,totalvi_pmatch
totalvi_pmatch,2038.0,pred_log,Red-pulp macrophages,35,110,0.08496499601063551,0.093319889792602,totalvi_pmatch
totalvi_pmatch,2038.0,pred_log,T doublets,55,110,0.14722354842918098,0.1027704295718576,totalvi_pmatch
totalvi_pmatch,2038.0,pred_log,Transitional B,580,110,0.12495610904720007,0.030906765688775248,totalvi_pmatch
totalvi_pmatch,2038.0,pred_log,Tregs,115,110,0.13133577448828937,0.07797469559592216,totalvi_pmatch
totalvi_pmatch,2038.0,pred_log,cDC1s,62,110,0.25782814649015773,0.2623930309219803,totalvi_pmatch
totalvi_pmatch,2038.0,pred_log,cDC2s,65,110,0.22231626518568195,0.16960889357023345,totalvi_pmatch
totalvi_pmatch,2038.0,pred_log,pDCs,30,110,0.08381938836502242,0.09594053087249844,totalvi_pmatch
totalvi_pmatch,2039.0,calibrated,Activated CD4 T,38,110,0.11956135565399924,0.08834625007884181,totalvi_pmatch
totalvi_pmatch,2039.0,calibrated,B doublets,77,110,0.1492972632556648,0.08224966646765965,totalvi_pmatch
totalvi_pmatch,2039.0,calibrated,B-CD4 T cell doublets,62,110,0.13668010309273865,0.1156682029421336,totalvi_pmatch
totalvi_pmatch,2039.0,calibrated,B-CD8 T cell doublets,50,110,0.09260085446396825,0.0379379435030617,totalvi_pmatch
totalvi_pmatch,2039.0,calibrated,B-macrophage doublets,74,110,0.20229309369740198,0.13739262392898777,totalvi_pmatch
totalvi_pmatch,2039.0,calibrated,B1 B,162,110,0.17844895542816072,0.0609094920371959,totalvi_pmatch
totalvi_pmatch,2039.0,calibrated,CD122+ CD8 T,258,110,0.11525416812672308,0.06243733121760555,totalvi_pmatch
totalvi_pmatch,2039.0,calibrated,CD4 T,1077,110,0.0821203443979581,0.0357377427226145,totalvi_pmatch
totalvi_pmatch,2039.0,calibrated,CD8 T,680,110,0.07309152550763158,0.0283674030851523,totalvi_pmatch
totalvi_pmatch,2039.0,calibrated,Cycling B/T cells,81,110,0.3162501100301868,0.24575117016044196,totalvi_pmatch
totalvi_pmatch,2039.0,calibrated,GD T,73,110,0.1716182134014156,0.1522440399512763,totalvi_pmatch
totalvi_pmatch,2039.0,calibrated,ICOS-high Tregs,91,110,0.18400032424062507,0.1543185945332537,totalvi_pmatch
totalvi_pmatch,2039.0,calibrated,Ifit3-high B,249,110,0.09215296645889713,0.0601288936345817,totalvi_pmatch
totalvi_pmatch,2039.0,calibrated,Ifit3-high CD4 T,132,110,0.05811955612312712,0.0289201543124274,totalvi_pmatch
totalvi_pmatch,2039.0,calibrated,Ifit3-high CD8 T,100,110,0.09990327381603378,0.06547561556381701,totalvi_pmatch
totalvi_pmatch,2039.0,calibrated,Low quality B cells,230,110,0.10179434510562425,0.0640632033393526,totalvi_pmatch
totalvi_pmatch,2039.0,calibrated,Low quality T cells,67,110,0.09980338074094683,0.0736670477746672,totalvi_pmatch
totalvi_pmatch,2039.0,calibrated,Ly6-high mono,77,110,0.25168713819645994,0.2135603199963491,totalvi_pmatch
totalvi_pmatch,2039.0,calibrated,MZ B,205,110,0.17544548519128814,0.0921785869882343,totalvi_pmatch
totalvi_pmatch,2039.0,calibrated,MZ/Marco-high macrophages,36,110,0.2381148473857442,0.24865175306032614,totalvi_pmatch
totalvi_pmatch,2039.0,calibrated,Mature B,2408,110,0.114831419490341,0.034750132744173254,totalvi_pmatch
totalvi_pmatch,2039.0,calibrated,NK,104,110,0.1898083175833793,0.16485307117178655,totalvi_pmatch
totalvi_pmatch,2039.0,calibrated,NKT,117,110,0.27599338242818033,0.2590836156142974,totalvi_pmatch
totalvi_pmatch,2039.0,calibrated,Neutrophils,112,110,0.18116899012320256,0.1612655231746288,totalvi_pmatch
totalvi_pmatch,2039.0,calibrated,Red-pulp macrophages,35,110,0.04752093416326546,0.0363684893006377,totalvi_pmatch
totalvi_pmatch,2039.0,calibrated,T doublets,55,110,0.157860742950379,0.11285645135617135,totalvi_pmatch
totalvi_pmatch,2039.0,calibrated,Transitional B,580,110,0.133833464540228,0.0311762980591178,totalvi_pmatch
totalvi_pmatch,2039.0,calibrated,Tregs,115,110,0.15331151876925264,0.110227321086193,totalvi_pmatch
totalvi_pmatch,2039.0,calibrated,cDC1s,62,110,0.292364847954337,0.3024955262674711,totalvi_pmatch
totalvi_pmatch,2039.0,calibrated,cDC2s,65,110,0.2608419276012278,0.216301447347619,totalvi_pmatch
totalvi_pmatch,2039.0,calibrated,pDCs,30,110,0.12397502523838154,0.1137196528128237,totalvi_pmatch
totalvi_pmatch,2039.0,log_mean,Activated CD4 T,38,110,0.11956135565399924,0.08834625007884181,totalvi_pmatch
totalvi_pmatch,2039.0,log_mean,B doublets,77,110,0.1492972632556648,0.08224966646765965,totalvi_pmatch
totalvi_pmatch,2039.0,log_mean,B-CD4 T cell doublets,62,110,0.13668010309273865,0.1156682029421336,totalvi_pmatch
totalvi_pmatch,2039.0,log_mean,B-CD8 T cell doublets,50,110,0.09260085446396825,0.0379379435030617,totalvi_pmatch
totalvi_pmatch,2039.0,log_mean,B-macrophage doublets,74,110,0.20229309369740198,0.13739262392898777,totalvi_pmatch
totalvi_pmatch,2039.0,log_mean,B1 B,162,110,0.17844895542816072,0.0609094920371959,totalvi_pmatch
totalvi_pmatch,2039.0,log_mean,CD122+ CD8 T,258,110,0.11525416812672308,0.06243733121760555,totalvi_pmatch
totalvi_pmatch,2039.0,log_mean,CD4 T,1077,110,0.0821203443979581,0.0357377427226145,totalvi_pmatch
totalvi_pmatch,2039.0,log_mean,CD8 T,680,110,0.07309152550763158,0.0283674030851523,totalvi_pmatch
totalvi_pmatch,2039.0,log_mean,Cycling B/T cells,81,110,0.3162501100301868,0.24575117016044196,totalvi_pmatch
totalvi_pmatch,2039.0,log_mean,GD T,73,110,0.1716182134014156,0.1522440399512763,totalvi_pmatch
totalvi_pmatch,2039.0,log_mean,ICOS-high Tregs,91,110,0.18400032424062507,0.1543185945332537,totalvi_pmatch
totalvi_pmatch,2039.0,log_mean,Ifit3-high B,249,110,0.09215296645889713,0.0601288936345817,totalvi_pmatch
totalvi_pmatch,2039.0,log_mean,Ifit3-high CD4 T,132,110,0.05811955612312712,0.0289201543124274,totalvi_pmatch
totalvi_pmatch,2039.0,log_mean,Ifit3-high CD8 T,100,110,0.09990327381603378,0.06547561556381701,totalvi_pmatch
totalvi_pmatch,2039.0,log_mean,Low quality B cells,230,110,0.10179434510562425,0.0640632033393526,totalvi_pmatch
totalvi_pmatch,2039.0,log_mean,Low quality T cells,67,110,0.09980338074094683,0.0736670477746672,totalvi_pmatch
totalvi_pmatch,2039.0,log_mean,Ly6-high mono,77,110,0.25168713819645994,0.2135603199963491,totalvi_pmatch
totalvi_pmatch,2039.0,log_mean,MZ B,205,110,0.17544548519128814,0.0921785869882343,totalvi_pmatch
totalvi_pmatch,2039.0,log_mean,MZ/Marco-high macrophages,36,110,0.2381148473857442,0.24865175306032614,totalvi_pmatch
totalvi_pmatch,2039.0,log_mean,Mature B,2408,110,0.1148314278983898,0.034750132744173254,totalvi_pmatch
totalvi_pmatch,2039.0,log_mean,NK,104,110,0.1898083175833793,0.16485307117178655,totalvi_pmatch
totalvi_pmatch,2039.0,log_mean,NKT,117,110,0.27599338242818033,0.2590836156142974,totalvi_pmatch
totalvi_pmatch,2039.0,log_mean,Neutrophils,112,110,0.18116899012320256,0.1612655231746288,totalvi_pmatch
totalvi_pmatch,2039.0,log_mean,Red-pulp macrophages,35,110,0.04752093416326546,0.0363684893006377,totalvi_pmatch
totalvi_pmatch,2039.0,log_mean,T doublets,55,110,0.157860742950379,0.11285645135617135,totalvi_pmatch
totalvi_pmatch,2039.0,log_mean,Transitional B,580,110,0.133833464540228,0.0311762980591178,totalvi_pmatch
totalvi_pmatch,2039.0,log_mean,Tregs,115,110,0.15331151876925264,0.110227321086193,totalvi_pmatch
totalvi_pmatch,2039.0,log_mean,cDC1s,62,110,0.292364847954337,0.3024955262674711,totalvi_pmatch
totalvi_pmatch,2039.0,log_mean,cDC2s,65,110,0.2608419276012278,0.216301447347619,totalvi_pmatch
totalvi_pmatch,2039.0,log_mean,pDCs,30,110,0.12397502523838154,0.1137196528128237,totalvi_pmatch
totalvi_pmatch,2039.0,pred_log,Activated CD4 T,38,110,0.07961331106237078,0.07587421176821255,totalvi_pmatch
totalvi_pmatch,2039.0,pred_log,B doublets,77,110,0.13492292718266535,0.07158938478126155,totalvi_pmatch
totalvi_pmatch,2039.0,pred_log,B-CD4 T cell doublets,62,110,0.12823537031175672,0.11903186387813285,totalvi_pmatch
totalvi_pmatch,2039.0,pred_log,B-CD8 T cell doublets,50,110,0.09405159419124766,0.0545246994481099,totalvi_pmatch
totalvi_pmatch,2039.0,pred_log,B-macrophage doublets,74,110,0.20324604445794883,0.14566236654168205,totalvi_pmatch
totalvi_pmatch,2039.0,pred_log,B1 B,162,110,0.15182420914030037,0.0570591013858109,totalvi_pmatch
totalvi_pmatch,2039.0,pred_log,CD122+ CD8 T,258,110,0.08421904524290823,0.045352080096389996,totalvi_pmatch
totalvi_pmatch,2039.0,pred_log,CD4 T,1077,110,0.05164509260147114,0.0190226674845414,totalvi_pmatch
totalvi_pmatch,2039.0,pred_log,CD8 T,680,110,0.05582416517667366,0.0320925626911312,totalvi_pmatch
totalvi_pmatch,2039.0,pred_log,Cycling B/T cells,81,110,0.2831582043539379,0.17463225072545294,totalvi_pmatch
totalvi_pmatch,2039.0,pred_log,GD T,73,110,0.13707915475165067,0.10082375564601839,totalvi_pmatch
totalvi_pmatch,2039.0,pred_log,ICOS-high Tregs,91,110,0.15820671496619157,0.11385999338249289,totalvi_pmatch
totalvi_pmatch,2039.0,pred_log,Ifit3-high B,249,110,0.06091183891191924,0.031384602178319745,totalvi_pmatch
totalvi_pmatch,2039.0,pred_log,Ifit3-high CD4 T,132,110,0.03383345420115033,0.02821890736828695,totalvi_pmatch
totalvi_pmatch,2039.0,pred_log,Ifit3-high CD8 T,100,110,0.05934752933366514,0.0559584738734177,totalvi_pmatch
totalvi_pmatch,2039.0,pred_log,Low quality B cells,230,110,0.08171855697767073,0.04343212865446875,totalvi_pmatch
totalvi_pmatch,2039.0,pred_log,Low quality T cells,67,110,0.06936067439502304,0.03043190568902405,totalvi_pmatch
totalvi_pmatch,2039.0,pred_log,Ly6-high mono,77,110,0.20011739808272444,0.16713308441506824,totalvi_pmatch
totalvi_pmatch,2039.0,pred_log,MZ B,205,110,0.13673690974616282,0.0624022613940755,totalvi_pmatch
totalvi_pmatch,2039.0,pred_log,MZ/Marco-high macrophages,36,110,0.19528617339722026,0.183743375302301,totalvi_pmatch
totalvi_pmatch,2039.0,pred_log,Mature B,2408,110,0.08610255520321623,0.01727119775151345,totalvi_pmatch
totalvi_pmatch,2039.0,pred_log,NK,104,110,0.16055062106776657,0.14035414669445195,totalvi_pmatch
totalvi_pmatch,2039.0,pred_log,NKT,117,110,0.22250425238841803,0.17146411104460735,totalvi_pmatch
totalvi_pmatch,2039.0,pred_log,Neutrophils,112,110,0.15996973935678924,0.14784741277517804,totalvi_pmatch
totalvi_pmatch,2039.0,pred_log,Red-pulp macrophages,35,110,0.04730724323430666,0.04890902864996555,totalvi_pmatch
totalvi_pmatch,2039.0,pred_log,T doublets,55,110,0.12589442091209607,0.081538747922667,totalvi_pmatch
totalvi_pmatch,2039.0,pred_log,Transitional B,580,110,0.11768277575820948,0.01689866545235025,totalvi_pmatch
totalvi_pmatch,2039.0,pred_log,Tregs,115,110,0.11701607531973758,0.0576627307565687,totalvi_pmatch
totalvi_pmatch,2039.0,pred_log,cDC1s,62,110,0.27175662148379137,0.2488933401989257,totalvi_pmatch
totalvi_pmatch,2039.0,pred_log,cDC2s,65,110,0.21539351536639026,0.18866282966374265,totalvi_pmatch
totalvi_pmatch,2039.0,pred_log,pDCs,30,110,0.046413429090728035,0.0367200676262485,totalvi_pmatch
totalvi_pmatch,2040.0,calibrated,Activated CD4 T,38,110,0.1233270847791902,0.11443912718341084,totalvi_pmatch
totalvi_pmatch,2040.0,calibrated,B doublets,77,110,0.13433823402484613,0.07791236763934664,totalvi_pmatch
totalvi_pmatch,2040.0,calibrated,B-CD4 T cell doublets,62,110,0.1555697761640704,0.1509884982519584,totalvi_pmatch
totalvi_pmatch,2040.0,calibrated,B-CD8 T cell doublets,50,110,0.10160374250485833,0.08616497623495459,totalvi_pmatch
totalvi_pmatch,2040.0,calibrated,B-macrophage doublets,74,110,0.20656584439288314,0.1535823714323315,totalvi_pmatch
totalvi_pmatch,2040.0,calibrated,B1 B,162,110,0.18088413329145867,0.0781386382252108,totalvi_pmatch
totalvi_pmatch,2040.0,calibrated,CD122+ CD8 T,258,110,0.11553316166769823,0.06835210769630926,totalvi_pmatch
totalvi_pmatch,2040.0,calibrated,CD4 T,1077,110,0.08342831205202716,0.033490611503183,totalvi_pmatch
totalvi_pmatch,2040.0,calibrated,CD8 T,680,110,0.07631856372538107,0.034528308351071554,totalvi_pmatch
totalvi_pmatch,2040.0,calibrated,Cycling B/T cells,81,110,0.32002604801250406,0.22408694752336594,totalvi_pmatch
totalvi_pmatch,2040.0,calibrated,GD T,73,110,0.1702585668565816,0.15256845469249286,totalvi_pmatch
totalvi_pmatch,2040.0,calibrated,ICOS-high Tregs,91,110,0.17424828583811902,0.13378617313398536,totalvi_pmatch
totalvi_pmatch,2040.0,calibrated,Ifit3-high B,249,110,0.08935154696300675,0.0480575858259708,totalvi_pmatch
totalvi_pmatch,2040.0,calibrated,Ifit3-high CD4 T,132,110,0.06154413538149385,0.0390551944926403,totalvi_pmatch
totalvi_pmatch,2040.0,calibrated,Ifit3-high CD8 T,100,110,0.12936684458627665,0.11493674625330585,totalvi_pmatch
totalvi_pmatch,2040.0,calibrated,Low quality B cells,230,110,0.10568479463852574,0.06063398299440985,totalvi_pmatch
totalvi_pmatch,2040.0,calibrated,Low quality T cells,67,110,0.09516463302137616,0.0747680103120598,totalvi_pmatch
totalvi_pmatch,2040.0,calibrated,Ly6-high mono,77,110,0.23459490982904277,0.19365682810697377,totalvi_pmatch
totalvi_pmatch,2040.0,calibrated,MZ B,205,110,0.17146612577680964,0.0882915665866088,totalvi_pmatch
totalvi_pmatch,2040.0,calibrated,MZ/Marco-high macrophages,36,110,0.23455235236651248,0.24194765416908837,totalvi_pmatch
totalvi_pmatch,2040.0,calibrated,Mature B,2408,110,0.1131106992137366,0.033894452777313205,totalvi_pmatch
totalvi_pmatch,2040.0,calibrated,NK,104,110,0.20288618541995254,0.1857749524616216,totalvi_pmatch
totalvi_pmatch,2040.0,calibrated,NKT,117,110,0.27088004770376173,0.25766762480009914,totalvi_pmatch
totalvi_pmatch,2040.0,calibrated,Neutrophils,112,110,0.203678238197631,0.1962850610978684,totalvi_pmatch
totalvi_pmatch,2040.0,calibrated,Red-pulp macrophages,35,110,0.05659555004126407,0.0728530531269547,totalvi_pmatch
totalvi_pmatch,2040.0,calibrated,T doublets,55,110,0.15748996655121755,0.1154153609872549,totalvi_pmatch
totalvi_pmatch,2040.0,calibrated,Transitional B,580,110,0.14364656912110277,0.046303421582259,totalvi_pmatch
totalvi_pmatch,2040.0,calibrated,Tregs,115,110,0.15912865179990046,0.11450344959089159,totalvi_pmatch
totalvi_pmatch,2040.0,calibrated,cDC1s,62,110,0.29532923220504625,0.2703301955863503,totalvi_pmatch
totalvi_pmatch,2040.0,calibrated,cDC2s,65,110,0.26892598439464643,0.24302751631745675,totalvi_pmatch
totalvi_pmatch,2040.0,calibrated,pDCs,30,110,0.10441682020517236,0.1210750369342599,totalvi_pmatch
totalvi_pmatch,2040.0,log_mean,Activated CD4 T,38,110,0.1233270847791902,0.11443912718341084,totalvi_pmatch
totalvi_pmatch,2040.0,log_mean,B doublets,77,110,0.13433823402484613,0.07791236763934664,totalvi_pmatch
totalvi_pmatch,2040.0,log_mean,B-CD4 T cell doublets,62,110,0.1555697761640704,0.1509884982519584,totalvi_pmatch
totalvi_pmatch,2040.0,log_mean,B-CD8 T cell doublets,50,110,0.10160374250485833,0.08616497623495459,totalvi_pmatch
totalvi_pmatch,2040.0,log_mean,B-macrophage doublets,74,110,0.20656584439288314,0.1535823714323315,totalvi_pmatch
totalvi_pmatch,2040.0,log_mean,B1 B,162,110,0.18088413329145867,0.0781386382252108,totalvi_pmatch
totalvi_pmatch,2040.0,log_mean,CD122+ CD8 T,258,110,0.11553316166769823,0.06835210769630926,totalvi_pmatch
totalvi_pmatch,2040.0,log_mean,CD4 T,1077,110,0.08342831205202716,0.033490611503183,totalvi_pmatch
totalvi_pmatch,2040.0,log_mean,CD8 T,680,110,0.07631856372538107,0.034528308351071554,totalvi_pmatch
totalvi_pmatch,2040.0,log_mean,Cycling B/T cells,81,110,0.32002604801250406,0.22408694752336594,totalvi_pmatch
totalvi_pmatch,2040.0,log_mean,GD T,73,110,0.1702585668565816,0.15256845469249286,totalvi_pmatch
totalvi_pmatch,2040.0,log_mean,ICOS-high Tregs,91,110,0.17424828583811902,0.13378617313398536,totalvi_pmatch
totalvi_pmatch,2040.0,log_mean,Ifit3-high B,249,110,0.08935154696300675,0.0480575858259708,totalvi_pmatch
totalvi_pmatch,2040.0,log_mean,Ifit3-high CD4 T,132,110,0.06154413538149385,0.0390551944926403,totalvi_pmatch
totalvi_pmatch,2040.0,log_mean,Ifit3-high CD8 T,100,110,0.12936684458627665,0.11493674625330585,totalvi_pmatch
totalvi_pmatch,2040.0,log_mean,Low quality B cells,230,110,0.10568479463852574,0.06063398299440985,totalvi_pmatch
totalvi_pmatch,2040.0,log_mean,Low quality T cells,67,110,0.09516463302137616,0.0747680103120598,totalvi_pmatch
totalvi_pmatch,2040.0,log_mean,Ly6-high mono,77,110,0.23459490982904277,0.19365682810697377,totalvi_pmatch
totalvi_pmatch,2040.0,log_mean,MZ B,205,110,0.17146612577680964,0.0882915665866088,totalvi_pmatch
totalvi_pmatch,2040.0,log_mean,MZ/Marco-high macrophages,36,110,0.23455235236651248,0.24194765416908837,totalvi_pmatch
totalvi_pmatch,2040.0,log_mean,Mature B,2408,110,0.11311069675717579,0.033894452777313205,totalvi_pmatch
totalvi_pmatch,2040.0,log_mean,NK,104,110,0.20288618541995254,0.1857749524616216,totalvi_pmatch
totalvi_pmatch,2040.0,log_mean,NKT,117,110,0.27088004770376173,0.25766762480009914,totalvi_pmatch
totalvi_pmatch,2040.0,log_mean,Neutrophils,112,110,0.203678238197631,0.1962850610978684,totalvi_pmatch
totalvi_pmatch,2040.0,log_mean,Red-pulp macrophages,35,110,0.05659555004126407,0.0728530531269547,totalvi_pmatch
totalvi_pmatch,2040.0,log_mean,T doublets,55,110,0.15748996655121755,0.1154153609872549,totalvi_pmatch
totalvi_pmatch,2040.0,log_mean,Transitional B,580,110,0.14364656912110277,0.046303421582259,totalvi_pmatch
totalvi_pmatch,2040.0,log_mean,Tregs,115,110,0.15912865179990046,0.11450344959089159,totalvi_pmatch
totalvi_pmatch,2040.0,log_mean,cDC1s,62,110,0.29532923220504625,0.2703301955863503,totalvi_pmatch
totalvi_pmatch,2040.0,log_mean,cDC2s,65,110,0.26892598439464643,0.24302751631745675,totalvi_pmatch
totalvi_pmatch,2040.0,log_mean,pDCs,30,110,0.10441682020517236,0.1210750369342599,totalvi_pmatch
totalvi_pmatch,2040.0,pred_log,Activated CD4 T,38,110,0.07828926770546463,0.04727319406666535,totalvi_pmatch
totalvi_pmatch,2040.0,pred_log,B doublets,77,110,0.12182037273416388,0.079481273295031,totalvi_pmatch
totalvi_pmatch,2040.0,pred_log,B-CD4 T cell doublets,62,110,0.11145122722940007,0.09587330318370646,totalvi_pmatch
totalvi_pmatch,2040.0,pred_log,B-CD8 T cell doublets,50,110,0.08828700096041162,0.06717088304207536,totalvi_pmatch
totalvi_pmatch,2040.0,pred_log,B-macrophage doublets,74,110,0.1903542206508236,0.15033317977399205,totalvi_pmatch
totalvi_pmatch,2040.0,pred_log,B1 B,162,110,0.15814793710939543,0.05357144851984485,totalvi_pmatch
totalvi_pmatch,2040.0,pred_log,CD122+ CD8 T,258,110,0.08358483987659698,0.044085771308174995,totalvi_pmatch
totalvi_pmatch,2040.0,pred_log,CD4 T,1077,110,0.05277356607333713,0.022183226466139398,totalvi_pmatch
totalvi_pmatch,2040.0,pred_log,CD8 T,680,110,0.05756544221058543,0.026065199691770652,totalvi_pmatch
totalvi_pmatch,2040.0,pred_log,Cycling B/T cells,81,110,0.3018764699126259,0.22080819758201892,totalvi_pmatch
totalvi_pmatch,2040.0,pred_log,GD T,73,110,0.147915778929503,0.12723155128971586,totalvi_pmatch
totalvi_pmatch,2040.0,pred_log,ICOS-high Tregs,91,110,0.1648207287045345,0.1312531658762385,totalvi_pmatch
totalvi_pmatch,2040.0,pred_log,Ifit3-high B,249,110,0.06588705882867492,0.023111734891888253,totalvi_pmatch
totalvi_pmatch,2040.0,pred_log,Ifit3-high CD4 T,132,110,0.04972222181592577,0.04747541882744995,totalvi_pmatch
totalvi_pmatch,2040.0,pred_log,Ifit3-high CD8 T,100,110,0.08355463739678871,0.06841242192128685,totalvi_pmatch
totalvi_pmatch,2040.0,pred_log,Low quality B cells,230,110,0.0740178845835726,0.04952177774948955,totalvi_pmatch
totalvi_pmatch,2040.0,pred_log,Low quality T cells,67,110,0.070038544872247,0.042245595105287054,totalvi_pmatch
totalvi_pmatch,2040.0,pred_log,Ly6-high mono,77,110,0.20846568658867093,0.181574382368805,totalvi_pmatch
totalvi_pmatch,2040.0,pred_log,MZ B,205,110,0.1421142389585659,0.0613142533837456,totalvi_pmatch
totalvi_pmatch,2040.0,pred_log,MZ/Marco-high macrophages,36,110,0.20732735620461085,0.2058138484976837,totalvi_pmatch
totalvi_pmatch,2040.0,pred_log,Mature B,2408,110,0.08382273747235304,0.01691854841993935,totalvi_pmatch
totalvi_pmatch,2040.0,pred_log,NK,104,110,0.17428327263545937,0.17617455650977296,totalvi_pmatch
totalvi_pmatch,2040.0,pred_log,NKT,117,110,0.21833403230201553,0.15912275753899197,totalvi_pmatch
totalvi_pmatch,2040.0,pred_log,Neutrophils,112,110,0.17407401655808263,0.14474700238440136,totalvi_pmatch
totalvi_pmatch,2040.0,pred_log,Red-pulp macrophages,35,110,0.06700277477226563,0.07842542231363439,totalvi_pmatch
totalvi_pmatch,2040.0,pred_log,T doublets,55,110,0.12892012525861754,0.10290931044614235,totalvi_pmatch
totalvi_pmatch,2040.0,pred_log,Transitional B,580,110,0.11419576714409464,0.020021616920011802,totalvi_pmatch
totalvi_pmatch,2040.0,pred_log,Tregs,115,110,0.11494718463140866,0.04257647571062255,totalvi_pmatch
totalvi_pmatch,2040.0,pred_log,cDC1s,62,110,0.26381515441449854,0.23552508102567576,totalvi_pmatch
totalvi_pmatch,2040.0,pred_log,cDC2s,65,110,0.23689263957142767,0.21623486240608403,totalvi_pmatch
totalvi_pmatch,2040.0,pred_log,pDCs,30,110,0.07308187982291839,0.0884566145922395,totalvi_pmatch
totalvi_pmatch,2041.0,calibrated,Activated CD4 T,38,110,0.11456018506991433,0.08571467759841439,totalvi_pmatch
totalvi_pmatch,2041.0,calibrated,B doublets,77,110,0.16645436229580615,0.09416287466126039,totalvi_pmatch
totalvi_pmatch,2041.0,calibrated,B-CD4 T cell doublets,62,110,0.16644280934999295,0.15733765278722078,totalvi_pmatch
totalvi_pmatch,2041.0,calibrated,B-CD8 T cell doublets,50,110,0.11739995613836253,0.0765935518239127,totalvi_pmatch
totalvi_pmatch,2041.0,calibrated,B-macrophage doublets,74,110,0.19341850195131013,0.13719571717451035,totalvi_pmatch
totalvi_pmatch,2041.0,calibrated,B1 B,162,110,0.17516850296139952,0.07306038746569204,totalvi_pmatch
totalvi_pmatch,2041.0,calibrated,CD122+ CD8 T,258,110,0.12170811705800444,0.06475050018894629,totalvi_pmatch
totalvi_pmatch,2041.0,calibrated,CD4 T,1077,110,0.08705865880252145,0.04212967531417405,totalvi_pmatch
totalvi_pmatch,2041.0,calibrated,CD8 T,680,110,0.09084195103125033,0.04660722944013175,totalvi_pmatch
totalvi_pmatch,2041.0,calibrated,Cycling B/T cells,81,110,0.30842456697012954,0.23088457357768835,totalvi_pmatch
totalvi_pmatch,2041.0,calibrated,GD T,73,110,0.16580756379785766,0.13041982112053213,totalvi_pmatch
totalvi_pmatch,2041.0,calibrated,ICOS-high Tregs,91,110,0.16996251178773883,0.1299232929842313,totalvi_pmatch
totalvi_pmatch,2041.0,calibrated,Ifit3-high B,249,110,0.08322451453287805,0.036601811351390706,totalvi_pmatch
totalvi_pmatch,2041.0,calibrated,Ifit3-high CD4 T,132,110,0.06414957197664106,0.041270789246643,totalvi_pmatch
totalvi_pmatch,2041.0,calibrated,Ifit3-high CD8 T,100,110,0.09907941235035976,0.07761246608391355,totalvi_pmatch
totalvi_pmatch,2041.0,calibrated,Low quality B cells,230,110,0.10880851222656746,0.06865713902821349,totalvi_pmatch
totalvi_pmatch,2041.0,calibrated,Low quality T cells,67,110,0.1060708584560878,0.0634605957439246,totalvi_pmatch
totalvi_pmatch,2041.0,calibrated,Ly6-high mono,77,110,0.2496884575345604,0.19899767623966075,totalvi_pmatch
totalvi_pmatch,2041.0,calibrated,MZ B,205,110,0.1721986154661142,0.08311944641433411,totalvi_pmatch
totalvi_pmatch,2041.0,calibrated,MZ/Marco-high macrophages,36,110,0.22503475322658872,0.2235824734073042,totalvi_pmatch
totalvi_pmatch,2041.0,calibrated,Mature B,2408,110,0.11711970702182398,0.0333841690706623,totalvi_pmatch
totalvi_pmatch,2041.0,calibrated,NK,104,110,0.19817657475431305,0.1891613328954401,totalvi_pmatch
totalvi_pmatch,2041.0,calibrated,NKT,117,110,0.2808243807227686,0.2606374972023453,totalvi_pmatch
totalvi_pmatch,2041.0,calibrated,Neutrophils,112,110,0.19370209210596886,0.181007559268864,totalvi_pmatch
totalvi_pmatch,2041.0,calibrated,Red-pulp macrophages,35,110,0.019829665430110107,0.030595930182783698,totalvi_pmatch
totalvi_pmatch,2041.0,calibrated,T doublets,55,110,0.16318727256001614,0.10623653501986705,totalvi_pmatch
totalvi_pmatch,2041.0,calibrated,Transitional B,580,110,0.1396838991499049,0.0367109758783522,totalvi_pmatch
totalvi_pmatch,2041.0,calibrated,Tregs,115,110,0.1478185737576306,0.08603909965215535,totalvi_pmatch
totalvi_pmatch,2041.0,calibrated,cDC1s,62,110,0.2792249974970954,0.24878768717331567,totalvi_pmatch
totalvi_pmatch,2041.0,calibrated,cDC2s,65,110,0.2879953610990941,0.27315223701121866,totalvi_pmatch
totalvi_pmatch,2041.0,calibrated,pDCs,30,110,0.08939857266297094,0.0893720334630151,totalvi_pmatch
totalvi_pmatch,2041.0,log_mean,Activated CD4 T,38,110,0.11456018506991433,0.08571467759841439,totalvi_pmatch
totalvi_pmatch,2041.0,log_mean,B doublets,77,110,0.16645436229580615,0.09416287466126039,totalvi_pmatch
totalvi_pmatch,2041.0,log_mean,B-CD4 T cell doublets,62,110,0.16644280934999295,0.15733765278722078,totalvi_pmatch
totalvi_pmatch,2041.0,log_mean,B-CD8 T cell doublets,50,110,0.11739995613836253,0.0765935518239127,totalvi_pmatch
totalvi_pmatch,2041.0,log_mean,B-macrophage doublets,74,110,0.19341850195131013,0.13719571717451035,totalvi_pmatch
totalvi_pmatch,2041.0,log_mean,B1 B,162,110,0.17516850296139952,0.07306038746569204,totalvi_pmatch
totalvi_pmatch,2041.0,log_mean,CD122+ CD8 T,258,110,0.12170811705800444,0.06475050018894629,totalvi_pmatch
totalvi_pmatch,2041.0,log_mean,CD4 T,1077,110,0.08705865880252145,0.04212967531417405,totalvi_pmatch
totalvi_pmatch,2041.0,log_mean,CD8 T,680,110,0.09084195103125033,0.04660722944013175,totalvi_pmatch
totalvi_pmatch,2041.0,log_mean,Cycling B/T cells,81,110,0.30842456697012954,0.23088457357768835,totalvi_pmatch
totalvi_pmatch,2041.0,log_mean,GD T,73,110,0.16580756379785766,0.13041982112053213,totalvi_pmatch
totalvi_pmatch,2041.0,log_mean,ICOS-high Tregs,91,110,0.16996251178773883,0.1299232929842313,totalvi_pmatch
totalvi_pmatch,2041.0,log_mean,Ifit3-high B,249,110,0.08322451453287805,0.036601811351390706,totalvi_pmatch
totalvi_pmatch,2041.0,log_mean,Ifit3-high CD4 T,132,110,0.06414957197664106,0.041270789246643,totalvi_pmatch
totalvi_pmatch,2041.0,log_mean,Ifit3-high CD8 T,100,110,0.09907941235035976,0.07761246608391355,totalvi_pmatch
totalvi_pmatch,2041.0,log_mean,Low quality B cells,230,110,0.10880851222656746,0.06865713902821349,totalvi_pmatch
totalvi_pmatch,2041.0,log_mean,Low quality T cells,67,110,0.1060708584560878,0.0634605957439246,totalvi_pmatch
totalvi_pmatch,2041.0,log_mean,Ly6-high mono,77,110,0.2496884575345604,0.19899767623966075,totalvi_pmatch
totalvi_pmatch,2041.0,log_mean,MZ B,205,110,0.1721986154661142,0.08311944641433411,totalvi_pmatch
totalvi_pmatch,2041.0,log_mean,MZ/Marco-high macrophages,36,110,0.22503475322658872,0.2235824734073042,totalvi_pmatch
totalvi_pmatch,2041.0,log_mean,Mature B,2408,110,0.11711970702182398,0.0333841690706623,totalvi_pmatch
totalvi_pmatch,2041.0,log_mean,NK,104,110,0.19817657475431305,0.1891613328954401,totalvi_pmatch
totalvi_pmatch,2041.0,log_mean,NKT,117,110,0.2808243807227686,0.2606374972023453,totalvi_pmatch
totalvi_pmatch,2041.0,log_mean,Neutrophils,112,110,0.19370209210596886,0.181007559268864,totalvi_pmatch
totalvi_pmatch,2041.0,log_mean,Red-pulp macrophages,35,110,0.019829665430110107,0.030595930182783698,totalvi_pmatch
totalvi_pmatch,2041.0,log_mean,T doublets,55,110,0.16318727256001614,0.10623653501986705,totalvi_pmatch
totalvi_pmatch,2041.0,log_mean,Transitional B,580,110,0.1396838991499049,0.0367109758783522,totalvi_pmatch
totalvi_pmatch,2041.0,log_mean,Tregs,115,110,0.1478185737576306,0.08603909965215535,totalvi_pmatch
totalvi_pmatch,2041.0,log_mean,cDC1s,62,110,0.2792249974970954,0.24878768717331567,totalvi_pmatch
totalvi_pmatch,2041.0,log_mean,cDC2s,65,110,0.2879953610990941,0.27315223701121866,totalvi_pmatch
totalvi_pmatch,2041.0,log_mean,pDCs,30,110,0.08939857266297094,0.0893720334630151,totalvi_pmatch
totalvi_pmatch,2041.0,pred_log,Activated CD4 T,38,110,0.06796361791963033,0.08048550512246735,totalvi_pmatch
totalvi_pmatch,2041.0,pred_log,B doublets,77,110,0.1411477794665536,0.08063576397377845,totalvi_pmatch
totalvi_pmatch,2041.0,pred_log,B-CD4 T cell doublets,62,110,0.11829761933807172,0.10199357189395444,totalvi_pmatch
totalvi_pmatch,2041.0,pred_log,B-CD8 T cell doublets,50,110,0.10122921263541863,0.07305783024292109,totalvi_pmatch
totalvi_pmatch,2041.0,pred_log,B-macrophage doublets,74,110,0.2025882680198841,0.1582277566507314,totalvi_pmatch
totalvi_pmatch,2041.0,pred_log,B1 B,162,110,0.15810090914010952,0.05324717072742705,totalvi_pmatch
totalvi_pmatch,2041.0,pred_log,CD122+ CD8 T,258,110,0.08901728524064442,0.03663613279992755,totalvi_pmatch
totalvi_pmatch,2041.0,pred_log,CD4 T,1077,110,0.05640405841345717,0.02203775106305645,totalvi_pmatch
totalvi_pmatch,2041.0,pred_log,CD8 T,680,110,0.057276338435289884,0.0269774738907429,totalvi_pmatch
totalvi_pmatch,2041.0,pred_log,Cycling B/T cells,81,110,0.3141807753957228,0.24671356073098344,totalvi_pmatch
totalvi_pmatch,2041.0,pred_log,GD T,73,110,0.15075885446391524,0.1385555714835423,totalvi_pmatch
totalvi_pmatch,2041.0,pred_log,ICOS-high Tregs,91,110,0.13894771737520956,0.07896978436788854,totalvi_pmatch
totalvi_pmatch,2041.0,pred_log,Ifit3-high B,249,110,0.0582584843936322,0.019695984962693952,totalvi_pmatch
totalvi_pmatch,2041.0,pred_log,Ifit3-high CD4 T,132,110,0.0426110525310556,0.0440203971534782,totalvi_pmatch
totalvi_pmatch,2041.0,pred_log,Ifit3-high CD8 T,100,110,0.07343281923920815,0.05118961181063045,totalvi_pmatch
totalvi_pmatch,2041.0,pred_log,Low quality B cells,230,110,0.07997583617494382,0.03801741753766085,totalvi_pmatch
totalvi_pmatch,2041.0,pred_log,Low quality T cells,67,110,0.07884668869586145,0.06458229594935999,totalvi_pmatch
totalvi_pmatch,2041.0,pred_log,Ly6-high mono,77,110,0.22075350988777015,0.15828657669562546,totalvi_pmatch
totalvi_pmatch,2041.0,pred_log,MZ B,205,110,0.13656409844964126,0.04446250543665295,totalvi_pmatch
totalvi_pmatch,2041.0,pred_log,MZ/Marco-high macrophages,36,110,0.2105650647982392,0.24918367932322583,totalvi_pmatch
totalvi_pmatch,2041.0,pred_log,Mature B,2408,110,0.08941519119888264,0.01933830302730695,totalvi_pmatch
totalvi_pmatch,2041.0,pred_log,NK,104,110,0.15944613365304014,0.13355208295505955,totalvi_pmatch
totalvi_pmatch,2041.0,pred_log,NKT,117,110,0.21846562192332247,0.16561284096004947,totalvi_pmatch
totalvi_pmatch,2041.0,pred_log,Neutrophils,112,110,0.17622805235938713,0.14889066573929044,totalvi_pmatch
totalvi_pmatch,2041.0,pred_log,Red-pulp macrophages,35,110,0.04554069837249946,0.055221480488167204,totalvi_pmatch
totalvi_pmatch,2041.0,pred_log,T doublets,55,110,0.12614635429629772,0.11775078432710975,totalvi_pmatch
totalvi_pmatch,2041.0,pred_log,Transitional B,580,110,0.11889625979820906,0.01056533366917455,totalvi_pmatch
totalvi_pmatch,2041.0,pred_log,Tregs,115,110,0.12788206224518198,0.08602527009342265,totalvi_pmatch
totalvi_pmatch,2041.0,pred_log,cDC1s,62,110,0.2489292141845084,0.2120771324383502,totalvi_pmatch
totalvi_pmatch,2041.0,pred_log,cDC2s,65,110,0.2352871591372184,0.19841640853867035,totalvi_pmatch
totalvi_pmatch,2041.0,pred_log,pDCs,30,110,0.04668440827474892,0.05250952420965735,totalvi_pmatch
totalvi_w128,2026.0,calibrated,Activated CD4 T,38,110,0.12892727536965032,0.12970938384509445,totalvi_w128
totalvi_w128,2026.0,calibrated,B doublets,77,110,0.1643954782758254,0.1162111845139917,totalvi_w128
totalvi_w128,2026.0,calibrated,B-CD4 T cell doublets,62,110,0.1677416510859373,0.16746308506792484,totalvi_w128
totalvi_w128,2026.0,calibrated,B-CD8 T cell doublets,50,110,0.10545619459383232,0.08632857614987441,totalvi_w128
totalvi_w128,2026.0,calibrated,B-macrophage doublets,74,110,0.21258861666966528,0.17859281530627763,totalvi_w128
totalvi_w128,2026.0,calibrated,B1 B,162,110,0.1832876038644295,0.0753739175096038,totalvi_w128
totalvi_w128,2026.0,calibrated,CD122+ CD8 T,258,110,0.11762677114654767,0.06854616713711659,totalvi_w128
totalvi_w128,2026.0,calibrated,CD4 T,1077,110,0.08556120092996955,0.03272211850101575,totalvi_w128
totalvi_w128,2026.0,calibrated,CD8 T,680,110,0.08275944941531281,0.0330635860228464,totalvi_w128
totalvi_w128,2026.0,calibrated,Cycling B/T cells,81,110,0.3244309128321561,0.24507904231539895,totalvi_w128
totalvi_w128,2026.0,calibrated,GD T,73,110,0.165773257558539,0.14792828858144064,totalvi_w128
totalvi_w128,2026.0,calibrated,ICOS-high Tregs,91,110,0.18944726959841293,0.13242994146210973,totalvi_w128
totalvi_w128,2026.0,calibrated,Ifit3-high B,249,110,0.09613640001846031,0.05743850666345885,totalvi_w128
totalvi_w128,2026.0,calibrated,Ifit3-high CD4 T,132,110,0.05408176665866599,0.010814173491918749,totalvi_w128
totalvi_w128,2026.0,calibrated,Ifit3-high CD8 T,100,110,0.10176984618707596,0.09424322844249819,totalvi_w128
totalvi_w128,2026.0,calibrated,Low quality B cells,230,110,0.10176838646277545,0.05717477297794795,totalvi_w128
totalvi_w128,2026.0,calibrated,Low quality T cells,67,110,0.08625247784039639,0.0661467650981009,totalvi_w128
totalvi_w128,2026.0,calibrated,Ly6-high mono,77,110,0.2663766987176371,0.2523756002090083,totalvi_w128
totalvi_w128,2026.0,calibrated,MZ B,205,110,0.17611133295164988,0.08373040758560035,totalvi_w128
totalvi_w128,2026.0,calibrated,MZ/Marco-high macrophages,36,110,0.2559711229790994,0.25477005226890903,totalvi_w128
totalvi_w128,2026.0,calibrated,Mature B,2408,110,0.12005711580100867,0.0361554208614588,totalvi_w128
totalvi_w128,2026.0,calibrated,NK,104,110,0.208991728180838,0.20301183884628982,totalvi_w128
totalvi_w128,2026.0,calibrated,NKT,117,110,0.2833002237720666,0.2673082864610985,totalvi_w128
totalvi_w128,2026.0,calibrated,Neutrophils,112,110,0.2163118745543928,0.19896696265884573,totalvi_w128
totalvi_w128,2026.0,calibrated,Red-pulp macrophages,35,110,0.08476349880493685,0.11468013026950649,totalvi_w128
totalvi_w128,2026.0,calibrated,T doublets,55,110,0.1560353487598572,0.10361698674994374,totalvi_w128
totalvi_w128,2026.0,calibrated,Transitional B,580,110,0.14199536252617925,0.0394567387002749,totalvi_w128
totalvi_w128,2026.0,calibrated,Tregs,115,110,0.15617095450685267,0.0977832092112483,totalvi_w128
totalvi_w128,2026.0,calibrated,cDC1s,62,110,0.3119188845619312,0.28737031537795493,totalvi_w128
totalvi_w128,2026.0,calibrated,cDC2s,65,110,0.28099206124801723,0.2462181304072357,totalvi_w128
totalvi_w128,2026.0,calibrated,pDCs,30,110,0.09394869840329179,0.0982972238342229,totalvi_w128
totalvi_w128,2026.0,log_mean,Activated CD4 T,38,110,0.12892727536965032,0.12970938384509445,totalvi_w128
totalvi_w128,2026.0,log_mean,B doublets,77,110,0.1643954782758254,0.1162111845139917,totalvi_w128
totalvi_w128,2026.0,log_mean,B-CD4 T cell doublets,62,110,0.1677416510859373,0.16746308506792484,totalvi_w128
totalvi_w128,2026.0,log_mean,B-CD8 T cell doublets,50,110,0.10545619459383232,0.08632857614987441,totalvi_w128
totalvi_w128,2026.0,log_mean,B-macrophage doublets,74,110,0.21258861666966528,0.17859281530627763,totalvi_w128
totalvi_w128,2026.0,log_mean,B1 B,162,110,0.1832876038644295,0.0753739175096038,totalvi_w128
totalvi_w128,2026.0,log_mean,CD122+ CD8 T,258,110,0.11762677114654767,0.06854616713711659,totalvi_w128
totalvi_w128,2026.0,log_mean,CD4 T,1077,110,0.08556120092996955,0.03272211850101575,totalvi_w128
totalvi_w128,2026.0,log_mean,CD8 T,680,110,0.08275944941531281,0.0330635860228464,totalvi_w128
totalvi_w128,2026.0,log_mean,Cycling B/T cells,81,110,0.3244309128321561,0.24507904231539895,totalvi_w128
totalvi_w128,2026.0,log_mean,GD T,73,110,0.165773257558539,0.14792828858144064,totalvi_w128
totalvi_w128,2026.0,log_mean,ICOS-high Tregs,91,110,0.18944726959841293,0.13242994146210973,totalvi_w128
totalvi_w128,2026.0,log_mean,Ifit3-high B,249,110,0.09613640001846031,0.05743850666345885,totalvi_w128
totalvi_w128,2026.0,log_mean,Ifit3-high CD4 T,132,110,0.05408176665866599,0.010814173491918749,totalvi_w128
totalvi_w128,2026.0,log_mean,Ifit3-high CD8 T,100,110,0.10176984618707596,0.09424322844249819,totalvi_w128
totalvi_w128,2026.0,log_mean,Low quality B cells,230,110,0.10176838646277545,0.05717477297794795,totalvi_w128
totalvi_w128,2026.0,log_mean,Low quality T cells,67,110,0.08625247784039639,0.0661467650981009,totalvi_w128
totalvi_w128,2026.0,log_mean,Ly6-high mono,77,110,0.2663766987176371,0.2523756002090083,totalvi_w128
totalvi_w128,2026.0,log_mean,MZ B,205,110,0.17611133295164988,0.08373040758560035,totalvi_w128
totalvi_w128,2026.0,log_mean,MZ/Marco-high macrophages,36,110,0.2559711229790994,0.25477005226890903,totalvi_w128
totalvi_w128,2026.0,log_mean,Mature B,2408,110,0.12005711580100867,0.0361554208614588,totalvi_w128
totalvi_w128,2026.0,log_mean,NK,104,110,0.208991728180838,0.20301183884628982,totalvi_w128
totalvi_w128,2026.0,log_mean,NKT,117,110,0.2833002237720666,0.2673082864610985,totalvi_w128
totalvi_w128,2026.0,log_mean,Neutrophils,112,110,0.2163118745543928,0.19896696265884573,totalvi_w128
totalvi_w128,2026.0,log_mean,Red-pulp macrophages,35,110,0.08476349880493685,0.11468013026950649,totalvi_w128
totalvi_w128,2026.0,log_mean,T doublets,55,110,0.1560353487598572,0.10361698674994374,totalvi_w128
totalvi_w128,2026.0,log_mean,Transitional B,580,110,0.14199536252617925,0.0394567387002749,totalvi_w128
totalvi_w128,2026.0,log_mean,Tregs,115,110,0.15617095450685267,0.0977832092112483,totalvi_w128
totalvi_w128,2026.0,log_mean,cDC1s,62,110,0.3119188845619312,0.28737031537795493,totalvi_w128
totalvi_w128,2026.0,log_mean,cDC2s,65,110,0.28099206124801723,0.2462181304072357,totalvi_w128
totalvi_w128,2026.0,log_mean,pDCs,30,110,0.09394869840329179,0.0982972238342229,totalvi_w128
totalvi_w128,2026.0,pred_log,Activated CD4 T,38,110,0.10124886582945393,0.0859553208482796,totalvi_w128
totalvi_w128,2026.0,pred_log,B doublets,77,110,0.1471881457896259,0.1028701266745375,totalvi_w128
totalvi_w128,2026.0,pred_log,B-CD4 T cell doublets,62,110,0.15503383848069166,0.13602762141868815,totalvi_w128
totalvi_w128,2026.0,pred_log,B-CD8 T cell doublets,50,110,0.08276096880176664,0.054719813268697695,totalvi_w128
totalvi_w128,2026.0,pred_log,B-macrophage doublets,74,110,0.2032663749105775,0.1655151382316216,totalvi_w128
totalvi_w128,2026.0,pred_log,B1 B,162,110,0.16515569610472475,0.05533032851164155,totalvi_w128
totalvi_w128,2026.0,pred_log,CD122+ CD8 T,258,110,0.09003884986043353,0.04416881251080455,totalvi_w128
totalvi_w128,2026.0,pred_log,CD4 T,1077,110,0.06547552964357883,0.0271661519907903,totalvi_w128
totalvi_w128,2026.0,pred_log,CD8 T,680,110,0.06308057834985628,0.03238486745253235,totalvi_w128
totalvi_w128,2026.0,pred_log,Cycling B/T cells,81,110,0.3039657382349863,0.1829951215672308,totalvi_w128
totalvi_w128,2026.0,pred_log,GD T,73,110,0.1487971928148972,0.10984490607371411,totalvi_w128
totalvi_w128,2026.0,pred_log,ICOS-high Tregs,91,110,0.17649016162701175,0.1484959029346335,totalvi_w128
totalvi_w128,2026.0,pred_log,Ifit3-high B,249,110,0.07561610984097915,0.05168458243129235,totalvi_w128
totalvi_w128,2026.0,pred_log,Ifit3-high CD4 T,132,110,0.0504879614330099,0.03183220247979625,totalvi_w128
totalvi_w128,2026.0,pred_log,Ifit3-high CD8 T,100,110,0.07154645000073474,0.02611993129290835,totalvi_w128
totalvi_w128,2026.0,pred_log,Low quality B cells,230,110,0.0914045154781394,0.04573460042501285,totalvi_w128
totalvi_w128,2026.0,pred_log,Low quality T cells,67,110,0.08507759366906077,0.067993805622657,totalvi_w128
totalvi_w128,2026.0,pred_log,Ly6-high mono,77,110,0.239929486414193,0.21496447675583497,totalvi_w128
totalvi_w128,2026.0,pred_log,MZ B,205,110,0.1427798108198152,0.062216355632046694,totalvi_w128
totalvi_w128,2026.0,pred_log,MZ/Marco-high macrophages,36,110,0.20162961475241303,0.2119729062660426,totalvi_w128
totalvi_w128,2026.0,pred_log,Mature B,2408,110,0.10001728503504302,0.023159529848922798,totalvi_w128
totalvi_w128,2026.0,pred_log,NK,104,110,0.18330982092438358,0.1614157690239719,totalvi_w128
totalvi_w128,2026.0,pred_log,NKT,117,110,0.2340496003703615,0.1872171539287874,totalvi_w128
totalvi_w128,2026.0,pred_log,Neutrophils,112,110,0.19861981976538642,0.177407800598895,totalvi_w128
totalvi_w128,2026.0,pred_log,Red-pulp macrophages,35,110,0.10496754690849937,0.12461755551360534,totalvi_w128
totalvi_w128,2026.0,pred_log,T doublets,55,110,0.14744872227653852,0.10449802937150315,totalvi_w128
totalvi_w128,2026.0,pred_log,Transitional B,580,110,0.1244650486477393,0.02034171486170315,totalvi_w128
totalvi_w128,2026.0,pred_log,Tregs,115,110,0.12770874091212484,0.07799792292066135,totalvi_w128
totalvi_w128,2026.0,pred_log,cDC1s,62,110,0.2871184753724269,0.24107476810061396,totalvi_w128
totalvi_w128,2026.0,pred_log,cDC2s,65,110,0.2591081648656324,0.2422459951735941,totalvi_w128
totalvi_w128,2026.0,pred_log,pDCs,30,110,0.10651949702288176,0.11656079511488365,totalvi_w128
totalvi_w128,2027.0,calibrated,Activated CD4 T,38,110,0.1057437608385048,0.09978491616523169,totalvi_w128
totalvi_w128,2027.0,calibrated,B doublets,77,110,0.15686788548723202,0.10849354984406326,totalvi_w128
totalvi_w128,2027.0,calibrated,B-CD4 T cell doublets,62,110,0.19108648863198296,0.1817268478929368,totalvi_w128
totalvi_w128,2027.0,calibrated,B-CD8 T cell doublets,50,110,0.10857102774807283,0.05884007831747115,totalvi_w128
totalvi_w128,2027.0,calibrated,B-macrophage doublets,74,110,0.23815500065910478,0.19040836685330748,totalvi_w128
totalvi_w128,2027.0,calibrated,B1 B,162,110,0.1911952008273722,0.0883162779056669,totalvi_w128
totalvi_w128,2027.0,calibrated,CD122+ CD8 T,258,110,0.11740581757109009,0.06133883372356365,totalvi_w128
totalvi_w128,2027.0,calibrated,CD4 T,1077,110,0.08235498847253628,0.01923621899025835,totalvi_w128
totalvi_w128,2027.0,calibrated,CD8 T,680,110,0.08660114719052942,0.0393729359356687,totalvi_w128
totalvi_w128,2027.0,calibrated,Cycling B/T cells,81,110,0.32589457956729867,0.2430856421825397,totalvi_w128
totalvi_w128,2027.0,calibrated,GD T,73,110,0.18676630803827707,0.1378995449678769,totalvi_w128
totalvi_w128,2027.0,calibrated,ICOS-high Tregs,91,110,0.18079074607717333,0.12754742989782225,totalvi_w128
totalvi_w128,2027.0,calibrated,Ifit3-high B,249,110,0.09344749122013163,0.0474603927120092,totalvi_w128
totalvi_w128,2027.0,calibrated,Ifit3-high CD4 T,132,110,0.06804166028874152,0.0389994205562216,totalvi_w128
totalvi_w128,2027.0,calibrated,Ifit3-high CD8 T,100,110,0.10705362972983865,0.07489249287916444,totalvi_w128
totalvi_w128,2027.0,calibrated,Low quality B cells,230,110,0.10681702631789165,0.06587167668643605,totalvi_w128
totalvi_w128,2027.0,calibrated,Low quality T cells,67,110,0.11856807254500554,0.09482791890039541,totalvi_w128
totalvi_w128,2027.0,calibrated,Ly6-high mono,77,110,0.25816170594484955,0.26113173713010734,totalvi_w128
totalvi_w128,2027.0,calibrated,MZ B,205,110,0.17040230645112886,0.08415620911270849,totalvi_w128
totalvi_w128,2027.0,calibrated,MZ/Marco-high macrophages,36,110,0.2597545163927858,0.28098836915079584,totalvi_w128
totalvi_w128,2027.0,calibrated,Mature B,2408,110,0.1205565742861661,0.042958115252561796,totalvi_w128
totalvi_w128,2027.0,calibrated,NK,104,110,0.2065866590887422,0.1944106875773507,totalvi_w128
totalvi_w128,2027.0,calibrated,NKT,117,110,0.3004312805892081,0.2886657688263339,totalvi_w128
totalvi_w128,2027.0,calibrated,Neutrophils,112,110,0.20689678582772483,0.17616893750697485,totalvi_w128
totalvi_w128,2027.0,calibrated,Red-pulp macrophages,35,110,0.11080334994630194,0.1204234262406513,totalvi_w128
totalvi_w128,2027.0,calibrated,T doublets,55,110,0.16656336554891504,0.12212840567134176,totalvi_w128
totalvi_w128,2027.0,calibrated,Transitional B,580,110,0.1476548579853377,0.04568499543964455,totalvi_w128
totalvi_w128,2027.0,calibrated,Tregs,115,110,0.16059452414812658,0.1111831890660151,totalvi_w128
totalvi_w128,2027.0,calibrated,cDC1s,62,110,0.29951765447139805,0.26318078486865554,totalvi_w128
totalvi_w128,2027.0,calibrated,cDC2s,65,110,0.2982669027097588,0.3199569286134324,totalvi_w128
totalvi_w128,2027.0,calibrated,pDCs,30,110,0.17524775424031902,0.16507813300416305,totalvi_w128
totalvi_w128,2027.0,log_mean,Activated CD4 T,38,110,0.1057437608385048,0.09978491616523169,totalvi_w128
totalvi_w128,2027.0,log_mean,B doublets,77,110,0.15686788548723202,0.10849354984406326,totalvi_w128
totalvi_w128,2027.0,log_mean,B-CD4 T cell doublets,62,110,0.19108648863198296,0.1817268478929368,totalvi_w128
totalvi_w128,2027.0,log_mean,B-CD8 T cell doublets,50,110,0.10857102774807283,0.05884007831747115,totalvi_w128
totalvi_w128,2027.0,log_mean,B-macrophage doublets,74,110,0.23815500065910478,0.19040836685330748,totalvi_w128
totalvi_w128,2027.0,log_mean,B1 B,162,110,0.1911952008273722,0.0883162779056669,totalvi_w128
totalvi_w128,2027.0,log_mean,CD122+ CD8 T,258,110,0.11740581757109009,0.06133883372356365,totalvi_w128
totalvi_w128,2027.0,log_mean,CD4 T,1077,110,0.08235498847253628,0.01923621899025835,totalvi_w128
totalvi_w128,2027.0,log_mean,CD8 T,680,110,0.08660114719052942,0.0393729359356687,totalvi_w128
totalvi_w128,2027.0,log_mean,Cycling B/T cells,81,110,0.32589457956729867,0.2430856421825397,totalvi_w128
totalvi_w128,2027.0,log_mean,GD T,73,110,0.18676630803827707,0.1378995449678769,totalvi_w128
totalvi_w128,2027.0,log_mean,ICOS-high Tregs,91,110,0.18079074607717333,0.12754742989782225,totalvi_w128
totalvi_w128,2027.0,log_mean,Ifit3-high B,249,110,0.09344749122013163,0.0474603927120092,totalvi_w128
totalvi_w128,2027.0,log_mean,Ifit3-high CD4 T,132,110,0.06804166028874152,0.0389994205562216,totalvi_w128
totalvi_w128,2027.0,log_mean,Ifit3-high CD8 T,100,110,0.10705362972983865,0.07489249287916444,totalvi_w128
totalvi_w128,2027.0,log_mean,Low quality B cells,230,110,0.10681702631789165,0.06587167668643605,totalvi_w128
totalvi_w128,2027.0,log_mean,Low quality T cells,67,110,0.11856807254500554,0.09482791890039541,totalvi_w128
totalvi_w128,2027.0,log_mean,Ly6-high mono,77,110,0.25816170594484955,0.26113173713010734,totalvi_w128
totalvi_w128,2027.0,log_mean,MZ B,205,110,0.17040230645112886,0.08415620911270849,totalvi_w128
totalvi_w128,2027.0,log_mean,MZ/Marco-high macrophages,36,110,0.2597545163927858,0.28098836915079584,totalvi_w128
totalvi_w128,2027.0,log_mean,Mature B,2408,110,0.1205565742859825,0.042958115252561796,totalvi_w128
totalvi_w128,2027.0,log_mean,NK,104,110,0.2065866590887422,0.1944106875773507,totalvi_w128
totalvi_w128,2027.0,log_mean,NKT,117,110,0.3004312805892081,0.2886657688263339,totalvi_w128
totalvi_w128,2027.0,log_mean,Neutrophils,112,110,0.20689678582772483,0.17616893750697485,totalvi_w128
totalvi_w128,2027.0,log_mean,Red-pulp macrophages,35,110,0.11080334994630194,0.1204234262406513,totalvi_w128
totalvi_w128,2027.0,log_mean,T doublets,55,110,0.16656336554891504,0.12212840567134176,totalvi_w128
totalvi_w128,2027.0,log_mean,Transitional B,580,110,0.1476548579853377,0.04568499543964455,totalvi_w128
totalvi_w128,2027.0,log_mean,Tregs,115,110,0.16059452414812658,0.1111831890660151,totalvi_w128
totalvi_w128,2027.0,log_mean,cDC1s,62,110,0.29951765447139805,0.26318078486865554,totalvi_w128
totalvi_w128,2027.0,log_mean,cDC2s,65,110,0.2982669027097588,0.3199569286134324,totalvi_w128
totalvi_w128,2027.0,log_mean,pDCs,30,110,0.17524775424031902,0.16507813300416305,totalvi_w128
totalvi_w128,2027.0,pred_log,Activated CD4 T,38,110,0.08259044379545163,0.0446955098868583,totalvi_w128
totalvi_w128,2027.0,pred_log,B doublets,77,110,0.1454346421464109,0.08087566297745055,totalvi_w128
totalvi_w128,2027.0,pred_log,B-CD4 T cell doublets,62,110,0.14733869993165433,0.13897571934521874,totalvi_w128
totalvi_w128,2027.0,pred_log,B-CD8 T cell doublets,50,110,0.12102505988022554,0.10573997069548605,totalvi_w128
totalvi_w128,2027.0,pred_log,B-macrophage doublets,74,110,0.23074413036461508,0.1783029235629435,totalvi_w128
totalvi_w128,2027.0,pred_log,B1 B,162,110,0.16752321618040472,0.07217137708516695,totalvi_w128
totalvi_w128,2027.0,pred_log,CD122+ CD8 T,258,110,0.10019472446478993,0.0675154250418328,totalvi_w128
totalvi_w128,2027.0,pred_log,CD4 T,1077,110,0.06708204970250825,0.0246155873635579,totalvi_w128
totalvi_w128,2027.0,pred_log,CD8 T,680,110,0.0645740406062278,0.024595256630296748,totalvi_w128
totalvi_w128,2027.0,pred_log,Cycling B/T cells,81,110,0.3032287193031689,0.20895270715565975,totalvi_w128
totalvi_w128,2027.0,pred_log,GD T,73,110,0.17427545430823588,0.13336734060159317,totalvi_w128
totalvi_w128,2027.0,pred_log,ICOS-high Tregs,91,110,0.1585853183743743,0.10374854113313585,totalvi_w128
totalvi_w128,2027.0,pred_log,Ifit3-high B,249,110,0.06686416035061973,0.037815103583775,totalvi_w128
totalvi_w128,2027.0,pred_log,Ifit3-high CD4 T,132,110,0.03524952038573002,0.00720292191821555,totalvi_w128
totalvi_w128,2027.0,pred_log,Ifit3-high CD8 T,100,110,0.0749818837220428,0.06948555813551274,totalvi_w128
totalvi_w128,2027.0,pred_log,Low quality B cells,230,110,0.08994830871398672,0.0555895024051269,totalvi_w128
totalvi_w128,2027.0,pred_log,Low quality T cells,67,110,0.10453366756904829,0.08252434101533565,totalvi_w128
totalvi_w128,2027.0,pred_log,Ly6-high mono,77,110,0.22731790547554212,0.1715444039167307,totalvi_w128
totalvi_w128,2027.0,pred_log,MZ B,205,110,0.14302351656076698,0.05269731606917745,totalvi_w128
totalvi_w128,2027.0,pred_log,MZ/Marco-high macrophages,36,110,0.22040189813294775,0.2275441799261001,totalvi_w128
totalvi_w128,2027.0,pred_log,Mature B,2408,110,0.09766270069551297,0.0213938102574313,totalvi_w128
totalvi_w128,2027.0,pred_log,NK,104,110,0.18940237291538295,0.20815741435319973,totalvi_w128
totalvi_w128,2027.0,pred_log,NKT,117,110,0.24009634556243703,0.18738510661879892,totalvi_w128
totalvi_w128,2027.0,pred_log,Neutrophils,112,110,0.1826162652351907,0.1707130255543578,totalvi_w128
totalvi_w128,2027.0,pred_log,Red-pulp macrophages,35,110,0.08703244049944434,0.0935800235351541,totalvi_w128
totalvi_w128,2027.0,pred_log,T doublets,55,110,0.15052497128651013,0.09158985977577686,totalvi_w128
totalvi_w128,2027.0,pred_log,Transitional B,580,110,0.12421693582876761,0.0251088135381913,totalvi_w128
totalvi_w128,2027.0,pred_log,Tregs,115,110,0.13523642822971774,0.07296800350691045,totalvi_w128
totalvi_w128,2027.0,pred_log,cDC1s,62,110,0.26180115591076686,0.2027415548679063,totalvi_w128
totalvi_w128,2027.0,pred_log,cDC2s,65,110,0.27878150871330487,0.276158214275716,totalvi_w128
totalvi_w128,2027.0,pred_log,pDCs,30,110,0.09663710153418355,0.0918325295622277,totalvi_w128
totalvi_w128,2028.0,calibrated,Activated CD4 T,38,110,0.1223044432922605,0.09430541961971994,totalvi_w128
totalvi_w128,2028.0,calibrated,B doublets,77,110,0.1711185072723186,0.09840915965932295,totalvi_w128
totalvi_w128,2028.0,calibrated,B-CD4 T cell doublets,62,110,0.17148288337499082,0.1759777462463075,totalvi_w128
totalvi_w128,2028.0,calibrated,B-CD8 T cell doublets,50,110,0.11786021337052892,0.08589718605647576,totalvi_w128
totalvi_w128,2028.0,calibrated,B-macrophage doublets,74,110,0.22537837934499663,0.20656833789018186,totalvi_w128
totalvi_w128,2028.0,calibrated,B1 B,162,110,0.18823765891805105,0.0856223864169546,totalvi_w128
totalvi_w128,2028.0,calibrated,CD122+ CD8 T,258,110,0.11459485541317761,0.05108658619783175,totalvi_w128
totalvi_w128,2028.0,calibrated,CD4 T,1077,110,0.08337096017848032,0.02975632260986715,totalvi_w128
totalvi_w128,2028.0,calibrated,CD8 T,680,110,0.07770259849786736,0.02433221522609615,totalvi_w128
totalvi_w128,2028.0,calibrated,Cycling B/T cells,81,110,0.32404313278074065,0.22802971203073097,totalvi_w128
totalvi_w128,2028.0,calibrated,GD T,73,110,0.18339791012994472,0.14287124822089695,totalvi_w128
totalvi_w128,2028.0,calibrated,ICOS-high Tregs,91,110,0.1792259345941511,0.1418235149650776,totalvi_w128
totalvi_w128,2028.0,calibrated,Ifit3-high B,249,110,0.08991634166099038,0.0440913227266455,totalvi_w128
totalvi_w128,2028.0,calibrated,Ifit3-high CD4 T,132,110,0.04672015836090596,0.0190442133631018,totalvi_w128
totalvi_w128,2028.0,calibrated,Ifit3-high CD8 T,100,110,0.09186999133353278,0.05102152357058075,totalvi_w128
totalvi_w128,2028.0,calibrated,Low quality B cells,230,110,0.10323539104721614,0.0616316916937176,totalvi_w128
totalvi_w128,2028.0,calibrated,Low quality T cells,67,110,0.10301324134550632,0.06674446445573115,totalvi_w128
totalvi_w128,2028.0,calibrated,Ly6-high mono,77,110,0.2260672324719874,0.1574170814286042,totalvi_w128
totalvi_w128,2028.0,calibrated,MZ B,205,110,0.17817065312022257,0.07122527710586235,totalvi_w128
totalvi_w128,2028.0,calibrated,MZ/Marco-high macrophages,36,110,0.2553116878488543,0.2871564424831283,totalvi_w128
totalvi_w128,2028.0,calibrated,Mature B,2408,110,0.11690739770120846,0.030121976756801797,totalvi_w128
totalvi_w128,2028.0,calibrated,NK,104,110,0.19018815304217193,0.16347855806608205,totalvi_w128
totalvi_w128,2028.0,calibrated,NKT,117,110,0.2964769639982101,0.2645802928568103,totalvi_w128
totalvi_w128,2028.0,calibrated,Neutrophils,112,110,0.20745122884384232,0.1978720083821783,totalvi_w128
totalvi_w128,2028.0,calibrated,Red-pulp macrophages,35,110,0.10983251716109088,0.10208003556497094,totalvi_w128
totalvi_w128,2028.0,calibrated,T doublets,55,110,0.17094336313421282,0.13246509001660334,totalvi_w128
totalvi_w128,2028.0,calibrated,Transitional B,580,110,0.14107750330702365,0.02952959890007725,totalvi_w128
totalvi_w128,2028.0,calibrated,Tregs,115,110,0.16181374865713657,0.12242653549525599,totalvi_w128
totalvi_w128,2028.0,calibrated,cDC1s,62,110,0.3007135281439438,0.2676021311398583,totalvi_w128
totalvi_w128,2028.0,calibrated,cDC2s,65,110,0.29889735804476464,0.3057956502086906,totalvi_w128
totalvi_w128,2028.0,calibrated,pDCs,30,110,0.10798282411343563,0.1089531754150116,totalvi_w128
totalvi_w128,2028.0,log_mean,Activated CD4 T,38,110,0.1204316284797807,0.09060950471100909,totalvi_w128
totalvi_w128,2028.0,log_mean,B doublets,77,110,0.17271626138617666,0.09840915965932295,totalvi_w128
totalvi_w128,2028.0,log_mean,B-CD4 T cell doublets,62,110,0.16858524773279313,0.1759777462463075,totalvi_w128
totalvi_w128,2028.0,log_mean,B-CD8 T cell doublets,50,110,0.1185922021477323,0.08589718605647576,totalvi_w128
totalvi_w128,2028.0,log_mean,B-macrophage doublets,74,110,0.22376833490777673,0.20656833789018186,totalvi_w128
totalvi_w128,2028.0,log_mean,B1 B,162,110,0.18631706146296564,0.08329782809972991,totalvi_w128
totalvi_w128,2028.0,log_mean,CD122+ CD8 T,258,110,0.11497093136609879,0.05108658619783175,totalvi_w128
totalvi_w128,2028.0,log_mean,CD4 T,1077,110,0.08349544525825384,0.02975632260986715,totalvi_w128
totalvi_w128,2028.0,log_mean,CD8 T,680,110,0.07867124809926027,0.02739819552353935,totalvi_w128
totalvi_w128,2028.0,log_mean,Cycling B/T cells,81,110,0.3225729177727862,0.22802971203073097,totalvi_w128
totalvi_w128,2028.0,log_mean,GD T,73,110,0.181321959081454,0.14287124822089695,totalvi_w128
totalvi_w128,2028.0,log_mean,ICOS-high Tregs,91,110,0.17831548845395326,0.1418235149650776,totalvi_w128
totalvi_w128,2028.0,log_mean,Ifit3-high B,249,110,0.09127361241491545,0.045580952509732306,totalvi_w128
totalvi_w128,2028.0,log_mean,Ifit3-high CD4 T,132,110,0.04857842491860109,0.0195798053486629,totalvi_w128
totalvi_w128,2028.0,log_mean,Ifit3-high CD8 T,100,110,0.0915962670731578,0.05102152357058075,totalvi_w128
totalvi_w128,2028.0,log_mean,Low quality B cells,230,110,0.10512774962768495,0.06357694001435535,totalvi_w128
totalvi_w128,2028.0,log_mean,Low quality T cells,67,110,0.1043224216096533,0.0687020734303769,totalvi_w128
totalvi_w128,2028.0,log_mean,Ly6-high mono,77,110,0.22564729386291735,0.1574170814286042,totalvi_w128
totalvi_w128,2028.0,log_mean,MZ B,205,110,0.1765517861999075,0.07025637240178265,totalvi_w128
totalvi_w128,2028.0,log_mean,MZ/Marco-high macrophages,36,110,0.25329748098946436,0.2871564424831283,totalvi_w128
totalvi_w128,2028.0,log_mean,Mature B,2408,110,0.11648220456771015,0.030121976756801797,totalvi_w128
totalvi_w128,2028.0,log_mean,NK,104,110,0.1895854480851524,0.16347855806608205,totalvi_w128
totalvi_w128,2028.0,log_mean,NKT,117,110,0.2975779142881999,0.2645802928568103,totalvi_w128
totalvi_w128,2028.0,log_mean,Neutrophils,112,110,0.20792383555022614,0.1978720083821783,totalvi_w128
totalvi_w128,2028.0,log_mean,Red-pulp macrophages,35,110,0.10688573097559527,0.09738700575915141,totalvi_w128
totalvi_w128,2028.0,log_mean,T doublets,55,110,0.16888984783759972,0.13246509001660334,totalvi_w128
totalvi_w128,2028.0,log_mean,Transitional B,580,110,0.14140298717283808,0.02952959890007725,totalvi_w128
totalvi_w128,2028.0,log_mean,Tregs,115,110,0.16237175153057112,0.12242653549525599,totalvi_w128
totalvi_w128,2028.0,log_mean,cDC1s,62,110,0.29970389899481925,0.2676021311398583,totalvi_w128
totalvi_w128,2028.0,log_mean,cDC2s,65,110,0.297098393721952,0.3057956502086906,totalvi_w128
totalvi_w128,2028.0,log_mean,pDCs,30,110,0.10267215228233598,0.1044698644745135,totalvi_w128
totalvi_w128,2028.0,pred_log,Activated CD4 T,38,110,0.07958447745914268,0.06088859415882655,totalvi_w128
totalvi_w128,2028.0,pred_log,B doublets,77,110,0.155583676881169,0.10300309957323006,totalvi_w128
totalvi_w128,2028.0,pred_log,B-CD4 T cell doublets,62,110,0.1510653648134443,0.13374534291095508,totalvi_w128
totalvi_w128,2028.0,pred_log,B-CD8 T cell doublets,50,110,0.11422563856316216,0.10607083888819505,totalvi_w128
totalvi_w128,2028.0,pred_log,B-macrophage doublets,74,110,0.20802365028445466,0.17208155326006003,totalvi_w128
totalvi_w128,2028.0,pred_log,B1 B,162,110,0.166608957276027,0.06093288784636275,totalvi_w128
totalvi_w128,2028.0,pred_log,CD122+ CD8 T,258,110,0.09305893357306882,0.0468700221547896,totalvi_w128
totalvi_w128,2028.0,pred_log,CD4 T,1077,110,0.06757088267710609,0.024667816733317152,totalvi_w128
totalvi_w128,2028.0,pred_log,CD8 T,680,110,0.06211443830302431,0.03052924361630535,totalvi_w128
totalvi_w128,2028.0,pred_log,Cycling B/T cells,81,110,0.3077515308148534,0.22493064772524035,totalvi_w128
totalvi_w128,2028.0,pred_log,GD T,73,110,0.15761371292264145,0.12217604374948725,totalvi_w128
totalvi_w128,2028.0,pred_log,ICOS-high Tregs,91,110,0.15911044692181325,0.10834873090605045,totalvi_w128
totalvi_w128,2028.0,pred_log,Ifit3-high B,249,110,0.07343365056795412,0.0408676820968567,totalvi_w128
totalvi_w128,2028.0,pred_log,Ifit3-high CD4 T,132,110,0.05474866339272683,0.026212893816057847,totalvi_w128
totalvi_w128,2028.0,pred_log,Ifit3-high CD8 T,100,110,0.08884788209716382,0.0682731022564958,totalvi_w128
totalvi_w128,2028.0,pred_log,Low quality B cells,230,110,0.08153952085316403,0.0575824113527263,totalvi_w128
totalvi_w128,2028.0,pred_log,Low quality T cells,67,110,0.07096479761275458,0.0322785133313079,totalvi_w128
totalvi_w128,2028.0,pred_log,Ly6-high mono,77,110,0.21410084633304505,0.17195609055967126,totalvi_w128
totalvi_w128,2028.0,pred_log,MZ B,205,110,0.16051383989759876,0.0583033872914512,totalvi_w128
totalvi_w128,2028.0,pred_log,MZ/Marco-high macrophages,36,110,0.21923031683302527,0.21641671821627678,totalvi_w128
totalvi_w128,2028.0,pred_log,Mature B,2408,110,0.09534782258346505,0.0225987694318821,totalvi_w128
totalvi_w128,2028.0,pred_log,NK,104,110,0.1614503442187441,0.13867680016829304,totalvi_w128
totalvi_w128,2028.0,pred_log,NKT,117,110,0.22225280284065752,0.1942429374835023,totalvi_w128
totalvi_w128,2028.0,pred_log,Neutrophils,112,110,0.17580825349919338,0.15006402758908333,totalvi_w128
totalvi_w128,2028.0,pred_log,Red-pulp macrophages,35,110,0.09824132750143154,0.1257980061551311,totalvi_w128
totalvi_w128,2028.0,pred_log,T doublets,55,110,0.14068279019999563,0.09482836080555695,totalvi_w128
totalvi_w128,2028.0,pred_log,Transitional B,580,110,0.11630320322461381,0.010368772227558599,totalvi_w128
totalvi_w128,2028.0,pred_log,Tregs,115,110,0.14039718879859642,0.09307710558648166,totalvi_w128
totalvi_w128,2028.0,pred_log,cDC1s,62,110,0.28700890018410113,0.2535778180622951,totalvi_w128
totalvi_w128,2028.0,pred_log,cDC2s,65,110,0.262377384988753,0.28016298107606336,totalvi_w128
totalvi_w128,2028.0,pred_log,pDCs,30,110,0.09019198895272316,0.1103622617712491,totalvi_w128
totalvi_w128,2029.0,calibrated,Activated CD4 T,38,110,0.12427463319240908,0.11313598175933134,totalvi_w128
totalvi_w128,2029.0,calibrated,B doublets,77,110,0.17231187964371672,0.1068755769571213,totalvi_w128
totalvi_w128,2029.0,calibrated,B-CD4 T cell doublets,62,110,0.1738796073316598,0.13085656014321084,totalvi_w128
totalvi_w128,2029.0,calibrated,B-CD8 T cell doublets,50,110,0.11912509096389952,0.08239314372147566,totalvi_w128
totalvi_w128,2029.0,calibrated,B-macrophage doublets,74,110,0.21531922259162192,0.16181759651606045,totalvi_w128
totalvi_w128,2029.0,calibrated,B1 B,162,110,0.19606913723527672,0.09933188045070016,totalvi_w128
totalvi_w128,2029.0,calibrated,CD122+ CD8 T,258,110,0.12071352949803404,0.05689893742125455,totalvi_w128
totalvi_w128,2029.0,calibrated,CD4 T,1077,110,0.08444094506972875,0.03110984050360595,totalvi_w128
totalvi_w128,2029.0,calibrated,CD8 T,680,110,0.08806926469968185,0.0430067375792243,totalvi_w128
totalvi_w128,2029.0,calibrated,Cycling B/T cells,81,110,0.3273543471108769,0.24507503722696536,totalvi_w128
totalvi_w128,2029.0,calibrated,GD T,73,110,0.18845601558847755,0.1561362365716853,totalvi_w128
totalvi_w128,2029.0,calibrated,ICOS-high Tregs,91,110,0.2124910683668947,0.17174116288733615,totalvi_w128
totalvi_w128,2029.0,calibrated,Ifit3-high B,249,110,0.08265494234383937,0.0358505916115889,totalvi_w128
totalvi_w128,2029.0,calibrated,Ifit3-high CD4 T,132,110,0.04712465394084811,0.0276120829710618,totalvi_w128
totalvi_w128,2029.0,calibrated,Ifit3-high CD8 T,100,110,0.12003282641056817,0.09811322447272294,totalvi_w128
totalvi_w128,2029.0,calibrated,Low quality B cells,230,110,0.09586732451257383,0.05983161736241745,totalvi_w128
totalvi_w128,2029.0,calibrated,Low quality T cells,67,110,0.10989557293635867,0.07853635133866754,totalvi_w128
totalvi_w128,2029.0,calibrated,Ly6-high mono,77,110,0.25102057642099623,0.22022752997506784,totalvi_w128
totalvi_w128,2029.0,calibrated,MZ B,205,110,0.18349736249581855,0.1052089423586676,totalvi_w128
totalvi_w128,2029.0,calibrated,MZ/Marco-high macrophages,36,110,0.25261518691818086,0.28331766571059785,totalvi_w128
totalvi_w128,2029.0,calibrated,Mature B,2408,110,0.12136498954154125,0.036496512555681246,totalvi_w128
totalvi_w128,2029.0,calibrated,NK,104,110,0.20671092308793565,0.19230064801608884,totalvi_w128
totalvi_w128,2029.0,calibrated,NKT,117,110,0.2863098113546283,0.261566211807029,totalvi_w128
totalvi_w128,2029.0,calibrated,Neutrophils,112,110,0.2014512811179813,0.1881971688724882,totalvi_w128
totalvi_w128,2029.0,calibrated,Red-pulp macrophages,35,110,0.07926372872408298,0.07472047043331051,totalvi_w128
totalvi_w128,2029.0,calibrated,T doublets,55,110,0.1510575446521859,0.11039719871906231,totalvi_w128
totalvi_w128,2029.0,calibrated,Transitional B,580,110,0.14184783075991383,0.03482141879953355,totalvi_w128
totalvi_w128,2029.0,calibrated,Tregs,115,110,0.16654106364965102,0.10603258133616944,totalvi_w128
totalvi_w128,2029.0,calibrated,cDC1s,62,110,0.3049510586075321,0.2950737986856161,totalvi_w128
totalvi_w128,2029.0,calibrated,cDC2s,65,110,0.28285542857508117,0.27108777696060127,totalvi_w128
totalvi_w128,2029.0,calibrated,pDCs,30,110,0.1311672860312095,0.11886369890739495,totalvi_w128
totalvi_w128,2029.0,log_mean,Activated CD4 T,38,110,0.12427463319240908,0.11313598175933134,totalvi_w128
totalvi_w128,2029.0,log_mean,B doublets,77,110,0.17231187964371672,0.1068755769571213,totalvi_w128
totalvi_w128,2029.0,log_mean,B-CD4 T cell doublets,62,110,0.1738796073316598,0.13085656014321084,totalvi_w128
totalvi_w128,2029.0,log_mean,B-CD8 T cell doublets,50,110,0.11912509096389952,0.08239314372147566,totalvi_w128
totalvi_w128,2029.0,log_mean,B-macrophage doublets,74,110,0.21531922259162192,0.16181759651606045,totalvi_w128
totalvi_w128,2029.0,log_mean,B1 B,162,110,0.19606913723527672,0.09933188045070016,totalvi_w128
totalvi_w128,2029.0,log_mean,CD122+ CD8 T,258,110,0.12071352949803404,0.05689893742125455,totalvi_w128
totalvi_w128,2029.0,log_mean,CD4 T,1077,110,0.08444094506972875,0.03110984050360595,totalvi_w128
totalvi_w128,2029.0,log_mean,CD8 T,680,110,0.08806926469968185,0.0430067375792243,totalvi_w128
totalvi_w128,2029.0,log_mean,Cycling B/T cells,81,110,0.3273543471108769,0.24507503722696536,totalvi_w128
totalvi_w128,2029.0,log_mean,GD T,73,110,0.18845601558847755,0.1561362365716853,totalvi_w128
totalvi_w128,2029.0,log_mean,ICOS-high Tregs,91,110,0.2124910683668947,0.17174116288733615,totalvi_w128
totalvi_w128,2029.0,log_mean,Ifit3-high B,249,110,0.08265494234383937,0.0358505916115889,totalvi_w128
totalvi_w128,2029.0,log_mean,Ifit3-high CD4 T,132,110,0.04712465394084811,0.0276120829710618,totalvi_w128
totalvi_w128,2029.0,log_mean,Ifit3-high CD8 T,100,110,0.12003282641056817,0.09811322447272294,totalvi_w128
totalvi_w128,2029.0,log_mean,Low quality B cells,230,110,0.09586732451257383,0.05983161736241745,totalvi_w128
totalvi_w128,2029.0,log_mean,Low quality T cells,67,110,0.10989557293635867,0.07853635133866754,totalvi_w128
totalvi_w128,2029.0,log_mean,Ly6-high mono,77,110,0.25102057642099623,0.22022752997506784,totalvi_w128
totalvi_w128,2029.0,log_mean,MZ B,205,110,0.18349736249581855,0.1052089423586676,totalvi_w128
totalvi_w128,2029.0,log_mean,MZ/Marco-high macrophages,36,110,0.25261518691818086,0.28331766571059785,totalvi_w128
totalvi_w128,2029.0,log_mean,Mature B,2408,110,0.12136498580076399,0.036496512555681246,totalvi_w128
totalvi_w128,2029.0,log_mean,NK,104,110,0.20671092308793565,0.19230064801608884,totalvi_w128
totalvi_w128,2029.0,log_mean,NKT,117,110,0.2863098113546283,0.261566211807029,totalvi_w128
totalvi_w128,2029.0,log_mean,Neutrophils,112,110,0.2014512811179813,0.1881971688724882,totalvi_w128
totalvi_w128,2029.0,log_mean,Red-pulp macrophages,35,110,0.07926372872408298,0.07472047043331051,totalvi_w128
totalvi_w128,2029.0,log_mean,T doublets,55,110,0.1510575446521859,0.11039719871906231,totalvi_w128
totalvi_w128,2029.0,log_mean,Transitional B,580,110,0.14184783075991383,0.03482141879953355,totalvi_w128
totalvi_w128,2029.0,log_mean,Tregs,115,110,0.16654106364965102,0.10603258133616944,totalvi_w128
totalvi_w128,2029.0,log_mean,cDC1s,62,110,0.3049510586075321,0.2950737986856161,totalvi_w128
totalvi_w128,2029.0,log_mean,cDC2s,65,110,0.28285542857508117,0.27108777696060127,totalvi_w128
totalvi_w128,2029.0,log_mean,pDCs,30,110,0.1311672860312095,0.11886369890739495,totalvi_w128
totalvi_w128,2029.0,pred_log,Activated CD4 T,38,110,0.10031718003393585,0.1060423573346818,totalvi_w128
totalvi_w128,2029.0,pred_log,B doublets,77,110,0.13614431263234503,0.07323143212858844,totalvi_w128
totalvi_w128,2029.0,pred_log,B-CD4 T cell doublets,62,110,0.15130401610030828,0.10730350203085146,totalvi_w128
totalvi_w128,2029.0,pred_log,B-CD8 T cell doublets,50,110,0.11532587532467867,0.05877508258931535,totalvi_w128
totalvi_w128,2029.0,pred_log,B-macrophage doublets,74,110,0.21884529558682803,0.1761956306793303,totalvi_w128
totalvi_w128,2029.0,pred_log,B1 B,162,110,0.1852298815583113,0.08547756370139856,totalvi_w128
totalvi_w128,2029.0,pred_log,CD122+ CD8 T,258,110,0.09271239402109889,0.03580946750251145,totalvi_w128
totalvi_w128,2029.0,pred_log,CD4 T,1077,110,0.06685306054449147,0.02203913762157525,totalvi_w128
totalvi_w128,2029.0,pred_log,CD8 T,680,110,0.06755425570929083,0.027952155805519498,totalvi_w128
totalvi_w128,2029.0,pred_log,Cycling B/T cells,81,110,0.3069495217179113,0.22710958324696429,totalvi_w128
totalvi_w128,2029.0,pred_log,GD T,73,110,0.16956933295985274,0.13231644260233155,totalvi_w128
totalvi_w128,2029.0,pred_log,ICOS-high Tregs,91,110,0.18069668757842608,0.13783729964034844,totalvi_w128
totalvi_w128,2029.0,pred_log,Ifit3-high B,249,110,0.07475862461433422,0.05101946494352465,totalvi_w128
totalvi_w128,2029.0,pred_log,Ifit3-high CD4 T,132,110,0.03605379696224531,0.0187094399383353,totalvi_w128
totalvi_w128,2029.0,pred_log,Ifit3-high CD8 T,100,110,0.07147013627022046,0.04511568188588885,totalvi_w128
totalvi_w128,2029.0,pred_log,Low quality B cells,230,110,0.0762986251243983,0.0346060753744314,totalvi_w128
totalvi_w128,2029.0,pred_log,Low quality T cells,67,110,0.09998587820397269,0.0976328455203609,totalvi_w128
totalvi_w128,2029.0,pred_log,Ly6-high mono,77,110,0.22119775771866976,0.16774036195929232,totalvi_w128
totalvi_w128,2029.0,pred_log,MZ B,205,110,0.15065461838117009,0.05660441396840195,totalvi_w128
totalvi_w128,2029.0,pred_log,MZ/Marco-high macrophages,36,110,0.24704597593500854,0.2473260354773931,totalvi_w128
totalvi_w128,2029.0,pred_log,Mature B,2408,110,0.09327564529275849,0.01717226832350395,totalvi_w128
totalvi_w128,2029.0,pred_log,NK,104,110,0.16287009449915812,0.15701513472163145,totalvi_w128
totalvi_w128,2029.0,pred_log,NKT,117,110,0.2479043313748343,0.21302407364166426,totalvi_w128
totalvi_w128,2029.0,pred_log,Neutrophils,112,110,0.19812942369518935,0.16130415283681648,totalvi_w128
totalvi_w128,2029.0,pred_log,Red-pulp macrophages,35,110,0.09280830512737477,0.08560866169168524,totalvi_w128
totalvi_w128,2029.0,pred_log,T doublets,55,110,0.12436241613226981,0.08549037638281931,totalvi_w128
totalvi_w128,2029.0,pred_log,Transitional B,580,110,0.12351034990280242,0.01920455515839025,totalvi_w128
totalvi_w128,2029.0,pred_log,Tregs,115,110,0.13374806954697083,0.0834794155879615,totalvi_w128
totalvi_w128,2029.0,pred_log,cDC1s,62,110,0.2785081110581629,0.2128270780861321,totalvi_w128
totalvi_w128,2029.0,pred_log,cDC2s,65,110,0.26015929801630167,0.22593062422301152,totalvi_w128
totalvi_w128,2029.0,pred_log,pDCs,30,110,0.08470773174016405,0.07694791470001111,totalvi_w128
totalvi_w128,2030.0,calibrated,Activated CD4 T,38,110,0.1392852343303077,0.1068573532330335,totalvi_w128
totalvi_w128,2030.0,calibrated,B doublets,77,110,0.16593248452391382,0.0922763896594137,totalvi_w128
totalvi_w128,2030.0,calibrated,B-CD4 T cell doublets,62,110,0.18525149095826315,0.17292340297656936,totalvi_w128
totalvi_w128,2030.0,calibrated,B-CD8 T cell doublets,50,110,0.11805491521421882,0.09291460729541715,totalvi_w128
totalvi_w128,2030.0,calibrated,B-macrophage doublets,74,110,0.20688076345621015,0.16898019741253956,totalvi_w128
totalvi_w128,2030.0,calibrated,B1 B,162,110,0.17771886238325602,0.0726208508558323,totalvi_w128
totalvi_w128,2030.0,calibrated,CD122+ CD8 T,258,110,0.13238499752856625,0.05675274705628825,totalvi_w128
totalvi_w128,2030.0,calibrated,CD4 T,1077,110,0.08733553909821688,0.0323715171345616,totalvi_w128
totalvi_w128,2030.0,calibrated,CD8 T,680,110,0.09011512043645933,0.038691544990151996,totalvi_w128
totalvi_w128,2030.0,calibrated,Cycling B/T cells,81,110,0.31153591111275825,0.2251500043037322,totalvi_w128
totalvi_w128,2030.0,calibrated,GD T,73,110,0.18323184256929634,0.16097289014631921,totalvi_w128
totalvi_w128,2030.0,calibrated,ICOS-high Tregs,91,110,0.1748625931846667,0.120632854238168,totalvi_w128
totalvi_w128,2030.0,calibrated,Ifit3-high B,249,110,0.0889662261586366,0.0372574168357037,totalvi_w128
totalvi_w128,2030.0,calibrated,Ifit3-high CD4 T,132,110,0.05690654167303267,0.015284705801123101,totalvi_w128
totalvi_w128,2030.0,calibrated,Ifit3-high CD8 T,100,110,0.10377732621022509,0.08017145965280435,totalvi_w128
totalvi_w128,2030.0,calibrated,Low quality B cells,230,110,0.10319842327107097,0.0620500253547199,totalvi_w128
totalvi_w128,2030.0,calibrated,Low quality T cells,67,110,0.12461003393180142,0.09191608291194756,totalvi_w128
totalvi_w128,2030.0,calibrated,Ly6-high mono,77,110,0.254789450441096,0.2201788438505896,totalvi_w128
totalvi_w128,2030.0,calibrated,MZ B,205,110,0.19004232234606813,0.0888441019802588,totalvi_w128
totalvi_w128,2030.0,calibrated,MZ/Marco-high macrophages,36,110,0.2519274664989113,0.2484073835225094,totalvi_w128
totalvi_w128,2030.0,calibrated,Mature B,2408,110,0.11872053252766596,0.03514732973486685,totalvi_w128
totalvi_w128,2030.0,calibrated,NK,104,110,0.2032772418408976,0.22516934562941748,totalvi_w128
totalvi_w128,2030.0,calibrated,NKT,117,110,0.30110763278449215,0.28126948740521174,totalvi_w128
totalvi_w128,2030.0,calibrated,Neutrophils,112,110,0.21602988409584556,0.2056573700002293,totalvi_w128
totalvi_w128,2030.0,calibrated,Red-pulp macrophages,35,110,0.085697218961939,0.1100108134645745,totalvi_w128
totalvi_w128,2030.0,calibrated,T doublets,55,110,0.17254508375318733,0.1116466363192512,totalvi_w128
totalvi_w128,2030.0,calibrated,Transitional B,580,110,0.14567494494278158,0.04109837097594719,totalvi_w128
totalvi_w128,2030.0,calibrated,Tregs,115,110,0.1716587313464275,0.11513299729552004,totalvi_w128
totalvi_w128,2030.0,calibrated,cDC1s,62,110,0.3073320075227951,0.26838894900871413,totalvi_w128
totalvi_w128,2030.0,calibrated,cDC2s,65,110,0.282565227229232,0.26586726890984147,totalvi_w128
totalvi_w128,2030.0,calibrated,pDCs,30,110,0.11469173412543485,0.12055762960171905,totalvi_w128
totalvi_w128,2030.0,log_mean,Activated CD4 T,38,110,0.1392852343303077,0.1068573532330335,totalvi_w128
totalvi_w128,2030.0,log_mean,B doublets,77,110,0.16593248452391382,0.0922763896594137,totalvi_w128
totalvi_w128,2030.0,log_mean,B-CD4 T cell doublets,62,110,0.18525149095826315,0.17292340297656936,totalvi_w128
totalvi_w128,2030.0,log_mean,B-CD8 T cell doublets,50,110,0.11805491521421882,0.09291460729541715,totalvi_w128
totalvi_w128,2030.0,log_mean,B-macrophage doublets,74,110,0.20688076345621015,0.16898019741253956,totalvi_w128
totalvi_w128,2030.0,log_mean,B1 B,162,110,0.17771886238325602,0.0726208508558323,totalvi_w128
totalvi_w128,2030.0,log_mean,CD122+ CD8 T,258,110,0.13238499752856625,0.05675274705628825,totalvi_w128
totalvi_w128,2030.0,log_mean,CD4 T,1077,110,0.08733553909821688,0.0323715171345616,totalvi_w128
totalvi_w128,2030.0,log_mean,CD8 T,680,110,0.09011512043645933,0.038691544990151996,totalvi_w128
totalvi_w128,2030.0,log_mean,Cycling B/T cells,81,110,0.31153591111275825,0.2251500043037322,totalvi_w128
totalvi_w128,2030.0,log_mean,GD T,73,110,0.18323184256929634,0.16097289014631921,totalvi_w128
totalvi_w128,2030.0,log_mean,ICOS-high Tregs,91,110,0.1748625931846667,0.120632854238168,totalvi_w128
totalvi_w128,2030.0,log_mean,Ifit3-high B,249,110,0.0889662261586366,0.0372574168357037,totalvi_w128
totalvi_w128,2030.0,log_mean,Ifit3-high CD4 T,132,110,0.05690654167303267,0.015284705801123101,totalvi_w128
totalvi_w128,2030.0,log_mean,Ifit3-high CD8 T,100,110,0.10377732621022509,0.08017145965280435,totalvi_w128
totalvi_w128,2030.0,log_mean,Low quality B cells,230,110,0.10319842327107097,0.0620500253547199,totalvi_w128
totalvi_w128,2030.0,log_mean,Low quality T cells,67,110,0.12461003393180142,0.09191608291194756,totalvi_w128
totalvi_w128,2030.0,log_mean,Ly6-high mono,77,110,0.254789450441096,0.2201788438505896,totalvi_w128
totalvi_w128,2030.0,log_mean,MZ B,205,110,0.19004232234606813,0.0888441019802588,totalvi_w128
totalvi_w128,2030.0,log_mean,MZ/Marco-high macrophages,36,110,0.2519274664989113,0.2484073835225094,totalvi_w128
totalvi_w128,2030.0,log_mean,Mature B,2408,110,0.11872053252766596,0.03514732973486685,totalvi_w128
totalvi_w128,2030.0,log_mean,NK,104,110,0.2032772418408976,0.22516934562941748,totalvi_w128
totalvi_w128,2030.0,log_mean,NKT,117,110,0.30110763278449215,0.28126948740521174,totalvi_w128
totalvi_w128,2030.0,log_mean,Neutrophils,112,110,0.21602988409584556,0.2056573700002293,totalvi_w128
totalvi_w128,2030.0,log_mean,Red-pulp macrophages,35,110,0.085697218961939,0.1100108134645745,totalvi_w128
totalvi_w128,2030.0,log_mean,T doublets,55,110,0.17254508375318733,0.1116466363192512,totalvi_w128
totalvi_w128,2030.0,log_mean,Transitional B,580,110,0.14567494494278158,0.04109837097594719,totalvi_w128
totalvi_w128,2030.0,log_mean,Tregs,115,110,0.1716587313464275,0.11513299729552004,totalvi_w128
totalvi_w128,2030.0,log_mean,cDC1s,62,110,0.3073320075227951,0.26838894900871413,totalvi_w128
totalvi_w128,2030.0,log_mean,cDC2s,65,110,0.282565227229232,0.26586726890984147,totalvi_w128
totalvi_w128,2030.0,log_mean,pDCs,30,110,0.11469173412543485,0.12055762960171905,totalvi_w128
totalvi_w128,2030.0,pred_log,Activated CD4 T,38,110,0.06628993811683975,0.0478284036001264,totalvi_w128
totalvi_w128,2030.0,pred_log,B doublets,77,110,0.13471479507282402,0.07737453955718296,totalvi_w128
totalvi_w128,2030.0,pred_log,B-CD4 T cell doublets,62,110,0.13810184317285895,0.119024955884728,totalvi_w128
totalvi_w128,2030.0,pred_log,B-CD8 T cell doublets,50,110,0.10833827107264982,0.07097189911962659,totalvi_w128
totalvi_w128,2030.0,pred_log,B-macrophage doublets,74,110,0.20665150390379963,0.16186527218622537,totalvi_w128
totalvi_w128,2030.0,pred_log,B1 B,162,110,0.17196739330486888,0.06507139110843695,totalvi_w128
totalvi_w128,2030.0,pred_log,CD122+ CD8 T,258,110,0.0951421827518152,0.0413690194263367,totalvi_w128
totalvi_w128,2030.0,pred_log,CD4 T,1077,110,0.06619235039058949,0.02139083287756935,totalvi_w128
totalvi_w128,2030.0,pred_log,CD8 T,680,110,0.06337089344944216,0.0274775524012119,totalvi_w128
totalvi_w128,2030.0,pred_log,Cycling B/T cells,81,110,0.3103142052715249,0.21955640954132388,totalvi_w128
totalvi_w128,2030.0,pred_log,GD T,73,110,0.18798990770492993,0.1604519327150469,totalvi_w128
totalvi_w128,2030.0,pred_log,ICOS-high Tregs,91,110,0.1784597007413347,0.12718730938519665,totalvi_w128
totalvi_w128,2030.0,pred_log,Ifit3-high B,249,110,0.07222761180711099,0.031018553778170248,totalvi_w128
totalvi_w128,2030.0,pred_log,Ifit3-high CD4 T,132,110,0.04759906001164462,0.0358010802672311,totalvi_w128
totalvi_w128,2030.0,pred_log,Ifit3-high CD8 T,100,110,0.07444779720963346,0.0445076156504627,totalvi_w128
totalvi_w128,2030.0,pred_log,Low quality B cells,230,110,0.07537254728331608,0.040043727299909154,totalvi_w128
totalvi_w128,2030.0,pred_log,Low quality T cells,67,110,0.07410570812260198,0.0464167394352292,totalvi_w128
totalvi_w128,2030.0,pred_log,Ly6-high mono,77,110,0.23572187229576422,0.1888240359241654,totalvi_w128
totalvi_w128,2030.0,pred_log,MZ B,205,110,0.15508532804903635,0.0609418212649238,totalvi_w128
totalvi_w128,2030.0,pred_log,MZ/Marco-high macrophages,36,110,0.2424819445167016,0.24016464893705405,totalvi_w128
totalvi_w128,2030.0,pred_log,Mature B,2408,110,0.09534358472955107,0.01838572491961105,totalvi_w128
totalvi_w128,2030.0,pred_log,NK,104,110,0.17450388839537273,0.1556579727560693,totalvi_w128
totalvi_w128,2030.0,pred_log,NKT,117,110,0.25428521597683945,0.22596053575319058,totalvi_w128
totalvi_w128,2030.0,pred_log,Neutrophils,112,110,0.19073046279155492,0.18347081113937724,totalvi_w128
totalvi_w128,2030.0,pred_log,Red-pulp macrophages,35,110,0.07318105752918129,0.06468579808615794,totalvi_w128
totalvi_w128,2030.0,pred_log,T doublets,55,110,0.13730793669872854,0.075085994507242,totalvi_w128
totalvi_w128,2030.0,pred_log,Transitional B,580,110,0.1265511148485534,0.01852475434593285,totalvi_w128
totalvi_w128,2030.0,pred_log,Tregs,115,110,0.12177234975414238,0.06390077782960746,totalvi_w128
totalvi_w128,2030.0,pred_log,cDC1s,62,110,0.2905006557180845,0.2402823372991762,totalvi_w128
totalvi_w128,2030.0,pred_log,cDC2s,65,110,0.24417166938927962,0.2201274173001111,totalvi_w128
totalvi_w128,2030.0,pred_log,pDCs,30,110,0.10676489975778322,0.10713828348322695,totalvi_w128
totalvi_w128,2031.0,calibrated,Activated CD4 T,38,110,0.14085182110051775,0.1224373529219025,totalvi_w128
totalvi_w128,2031.0,calibrated,B doublets,77,110,0.14960383271465783,0.07332820018421725,totalvi_w128
totalvi_w128,2031.0,calibrated,B-CD4 T cell doublets,62,110,0.178130174249368,0.1935555553211472,totalvi_w128
totalvi_w128,2031.0,calibrated,B-CD8 T cell doublets,50,110,0.1387697481996049,0.1093612760812125,totalvi_w128
totalvi_w128,2031.0,calibrated,B-macrophage doublets,74,110,0.21445459947575002,0.16064205119785646,totalvi_w128
totalvi_w128,2031.0,calibrated,B1 B,162,110,0.19966446893439907,0.1054888302544978,totalvi_w128
totalvi_w128,2031.0,calibrated,CD122+ CD8 T,258,110,0.12830822373809306,0.06996604895099384,totalvi_w128
totalvi_w128,2031.0,calibrated,CD4 T,1077,110,0.08465242735044014,0.02905591009111445,totalvi_w128
totalvi_w128,2031.0,calibrated,CD8 T,680,110,0.08900576086169174,0.04050700657018465,totalvi_w128
totalvi_w128,2031.0,calibrated,Cycling B/T cells,81,110,0.3101417636257703,0.21952555077638725,totalvi_w128
totalvi_w128,2031.0,calibrated,GD T,73,110,0.1825960764582527,0.14192775251995593,totalvi_w128
totalvi_w128,2031.0,calibrated,ICOS-high Tregs,91,110,0.17964933374923278,0.11688272022559684,totalvi_w128
totalvi_w128,2031.0,calibrated,Ifit3-high B,249,110,0.10105404155864514,0.0689891569726355,totalvi_w128
totalvi_w128,2031.0,calibrated,Ifit3-high CD4 T,132,110,0.060301412321072764,0.01862177892570125,totalvi_w128
totalvi_w128,2031.0,calibrated,Ifit3-high CD8 T,100,110,0.10173694055304149,0.06740834054160555,totalvi_w128
totalvi_w128,2031.0,calibrated,Low quality B cells,230,110,0.10849119928297883,0.0669807803155213,totalvi_w128
totalvi_w128,2031.0,calibrated,Low quality T cells,67,110,0.10711190367999177,0.06998853388480505,totalvi_w128
totalvi_w128,2031.0,calibrated,Ly6-high mono,77,110,0.2728216937205176,0.22885885778859735,totalvi_w128
totalvi_w128,2031.0,calibrated,MZ B,205,110,0.18617521092140205,0.09860828034686975,totalvi_w128
totalvi_w128,2031.0,calibrated,MZ/Marco-high macrophages,36,110,0.2124737932941782,0.23128044805868495,totalvi_w128
totalvi_w128,2031.0,calibrated,Mature B,2408,110,0.1190179083254569,0.03107830129230345,totalvi_w128
totalvi_w128,2031.0,calibrated,NK,104,110,0.2130653099741219,0.20089135577890654,totalvi_w128
totalvi_w128,2031.0,calibrated,NKT,117,110,0.29616302479790274,0.27812322704185355,totalvi_w128
totalvi_w128,2031.0,calibrated,Neutrophils,112,110,0.2200100661505044,0.20393727829477085,totalvi_w128
totalvi_w128,2031.0,calibrated,Red-pulp macrophages,35,110,0.0937817709829543,0.09970271746773325,totalvi_w128
totalvi_w128,2031.0,calibrated,T doublets,55,110,0.13228776780971338,0.07740551351351069,totalvi_w128
totalvi_w128,2031.0,calibrated,Transitional B,580,110,0.13896183803284587,0.034710480941692004,totalvi_w128
totalvi_w128,2031.0,calibrated,Tregs,115,110,0.16825296638394935,0.1136798634949132,totalvi_w128
totalvi_w128,2031.0,calibrated,cDC1s,62,110,0.301171265256662,0.28147116981083886,totalvi_w128
totalvi_w128,2031.0,calibrated,cDC2s,65,110,0.2898629756542541,0.3029939881702119,totalvi_w128
totalvi_w128,2031.0,calibrated,pDCs,30,110,0.14054345602267188,0.12704834028035888,totalvi_w128
totalvi_w128,2031.0,log_mean,Activated CD4 T,38,110,0.14085182110051775,0.1224373529219025,totalvi_w128
totalvi_w128,2031.0,log_mean,B doublets,77,110,0.14960383271465783,0.07332820018421725,totalvi_w128
totalvi_w128,2031.0,log_mean,B-CD4 T cell doublets,62,110,0.178130174249368,0.1935555553211472,totalvi_w128
totalvi_w128,2031.0,log_mean,B-CD8 T cell doublets,50,110,0.1387697481996049,0.1093612760812125,totalvi_w128
totalvi_w128,2031.0,log_mean,B-macrophage doublets,74,110,0.21445459947575002,0.16064205119785646,totalvi_w128
totalvi_w128,2031.0,log_mean,B1 B,162,110,0.19966446893439907,0.1054888302544978,totalvi_w128
totalvi_w128,2031.0,log_mean,CD122+ CD8 T,258,110,0.12830822373809306,0.06996604895099384,totalvi_w128
totalvi_w128,2031.0,log_mean,CD4 T,1077,110,0.08465242735044014,0.02905591009111445,totalvi_w128
totalvi_w128,2031.0,log_mean,CD8 T,680,110,0.08900576086169174,0.04050700657018465,totalvi_w128
totalvi_w128,2031.0,log_mean,Cycling B/T cells,81,110,0.3101417636257703,0.21952555077638725,totalvi_w128
totalvi_w128,2031.0,log_mean,GD T,73,110,0.1825960764582527,0.14192775251995593,totalvi_w128
totalvi_w128,2031.0,log_mean,ICOS-high Tregs,91,110,0.17964933374923278,0.11688272022559684,totalvi_w128
totalvi_w128,2031.0,log_mean,Ifit3-high B,249,110,0.10105404155864514,0.0689891569726355,totalvi_w128
totalvi_w128,2031.0,log_mean,Ifit3-high CD4 T,132,110,0.060301412321072764,0.01862177892570125,totalvi_w128
totalvi_w128,2031.0,log_mean,Ifit3-high CD8 T,100,110,0.10173694055304149,0.06740834054160555,totalvi_w128
totalvi_w128,2031.0,log_mean,Low quality B cells,230,110,0.10849119928297883,0.0669807803155213,totalvi_w128
totalvi_w128,2031.0,log_mean,Low quality T cells,67,110,0.10711190367999177,0.06998853388480505,totalvi_w128
totalvi_w128,2031.0,log_mean,Ly6-high mono,77,110,0.2728216937205176,0.22885885778859735,totalvi_w128
totalvi_w128,2031.0,log_mean,MZ B,205,110,0.18617521092140205,0.09860828034686975,totalvi_w128
totalvi_w128,2031.0,log_mean,MZ/Marco-high macrophages,36,110,0.2124737932941782,0.23128044805868495,totalvi_w128
totalvi_w128,2031.0,log_mean,Mature B,2408,110,0.1190179083254569,0.03107830129230345,totalvi_w128
totalvi_w128,2031.0,log_mean,NK,104,110,0.2130653099741219,0.20089135577890654,totalvi_w128
totalvi_w128,2031.0,log_mean,NKT,117,110,0.29616302479790274,0.27812322704185355,totalvi_w128
totalvi_w128,2031.0,log_mean,Neutrophils,112,110,0.2200100661505044,0.20393727829477085,totalvi_w128
totalvi_w128,2031.0,log_mean,Red-pulp macrophages,35,110,0.0937817709829543,0.09970271746773325,totalvi_w128
totalvi_w128,2031.0,log_mean,T doublets,55,110,0.13228776780971338,0.07740551351351069,totalvi_w128
totalvi_w128,2031.0,log_mean,Transitional B,580,110,0.13896183803284587,0.034710480941692004,totalvi_w128
totalvi_w128,2031.0,log_mean,Tregs,115,110,0.16825296638394935,0.1136798634949132,totalvi_w128
totalvi_w128,2031.0,log_mean,cDC1s,62,110,0.301171265256662,0.28147116981083886,totalvi_w128
totalvi_w128,2031.0,log_mean,cDC2s,65,110,0.2898629756542541,0.3029939881702119,totalvi_w128
totalvi_w128,2031.0,log_mean,pDCs,30,110,0.14054345602267188,0.12704834028035888,totalvi_w128
totalvi_w128,2031.0,pred_log,Activated CD4 T,38,110,0.09834497300165683,0.07344319333963395,totalvi_w128
totalvi_w128,2031.0,pred_log,B doublets,77,110,0.1406206757177482,0.08316387215652199,totalvi_w128
totalvi_w128,2031.0,pred_log,B-CD4 T cell doublets,62,110,0.13595887457560507,0.12929029764718825,totalvi_w128
totalvi_w128,2031.0,pred_log,B-CD8 T cell doublets,50,110,0.12125721055360762,0.09037217127716454,totalvi_w128
totalvi_w128,2031.0,pred_log,B-macrophage doublets,74,110,0.21585896243453845,0.15988390299149963,totalvi_w128
totalvi_w128,2031.0,pred_log,B1 B,162,110,0.1706467655776514,0.060220132488951306,totalvi_w128
totalvi_w128,2031.0,pred_log,CD122+ CD8 T,258,110,0.10151444235732905,0.043645239513311646,totalvi_w128
totalvi_w128,2031.0,pred_log,CD4 T,1077,110,0.06432948167053351,0.018864924390226752,totalvi_w128
totalvi_w128,2031.0,pred_log,CD8 T,680,110,0.06831251899658283,0.0245604013873313,totalvi_w128
totalvi_w128,2031.0,pred_log,Cycling B/T cells,81,110,0.3039012857351064,0.1936605787869224,totalvi_w128
totalvi_w128,2031.0,pred_log,GD T,73,110,0.16204392300951645,0.12157555956786001,totalvi_w128
totalvi_w128,2031.0,pred_log,ICOS-high Tregs,91,110,0.177600612238359,0.13014917674672485,totalvi_w128
totalvi_w128,2031.0,pred_log,Ifit3-high B,249,110,0.06651744465098831,0.01498303562643955,totalvi_w128
totalvi_w128,2031.0,pred_log,Ifit3-high CD4 T,132,110,0.02912589460409238,0.006838252104154801,totalvi_w128
totalvi_w128,2031.0,pred_log,Ifit3-high CD8 T,100,110,0.08854100669268249,0.06425289182718386,totalvi_w128
totalvi_w128,2031.0,pred_log,Low quality B cells,230,110,0.08420453486810615,0.04358510623477625,totalvi_w128
totalvi_w128,2031.0,pred_log,Low quality T cells,67,110,0.105877620433919,0.10579021253769945,totalvi_w128
totalvi_w128,2031.0,pred_log,Ly6-high mono,77,110,0.24964972230358914,0.21204384091093487,totalvi_w128
totalvi_w128,2031.0,pred_log,MZ B,205,110,0.1591104748154575,0.07913834057086461,totalvi_w128
totalvi_w128,2031.0,pred_log,MZ/Marco-high macrophages,36,110,0.1989050532850516,0.23527772670526195,totalvi_w128
totalvi_w128,2031.0,pred_log,Mature B,2408,110,0.09670586398054258,0.01789449828814645,totalvi_w128
totalvi_w128,2031.0,pred_log,NK,104,110,0.18386051799259284,0.17840136648295202,totalvi_w128
totalvi_w128,2031.0,pred_log,NKT,117,110,0.24219966737677484,0.1852417036590142,totalvi_w128
totalvi_w128,2031.0,pred_log,Neutrophils,112,110,0.1960335504178454,0.1911488902974601,totalvi_w128
totalvi_w128,2031.0,pred_log,Red-pulp macrophages,35,110,0.11060533139267137,0.1093279555827036,totalvi_w128
totalvi_w128,2031.0,pred_log,T doublets,55,110,0.12218776708533607,0.0626569395863263,totalvi_w128
totalvi_w128,2031.0,pred_log,Transitional B,580,110,0.13192974930036314,0.0328963732425619,totalvi_w128
totalvi_w128,2031.0,pred_log,Tregs,115,110,0.1493344286419935,0.10303733345968305,totalvi_w128
totalvi_w128,2031.0,pred_log,cDC1s,62,110,0.27323938752272847,0.23842278422192453,totalvi_w128
totalvi_w128,2031.0,pred_log,cDC2s,65,110,0.24523432245816296,0.20320523180968997,totalvi_w128
totalvi_w128,2031.0,pred_log,pDCs,30,110,0.10126275261409379,0.0750689174196773,totalvi_w128
totalvi_w128,2032.0,calibrated,Activated CD4 T,38,110,0.1213152538910763,0.0975225425756125,totalvi_w128
totalvi_w128,2032.0,calibrated,B doublets,77,110,0.160053964614951,0.07932204681810814,totalvi_w128
totalvi_w128,2032.0,calibrated,B-CD4 T cell doublets,62,110,0.15748589841668506,0.1318054762984721,totalvi_w128
totalvi_w128,2032.0,calibrated,B-CD8 T cell doublets,50,110,0.11064886295859634,0.07367750042749045,totalvi_w128
totalvi_w128,2032.0,calibrated,B-macrophage doublets,74,110,0.2510053446530777,0.21173450892084425,totalvi_w128
totalvi_w128,2032.0,calibrated,B1 B,162,110,0.18959812645502588,0.08587197396961896,totalvi_w128
totalvi_w128,2032.0,calibrated,CD122+ CD8 T,258,110,0.1221688328037426,0.0757126847126959,totalvi_w128
totalvi_w128,2032.0,calibrated,CD4 T,1077,110,0.08663162657059463,0.03060733190072675,totalvi_w128
totalvi_w128,2032.0,calibrated,CD8 T,680,110,0.08347886101927027,0.02968635347760805,totalvi_w128
totalvi_w128,2032.0,calibrated,Cycling B/T cells,81,110,0.3248405637654095,0.24123355728493762,totalvi_w128
totalvi_w128,2032.0,calibrated,GD T,73,110,0.16566578455580194,0.12847725503024038,totalvi_w128
totalvi_w128,2032.0,calibrated,ICOS-high Tregs,91,110,0.175942331895643,0.13063679748019455,totalvi_w128
totalvi_w128,2032.0,calibrated,Ifit3-high B,249,110,0.09342591733173881,0.05710547803405375,totalvi_w128
totalvi_w128,2032.0,calibrated,Ifit3-high CD4 T,132,110,0.0654090079213347,0.03054576117263735,totalvi_w128
totalvi_w128,2032.0,calibrated,Ifit3-high CD8 T,100,110,0.12948645194194663,0.10744365502162205,totalvi_w128
totalvi_w128,2032.0,calibrated,Low quality B cells,230,110,0.11453739462975815,0.059038111225433496,totalvi_w128
totalvi_w128,2032.0,calibrated,Low quality T cells,67,110,0.1037050592054026,0.0675532363949723,totalvi_w128
totalvi_w128,2032.0,calibrated,Ly6-high mono,77,110,0.24371034180246692,0.193440739564037,totalvi_w128
totalvi_w128,2032.0,calibrated,MZ B,205,110,0.18089695407395867,0.06999612642882125,totalvi_w128
totalvi_w128,2032.0,calibrated,MZ/Marco-high macrophages,36,110,0.2542792227142589,0.2405014079197929,totalvi_w128
totalvi_w128,2032.0,calibrated,Mature B,2408,110,0.12043520889364058,0.031949053166807295,totalvi_w128
totalvi_w128,2032.0,calibrated,NK,104,110,0.2002951721729688,0.19566000626136204,totalvi_w128
totalvi_w128,2032.0,calibrated,NKT,117,110,0.2802064369946041,0.25733603786647197,totalvi_w128
totalvi_w128,2032.0,calibrated,Neutrophils,112,110,0.22246999340249665,0.20042212254254355,totalvi_w128
totalvi_w128,2032.0,calibrated,Red-pulp macrophages,35,110,0.13630652200527965,0.1235730681061893,totalvi_w128
totalvi_w128,2032.0,calibrated,T doublets,55,110,0.16357839761509313,0.10880888991463405,totalvi_w128
totalvi_w128,2032.0,calibrated,Transitional B,580,110,0.14365583505236973,0.0430263174044319,totalvi_w128
totalvi_w128,2032.0,calibrated,Tregs,115,110,0.17070670736924554,0.11156316688858789,totalvi_w128
totalvi_w128,2032.0,calibrated,cDC1s,62,110,0.270752109202459,0.21778811521929275,totalvi_w128
totalvi_w128,2032.0,calibrated,cDC2s,65,110,0.311325068794462,0.31670542788824624,totalvi_w128
totalvi_w128,2032.0,calibrated,pDCs,30,110,0.157959157784077,0.17143851818854455,totalvi_w128
totalvi_w128,2032.0,log_mean,Activated CD4 T,38,110,0.1213152538910763,0.0975225425756125,totalvi_w128
totalvi_w128,2032.0,log_mean,B doublets,77,110,0.160053964614951,0.07932204681810814,totalvi_w128
totalvi_w128,2032.0,log_mean,B-CD4 T cell doublets,62,110,0.15748589841668506,0.1318054762984721,totalvi_w128
totalvi_w128,2032.0,log_mean,B-CD8 T cell doublets,50,110,0.11064886295859634,0.07367750042749045,totalvi_w128
totalvi_w128,2032.0,log_mean,B-macrophage doublets,74,110,0.2510053446530777,0.21173450892084425,totalvi_w128
totalvi_w128,2032.0,log_mean,B1 B,162,110,0.18959812645502588,0.08587197396961896,totalvi_w128
totalvi_w128,2032.0,log_mean,CD122+ CD8 T,258,110,0.1221688328037426,0.0757126847126959,totalvi_w128
totalvi_w128,2032.0,log_mean,CD4 T,1077,110,0.08663162657059463,0.03060733190072675,totalvi_w128
totalvi_w128,2032.0,log_mean,CD8 T,680,110,0.08347886101927027,0.02968635347760805,totalvi_w128
totalvi_w128,2032.0,log_mean,Cycling B/T cells,81,110,0.3248405637654095,0.24123355728493762,totalvi_w128
totalvi_w128,2032.0,log_mean,GD T,73,110,0.16566578455580194,0.12847725503024038,totalvi_w128
totalvi_w128,2032.0,log_mean,ICOS-high Tregs,91,110,0.175942331895643,0.13063679748019455,totalvi_w128
totalvi_w128,2032.0,log_mean,Ifit3-high B,249,110,0.09342591733173881,0.05710547803405375,totalvi_w128
totalvi_w128,2032.0,log_mean,Ifit3-high CD4 T,132,110,0.0654090079213347,0.03054576117263735,totalvi_w128
totalvi_w128,2032.0,log_mean,Ifit3-high CD8 T,100,110,0.12948645194194663,0.10744365502162205,totalvi_w128
totalvi_w128,2032.0,log_mean,Low quality B cells,230,110,0.11453739462975815,0.059038111225433496,totalvi_w128
totalvi_w128,2032.0,log_mean,Low quality T cells,67,110,0.1037050592054026,0.0675532363949723,totalvi_w128
totalvi_w128,2032.0,log_mean,Ly6-high mono,77,110,0.24371034180246692,0.193440739564037,totalvi_w128
totalvi_w128,2032.0,log_mean,MZ B,205,110,0.18089695407395867,0.06999612642882125,totalvi_w128
totalvi_w128,2032.0,log_mean,MZ/Marco-high macrophages,36,110,0.2542792227142589,0.2405014079197929,totalvi_w128
totalvi_w128,2032.0,log_mean,Mature B,2408,110,0.12043520889364058,0.031949053166807295,totalvi_w128
totalvi_w128,2032.0,log_mean,NK,104,110,0.2002951721729688,0.19566000626136204,totalvi_w128
totalvi_w128,2032.0,log_mean,NKT,117,110,0.2802064369946041,0.25733603786647197,totalvi_w128
totalvi_w128,2032.0,log_mean,Neutrophils,112,110,0.22246999340249665,0.20042212254254355,totalvi_w128
totalvi_w128,2032.0,log_mean,Red-pulp macrophages,35,110,0.13630652200527965,0.1235730681061893,totalvi_w128
totalvi_w128,2032.0,log_mean,T doublets,55,110,0.16357839761509313,0.10880888991463405,totalvi_w128
totalvi_w128,2032.0,log_mean,Transitional B,580,110,0.14365583505236973,0.0430263174044319,totalvi_w128
totalvi_w128,2032.0,log_mean,Tregs,115,110,0.17070670736924554,0.11156316688858789,totalvi_w128
totalvi_w128,2032.0,log_mean,cDC1s,62,110,0.270752109202459,0.21778811521929275,totalvi_w128
totalvi_w128,2032.0,log_mean,cDC2s,65,110,0.311325068794462,0.31670542788824624,totalvi_w128
totalvi_w128,2032.0,log_mean,pDCs,30,110,0.157959157784077,0.17143851818854455,totalvi_w128
totalvi_w128,2032.0,pred_log,Activated CD4 T,38,110,0.07150308136810767,0.062334794785224204,totalvi_w128
totalvi_w128,2032.0,pred_log,B doublets,77,110,0.1305927042908763,0.05295031654978615,totalvi_w128
totalvi_w128,2032.0,pred_log,B-CD4 T cell doublets,62,110,0.13504679417026735,0.11400705281440826,totalvi_w128
totalvi_w128,2032.0,pred_log,B-CD8 T cell doublets,50,110,0.12155722223091818,0.1199570310078688,totalvi_w128
totalvi_w128,2032.0,pred_log,B-macrophage doublets,74,110,0.23444653628791323,0.18237135933228205,totalvi_w128
totalvi_w128,2032.0,pred_log,B1 B,162,110,0.1606559090505076,0.0362568140888444,totalvi_w128
totalvi_w128,2032.0,pred_log,CD122+ CD8 T,258,110,0.09880230482443317,0.0553089270098392,totalvi_w128
totalvi_w128,2032.0,pred_log,CD4 T,1077,110,0.06580968678666546,0.0204472593425944,totalvi_w128
totalvi_w128,2032.0,pred_log,CD8 T,680,110,0.06736946069586178,0.023348694291415048,totalvi_w128
totalvi_w128,2032.0,pred_log,Cycling B/T cells,81,110,0.2980982371417958,0.19975405284616327,totalvi_w128
totalvi_w128,2032.0,pred_log,GD T,73,110,0.1668269965489261,0.13472862206620728,totalvi_w128
totalvi_w128,2032.0,pred_log,ICOS-high Tregs,91,110,0.16255680149697857,0.11756347883224695,totalvi_w128
totalvi_w128,2032.0,pred_log,Ifit3-high B,249,110,0.07264606356439926,0.045532513301729347,totalvi_w128
totalvi_w128,2032.0,pred_log,Ifit3-high CD4 T,132,110,0.06964673083705199,0.04217857853945835,totalvi_w128
totalvi_w128,2032.0,pred_log,Ifit3-high CD8 T,100,110,0.08174661009855934,0.05604221161584465,totalvi_w128
totalvi_w128,2032.0,pred_log,Low quality B cells,230,110,0.07729611883444625,0.0325971144870395,totalvi_w128
totalvi_w128,2032.0,pred_log,Low quality T cells,67,110,0.08634188271889068,0.045555318237747,totalvi_w128
totalvi_w128,2032.0,pred_log,Ly6-high mono,77,110,0.2264116098546635,0.18605031291156485,totalvi_w128
totalvi_w128,2032.0,pred_log,MZ B,205,110,0.144270782962812,0.045593245004158706,totalvi_w128
totalvi_w128,2032.0,pred_log,MZ/Marco-high macrophages,36,110,0.205468914770691,0.1895675102929386,totalvi_w128
totalvi_w128,2032.0,pred_log,Mature B,2408,110,0.09554355337866459,0.019158037960890148,totalvi_w128
totalvi_w128,2032.0,pred_log,NK,104,110,0.168440721602039,0.15665170397193695,totalvi_w128
totalvi_w128,2032.0,pred_log,NKT,117,110,0.23004466496402562,0.17198762960555125,totalvi_w128
totalvi_w128,2032.0,pred_log,Neutrophils,112,110,0.1991287994159588,0.1658141577339302,totalvi_w128
totalvi_w128,2032.0,pred_log,Red-pulp macrophages,35,110,0.10425028407699101,0.08385568566721685,totalvi_w128
totalvi_w128,2032.0,pred_log,T doublets,55,110,0.1367543810839614,0.0606250705907129,totalvi_w128
totalvi_w128,2032.0,pred_log,Transitional B,580,110,0.12893212884128816,0.035570436781189305,totalvi_w128
totalvi_w128,2032.0,pred_log,Tregs,115,110,0.14482298318614872,0.0966321393649495,totalvi_w128
totalvi_w128,2032.0,pred_log,cDC1s,62,110,0.25141783147769403,0.2392579997049299,totalvi_w128
totalvi_w128,2032.0,pred_log,cDC2s,65,110,0.2807390210663627,0.28906544616697283,totalvi_w128
totalvi_w128,2032.0,pred_log,pDCs,30,110,0.11621200921335484,0.09094261413067714,totalvi_w128
totalvi_w128,2033.0,calibrated,Activated CD4 T,38,110,0.10459371485282298,0.0880666837280262,totalvi_w128
totalvi_w128,2033.0,calibrated,B doublets,77,110,0.17073855596506982,0.09891971536403821,totalvi_w128
totalvi_w128,2033.0,calibrated,B-CD4 T cell doublets,62,110,0.15276718068776135,0.16701118495605521,totalvi_w128
totalvi_w128,2033.0,calibrated,B-CD8 T cell doublets,50,110,0.12607294976180805,0.09230136446612115,totalvi_w128
totalvi_w128,2033.0,calibrated,B-macrophage doublets,74,110,0.21888482690421338,0.1778036680721096,totalvi_w128
totalvi_w128,2033.0,calibrated,B1 B,162,110,0.1968842325319967,0.09028845796445739,totalvi_w128
totalvi_w128,2033.0,calibrated,CD122+ CD8 T,258,110,0.12479242712499297,0.0654285459845528,totalvi_w128
totalvi_w128,2033.0,calibrated,CD4 T,1077,110,0.08213963016104121,0.02761618392641525,totalvi_w128
totalvi_w128,2033.0,calibrated,CD8 T,680,110,0.08405434289800447,0.04138294019044175,totalvi_w128
totalvi_w128,2033.0,calibrated,Cycling B/T cells,81,110,0.3138567323823841,0.2459233560584175,totalvi_w128
totalvi_w128,2033.0,calibrated,GD T,73,110,0.197613683537341,0.17690461426822834,totalvi_w128
totalvi_w128,2033.0,calibrated,ICOS-high Tregs,91,110,0.17718290147391863,0.1183376657130579,totalvi_w128
totalvi_w128,2033.0,calibrated,Ifit3-high B,249,110,0.09304817928525003,0.055910676520324845,totalvi_w128
totalvi_w128,2033.0,calibrated,Ifit3-high CD4 T,132,110,0.06516904958494138,0.0327322323112395,totalvi_w128
totalvi_w128,2033.0,calibrated,Ifit3-high CD8 T,100,110,0.11814428967866308,0.11947068304263514,totalvi_w128
totalvi_w128,2033.0,calibrated,Low quality B cells,230,110,0.10846881903617143,0.05754793396644605,totalvi_w128
totalvi_w128,2033.0,calibrated,Low quality T cells,67,110,0.11057931313888507,0.07890601547244064,totalvi_w128
totalvi_w128,2033.0,calibrated,Ly6-high mono,77,110,0.2570457158713833,0.1868571845990637,totalvi_w128
totalvi_w128,2033.0,calibrated,MZ B,205,110,0.17705274360068693,0.08442499966412505,totalvi_w128
totalvi_w128,2033.0,calibrated,MZ/Marco-high macrophages,36,110,0.23507353384352098,0.24526789563689277,totalvi_w128
totalvi_w128,2033.0,calibrated,Mature B,2408,110,0.11815643729765746,0.035209936390207947,totalvi_w128
totalvi_w128,2033.0,calibrated,NK,104,110,0.20086459254233663,0.16162969771580127,totalvi_w128
totalvi_w128,2033.0,calibrated,NKT,117,110,0.2918454379976448,0.27029484274262194,totalvi_w128
totalvi_w128,2033.0,calibrated,Neutrophils,112,110,0.21878047247748794,0.21664882864541646,totalvi_w128
totalvi_w128,2033.0,calibrated,Red-pulp macrophages,35,110,0.10399604028606997,0.0899583532751556,totalvi_w128
totalvi_w128,2033.0,calibrated,T doublets,55,110,0.14033821893111592,0.0724206829396927,totalvi_w128
totalvi_w128,2033.0,calibrated,Transitional B,580,110,0.1444586127212094,0.033060955575596254,totalvi_w128
totalvi_w128,2033.0,calibrated,Tregs,115,110,0.16714487196009556,0.10705743323404754,totalvi_w128
totalvi_w128,2033.0,calibrated,cDC1s,62,110,0.3071297738537469,0.27266580020666653,totalvi_w128
totalvi_w128,2033.0,calibrated,cDC2s,65,110,0.3009147037403722,0.2944781930270196,totalvi_w128
totalvi_w128,2033.0,calibrated,pDCs,30,110,0.16809881686050304,0.16815424434174914,totalvi_w128
totalvi_w128,2033.0,log_mean,Activated CD4 T,38,110,0.10459371485282298,0.0880666837280262,totalvi_w128
totalvi_w128,2033.0,log_mean,B doublets,77,110,0.17073855596506982,0.09891971536403821,totalvi_w128
totalvi_w128,2033.0,log_mean,B-CD4 T cell doublets,62,110,0.15276718068776135,0.16701118495605521,totalvi_w128
totalvi_w128,2033.0,log_mean,B-CD8 T cell doublets,50,110,0.12607294976180805,0.09230136446612115,totalvi_w128
totalvi_w128,2033.0,log_mean,B-macrophage doublets,74,110,0.21888482690421338,0.1778036680721096,totalvi_w128
totalvi_w128,2033.0,log_mean,B1 B,162,110,0.1968842325319967,0.09028845796445739,totalvi_w128
totalvi_w128,2033.0,log_mean,CD122+ CD8 T,258,110,0.12479242712499297,0.0654285459845528,totalvi_w128
totalvi_w128,2033.0,log_mean,CD4 T,1077,110,0.08213963016104121,0.02761618392641525,totalvi_w128
totalvi_w128,2033.0,log_mean,CD8 T,680,110,0.08405434289800447,0.04138294019044175,totalvi_w128
totalvi_w128,2033.0,log_mean,Cycling B/T cells,81,110,0.3138567323823841,0.2459233560584175,totalvi_w128
totalvi_w128,2033.0,log_mean,GD T,73,110,0.197613683537341,0.17690461426822834,totalvi_w128
totalvi_w128,2033.0,log_mean,ICOS-high Tregs,91,110,0.17718290147391863,0.1183376657130579,totalvi_w128
totalvi_w128,2033.0,log_mean,Ifit3-high B,249,110,0.09304817928525003,0.055910676520324845,totalvi_w128
totalvi_w128,2033.0,log_mean,Ifit3-high CD4 T,132,110,0.06516904958494138,0.0327322323112395,totalvi_w128
totalvi_w128,2033.0,log_mean,Ifit3-high CD8 T,100,110,0.11814428967866308,0.11947068304263514,totalvi_w128
totalvi_w128,2033.0,log_mean,Low quality B cells,230,110,0.10846881903617143,0.05754793396644605,totalvi_w128
totalvi_w128,2033.0,log_mean,Low quality T cells,67,110,0.11057931313888507,0.07890601547244064,totalvi_w128
totalvi_w128,2033.0,log_mean,Ly6-high mono,77,110,0.2570457158713833,0.1868571845990637,totalvi_w128
totalvi_w128,2033.0,log_mean,MZ B,205,110,0.17705274360068693,0.08442499966412505,totalvi_w128
totalvi_w128,2033.0,log_mean,MZ/Marco-high macrophages,36,110,0.23507353384352098,0.24526789563689277,totalvi_w128
totalvi_w128,2033.0,log_mean,Mature B,2408,110,0.11815643729765746,0.035209936390207947,totalvi_w128
totalvi_w128,2033.0,log_mean,NK,104,110,0.20086459254233663,0.16162969771580127,totalvi_w128
totalvi_w128,2033.0,log_mean,NKT,117,110,0.2918454379976448,0.27029484274262194,totalvi_w128
totalvi_w128,2033.0,log_mean,Neutrophils,112,110,0.21878047247748794,0.21664882864541646,totalvi_w128
totalvi_w128,2033.0,log_mean,Red-pulp macrophages,35,110,0.10399604028606997,0.0899583532751556,totalvi_w128
totalvi_w128,2033.0,log_mean,T doublets,55,110,0.14033821893111592,0.0724206829396927,totalvi_w128
totalvi_w128,2033.0,log_mean,Transitional B,580,110,0.1444586127212094,0.033060955575596254,totalvi_w128
totalvi_w128,2033.0,log_mean,Tregs,115,110,0.16714487196009556,0.10705743323404754,totalvi_w128
totalvi_w128,2033.0,log_mean,cDC1s,62,110,0.3071297738537469,0.27266580020666653,totalvi_w128
totalvi_w128,2033.0,log_mean,cDC2s,65,110,0.3009147037403722,0.2944781930270196,totalvi_w128
totalvi_w128,2033.0,log_mean,pDCs,30,110,0.16809881686050304,0.16815424434174914,totalvi_w128
totalvi_w128,2033.0,pred_log,Activated CD4 T,38,110,0.10375430678826882,0.08816381821240116,totalvi_w128
totalvi_w128,2033.0,pred_log,B doublets,77,110,0.12686701426714506,0.0712533598342282,totalvi_w128
totalvi_w128,2033.0,pred_log,B-CD4 T cell doublets,62,110,0.1380984182388947,0.13485004254202415,totalvi_w128
totalvi_w128,2033.0,pred_log,B-CD8 T cell doublets,50,110,0.12926352373073097,0.1084327858601144,totalvi_w128
totalvi_w128,2033.0,pred_log,B-macrophage doublets,74,110,0.21548039677913458,0.16588742427600814,totalvi_w128
totalvi_w128,2033.0,pred_log,B1 B,162,110,0.17590799845483215,0.0815704691280488,totalvi_w128
totalvi_w128,2033.0,pred_log,CD122+ CD8 T,258,110,0.09965210123870537,0.03784799114806345,totalvi_w128
totalvi_w128,2033.0,pred_log,CD4 T,1077,110,0.06431302935368907,0.0209575542605968,totalvi_w128
totalvi_w128,2033.0,pred_log,CD8 T,680,110,0.06381134467135627,0.03433481292161965,totalvi_w128
totalvi_w128,2033.0,pred_log,Cycling B/T cells,81,110,0.3029098286726711,0.21550305440916334,totalvi_w128
totalvi_w128,2033.0,pred_log,GD T,73,110,0.18860406268053337,0.163414054135278,totalvi_w128
totalvi_w128,2033.0,pred_log,ICOS-high Tregs,91,110,0.1675834163129189,0.1214352325855238,totalvi_w128
totalvi_w128,2033.0,pred_log,Ifit3-high B,249,110,0.06268902227942842,0.0263287854054346,totalvi_w128
totalvi_w128,2033.0,pred_log,Ifit3-high CD4 T,132,110,0.044142803026669064,0.03131204479430165,totalvi_w128
totalvi_w128,2033.0,pred_log,Ifit3-high CD8 T,100,110,0.07804334630782744,0.06261123427248795,totalvi_w128
totalvi_w128,2033.0,pred_log,Low quality B cells,230,110,0.07568201824130803,0.0328881210085229,totalvi_w128
totalvi_w128,2033.0,pred_log,Low quality T cells,67,110,0.08637297886363941,0.053417930503179695,totalvi_w128
totalvi_w128,2033.0,pred_log,Ly6-high mono,77,110,0.2316032208631205,0.1999630190931052,totalvi_w128
totalvi_w128,2033.0,pred_log,MZ B,205,110,0.14273166411139693,0.0666556490038272,totalvi_w128
totalvi_w128,2033.0,pred_log,MZ/Marco-high macrophages,36,110,0.2052463356498194,0.2005609256559111,totalvi_w128
totalvi_w128,2033.0,pred_log,Mature B,2408,110,0.09427157511951902,0.0186932452303943,totalvi_w128
totalvi_w128,2033.0,pred_log,NK,104,110,0.17683559340486912,0.15858195323049035,totalvi_w128
totalvi_w128,2033.0,pred_log,NKT,117,110,0.2379535713535192,0.18702994627061395,totalvi_w128
totalvi_w128,2033.0,pred_log,Neutrophils,112,110,0.19998571661557873,0.1916011703711534,totalvi_w128
totalvi_w128,2033.0,pred_log,Red-pulp macrophages,35,110,0.08008575966861417,0.10276177679591535,totalvi_w128
totalvi_w128,2033.0,pred_log,T doublets,55,110,0.13718597943886207,0.09275354437903865,totalvi_w128
totalvi_w128,2033.0,pred_log,Transitional B,580,110,0.12136298942814384,0.026589535133691847,totalvi_w128
totalvi_w128,2033.0,pred_log,Tregs,115,110,0.1496058666253036,0.08006394807164949,totalvi_w128
totalvi_w128,2033.0,pred_log,cDC1s,62,110,0.2816737103803844,0.25950423647632714,totalvi_w128
totalvi_w128,2033.0,pred_log,cDC2s,65,110,0.263662285208137,0.24302205135084184,totalvi_w128
totalvi_w128,2033.0,pred_log,pDCs,30,110,0.11682932598166443,0.12862925692631988,totalvi_w128
totalvi_w128,2034.0,calibrated,Activated CD4 T,38,110,0.11420992708130709,0.0885398724835948,totalvi_w128
totalvi_w128,2034.0,calibrated,B doublets,77,110,0.15305293182474347,0.08459643235101555,totalvi_w128
totalvi_w128,2034.0,calibrated,B-CD4 T cell doublets,62,110,0.1738182501893725,0.14769197420651886,totalvi_w128
totalvi_w128,2034.0,calibrated,B-CD8 T cell doublets,50,110,0.14190588103328833,0.0926018914916582,totalvi_w128
totalvi_w128,2034.0,calibrated,B-macrophage doublets,74,110,0.21578529419489498,0.17247826578588024,totalvi_w128
totalvi_w128,2034.0,calibrated,B1 B,162,110,0.18667017768975916,0.0881329111304168,totalvi_w128
totalvi_w128,2034.0,calibrated,CD122+ CD8 T,258,110,0.11437357064523317,0.0712920855450219,totalvi_w128
totalvi_w128,2034.0,calibrated,CD4 T,1077,110,0.0868188800818523,0.0313423147300534,totalvi_w128
totalvi_w128,2034.0,calibrated,CD8 T,680,110,0.0846003708191665,0.0345798200168338,totalvi_w128
totalvi_w128,2034.0,calibrated,Cycling B/T cells,81,110,0.32945871782514774,0.23438629092322522,totalvi_w128
totalvi_w128,2034.0,calibrated,GD T,73,110,0.18142469218372323,0.13954576137841546,totalvi_w128
totalvi_w128,2034.0,calibrated,ICOS-high Tregs,91,110,0.18667820543358216,0.13359155595289673,totalvi_w128
totalvi_w128,2034.0,calibrated,Ifit3-high B,249,110,0.10444499309329136,0.056967227876859455,totalvi_w128
totalvi_w128,2034.0,calibrated,Ifit3-high CD4 T,132,110,0.0644562821430198,0.02684273308418285,totalvi_w128
totalvi_w128,2034.0,calibrated,Ifit3-high CD8 T,100,110,0.11853682066057257,0.09679600848786,totalvi_w128
totalvi_w128,2034.0,calibrated,Low quality B cells,230,110,0.10106445651791184,0.06148449464366625,totalvi_w128
totalvi_w128,2034.0,calibrated,Low quality T cells,67,110,0.10914956793194798,0.07279865025145574,totalvi_w128
totalvi_w128,2034.0,calibrated,Ly6-high mono,77,110,0.2557224331028361,0.2258894508959275,totalvi_w128
totalvi_w128,2034.0,calibrated,MZ B,205,110,0.18944069927833154,0.0843272698812686,totalvi_w128
totalvi_w128,2034.0,calibrated,MZ/Marco-high macrophages,36,110,0.24502510535208955,0.23394009184022865,totalvi_w128
totalvi_w128,2034.0,calibrated,Mature B,2408,110,0.11837376467730612,0.0338302721958203,totalvi_w128
totalvi_w128,2034.0,calibrated,NK,104,110,0.21522721346758453,0.2174950103844831,totalvi_w128
totalvi_w128,2034.0,calibrated,NKT,117,110,0.2931448742538925,0.2968710031402517,totalvi_w128
totalvi_w128,2034.0,calibrated,Neutrophils,112,110,0.20468843401336023,0.188030265149536,totalvi_w128
totalvi_w128,2034.0,calibrated,Red-pulp macrophages,35,110,0.059109983107966856,0.07582310945560611,totalvi_w128
totalvi_w128,2034.0,calibrated,T doublets,55,110,0.15536969191190095,0.1133661212585316,totalvi_w128
totalvi_w128,2034.0,calibrated,Transitional B,580,110,0.14016881996582503,0.0380859006885292,totalvi_w128
totalvi_w128,2034.0,calibrated,Tregs,115,110,0.17977482146367949,0.1252604216787621,totalvi_w128
totalvi_w128,2034.0,calibrated,cDC1s,62,110,0.3112690624682467,0.2780301532373049,totalvi_w128
totalvi_w128,2034.0,calibrated,cDC2s,65,110,0.29247474965578324,0.2967721250847249,totalvi_w128
totalvi_w128,2034.0,calibrated,pDCs,30,110,0.13382962418185898,0.1620077244636464,totalvi_w128
totalvi_w128,2034.0,log_mean,Activated CD4 T,38,110,0.11420992708130709,0.0885398724835948,totalvi_w128
totalvi_w128,2034.0,log_mean,B doublets,77,110,0.15305293182474347,0.08459643235101555,totalvi_w128
totalvi_w128,2034.0,log_mean,B-CD4 T cell doublets,62,110,0.1738182501893725,0.14769197420651886,totalvi_w128
totalvi_w128,2034.0,log_mean,B-CD8 T cell doublets,50,110,0.14190588103328833,0.0926018914916582,totalvi_w128
totalvi_w128,2034.0,log_mean,B-macrophage doublets,74,110,0.21578529419489498,0.17247826578588024,totalvi_w128
totalvi_w128,2034.0,log_mean,B1 B,162,110,0.18667017768975916,0.0881329111304168,totalvi_w128
totalvi_w128,2034.0,log_mean,CD122+ CD8 T,258,110,0.11437357064523317,0.0712920855450219,totalvi_w128
totalvi_w128,2034.0,log_mean,CD4 T,1077,110,0.0868188800818523,0.0313423147300534,totalvi_w128
totalvi_w128,2034.0,log_mean,CD8 T,680,110,0.0846003708191665,0.0345798200168338,totalvi_w128
totalvi_w128,2034.0,log_mean,Cycling B/T cells,81,110,0.32945871782514774,0.23438629092322522,totalvi_w128
totalvi_w128,2034.0,log_mean,GD T,73,110,0.18142469218372323,0.13954576137841546,totalvi_w128
totalvi_w128,2034.0,log_mean,ICOS-high Tregs,91,110,0.18667820543358216,0.13359155595289673,totalvi_w128
totalvi_w128,2034.0,log_mean,Ifit3-high B,249,110,0.10444499309329136,0.056967227876859455,totalvi_w128
totalvi_w128,2034.0,log_mean,Ifit3-high CD4 T,132,110,0.0644562821430198,0.02684273308418285,totalvi_w128
totalvi_w128,2034.0,log_mean,Ifit3-high CD8 T,100,110,0.11853682066057257,0.09679600848786,totalvi_w128
totalvi_w128,2034.0,log_mean,Low quality B cells,230,110,0.10106445651791184,0.06148449464366625,totalvi_w128
totalvi_w128,2034.0,log_mean,Low quality T cells,67,110,0.10914956793194798,0.07279865025145574,totalvi_w128
totalvi_w128,2034.0,log_mean,Ly6-high mono,77,110,0.2557224331028361,0.2258894508959275,totalvi_w128
totalvi_w128,2034.0,log_mean,MZ B,205,110,0.18944069927833154,0.0843272698812686,totalvi_w128
totalvi_w128,2034.0,log_mean,MZ/Marco-high macrophages,36,110,0.24502510535208955,0.23394009184022865,totalvi_w128
totalvi_w128,2034.0,log_mean,Mature B,2408,110,0.11837376467730612,0.0338302721958203,totalvi_w128
totalvi_w128,2034.0,log_mean,NK,104,110,0.21522721346758453,0.2174950103844831,totalvi_w128
totalvi_w128,2034.0,log_mean,NKT,117,110,0.2931448742538925,0.2968710031402517,totalvi_w128
totalvi_w128,2034.0,log_mean,Neutrophils,112,110,0.20468843401336023,0.188030265149536,totalvi_w128
totalvi_w128,2034.0,log_mean,Red-pulp macrophages,35,110,0.059109983107966856,0.07582310945560611,totalvi_w128
totalvi_w128,2034.0,log_mean,T doublets,55,110,0.15536969191190095,0.1133661212585316,totalvi_w128
totalvi_w128,2034.0,log_mean,Transitional B,580,110,0.14016881996582503,0.0380859006885292,totalvi_w128
totalvi_w128,2034.0,log_mean,Tregs,115,110,0.17977482146367949,0.1252604216787621,totalvi_w128
totalvi_w128,2034.0,log_mean,cDC1s,62,110,0.3112690624682467,0.2780301532373049,totalvi_w128
totalvi_w128,2034.0,log_mean,cDC2s,65,110,0.29247474965578324,0.2967721250847249,totalvi_w128
totalvi_w128,2034.0,log_mean,pDCs,30,110,0.13382962418185898,0.1620077244636464,totalvi_w128
totalvi_w128,2034.0,pred_log,Activated CD4 T,38,110,0.07796659604793606,0.077079136296884,totalvi_w128
totalvi_w128,2034.0,pred_log,B doublets,77,110,0.12955510211424087,0.05798200736971765,totalvi_w128
totalvi_w128,2034.0,pred_log,B-CD4 T cell doublets,62,110,0.14628984984807736,0.1047374333112624,totalvi_w128
totalvi_w128,2034.0,pred_log,B-CD8 T cell doublets,50,110,0.12875080898782695,0.0917938462680779,totalvi_w128
totalvi_w128,2034.0,pred_log,B-macrophage doublets,74,110,0.2066938850655988,0.15360202526447486,totalvi_w128
totalvi_w128,2034.0,pred_log,B1 B,162,110,0.15943949142894248,0.041204079642946895,totalvi_w128
totalvi_w128,2034.0,pred_log,CD122+ CD8 T,258,110,0.0839839500841649,0.03459779616973895,totalvi_w128
totalvi_w128,2034.0,pred_log,CD4 T,1077,110,0.06347984026362777,0.01733224931931095,totalvi_w128
totalvi_w128,2034.0,pred_log,CD8 T,680,110,0.06964819614452682,0.029297739592031698,totalvi_w128
totalvi_w128,2034.0,pred_log,Cycling B/T cells,81,110,0.29727843598851583,0.18971213931153258,totalvi_w128
totalvi_w128,2034.0,pred_log,GD T,73,110,0.15714483036904234,0.12615953964050106,totalvi_w128
totalvi_w128,2034.0,pred_log,ICOS-high Tregs,91,110,0.18243286852429702,0.14462112527252624,totalvi_w128
totalvi_w128,2034.0,pred_log,Ifit3-high B,249,110,0.0746819540329165,0.03952287904412595,totalvi_w128
totalvi_w128,2034.0,pred_log,Ifit3-high CD4 T,132,110,0.055510574068568144,0.025384685539629748,totalvi_w128
totalvi_w128,2034.0,pred_log,Ifit3-high CD8 T,100,110,0.0865264006781465,0.06332752500468995,totalvi_w128
totalvi_w128,2034.0,pred_log,Low quality B cells,230,110,0.07453784946869636,0.02763574176407705,totalvi_w128
totalvi_w128,2034.0,pred_log,Low quality T cells,67,110,0.07728388914749751,0.044828108204308,totalvi_w128
totalvi_w128,2034.0,pred_log,Ly6-high mono,77,110,0.22723264620841574,0.2061881904812137,totalvi_w128
totalvi_w128,2034.0,pred_log,MZ B,205,110,0.16059342228906337,0.070765160758451,totalvi_w128
totalvi_w128,2034.0,pred_log,MZ/Marco-high macrophages,36,110,0.23124877684021486,0.24899174577128674,totalvi_w128
totalvi_w128,2034.0,pred_log,Mature B,2408,110,0.09743521601148605,0.01957580648951565,totalvi_w128
totalvi_w128,2034.0,pred_log,NK,104,110,0.18105909564274944,0.17712516270100553,totalvi_w128
totalvi_w128,2034.0,pred_log,NKT,117,110,0.23935913499540304,0.21570465855911142,totalvi_w128
totalvi_w128,2034.0,pred_log,Neutrophils,112,110,0.18804421658038392,0.162827377956582,totalvi_w128
totalvi_w128,2034.0,pred_log,Red-pulp macrophages,35,110,0.08591038164221775,0.0941498500085574,totalvi_w128
totalvi_w128,2034.0,pred_log,T doublets,55,110,0.1366259918626574,0.1088904148016127,totalvi_w128
totalvi_w128,2034.0,pred_log,Transitional B,580,110,0.12507597302449655,0.020619394736605,totalvi_w128
totalvi_w128,2034.0,pred_log,Tregs,115,110,0.1538033661817719,0.1036236081014887,totalvi_w128
totalvi_w128,2034.0,pred_log,cDC1s,62,110,0.2859962842021189,0.24719628935560556,totalvi_w128
totalvi_w128,2034.0,pred_log,cDC2s,65,110,0.27418018472979644,0.27689549857144546,totalvi_w128
totalvi_w128,2034.0,pred_log,pDCs,30,110,0.1397514296886678,0.14175436618751586,totalvi_w128
totalvi_w128,2035.0,calibrated,Activated CD4 T,38,110,0.11520181554805192,0.0807972372902319,totalvi_w128
totalvi_w128,2035.0,calibrated,B doublets,77,110,0.17488229709303446,0.09748421822693934,totalvi_w128
totalvi_w128,2035.0,calibrated,B-CD4 T cell doublets,62,110,0.15598795243329092,0.15026414857899367,totalvi_w128
totalvi_w128,2035.0,calibrated,B-CD8 T cell doublets,50,110,0.1289561420368825,0.11039097767088829,totalvi_w128
totalvi_w128,2035.0,calibrated,B-macrophage doublets,74,110,0.21830767530386955,0.1732283859031796,totalvi_w128
totalvi_w128,2035.0,calibrated,B1 B,162,110,0.18815842868992624,0.0748570785570285,totalvi_w128
totalvi_w128,2035.0,calibrated,CD122+ CD8 T,258,110,0.12200832350932761,0.0752029364121719,totalvi_w128
totalvi_w128,2035.0,calibrated,CD4 T,1077,110,0.08327272681207012,0.026978506591849902,totalvi_w128
totalvi_w128,2035.0,calibrated,CD8 T,680,110,0.08396562332908375,0.025226346341479848,totalvi_w128
totalvi_w128,2035.0,calibrated,Cycling B/T cells,81,110,0.3220441244073069,0.2323122836574431,totalvi_w128
totalvi_w128,2035.0,calibrated,GD T,73,110,0.19350002881371248,0.1686365071975065,totalvi_w128
totalvi_w128,2035.0,calibrated,ICOS-high Tregs,91,110,0.17113755953200524,0.1165077093215178,totalvi_w128
totalvi_w128,2035.0,calibrated,Ifit3-high B,249,110,0.09528092340420871,0.050904286805866894,totalvi_w128
totalvi_w128,2035.0,calibrated,Ifit3-high CD4 T,132,110,0.0575337048587785,0.014022330098557901,totalvi_w128
totalvi_w128,2035.0,calibrated,Ifit3-high CD8 T,100,110,0.1084425660504584,0.0792736201062629,totalvi_w128
totalvi_w128,2035.0,calibrated,Low quality B cells,230,110,0.10676381669311329,0.0594264415083261,totalvi_w128
totalvi_w128,2035.0,calibrated,Low quality T cells,67,110,0.10659041151502328,0.08993456902510019,totalvi_w128
totalvi_w128,2035.0,calibrated,Ly6-high mono,77,110,0.2619144790200254,0.22713130009306104,totalvi_w128
totalvi_w128,2035.0,calibrated,MZ B,205,110,0.17976184770679057,0.0835739667208171,totalvi_w128
totalvi_w128,2035.0,calibrated,MZ/Marco-high macrophages,36,110,0.24850489446906976,0.24792838985681895,totalvi_w128
totalvi_w128,2035.0,calibrated,Mature B,2408,110,0.11941165482619501,0.03377357923586685,totalvi_w128
totalvi_w128,2035.0,calibrated,NK,104,110,0.20786694435879763,0.2143107332738621,totalvi_w128
totalvi_w128,2035.0,calibrated,NKT,117,110,0.28654673517277524,0.27862900409143304,totalvi_w128
totalvi_w128,2035.0,calibrated,Neutrophils,112,110,0.20152467157473433,0.2104060600260722,totalvi_w128
totalvi_w128,2035.0,calibrated,Red-pulp macrophages,35,110,0.09274898144192137,0.12700643379281726,totalvi_w128
totalvi_w128,2035.0,calibrated,T doublets,55,110,0.1391342978162418,0.12154922625189885,totalvi_w128
totalvi_w128,2035.0,calibrated,Transitional B,580,110,0.14652995210428046,0.041868175233453944,totalvi_w128
totalvi_w128,2035.0,calibrated,Tregs,115,110,0.15619252921974922,0.0836789909585641,totalvi_w128
totalvi_w128,2035.0,calibrated,cDC1s,62,110,0.3084948084504542,0.2665810953177219,totalvi_w128
totalvi_w128,2035.0,calibrated,cDC2s,65,110,0.2842368880568678,0.28379987298166837,totalvi_w128
totalvi_w128,2035.0,calibrated,pDCs,30,110,0.08774590288504115,0.0984009616260541,totalvi_w128
totalvi_w128,2035.0,log_mean,Activated CD4 T,38,110,0.11520181554805192,0.0807972372902319,totalvi_w128
totalvi_w128,2035.0,log_mean,B doublets,77,110,0.17488229709303446,0.09748421822693934,totalvi_w128
totalvi_w128,2035.0,log_mean,B-CD4 T cell doublets,62,110,0.15598795243329092,0.15026414857899367,totalvi_w128
totalvi_w128,2035.0,log_mean,B-CD8 T cell doublets,50,110,0.1289561420368825,0.11039097767088829,totalvi_w128
totalvi_w128,2035.0,log_mean,B-macrophage doublets,74,110,0.21830767530386955,0.1732283859031796,totalvi_w128
totalvi_w128,2035.0,log_mean,B1 B,162,110,0.18815842868992624,0.0748570785570285,totalvi_w128
totalvi_w128,2035.0,log_mean,CD122+ CD8 T,258,110,0.12200832350932761,0.0752029364121719,totalvi_w128
totalvi_w128,2035.0,log_mean,CD4 T,1077,110,0.08327272681207012,0.026978506591849902,totalvi_w128
totalvi_w128,2035.0,log_mean,CD8 T,680,110,0.08396562332908375,0.025226346341479848,totalvi_w128
totalvi_w128,2035.0,log_mean,Cycling B/T cells,81,110,0.3220441244073069,0.2323122836574431,totalvi_w128
totalvi_w128,2035.0,log_mean,GD T,73,110,0.19350002881371248,0.1686365071975065,totalvi_w128
totalvi_w128,2035.0,log_mean,ICOS-high Tregs,91,110,0.17113755953200524,0.1165077093215178,totalvi_w128
totalvi_w128,2035.0,log_mean,Ifit3-high B,249,110,0.09528092340420871,0.050904286805866894,totalvi_w128
totalvi_w128,2035.0,log_mean,Ifit3-high CD4 T,132,110,0.0575337048587785,0.014022330098557901,totalvi_w128
totalvi_w128,2035.0,log_mean,Ifit3-high CD8 T,100,110,0.1084425660504584,0.0792736201062629,totalvi_w128
totalvi_w128,2035.0,log_mean,Low quality B cells,230,110,0.10676381669311329,0.0594264415083261,totalvi_w128
totalvi_w128,2035.0,log_mean,Low quality T cells,67,110,0.10659041151502328,0.08993456902510019,totalvi_w128
totalvi_w128,2035.0,log_mean,Ly6-high mono,77,110,0.2619144790200254,0.22713130009306104,totalvi_w128
totalvi_w128,2035.0,log_mean,MZ B,205,110,0.17976184770679057,0.0835739667208171,totalvi_w128
totalvi_w128,2035.0,log_mean,MZ/Marco-high macrophages,36,110,0.24850489446906976,0.24792838985681895,totalvi_w128
totalvi_w128,2035.0,log_mean,Mature B,2408,110,0.1194116523695311,0.03377357923586685,totalvi_w128
totalvi_w128,2035.0,log_mean,NK,104,110,0.20786694435879763,0.2143107332738621,totalvi_w128
totalvi_w128,2035.0,log_mean,NKT,117,110,0.28654673517277524,0.27862900409143304,totalvi_w128
totalvi_w128,2035.0,log_mean,Neutrophils,112,110,0.20152467157473433,0.2104060600260722,totalvi_w128
totalvi_w128,2035.0,log_mean,Red-pulp macrophages,35,110,0.09274898144192137,0.12700643379281726,totalvi_w128
totalvi_w128,2035.0,log_mean,T doublets,55,110,0.1391342978162418,0.12154922625189885,totalvi_w128
totalvi_w128,2035.0,log_mean,Transitional B,580,110,0.14652991390975634,0.041868175233453944,totalvi_w128
totalvi_w128,2035.0,log_mean,Tregs,115,110,0.15619252921974922,0.0836789909585641,totalvi_w128
totalvi_w128,2035.0,log_mean,cDC1s,62,110,0.3084948084504542,0.2665810953177219,totalvi_w128
totalvi_w128,2035.0,log_mean,cDC2s,65,110,0.2842368880568678,0.28379987298166837,totalvi_w128
totalvi_w128,2035.0,log_mean,pDCs,30,110,0.08774590288504115,0.0984009616260541,totalvi_w128
totalvi_w128,2035.0,pred_log,Activated CD4 T,38,110,0.0931994454339279,0.0480657133797833,totalvi_w128
totalvi_w128,2035.0,pred_log,B doublets,77,110,0.12123727095551001,0.02596036226593735,totalvi_w128
totalvi_w128,2035.0,pred_log,B-CD4 T cell doublets,62,110,0.13291883126213513,0.1053153277276728,totalvi_w128
totalvi_w128,2035.0,pred_log,B-CD8 T cell doublets,50,110,0.1065699822696983,0.07515533723682265,totalvi_w128
totalvi_w128,2035.0,pred_log,B-macrophage doublets,74,110,0.22715848813312822,0.17373429426889603,totalvi_w128
totalvi_w128,2035.0,pred_log,B1 B,162,110,0.16953410389629556,0.05688353450371045,totalvi_w128
totalvi_w128,2035.0,pred_log,CD122+ CD8 T,258,110,0.10292788618325814,0.046262367849230504,totalvi_w128
totalvi_w128,2035.0,pred_log,CD4 T,1077,110,0.06521994625964851,0.02230966123752655,totalvi_w128
totalvi_w128,2035.0,pred_log,CD8 T,680,110,0.06731389736963625,0.02862004358278105,totalvi_w128
totalvi_w128,2035.0,pred_log,Cycling B/T cells,81,110,0.30834876158583857,0.22711920294446714,totalvi_w128
totalvi_w128,2035.0,pred_log,GD T,73,110,0.1701329182153196,0.1592927240948797,totalvi_w128
totalvi_w128,2035.0,pred_log,ICOS-high Tregs,91,110,0.16441992090814758,0.12805009678457707,totalvi_w128
totalvi_w128,2035.0,pred_log,Ifit3-high B,249,110,0.08110743914393906,0.04713182448237725,totalvi_w128
totalvi_w128,2035.0,pred_log,Ifit3-high CD4 T,132,110,0.04037415511480565,0.0190659923434019,totalvi_w128
totalvi_w128,2035.0,pred_log,Ifit3-high CD8 T,100,110,0.08394251926586009,0.07389807630546916,totalvi_w128
totalvi_w128,2035.0,pred_log,Low quality B cells,230,110,0.07648850598653689,0.0291684156307234,totalvi_w128
totalvi_w128,2035.0,pred_log,Low quality T cells,67,110,0.09790276319784068,0.06893948520295076,totalvi_w128
totalvi_w128,2035.0,pred_log,Ly6-high mono,77,110,0.23188205259369196,0.182725857752026,totalvi_w128
totalvi_w128,2035.0,pred_log,MZ B,205,110,0.1506889123835201,0.0558123205167248,totalvi_w128
totalvi_w128,2035.0,pred_log,MZ/Marco-high macrophages,36,110,0.225424290828718,0.23410765510556913,totalvi_w128
totalvi_w128,2035.0,pred_log,Mature B,2408,110,0.0926206058154492,0.0155274552774278,totalvi_w128
totalvi_w128,2035.0,pred_log,NK,104,110,0.19309877572651657,0.17316341285276204,totalvi_w128
totalvi_w128,2035.0,pred_log,NKT,117,110,0.2439091101417402,0.21280113774787815,totalvi_w128
totalvi_w128,2035.0,pred_log,Neutrophils,112,110,0.18208153054623424,0.16725681669096382,totalvi_w128
totalvi_w128,2035.0,pred_log,Red-pulp macrophages,35,110,0.09528221159546378,0.0940474278664799,totalvi_w128
totalvi_w128,2035.0,pred_log,T doublets,55,110,0.13794015461088513,0.09757907684602371,totalvi_w128
totalvi_w128,2035.0,pred_log,Transitional B,580,110,0.12377768651449719,0.01525945842726285,totalvi_w128
totalvi_w128,2035.0,pred_log,Tregs,115,110,0.12868310934257257,0.06879437823470785,totalvi_w128
totalvi_w128,2035.0,pred_log,cDC1s,62,110,0.2760579802745531,0.2276427444819502,totalvi_w128
totalvi_w128,2035.0,pred_log,cDC2s,65,110,0.2639567342700604,0.24300795637862843,totalvi_w128
totalvi_w128,2035.0,pred_log,pDCs,30,110,0.08385608187487738,0.08257322942603504,totalvi_w128
totalvi_w128,2036.0,calibrated,Activated CD4 T,38,110,0.13509030557723598,0.1236169768069829,totalvi_w128
totalvi_w128,2036.0,calibrated,B doublets,77,110,0.16964578612961698,0.11134077457762845,totalvi_w128
totalvi_w128,2036.0,calibrated,B-CD4 T cell doublets,62,110,0.17752117635768305,0.16522402506052905,totalvi_w128
totalvi_w128,2036.0,calibrated,B-CD8 T cell doublets,50,110,0.11614924076811461,0.10907584912705515,totalvi_w128
totalvi_w128,2036.0,calibrated,B-macrophage doublets,74,110,0.2198771657494958,0.18695369044212107,totalvi_w128
totalvi_w128,2036.0,calibrated,B1 B,162,110,0.18887562662608792,0.08802480760506536,totalvi_w128
totalvi_w128,2036.0,calibrated,CD122+ CD8 T,258,110,0.12031759406392238,0.069684308592999,totalvi_w128
totalvi_w128,2036.0,calibrated,CD4 T,1077,110,0.0883412809767142,0.03341853183791695,totalvi_w128
totalvi_w128,2036.0,calibrated,CD8 T,680,110,0.08764801620188507,0.0474426031876137,totalvi_w128
totalvi_w128,2036.0,calibrated,Cycling B/T cells,81,110,0.3354730781869244,0.2524675286791218,totalvi_w128
totalvi_w128,2036.0,calibrated,GD T,73,110,0.16328134717840428,0.1531956926029937,totalvi_w128
totalvi_w128,2036.0,calibrated,ICOS-high Tregs,91,110,0.1695124415465287,0.13500357610521915,totalvi_w128
totalvi_w128,2036.0,calibrated,Ifit3-high B,249,110,0.09030297042599815,0.0507328527804936,totalvi_w128
totalvi_w128,2036.0,calibrated,Ifit3-high CD4 T,132,110,0.07839201964332922,0.05264829624259325,totalvi_w128
totalvi_w128,2036.0,calibrated,Ifit3-high CD8 T,100,110,0.11604507048371526,0.09665320123680884,totalvi_w128
totalvi_w128,2036.0,calibrated,Low quality B cells,230,110,0.10762884492488282,0.05878058573856125,totalvi_w128
totalvi_w128,2036.0,calibrated,Low quality T cells,67,110,0.10421679572683186,0.07272743034011675,totalvi_w128
totalvi_w128,2036.0,calibrated,Ly6-high mono,77,110,0.26018338061248325,0.22283250841879385,totalvi_w128
totalvi_w128,2036.0,calibrated,MZ B,205,110,0.17449378431903798,0.0795220318206999,totalvi_w128
totalvi_w128,2036.0,calibrated,MZ/Marco-high macrophages,36,110,0.24671381375223853,0.2714672450477163,totalvi_w128
totalvi_w128,2036.0,calibrated,Mature B,2408,110,0.11751408779545117,0.04131844779069245,totalvi_w128
totalvi_w128,2036.0,calibrated,NK,104,110,0.1992152614096093,0.19703233902622913,totalvi_w128
totalvi_w128,2036.0,calibrated,NKT,117,110,0.2975305539180421,0.275056927741402,totalvi_w128
totalvi_w128,2036.0,calibrated,Neutrophils,112,110,0.18688516783707354,0.15997821940597695,totalvi_w128
totalvi_w128,2036.0,calibrated,Red-pulp macrophages,35,110,0.08770860800637517,0.09714870044427601,totalvi_w128
totalvi_w128,2036.0,calibrated,T doublets,55,110,0.13080249996509624,0.06535972157739105,totalvi_w128
totalvi_w128,2036.0,calibrated,Transitional B,580,110,0.1439967315064131,0.0389769119566492,totalvi_w128
totalvi_w128,2036.0,calibrated,Tregs,115,110,0.16940455624629075,0.12653285791308275,totalvi_w128
totalvi_w128,2036.0,calibrated,cDC1s,62,110,0.2857293145084895,0.23349988008971195,totalvi_w128
totalvi_w128,2036.0,calibrated,cDC2s,65,110,0.27414948982796894,0.24621522025465836,totalvi_w128
totalvi_w128,2036.0,calibrated,pDCs,30,110,0.10602883444531219,0.0971594999534762,totalvi_w128
totalvi_w128,2036.0,log_mean,Activated CD4 T,38,110,0.13509030557723598,0.1236169768069829,totalvi_w128
totalvi_w128,2036.0,log_mean,B doublets,77,110,0.16964578612961698,0.11134077457762845,totalvi_w128
totalvi_w128,2036.0,log_mean,B-CD4 T cell doublets,62,110,0.17752117635768305,0.16522402506052905,totalvi_w128
totalvi_w128,2036.0,log_mean,B-CD8 T cell doublets,50,110,0.11614924076811461,0.10907584912705515,totalvi_w128
totalvi_w128,2036.0,log_mean,B-macrophage doublets,74,110,0.2198771657494958,0.18695369044212107,totalvi_w128
totalvi_w128,2036.0,log_mean,B1 B,162,110,0.18887562662608792,0.08802480760506536,totalvi_w128
totalvi_w128,2036.0,log_mean,CD122+ CD8 T,258,110,0.12031759406392238,0.069684308592999,totalvi_w128
totalvi_w128,2036.0,log_mean,CD4 T,1077,110,0.0883412809767142,0.03341853183791695,totalvi_w128
totalvi_w128,2036.0,log_mean,CD8 T,680,110,0.08764801620188507,0.0474426031876137,totalvi_w128
totalvi_w128,2036.0,log_mean,Cycling B/T cells,81,110,0.3354730781869244,0.2524675286791218,totalvi_w128
totalvi_w128,2036.0,log_mean,GD T,73,110,0.16328134717840428,0.1531956926029937,totalvi_w128
totalvi_w128,2036.0,log_mean,ICOS-high Tregs,91,110,0.1695124415465287,0.13500357610521915,totalvi_w128
totalvi_w128,2036.0,log_mean,Ifit3-high B,249,110,0.09030297042599815,0.0507328527804936,totalvi_w128
totalvi_w128,2036.0,log_mean,Ifit3-high CD4 T,132,110,0.07839201964332922,0.05264829624259325,totalvi_w128
totalvi_w128,2036.0,log_mean,Ifit3-high CD8 T,100,110,0.11604507048371526,0.09665320123680884,totalvi_w128
totalvi_w128,2036.0,log_mean,Low quality B cells,230,110,0.10762884492488282,0.05878058573856125,totalvi_w128
totalvi_w128,2036.0,log_mean,Low quality T cells,67,110,0.10421679572683186,0.07272743034011675,totalvi_w128
totalvi_w128,2036.0,log_mean,Ly6-high mono,77,110,0.26018338061248325,0.22283250841879385,totalvi_w128
totalvi_w128,2036.0,log_mean,MZ B,205,110,0.17449378431903798,0.0795220318206999,totalvi_w128
totalvi_w128,2036.0,log_mean,MZ/Marco-high macrophages,36,110,0.24671381375223853,0.2714672450477163,totalvi_w128
totalvi_w128,2036.0,log_mean,Mature B,2408,110,0.11751408779545117,0.04131844779069245,totalvi_w128
totalvi_w128,2036.0,log_mean,NK,104,110,0.1992152614096093,0.19703233902622913,totalvi_w128
totalvi_w128,2036.0,log_mean,NKT,117,110,0.2975305539180421,0.275056927741402,totalvi_w128
totalvi_w128,2036.0,log_mean,Neutrophils,112,110,0.18688516783707354,0.15997821940597695,totalvi_w128
totalvi_w128,2036.0,log_mean,Red-pulp macrophages,35,110,0.08770860800637517,0.09714870044427601,totalvi_w128
totalvi_w128,2036.0,log_mean,T doublets,55,110,0.13080249996509624,0.06535972157739105,totalvi_w128
totalvi_w128,2036.0,log_mean,Transitional B,580,110,0.1439967315064131,0.0389769119566492,totalvi_w128
totalvi_w128,2036.0,log_mean,Tregs,115,110,0.16940455624629075,0.12653285791308275,totalvi_w128
totalvi_w128,2036.0,log_mean,cDC1s,62,110,0.2857293145084895,0.23349988008971195,totalvi_w128
totalvi_w128,2036.0,log_mean,cDC2s,65,110,0.27414948982796894,0.24621522025465836,totalvi_w128
totalvi_w128,2036.0,log_mean,pDCs,30,110,0.10602883444531219,0.0971594999534762,totalvi_w128
totalvi_w128,2036.0,pred_log,Activated CD4 T,38,110,0.11126140124350573,0.10346623969159545,totalvi_w128
totalvi_w128,2036.0,pred_log,B doublets,77,110,0.1246489161104339,0.06559794061461015,totalvi_w128
totalvi_w128,2036.0,pred_log,B-CD4 T cell doublets,62,110,0.1407155491267043,0.1444358275259161,totalvi_w128
totalvi_w128,2036.0,pred_log,B-CD8 T cell doublets,50,110,0.11006640682296327,0.0947186303962108,totalvi_w128
totalvi_w128,2036.0,pred_log,B-macrophage doublets,74,110,0.20869223765114728,0.15679827561764945,totalvi_w128
totalvi_w128,2036.0,pred_log,B1 B,162,110,0.17694747194382804,0.0794508099678923,totalvi_w128
totalvi_w128,2036.0,pred_log,CD122+ CD8 T,258,110,0.09451949435813148,0.042594254029332604,totalvi_w128
totalvi_w128,2036.0,pred_log,CD4 T,1077,110,0.06556641875260982,0.0216481435167644,totalvi_w128
totalvi_w128,2036.0,pred_log,CD8 T,680,110,0.0701874850429075,0.03335485735538755,totalvi_w128
totalvi_w128,2036.0,pred_log,Cycling B/T cells,81,110,0.2991741460970376,0.17959019432345874,totalvi_w128
totalvi_w128,2036.0,pred_log,GD T,73,110,0.1565495064864887,0.1140049502007284,totalvi_w128
totalvi_w128,2036.0,pred_log,ICOS-high Tregs,91,110,0.15384150239136282,0.12733552592685005,totalvi_w128
totalvi_w128,2036.0,pred_log,Ifit3-high B,249,110,0.07293953618305696,0.028461045157100302,totalvi_w128
totalvi_w128,2036.0,pred_log,Ifit3-high CD4 T,132,110,0.038593501785662385,0.01425903844623305,totalvi_w128
totalvi_w128,2036.0,pred_log,Ifit3-high CD8 T,100,110,0.0735392126906548,0.05124958544063045,totalvi_w128
totalvi_w128,2036.0,pred_log,Low quality B cells,230,110,0.08429506428270431,0.0378594987813185,totalvi_w128
totalvi_w128,2036.0,pred_log,Low quality T cells,67,110,0.08196607306647458,0.050083826710898005,totalvi_w128
totalvi_w128,2036.0,pred_log,Ly6-high mono,77,110,0.21744335970229026,0.1757733885796301,totalvi_w128
totalvi_w128,2036.0,pred_log,MZ B,205,110,0.14847920700018605,0.0686038565228061,totalvi_w128
totalvi_w128,2036.0,pred_log,MZ/Marco-high macrophages,36,110,0.2227632816181782,0.2450673044130631,totalvi_w128
totalvi_w128,2036.0,pred_log,Mature B,2408,110,0.09236434422598239,0.01664285058040115,totalvi_w128
totalvi_w128,2036.0,pred_log,NK,104,110,0.17446057720177574,0.1543366338285092,totalvi_w128
totalvi_w128,2036.0,pred_log,NKT,117,110,0.25085824142804125,0.2265535591493488,totalvi_w128
totalvi_w128,2036.0,pred_log,Neutrophils,112,110,0.16461179370418483,0.13126387165845776,totalvi_w128
totalvi_w128,2036.0,pred_log,Red-pulp macrophages,35,110,0.085150155760526,0.09040273398234494,totalvi_w128
totalvi_w128,2036.0,pred_log,T doublets,55,110,0.1352547277286066,0.09659162780469074,totalvi_w128
totalvi_w128,2036.0,pred_log,Transitional B,580,110,0.13099487082552244,0.03589833837267685,totalvi_w128
totalvi_w128,2036.0,pred_log,Tregs,115,110,0.1360573996265134,0.08529043596741885,totalvi_w128
totalvi_w128,2036.0,pred_log,cDC1s,62,110,0.297190200066252,0.23633895705775226,totalvi_w128
totalvi_w128,2036.0,pred_log,cDC2s,65,110,0.2534417575082106,0.21121034105708136,totalvi_w128
totalvi_w128,2036.0,pred_log,pDCs,30,110,0.09095981808480914,0.07635745242516445,totalvi_w128
totalvi_w128,2037.0,calibrated,Activated CD4 T,38,110,0.14236890019360196,0.13005488123931508,totalvi_w128
totalvi_w128,2037.0,calibrated,B doublets,77,110,0.1536901711657715,0.10310902215185605,totalvi_w128
totalvi_w128,2037.0,calibrated,B-CD4 T cell doublets,62,110,0.15690825988051293,0.1392747534504484,totalvi_w128
totalvi_w128,2037.0,calibrated,B-CD8 T cell doublets,50,110,0.12199272003269812,0.09501341196986075,totalvi_w128
totalvi_w128,2037.0,calibrated,B-macrophage doublets,74,110,0.23118782740814073,0.1736534891198864,totalvi_w128
totalvi_w128,2037.0,calibrated,B1 B,162,110,0.19279557689986707,0.0925164198972951,totalvi_w128
totalvi_w128,2037.0,calibrated,CD122+ CD8 T,258,110,0.1170453476622922,0.05605868942863705,totalvi_w128
totalvi_w128,2037.0,calibrated,CD4 T,1077,110,0.08327192790039248,0.02947829483855645,totalvi_w128
totalvi_w128,2037.0,calibrated,CD8 T,680,110,0.08810616758075128,0.0342812550057985,totalvi_w128
totalvi_w128,2037.0,calibrated,Cycling B/T cells,81,110,0.3267355043708045,0.25333479205034515,totalvi_w128
totalvi_w128,2037.0,calibrated,GD T,73,110,0.1746921764275099,0.13249488030054046,totalvi_w128
totalvi_w128,2037.0,calibrated,ICOS-high Tregs,91,110,0.18711854008260081,0.12442467596520404,totalvi_w128
totalvi_w128,2037.0,calibrated,Ifit3-high B,249,110,0.09242076937576946,0.04195861228689555,totalvi_w128
totalvi_w128,2037.0,calibrated,Ifit3-high CD4 T,132,110,0.059766341877088784,0.0258152911215221,totalvi_w128
totalvi_w128,2037.0,calibrated,Ifit3-high CD8 T,100,110,0.10736913962235585,0.09184047616869205,totalvi_w128
totalvi_w128,2037.0,calibrated,Low quality B cells,230,110,0.11621999398543105,0.07699698213412424,totalvi_w128
totalvi_w128,2037.0,calibrated,Low quality T cells,67,110,0.10731785143985721,0.0883268757060705,totalvi_w128
totalvi_w128,2037.0,calibrated,Ly6-high mono,77,110,0.27166994875809175,0.21820271581164752,totalvi_w128
totalvi_w128,2037.0,calibrated,MZ B,205,110,0.18362657272432523,0.0727693655920556,totalvi_w128
totalvi_w128,2037.0,calibrated,MZ/Marco-high macrophages,36,110,0.25025854515673396,0.28273323331901024,totalvi_w128
totalvi_w128,2037.0,calibrated,Mature B,2408,110,0.11952559736695788,0.03352031925618475,totalvi_w128
totalvi_w128,2037.0,calibrated,NK,104,110,0.20043560655392134,0.2290154269048586,totalvi_w128
totalvi_w128,2037.0,calibrated,NKT,117,110,0.2975009383666905,0.2697980052153425,totalvi_w128
totalvi_w128,2037.0,calibrated,Neutrophils,112,110,0.18652628410878855,0.15569976356335502,totalvi_w128
totalvi_w128,2037.0,calibrated,Red-pulp macrophages,35,110,0.11126512762351051,0.10894677359592869,totalvi_w128
totalvi_w128,2037.0,calibrated,T doublets,55,110,0.15930876069429797,0.1173789089772043,totalvi_w128
totalvi_w128,2037.0,calibrated,Transitional B,580,110,0.14458582809466253,0.0435751084582904,totalvi_w128
totalvi_w128,2037.0,calibrated,Tregs,115,110,0.16036642905194273,0.1152132536623162,totalvi_w128
totalvi_w128,2037.0,calibrated,cDC1s,62,110,0.3202257643402622,0.2761294644138921,totalvi_w128
totalvi_w128,2037.0,calibrated,cDC2s,65,110,0.288486978954162,0.2911082996777753,totalvi_w128
totalvi_w128,2037.0,calibrated,pDCs,30,110,0.1497031226701196,0.16188471580079,totalvi_w128
totalvi_w128,2037.0,log_mean,Activated CD4 T,38,110,0.14236890019360196,0.13005488123931508,totalvi_w128
totalvi_w128,2037.0,log_mean,B doublets,77,110,0.1536901711657715,0.10310902215185605,totalvi_w128
totalvi_w128,2037.0,log_mean,B-CD4 T cell doublets,62,110,0.15690825988051293,0.1392747534504484,totalvi_w128
totalvi_w128,2037.0,log_mean,B-CD8 T cell doublets,50,110,0.12199272003269812,0.09501341196986075,totalvi_w128
totalvi_w128,2037.0,log_mean,B-macrophage doublets,74,110,0.23118782740814073,0.1736534891198864,totalvi_w128
totalvi_w128,2037.0,log_mean,B1 B,162,110,0.19279557689986707,0.0925164198972951,totalvi_w128
totalvi_w128,2037.0,log_mean,CD122+ CD8 T,258,110,0.1170453476622922,0.05605868942863705,totalvi_w128
totalvi_w128,2037.0,log_mean,CD4 T,1077,110,0.08327192790039248,0.02947829483855645,totalvi_w128
totalvi_w128,2037.0,log_mean,CD8 T,680,110,0.08810616758075128,0.0342812550057985,totalvi_w128
totalvi_w128,2037.0,log_mean,Cycling B/T cells,81,110,0.3267355043708045,0.25333479205034515,totalvi_w128
totalvi_w128,2037.0,log_mean,GD T,73,110,0.1746921764275099,0.13249488030054046,totalvi_w128
totalvi_w128,2037.0,log_mean,ICOS-high Tregs,91,110,0.18711854008260081,0.12442467596520404,totalvi_w128
totalvi_w128,2037.0,log_mean,Ifit3-high B,249,110,0.09242076937576946,0.04195861228689555,totalvi_w128
totalvi_w128,2037.0,log_mean,Ifit3-high CD4 T,132,110,0.059766341877088784,0.0258152911215221,totalvi_w128
totalvi_w128,2037.0,log_mean,Ifit3-high CD8 T,100,110,0.10736913962235585,0.09184047616869205,totalvi_w128
totalvi_w128,2037.0,log_mean,Low quality B cells,230,110,0.11621999398543105,0.07699698213412424,totalvi_w128
totalvi_w128,2037.0,log_mean,Low quality T cells,67,110,0.10731785143985721,0.0883268757060705,totalvi_w128
totalvi_w128,2037.0,log_mean,Ly6-high mono,77,110,0.27166994875809175,0.21820271581164752,totalvi_w128
totalvi_w128,2037.0,log_mean,MZ B,205,110,0.18362657272432523,0.0727693655920556,totalvi_w128
totalvi_w128,2037.0,log_mean,MZ/Marco-high macrophages,36,110,0.25025854515673396,0.28273323331901024,totalvi_w128
totalvi_w128,2037.0,log_mean,Mature B,2408,110,0.11952559736695788,0.03352031925618475,totalvi_w128
totalvi_w128,2037.0,log_mean,NK,104,110,0.20043560655392134,0.2290154269048586,totalvi_w128
totalvi_w128,2037.0,log_mean,NKT,117,110,0.2975009383666905,0.2697980052153425,totalvi_w128
totalvi_w128,2037.0,log_mean,Neutrophils,112,110,0.18652628410878855,0.15569976356335502,totalvi_w128
totalvi_w128,2037.0,log_mean,Red-pulp macrophages,35,110,0.11126512762351051,0.10894677359592869,totalvi_w128
totalvi_w128,2037.0,log_mean,T doublets,55,110,0.15930876069429797,0.1173789089772043,totalvi_w128
totalvi_w128,2037.0,log_mean,Transitional B,580,110,0.14458582809466253,0.0435751084582904,totalvi_w128
totalvi_w128,2037.0,log_mean,Tregs,115,110,0.16036642905194273,0.1152132536623162,totalvi_w128
totalvi_w128,2037.0,log_mean,cDC1s,62,110,0.3202257643402622,0.2761294644138921,totalvi_w128
totalvi_w128,2037.0,log_mean,cDC2s,65,110,0.288486978954162,0.2911082996777753,totalvi_w128
totalvi_w128,2037.0,log_mean,pDCs,30,110,0.1497031226701196,0.16188471580079,totalvi_w128
totalvi_w128,2037.0,pred_log,Activated CD4 T,38,110,0.10915646353623824,0.08191889655178694,totalvi_w128
totalvi_w128,2037.0,pred_log,B doublets,77,110,0.14657296879349824,0.11647487841749295,totalvi_w128
totalvi_w128,2037.0,pred_log,B-CD4 T cell doublets,62,110,0.13260644766088237,0.1043614630623512,totalvi_w128
totalvi_w128,2037.0,pred_log,B-CD8 T cell doublets,50,110,0.08790889098014844,0.0361701146774774,totalvi_w128
totalvi_w128,2037.0,pred_log,B-macrophage doublets,74,110,0.22118310205314662,0.1662768499485538,totalvi_w128
totalvi_w128,2037.0,pred_log,B1 B,162,110,0.17242858201591052,0.07656937225888885,totalvi_w128
totalvi_w128,2037.0,pred_log,CD122+ CD8 T,258,110,0.10296409526163511,0.04094314117276625,totalvi_w128
totalvi_w128,2037.0,pred_log,CD4 T,1077,110,0.06474805807829283,0.0198059420366491,totalvi_w128
totalvi_w128,2037.0,pred_log,CD8 T,680,110,0.07073795696514881,0.0319703675402953,totalvi_w128
totalvi_w128,2037.0,pred_log,Cycling B/T cells,81,110,0.29296542191611386,0.17780338835702808,totalvi_w128
totalvi_w128,2037.0,pred_log,GD T,73,110,0.17538282325736326,0.14128096965597495,totalvi_w128
totalvi_w128,2037.0,pred_log,ICOS-high Tregs,91,110,0.16571948245080353,0.1198064000026183,totalvi_w128
totalvi_w128,2037.0,pred_log,Ifit3-high B,249,110,0.07184533695956015,0.03247069837298395,totalvi_w128
totalvi_w128,2037.0,pred_log,Ifit3-high CD4 T,132,110,0.04758073502074822,0.0380384683838674,totalvi_w128
totalvi_w128,2037.0,pred_log,Ifit3-high CD8 T,100,110,0.07660433231140265,0.04382778202858165,totalvi_w128
totalvi_w128,2037.0,pred_log,Low quality B cells,230,110,0.09036203357688354,0.045448527929819904,totalvi_w128
totalvi_w128,2037.0,pred_log,Low quality T cells,67,110,0.10671121529230748,0.06884370647927304,totalvi_w128
totalvi_w128,2037.0,pred_log,Ly6-high mono,77,110,0.2368516846928223,0.2086954284203716,totalvi_w128
totalvi_w128,2037.0,pred_log,MZ B,205,110,0.15679513823994878,0.06257718210417865,totalvi_w128
totalvi_w128,2037.0,pred_log,MZ/Marco-high macrophages,36,110,0.21924603261524375,0.19519999308561287,totalvi_w128
totalvi_w128,2037.0,pred_log,Mature B,2408,110,0.0956725251505677,0.02145677934030795,totalvi_w128
totalvi_w128,2037.0,pred_log,NK,104,110,0.16833140343075978,0.16302532318167265,totalvi_w128
totalvi_w128,2037.0,pred_log,NKT,117,110,0.2425564503597471,0.204362029356779,totalvi_w128
totalvi_w128,2037.0,pred_log,Neutrophils,112,110,0.16455061271347798,0.1461886372665849,totalvi_w128
totalvi_w128,2037.0,pred_log,Red-pulp macrophages,35,110,0.10050195512776591,0.114768588714983,totalvi_w128
totalvi_w128,2037.0,pred_log,T doublets,55,110,0.11881505248478803,0.07754223230578969,totalvi_w128
totalvi_w128,2037.0,pred_log,Transitional B,580,110,0.12310778399030989,0.0213314946692503,totalvi_w128
totalvi_w128,2037.0,pred_log,Tregs,115,110,0.13139515091402124,0.077212760667392,totalvi_w128
totalvi_w128,2037.0,pred_log,cDC1s,62,110,0.27219593556403826,0.24409078572604984,totalvi_w128
totalvi_w128,2037.0,pred_log,cDC2s,65,110,0.2571398167815986,0.19129411501050003,totalvi_w128
totalvi_w128,2037.0,pred_log,pDCs,30,110,0.14281775349346654,0.1656819392005083,totalvi_w128
totalvi_w128,2038.0,calibrated,Activated CD4 T,38,110,0.14023217555584652,0.11613127956985356,totalvi_w128
totalvi_w128,2038.0,calibrated,B doublets,77,110,0.17337358259877017,0.1063956561685855,totalvi_w128
totalvi_w128,2038.0,calibrated,B-CD4 T cell doublets,62,110,0.1496646604402295,0.1442037240398012,totalvi_w128
totalvi_w128,2038.0,calibrated,B-CD8 T cell doublets,50,110,0.12249340460051146,0.0803787660241298,totalvi_w128
totalvi_w128,2038.0,calibrated,B-macrophage doublets,74,110,0.22138978815106772,0.14749805674405697,totalvi_w128
totalvi_w128,2038.0,calibrated,B1 B,162,110,0.1987179777240091,0.10286402871984571,totalvi_w128
totalvi_w128,2038.0,calibrated,CD122+ CD8 T,258,110,0.11850505310741512,0.05894540898717365,totalvi_w128
totalvi_w128,2038.0,calibrated,CD4 T,1077,110,0.08363084177623227,0.02495294950451445,totalvi_w128
totalvi_w128,2038.0,calibrated,CD8 T,680,110,0.08854521185653041,0.03604563572908865,totalvi_w128
totalvi_w128,2038.0,calibrated,Cycling B/T cells,81,110,0.3293584720824229,0.23099807444533643,totalvi_w128
totalvi_w128,2038.0,calibrated,GD T,73,110,0.19969922991363728,0.16994346769431595,totalvi_w128
totalvi_w128,2038.0,calibrated,ICOS-high Tregs,91,110,0.18484614040241606,0.1400951808701021,totalvi_w128
totalvi_w128,2038.0,calibrated,Ifit3-high B,249,110,0.10854304511626874,0.06579479980444894,totalvi_w128
totalvi_w128,2038.0,calibrated,Ifit3-high CD4 T,132,110,0.060260314084509846,0.0327434449570326,totalvi_w128
totalvi_w128,2038.0,calibrated,Ifit3-high CD8 T,100,110,0.09692185444870366,0.06935404470491505,totalvi_w128
totalvi_w128,2038.0,calibrated,Low quality B cells,230,110,0.10031503227699715,0.050063589037792,totalvi_w128
totalvi_w128,2038.0,calibrated,Low quality T cells,67,110,0.09059889100938404,0.0498393204293651,totalvi_w128
totalvi_w128,2038.0,calibrated,Ly6-high mono,77,110,0.26588982346468,0.2337261541940322,totalvi_w128
totalvi_w128,2038.0,calibrated,MZ B,205,110,0.18317016820183882,0.0896644020172503,totalvi_w128
totalvi_w128,2038.0,calibrated,MZ/Marco-high macrophages,36,110,0.2473890730830533,0.255427116862197,totalvi_w128
totalvi_w128,2038.0,calibrated,Mature B,2408,110,0.11952166766828323,0.031619192675889696,totalvi_w128
totalvi_w128,2038.0,calibrated,NK,104,110,0.1967500170926776,0.1778693886752977,totalvi_w128
totalvi_w128,2038.0,calibrated,NKT,117,110,0.28476316907446336,0.2694018568953078,totalvi_w128
totalvi_w128,2038.0,calibrated,Neutrophils,112,110,0.2163661214650105,0.2061972724206798,totalvi_w128
totalvi_w128,2038.0,calibrated,Red-pulp macrophages,35,110,0.10468706244933719,0.1193743616171815,totalvi_w128
totalvi_w128,2038.0,calibrated,T doublets,55,110,0.14856400873796696,0.08226330918326025,totalvi_w128
totalvi_w128,2038.0,calibrated,Transitional B,580,110,0.14632666231185282,0.035123642157519896,totalvi_w128
totalvi_w128,2038.0,calibrated,Tregs,115,110,0.16879286334999352,0.1090014305778913,totalvi_w128
totalvi_w128,2038.0,calibrated,cDC1s,62,110,0.32072126143449514,0.26912420618844013,totalvi_w128
totalvi_w128,2038.0,calibrated,cDC2s,65,110,0.28429047656329975,0.27779925274871087,totalvi_w128
totalvi_w128,2038.0,calibrated,pDCs,30,110,0.1370223313252643,0.1636132904001621,totalvi_w128
totalvi_w128,2038.0,log_mean,Activated CD4 T,38,110,0.14023217555584652,0.11613127956985356,totalvi_w128
totalvi_w128,2038.0,log_mean,B doublets,77,110,0.17337358259877017,0.1063956561685855,totalvi_w128
totalvi_w128,2038.0,log_mean,B-CD4 T cell doublets,62,110,0.1496646604402295,0.1442037240398012,totalvi_w128
totalvi_w128,2038.0,log_mean,B-CD8 T cell doublets,50,110,0.12249340460051146,0.0803787660241298,totalvi_w128
totalvi_w128,2038.0,log_mean,B-macrophage doublets,74,110,0.22138978815106772,0.14749805674405697,totalvi_w128
totalvi_w128,2038.0,log_mean,B1 B,162,110,0.1987179777240091,0.10286402871984571,totalvi_w128
totalvi_w128,2038.0,log_mean,CD122+ CD8 T,258,110,0.11850505310741512,0.05894540898717365,totalvi_w128
totalvi_w128,2038.0,log_mean,CD4 T,1077,110,0.08363084177623227,0.02495294950451445,totalvi_w128
totalvi_w128,2038.0,log_mean,CD8 T,680,110,0.08854521185653041,0.03604563572908865,totalvi_w128
totalvi_w128,2038.0,log_mean,Cycling B/T cells,81,110,0.3293584720824229,0.23099807444533643,totalvi_w128
totalvi_w128,2038.0,log_mean,GD T,73,110,0.19969922991363728,0.16994346769431595,totalvi_w128
totalvi_w128,2038.0,log_mean,ICOS-high Tregs,91,110,0.18484614040241606,0.1400951808701021,totalvi_w128
totalvi_w128,2038.0,log_mean,Ifit3-high B,249,110,0.10854304511626874,0.06579479980444894,totalvi_w128
totalvi_w128,2038.0,log_mean,Ifit3-high CD4 T,132,110,0.060260314084509846,0.0327434449570326,totalvi_w128
totalvi_w128,2038.0,log_mean,Ifit3-high CD8 T,100,110,0.09692185444870366,0.06935404470491505,totalvi_w128
totalvi_w128,2038.0,log_mean,Low quality B cells,230,110,0.10031503227699715,0.050063589037792,totalvi_w128
totalvi_w128,2038.0,log_mean,Low quality T cells,67,110,0.09059889100938404,0.0498393204293651,totalvi_w128
totalvi_w128,2038.0,log_mean,Ly6-high mono,77,110,0.26588982346468,0.2337261541940322,totalvi_w128
totalvi_w128,2038.0,log_mean,MZ B,205,110,0.18317016820183882,0.0896644020172503,totalvi_w128
totalvi_w128,2038.0,log_mean,MZ/Marco-high macrophages,36,110,0.2473890730830533,0.255427116862197,totalvi_w128
totalvi_w128,2038.0,log_mean,Mature B,2408,110,0.11952166766828323,0.031619192675889696,totalvi_w128
totalvi_w128,2038.0,log_mean,NK,104,110,0.1967500170926776,0.1778693886752977,totalvi_w128
totalvi_w128,2038.0,log_mean,NKT,117,110,0.28476316907446336,0.2694018568953078,totalvi_w128
totalvi_w128,2038.0,log_mean,Neutrophils,112,110,0.2163661214650105,0.2061972724206798,totalvi_w128
totalvi_w128,2038.0,log_mean,Red-pulp macrophages,35,110,0.10468706244933719,0.1193743616171815,totalvi_w128
totalvi_w128,2038.0,log_mean,T doublets,55,110,0.14856400873796696,0.08226330918326025,totalvi_w128
totalvi_w128,2038.0,log_mean,Transitional B,580,110,0.14632668667109763,0.035123642157519896,totalvi_w128
totalvi_w128,2038.0,log_mean,Tregs,115,110,0.16879286334999352,0.1090014305778913,totalvi_w128
totalvi_w128,2038.0,log_mean,cDC1s,62,110,0.32072126143449514,0.26912420618844013,totalvi_w128
totalvi_w128,2038.0,log_mean,cDC2s,65,110,0.28429047656329975,0.27779925274871087,totalvi_w128
totalvi_w128,2038.0,log_mean,pDCs,30,110,0.1370223313252643,0.1636132904001621,totalvi_w128
totalvi_w128,2038.0,pred_log,Activated CD4 T,38,110,0.08627885964318406,0.0828389880944535,totalvi_w128
totalvi_w128,2038.0,pred_log,B doublets,77,110,0.1481896190167812,0.09655806850996375,totalvi_w128
totalvi_w128,2038.0,pred_log,B-CD4 T cell doublets,62,110,0.1261137307772396,0.09186164815976855,totalvi_w128
totalvi_w128,2038.0,pred_log,B-CD8 T cell doublets,50,110,0.12938291483229633,0.09236725588150796,totalvi_w128
totalvi_w128,2038.0,pred_log,B-macrophage doublets,74,110,0.2099396201533613,0.16052222714780004,totalvi_w128
totalvi_w128,2038.0,pred_log,B1 B,162,110,0.16320304334824032,0.03628338286215965,totalvi_w128
totalvi_w128,2038.0,pred_log,CD122+ CD8 T,258,110,0.09766445999612795,0.0485162719141347,totalvi_w128
totalvi_w128,2038.0,pred_log,CD4 T,1077,110,0.06474879641255167,0.022276544657821598,totalvi_w128
totalvi_w128,2038.0,pred_log,CD8 T,680,110,0.06566607327746876,0.02947389073431685,totalvi_w128
totalvi_w128,2038.0,pred_log,Cycling B/T cells,81,110,0.31561610784072225,0.2466568970732989,totalvi_w128
totalvi_w128,2038.0,pred_log,GD T,73,110,0.19757212781329178,0.1545528169023787,totalvi_w128
totalvi_w128,2038.0,pred_log,ICOS-high Tregs,91,110,0.15566835089619027,0.11097068225242646,totalvi_w128
totalvi_w128,2038.0,pred_log,Ifit3-high B,249,110,0.07988542885855908,0.0493676890142373,totalvi_w128
totalvi_w128,2038.0,pred_log,Ifit3-high CD4 T,132,110,0.045128724767985684,0.01910000905673015,totalvi_w128
totalvi_w128,2038.0,pred_log,Ifit3-high CD8 T,100,110,0.08945637997365173,0.06354733887456801,totalvi_w128
totalvi_w128,2038.0,pred_log,Low quality B cells,230,110,0.06449333538273656,0.0145203868332562,totalvi_w128
totalvi_w128,2038.0,pred_log,Low quality T cells,67,110,0.08941399831169572,0.04391245641668455,totalvi_w128
totalvi_w128,2038.0,pred_log,Ly6-high mono,77,110,0.23728796896846582,0.18034106889984586,totalvi_w128
totalvi_w128,2038.0,pred_log,MZ B,205,110,0.1484011338915001,0.04814762817804935,totalvi_w128
totalvi_w128,2038.0,pred_log,MZ/Marco-high macrophages,36,110,0.2252005851120793,0.23765809999032234,totalvi_w128
totalvi_w128,2038.0,pred_log,Mature B,2408,110,0.0975592918956598,0.01707821559505305,totalvi_w128
totalvi_w128,2038.0,pred_log,NK,104,110,0.18013086218497426,0.15594324219665978,totalvi_w128
totalvi_w128,2038.0,pred_log,NKT,117,110,0.2340212583550392,0.2218194778401122,totalvi_w128
totalvi_w128,2038.0,pred_log,Neutrophils,112,110,0.1937540204668365,0.19108326409456622,totalvi_w128
totalvi_w128,2038.0,pred_log,Red-pulp macrophages,35,110,0.09626312115002703,0.0878452664632675,totalvi_w128
totalvi_w128,2038.0,pred_log,T doublets,55,110,0.14137844615237075,0.08278022409705385,totalvi_w128
totalvi_w128,2038.0,pred_log,Transitional B,580,110,0.13012196259732656,0.0330408240261025,totalvi_w128
totalvi_w128,2038.0,pred_log,Tregs,115,110,0.14397045608895812,0.08277876446690136,totalvi_w128
totalvi_w128,2038.0,pred_log,cDC1s,62,110,0.2772653526608061,0.2498229873184401,totalvi_w128
totalvi_w128,2038.0,pred_log,cDC2s,65,110,0.24686790945897386,0.22865464625972565,totalvi_w128
totalvi_w128,2038.0,pred_log,pDCs,30,110,0.11428503352868226,0.0945313859208893,totalvi_w128
totalvi_w128,2039.0,calibrated,Activated CD4 T,38,110,0.15639435280096103,0.14102186145394696,totalvi_w128
totalvi_w128,2039.0,calibrated,B doublets,77,110,0.149783336762403,0.06717456362882454,totalvi_w128
totalvi_w128,2039.0,calibrated,B-CD4 T cell doublets,62,110,0.17038332234070516,0.1699048688435674,totalvi_w128
totalvi_w128,2039.0,calibrated,B-CD8 T cell doublets,50,110,0.12663188843986017,0.10944968554175924,totalvi_w128
totalvi_w128,2039.0,calibrated,B-macrophage doublets,74,110,0.22895145112794696,0.18155854769501112,totalvi_w128
totalvi_w128,2039.0,calibrated,B1 B,162,110,0.19430153160428018,0.08005007383694734,totalvi_w128
totalvi_w128,2039.0,calibrated,CD122+ CD8 T,258,110,0.12283994141594363,0.06931683374656035,totalvi_w128
totalvi_w128,2039.0,calibrated,CD4 T,1077,110,0.086985769010524,0.0310124423690042,totalvi_w128
totalvi_w128,2039.0,calibrated,CD8 T,680,110,0.08606249953627731,0.03981884173461975,totalvi_w128
totalvi_w128,2039.0,calibrated,Cycling B/T cells,81,110,0.3317786485496301,0.24206740720786807,totalvi_w128
totalvi_w128,2039.0,calibrated,GD T,73,110,0.18709100439550977,0.17510367958422154,totalvi_w128
totalvi_w128,2039.0,calibrated,ICOS-high Tregs,91,110,0.19570964329487966,0.15581480814663864,totalvi_w128
totalvi_w128,2039.0,calibrated,Ifit3-high B,249,110,0.09668247291973173,0.05120602995430315,totalvi_w128
totalvi_w128,2039.0,calibrated,Ifit3-high CD4 T,132,110,0.062230170051025845,0.03371325804182565,totalvi_w128
totalvi_w128,2039.0,calibrated,Ifit3-high CD8 T,100,110,0.11152158763807338,0.0938528532053616,totalvi_w128
totalvi_w128,2039.0,calibrated,Low quality B cells,230,110,0.09604497811622283,0.053534935639940995,totalvi_w128
totalvi_w128,2039.0,calibrated,Low quality T cells,67,110,0.1029403176430118,0.06832019114332955,totalvi_w128
totalvi_w128,2039.0,calibrated,Ly6-high mono,77,110,0.2600744368615623,0.22813647442710866,totalvi_w128
totalvi_w128,2039.0,calibrated,MZ B,205,110,0.1846670925429949,0.09213914134582245,totalvi_w128
totalvi_w128,2039.0,calibrated,MZ/Marco-high macrophages,36,110,0.24596670995811487,0.25848551396424013,totalvi_w128
totalvi_w128,2039.0,calibrated,Mature B,2408,110,0.12088950513125471,0.033784655074384204,totalvi_w128
totalvi_w128,2039.0,calibrated,NK,104,110,0.1960151855972923,0.18148510332339196,totalvi_w128
totalvi_w128,2039.0,calibrated,NKT,117,110,0.3042066320950927,0.286931999856076,totalvi_w128
totalvi_w128,2039.0,calibrated,Neutrophils,112,110,0.19675396301080422,0.18316992953012173,totalvi_w128
totalvi_w128,2039.0,calibrated,Red-pulp macrophages,35,110,0.10299820200819249,0.1047574610763074,totalvi_w128
totalvi_w128,2039.0,calibrated,T doublets,55,110,0.14600645288907585,0.0946197086146386,totalvi_w128
totalvi_w128,2039.0,calibrated,Transitional B,580,110,0.1413635106474672,0.0454973356451881,totalvi_w128
totalvi_w128,2039.0,calibrated,Tregs,115,110,0.16095696280365548,0.10937874813824469,totalvi_w128
totalvi_w128,2039.0,calibrated,cDC1s,62,110,0.30850335083428104,0.2779413310873434,totalvi_w128
totalvi_w128,2039.0,calibrated,cDC2s,65,110,0.28028818618742285,0.27774228728362704,totalvi_w128
totalvi_w128,2039.0,calibrated,pDCs,30,110,0.14153407221143274,0.1562377520580065,totalvi_w128
totalvi_w128,2039.0,log_mean,Activated CD4 T,38,110,0.15639435280096103,0.14102186145394696,totalvi_w128
totalvi_w128,2039.0,log_mean,B doublets,77,110,0.149783336762403,0.06717456362882454,totalvi_w128
totalvi_w128,2039.0,log_mean,B-CD4 T cell doublets,62,110,0.17038332234070516,0.1699048688435674,totalvi_w128
totalvi_w128,2039.0,log_mean,B-CD8 T cell doublets,50,110,0.12663188843986017,0.10944968554175924,totalvi_w128
totalvi_w128,2039.0,log_mean,B-macrophage doublets,74,110,0.22895145112794696,0.18155854769501112,totalvi_w128
totalvi_w128,2039.0,log_mean,B1 B,162,110,0.19430153160428018,0.08005007383694734,totalvi_w128
totalvi_w128,2039.0,log_mean,CD122+ CD8 T,258,110,0.12283994141594363,0.06931683374656035,totalvi_w128
totalvi_w128,2039.0,log_mean,CD4 T,1077,110,0.086985769010524,0.0310124423690042,totalvi_w128
totalvi_w128,2039.0,log_mean,CD8 T,680,110,0.08606249953627731,0.03981884173461975,totalvi_w128
totalvi_w128,2039.0,log_mean,Cycling B/T cells,81,110,0.3317786485496301,0.24206740720786807,totalvi_w128
totalvi_w128,2039.0,log_mean,GD T,73,110,0.18709100439550977,0.17510367958422154,totalvi_w128
totalvi_w128,2039.0,log_mean,ICOS-high Tregs,91,110,0.19570964329487966,0.15581480814663864,totalvi_w128
totalvi_w128,2039.0,log_mean,Ifit3-high B,249,110,0.09668247291973173,0.05120602995430315,totalvi_w128
totalvi_w128,2039.0,log_mean,Ifit3-high CD4 T,132,110,0.062230170051025845,0.03371325804182565,totalvi_w128
totalvi_w128,2039.0,log_mean,Ifit3-high CD8 T,100,110,0.11152158763807338,0.0938528532053616,totalvi_w128
totalvi_w128,2039.0,log_mean,Low quality B cells,230,110,0.09604497811622283,0.053534935639940995,totalvi_w128
totalvi_w128,2039.0,log_mean,Low quality T cells,67,110,0.1029403176430118,0.06832019114332955,totalvi_w128
totalvi_w128,2039.0,log_mean,Ly6-high mono,77,110,0.2600744368615623,0.22813647442710866,totalvi_w128
totalvi_w128,2039.0,log_mean,MZ B,205,110,0.1846670925429949,0.09213914134582245,totalvi_w128
totalvi_w128,2039.0,log_mean,MZ/Marco-high macrophages,36,110,0.24596670995811487,0.25848551396424013,totalvi_w128
totalvi_w128,2039.0,log_mean,Mature B,2408,110,0.12088950513125471,0.033784655074384204,totalvi_w128
totalvi_w128,2039.0,log_mean,NK,104,110,0.1960151855972923,0.18148510332339196,totalvi_w128
totalvi_w128,2039.0,log_mean,NKT,117,110,0.3042066320950927,0.286931999856076,totalvi_w128
totalvi_w128,2039.0,log_mean,Neutrophils,112,110,0.19675396301080422,0.18316992953012173,totalvi_w128
totalvi_w128,2039.0,log_mean,Red-pulp macrophages,35,110,0.10299820200819249,0.1047574610763074,totalvi_w128
totalvi_w128,2039.0,log_mean,T doublets,55,110,0.14600645288907585,0.0946197086146386,totalvi_w128
totalvi_w128,2039.0,log_mean,Transitional B,580,110,0.1413635106474672,0.0454973356451881,totalvi_w128
totalvi_w128,2039.0,log_mean,Tregs,115,110,0.16095696280365548,0.10937874813824469,totalvi_w128
totalvi_w128,2039.0,log_mean,cDC1s,62,110,0.30850335083428104,0.2779413310873434,totalvi_w128
totalvi_w128,2039.0,log_mean,cDC2s,65,110,0.28028818618742285,0.27774228728362704,totalvi_w128
totalvi_w128,2039.0,log_mean,pDCs,30,110,0.14153407221143274,0.1562377520580065,totalvi_w128
totalvi_w128,2039.0,pred_log,Activated CD4 T,38,110,0.10554568025542004,0.0881149974722934,totalvi_w128
totalvi_w128,2039.0,pred_log,B doublets,77,110,0.1440122307036501,0.09470418737607189,totalvi_w128
totalvi_w128,2039.0,pred_log,B-CD4 T cell doublets,62,110,0.1485561168575573,0.1254565709733112,totalvi_w128
totalvi_w128,2039.0,pred_log,B-CD8 T cell doublets,50,110,0.10785793351750989,0.0678065563304665,totalvi_w128
totalvi_w128,2039.0,pred_log,B-macrophage doublets,74,110,0.22385119594974695,0.16058623314692774,totalvi_w128
totalvi_w128,2039.0,pred_log,B1 B,162,110,0.16468361512069904,0.0539470605062074,totalvi_w128
totalvi_w128,2039.0,pred_log,CD122+ CD8 T,258,110,0.10145206818186563,0.0611185733364719,totalvi_w128
totalvi_w128,2039.0,pred_log,CD4 T,1077,110,0.06400524433204689,0.02091071048880675,totalvi_w128
totalvi_w128,2039.0,pred_log,CD8 T,680,110,0.06716270370104287,0.03655624340792245,totalvi_w128
totalvi_w128,2039.0,pred_log,Cycling B/T cells,81,110,0.2964916471756179,0.21359374967643968,totalvi_w128
totalvi_w128,2039.0,pred_log,GD T,73,110,0.15090593376633366,0.11726985293194925,totalvi_w128
totalvi_w128,2039.0,pred_log,ICOS-high Tregs,91,110,0.1723873902544477,0.14225142788056822,totalvi_w128
totalvi_w128,2039.0,pred_log,Ifit3-high B,249,110,0.07100850201792518,0.03687215183500355,totalvi_w128
totalvi_w128,2039.0,pred_log,Ifit3-high CD4 T,132,110,0.047936563620884984,0.0317181312290878,totalvi_w128
totalvi_w128,2039.0,pred_log,Ifit3-high CD8 T,100,110,0.07729605663302494,0.0611828277623417,totalvi_w128
totalvi_w128,2039.0,pred_log,Low quality B cells,230,110,0.08954910615949932,0.0433782196900271,totalvi_w128
totalvi_w128,2039.0,pred_log,Low quality T cells,67,110,0.08306518179941874,0.0704498974742763,totalvi_w128
totalvi_w128,2039.0,pred_log,Ly6-high mono,77,110,0.22371824795465634,0.18348373847766847,totalvi_w128
totalvi_w128,2039.0,pred_log,MZ B,205,110,0.15393596169815524,0.057767852598697295,totalvi_w128
totalvi_w128,2039.0,pred_log,MZ/Marco-high macrophages,36,110,0.22013033910349256,0.23567640212719881,totalvi_w128
totalvi_w128,2039.0,pred_log,Mature B,2408,110,0.09554002850267021,0.01817092332424195,totalvi_w128
totalvi_w128,2039.0,pred_log,NK,104,110,0.16998254297560425,0.14722871760532405,totalvi_w128
totalvi_w128,2039.0,pred_log,NKT,117,110,0.2528999847145145,0.2096164791350677,totalvi_w128
totalvi_w128,2039.0,pred_log,Neutrophils,112,110,0.16876563331375508,0.16744500233345855,totalvi_w128
totalvi_w128,2039.0,pred_log,Red-pulp macrophages,35,110,0.10014671079716188,0.12806285207892232,totalvi_w128
totalvi_w128,2039.0,pred_log,T doublets,55,110,0.1431187139284759,0.11761239844185095,totalvi_w128
totalvi_w128,2039.0,pred_log,Transitional B,580,110,0.12701387675972173,0.01747198947657985,totalvi_w128
totalvi_w128,2039.0,pred_log,Tregs,115,110,0.12856226124091463,0.05888576465262415,totalvi_w128
totalvi_w128,2039.0,pred_log,cDC1s,62,110,0.2867132013069148,0.24944133926158144,totalvi_w128
totalvi_w128,2039.0,pred_log,cDC2s,65,110,0.24449833937938215,0.2256704718670833,totalvi_w128
totalvi_w128,2039.0,pred_log,pDCs,30,110,0.11147290297572146,0.1217365421754822,totalvi_w128
totalvi_w128,2040.0,calibrated,Activated CD4 T,38,110,0.13285905089880695,0.1054172182529646,totalvi_w128
totalvi_w128,2040.0,calibrated,B doublets,77,110,0.16133316232416045,0.0981163356965368,totalvi_w128
totalvi_w128,2040.0,calibrated,B-CD4 T cell doublets,62,110,0.17499925323606869,0.13961679346291683,totalvi_w128
totalvi_w128,2040.0,calibrated,B-CD8 T cell doublets,50,110,0.09779368901341642,0.05767924225563775,totalvi_w128
totalvi_w128,2040.0,calibrated,B-macrophage doublets,74,110,0.219010446379932,0.17090118508179775,totalvi_w128
totalvi_w128,2040.0,calibrated,B1 B,162,110,0.20984493161806658,0.1045790494375321,totalvi_w128
totalvi_w128,2040.0,calibrated,CD122+ CD8 T,258,110,0.11931911324394737,0.06287635773277175,totalvi_w128
totalvi_w128,2040.0,calibrated,CD4 T,1077,110,0.08732446181594539,0.0322778585503581,totalvi_w128
totalvi_w128,2040.0,calibrated,CD8 T,680,110,0.08065564058894491,0.03864603446603125,totalvi_w128
totalvi_w128,2040.0,calibrated,Cycling B/T cells,81,110,0.32638295682362733,0.2263257687754984,totalvi_w128
totalvi_w128,2040.0,calibrated,GD T,73,110,0.1872419432350549,0.16251369079544387,totalvi_w128
totalvi_w128,2040.0,calibrated,ICOS-high Tregs,91,110,0.18130791809148683,0.12738213140575738,totalvi_w128
totalvi_w128,2040.0,calibrated,Ifit3-high B,249,110,0.10199358853029279,0.0492089745282392,totalvi_w128
totalvi_w128,2040.0,calibrated,Ifit3-high CD4 T,132,110,0.05893370622705493,0.03844070296284075,totalvi_w128
totalvi_w128,2040.0,calibrated,Ifit3-high CD8 T,100,110,0.13000026344053076,0.1082839895319557,totalvi_w128
totalvi_w128,2040.0,calibrated,Low quality B cells,230,110,0.099762910669662,0.0536047167654639,totalvi_w128
totalvi_w128,2040.0,calibrated,Low quality T cells,67,110,0.09613326729626494,0.060129549097820104,totalvi_w128
totalvi_w128,2040.0,calibrated,Ly6-high mono,77,110,0.2235349005280936,0.16614243700537426,totalvi_w128
totalvi_w128,2040.0,calibrated,MZ B,205,110,0.17673744144538564,0.08173716958280625,totalvi_w128
totalvi_w128,2040.0,calibrated,MZ/Marco-high macrophages,36,110,0.22722395982445817,0.21105789350273574,totalvi_w128
totalvi_w128,2040.0,calibrated,Mature B,2408,110,0.1239741918096967,0.03817533375849045,totalvi_w128
totalvi_w128,2040.0,calibrated,NK,104,110,0.21575896705023764,0.18846825524371036,totalvi_w128
totalvi_w128,2040.0,calibrated,NKT,117,110,0.2828703783690959,0.2293160247928156,totalvi_w128
totalvi_w128,2040.0,calibrated,Neutrophils,112,110,0.20081559203817007,0.1797760076330499,totalvi_w128
totalvi_w128,2040.0,calibrated,Red-pulp macrophages,35,110,0.0659214388643902,0.08164838847811534,totalvi_w128
totalvi_w128,2040.0,calibrated,T doublets,55,110,0.1619387275504328,0.13587788141937815,totalvi_w128
totalvi_w128,2040.0,calibrated,Transitional B,580,110,0.1442405719871878,0.040263331576208844,totalvi_w128
totalvi_w128,2040.0,calibrated,Tregs,115,110,0.1557780901194714,0.10226495999979175,totalvi_w128
totalvi_w128,2040.0,calibrated,cDC1s,62,110,0.2794436539944454,0.2646466699860066,totalvi_w128
totalvi_w128,2040.0,calibrated,cDC2s,65,110,0.29307416269140046,0.264290193758531,totalvi_w128
totalvi_w128,2040.0,calibrated,pDCs,30,110,0.10515288583526981,0.11556449451281894,totalvi_w128
totalvi_w128,2040.0,log_mean,Activated CD4 T,38,110,0.13285905089880695,0.1054172182529646,totalvi_w128
totalvi_w128,2040.0,log_mean,B doublets,77,110,0.16133316232416045,0.0981163356965368,totalvi_w128
totalvi_w128,2040.0,log_mean,B-CD4 T cell doublets,62,110,0.17499925323606869,0.13961679346291683,totalvi_w128
totalvi_w128,2040.0,log_mean,B-CD8 T cell doublets,50,110,0.09779368901341642,0.05767924225563775,totalvi_w128
totalvi_w128,2040.0,log_mean,B-macrophage doublets,74,110,0.219010446379932,0.17090118508179775,totalvi_w128
totalvi_w128,2040.0,log_mean,B1 B,162,110,0.20984493161806658,0.1045790494375321,totalvi_w128
totalvi_w128,2040.0,log_mean,CD122+ CD8 T,258,110,0.11931911324394737,0.06287635773277175,totalvi_w128
totalvi_w128,2040.0,log_mean,CD4 T,1077,110,0.08732446181594539,0.0322778585503581,totalvi_w128
totalvi_w128,2040.0,log_mean,CD8 T,680,110,0.08065564058894491,0.03864603446603125,totalvi_w128
totalvi_w128,2040.0,log_mean,Cycling B/T cells,81,110,0.32638295682362733,0.2263257687754984,totalvi_w128
totalvi_w128,2040.0,log_mean,GD T,73,110,0.1872419432350549,0.16251369079544387,totalvi_w128
totalvi_w128,2040.0,log_mean,ICOS-high Tregs,91,110,0.18130791809148683,0.12738213140575738,totalvi_w128
totalvi_w128,2040.0,log_mean,Ifit3-high B,249,110,0.10199358853029279,0.0492089745282392,totalvi_w128
totalvi_w128,2040.0,log_mean,Ifit3-high CD4 T,132,110,0.05893370622705493,0.03844070296284075,totalvi_w128
totalvi_w128,2040.0,log_mean,Ifit3-high CD8 T,100,110,0.13000026344053076,0.1082839895319557,totalvi_w128
totalvi_w128,2040.0,log_mean,Low quality B cells,230,110,0.099762910669662,0.0536047167654639,totalvi_w128
totalvi_w128,2040.0,log_mean,Low quality T cells,67,110,0.09613326729626494,0.060129549097820104,totalvi_w128
totalvi_w128,2040.0,log_mean,Ly6-high mono,77,110,0.2235349005280936,0.16614243700537426,totalvi_w128
totalvi_w128,2040.0,log_mean,MZ B,205,110,0.17673744144538564,0.08173716958280625,totalvi_w128
totalvi_w128,2040.0,log_mean,MZ/Marco-high macrophages,36,110,0.22722395982445817,0.21105789350273574,totalvi_w128
totalvi_w128,2040.0,log_mean,Mature B,2408,110,0.1239741918096967,0.03817533375849045,totalvi_w128
totalvi_w128,2040.0,log_mean,NK,104,110,0.21575896705023764,0.18846825524371036,totalvi_w128
totalvi_w128,2040.0,log_mean,NKT,117,110,0.2828703783690959,0.2293160247928156,totalvi_w128
totalvi_w128,2040.0,log_mean,Neutrophils,112,110,0.20081559203817007,0.1797760076330499,totalvi_w128
totalvi_w128,2040.0,log_mean,Red-pulp macrophages,35,110,0.0659214388643902,0.08164838847811534,totalvi_w128
totalvi_w128,2040.0,log_mean,T doublets,55,110,0.1619387275504328,0.13587788141937815,totalvi_w128
totalvi_w128,2040.0,log_mean,Transitional B,580,110,0.1442405719871878,0.040263331576208844,totalvi_w128
totalvi_w128,2040.0,log_mean,Tregs,115,110,0.1557780901194714,0.10226495999979175,totalvi_w128
totalvi_w128,2040.0,log_mean,cDC1s,62,110,0.2794436539944454,0.2646466699860066,totalvi_w128
totalvi_w128,2040.0,log_mean,cDC2s,65,110,0.29307416269140046,0.264290193758531,totalvi_w128
totalvi_w128,2040.0,log_mean,pDCs,30,110,0.10515288583526981,0.11556449451281894,totalvi_w128
totalvi_w128,2040.0,pred_log,Activated CD4 T,38,110,0.08741584299705636,0.07934232152489845,totalvi_w128
totalvi_w128,2040.0,pred_log,B doublets,77,110,0.14398324728876946,0.08516176332727915,totalvi_w128
totalvi_w128,2040.0,pred_log,B-CD4 T cell doublets,62,110,0.14712581404771166,0.12287307491035275,totalvi_w128
totalvi_w128,2040.0,pred_log,B-CD8 T cell doublets,50,110,0.09197385912664419,0.07340466124741285,totalvi_w128
totalvi_w128,2040.0,pred_log,B-macrophage doublets,74,110,0.20883620936432196,0.15985799502409404,totalvi_w128
totalvi_w128,2040.0,pred_log,B1 B,162,110,0.1747138917558129,0.06856343328406225,totalvi_w128
totalvi_w128,2040.0,pred_log,CD122+ CD8 T,258,110,0.096025665735053,0.040040964619671604,totalvi_w128
totalvi_w128,2040.0,pred_log,CD4 T,1077,110,0.06453212082140584,0.020178538759449652,totalvi_w128
totalvi_w128,2040.0,pred_log,CD8 T,680,110,0.06813429072410808,0.0312490598947734,totalvi_w128
totalvi_w128,2040.0,pred_log,Cycling B/T cells,81,110,0.304375210834205,0.21442770771344527,totalvi_w128
totalvi_w128,2040.0,pred_log,GD T,73,110,0.15546503843936624,0.12892085439616519,totalvi_w128
totalvi_w128,2040.0,pred_log,ICOS-high Tregs,91,110,0.18382013326422775,0.151449435684388,totalvi_w128
totalvi_w128,2040.0,pred_log,Ifit3-high B,249,110,0.0791295510840586,0.032733216465948095,totalvi_w128
totalvi_w128,2040.0,pred_log,Ifit3-high CD4 T,132,110,0.05872968004092597,0.048140180635039304,totalvi_w128
totalvi_w128,2040.0,pred_log,Ifit3-high CD8 T,100,110,0.09677171356140439,0.06721122909425085,totalvi_w128
totalvi_w128,2040.0,pred_log,Low quality B cells,230,110,0.08042241830718017,0.05009033758038785,totalvi_w128
totalvi_w128,2040.0,pred_log,Low quality T cells,67,110,0.07915915140366075,0.0463214493791963,totalvi_w128
totalvi_w128,2040.0,pred_log,Ly6-high mono,77,110,0.2030766910526027,0.15291527097401764,totalvi_w128
totalvi_w128,2040.0,pred_log,MZ B,205,110,0.15416038941343127,0.07380522936795755,totalvi_w128
totalvi_w128,2040.0,pred_log,MZ/Marco-high macrophages,36,110,0.2231298350240346,0.21803160951855471,totalvi_w128
totalvi_w128,2040.0,pred_log,Mature B,2408,110,0.09559468144621967,0.01572428222799695,totalvi_w128
totalvi_w128,2040.0,pred_log,NK,104,110,0.19207205204488795,0.1728865603059892,totalvi_w128
totalvi_w128,2040.0,pred_log,NKT,117,110,0.23638774855355668,0.1872765716815644,totalvi_w128
totalvi_w128,2040.0,pred_log,Neutrophils,112,110,0.1813440455570958,0.16933963069659475,totalvi_w128
totalvi_w128,2040.0,pred_log,Red-pulp macrophages,35,110,0.05291974003593932,0.06323090772417936,totalvi_w128
totalvi_w128,2040.0,pred_log,T doublets,55,110,0.14177629666727395,0.1073375521368205,totalvi_w128
totalvi_w128,2040.0,pred_log,Transitional B,580,110,0.12081678459321579,0.02245901134629375,totalvi_w128
totalvi_w128,2040.0,pred_log,Tregs,115,110,0.11497627651220527,0.03932280888052875,totalvi_w128
totalvi_w128,2040.0,pred_log,cDC1s,62,110,0.26294705103758903,0.2577656900004214,totalvi_w128
totalvi_w128,2040.0,pred_log,cDC2s,65,110,0.26059351771941813,0.2497358690280456,totalvi_w128
totalvi_w128,2040.0,pred_log,pDCs,30,110,0.09890904244155203,0.1267797159525817,totalvi_w128
totalvi_w128,2041.0,calibrated,Activated CD4 T,38,110,0.1310944785926453,0.10841981828943355,totalvi_w128
totalvi_w128,2041.0,calibrated,B doublets,77,110,0.16742082687074397,0.1038682367155491,totalvi_w128
totalvi_w128,2041.0,calibrated,B-CD4 T cell doublets,62,110,0.16921517441829292,0.16012031715059244,totalvi_w128
totalvi_w128,2041.0,calibrated,B-CD8 T cell doublets,50,110,0.09204974210527776,0.0505831627364157,totalvi_w128
totalvi_w128,2041.0,calibrated,B-macrophage doublets,74,110,0.20837592617177209,0.154150840876668,totalvi_w128
totalvi_w128,2041.0,calibrated,B1 B,162,110,0.17999689253017734,0.06696663576130521,totalvi_w128
totalvi_w128,2041.0,calibrated,CD122+ CD8 T,258,110,0.1173002447522921,0.059289656570402846,totalvi_w128
totalvi_w128,2041.0,calibrated,CD4 T,1077,110,0.08602808341921439,0.0264278282613707,totalvi_w128
totalvi_w128,2041.0,calibrated,CD8 T,680,110,0.0804710298288497,0.0345371697847728,totalvi_w128
totalvi_w128,2041.0,calibrated,Cycling B/T cells,81,110,0.3147486911870964,0.2563137690626722,totalvi_w128
totalvi_w128,2041.0,calibrated,GD T,73,110,0.18505107779998847,0.1696483640356534,totalvi_w128
totalvi_w128,2041.0,calibrated,ICOS-high Tregs,91,110,0.18451516272161922,0.1286702998665234,totalvi_w128
totalvi_w128,2041.0,calibrated,Ifit3-high B,249,110,0.09598525131941939,0.046849235750549806,totalvi_w128
totalvi_w128,2041.0,calibrated,Ifit3-high CD4 T,132,110,0.04909335464056809,0.023502096809527848,totalvi_w128
totalvi_w128,2041.0,calibrated,Ifit3-high CD8 T,100,110,0.10683010342537715,0.08458418220725755,totalvi_w128
totalvi_w128,2041.0,calibrated,Low quality B cells,230,110,0.1069387676897036,0.0543465165734957,totalvi_w128
totalvi_w128,2041.0,calibrated,Low quality T cells,67,110,0.09533123776759449,0.05360326146005655,totalvi_w128
totalvi_w128,2041.0,calibrated,Ly6-high mono,77,110,0.27370436187449804,0.2613028992818184,totalvi_w128
totalvi_w128,2041.0,calibrated,MZ B,205,110,0.17482338089581623,0.0818782765163779,totalvi_w128
totalvi_w128,2041.0,calibrated,MZ/Marco-high macrophages,36,110,0.23510332027577138,0.2475335691111359,totalvi_w128
totalvi_w128,2041.0,calibrated,Mature B,2408,110,0.12038452808180398,0.033914147452288296,totalvi_w128
totalvi_w128,2041.0,calibrated,NK,104,110,0.22096647033511396,0.2157351599093173,totalvi_w128
totalvi_w128,2041.0,calibrated,NKT,117,110,0.29944757212446893,0.28700307880966525,totalvi_w128
totalvi_w128,2041.0,calibrated,Neutrophils,112,110,0.21361388743012094,0.1880466924570094,totalvi_w128
totalvi_w128,2041.0,calibrated,Red-pulp macrophages,35,110,0.026044396748198046,0.0413840953662703,totalvi_w128
totalvi_w128,2041.0,calibrated,T doublets,55,110,0.15290128667678834,0.10000178007461674,totalvi_w128
totalvi_w128,2041.0,calibrated,Transitional B,580,110,0.1440176470362021,0.0421808416567552,totalvi_w128
totalvi_w128,2041.0,calibrated,Tregs,115,110,0.16134548332379264,0.0963762767423325,totalvi_w128
totalvi_w128,2041.0,calibrated,cDC1s,62,110,0.30131251327547903,0.2801115688280168,totalvi_w128
totalvi_w128,2041.0,calibrated,cDC2s,65,110,0.27699778674129194,0.26573412549966957,totalvi_w128
totalvi_w128,2041.0,calibrated,pDCs,30,110,0.13988562899478885,0.13812276044660585,totalvi_w128
totalvi_w128,2041.0,log_mean,Activated CD4 T,38,110,0.1310944785926453,0.10841981828943355,totalvi_w128
totalvi_w128,2041.0,log_mean,B doublets,77,110,0.16742082687074397,0.1038682367155491,totalvi_w128
totalvi_w128,2041.0,log_mean,B-CD4 T cell doublets,62,110,0.16921517441829292,0.16012031715059244,totalvi_w128
totalvi_w128,2041.0,log_mean,B-CD8 T cell doublets,50,110,0.09204974210527776,0.0505831627364157,totalvi_w128
totalvi_w128,2041.0,log_mean,B-macrophage doublets,74,110,0.20837592617177209,0.154150840876668,totalvi_w128
totalvi_w128,2041.0,log_mean,B1 B,162,110,0.17999689253017734,0.06696663576130521,totalvi_w128
totalvi_w128,2041.0,log_mean,CD122+ CD8 T,258,110,0.1173002447522921,0.059289656570402846,totalvi_w128
totalvi_w128,2041.0,log_mean,CD4 T,1077,110,0.08602808341921439,0.0264278282613707,totalvi_w128
totalvi_w128,2041.0,log_mean,CD8 T,680,110,0.0804710298288497,0.0345371697847728,totalvi_w128
totalvi_w128,2041.0,log_mean,Cycling B/T cells,81,110,0.3147486911870964,0.2563137690626722,totalvi_w128
totalvi_w128,2041.0,log_mean,GD T,73,110,0.18505107779998847,0.1696483640356534,totalvi_w128
totalvi_w128,2041.0,log_mean,ICOS-high Tregs,91,110,0.18451516272161922,0.1286702998665234,totalvi_w128
totalvi_w128,2041.0,log_mean,Ifit3-high B,249,110,0.09598525131941939,0.046849235750549806,totalvi_w128
totalvi_w128,2041.0,log_mean,Ifit3-high CD4 T,132,110,0.04909335464056809,0.023502096809527848,totalvi_w128
totalvi_w128,2041.0,log_mean,Ifit3-high CD8 T,100,110,0.10683010342537715,0.08458418220725755,totalvi_w128
totalvi_w128,2041.0,log_mean,Low quality B cells,230,110,0.1069387676897036,0.0543465165734957,totalvi_w128
totalvi_w128,2041.0,log_mean,Low quality T cells,67,110,0.09533123776759449,0.05360326146005655,totalvi_w128
totalvi_w128,2041.0,log_mean,Ly6-high mono,77,110,0.27370436187449804,0.2613028992818184,totalvi_w128
totalvi_w128,2041.0,log_mean,MZ B,205,110,0.17482338089581623,0.0818782765163779,totalvi_w128
totalvi_w128,2041.0,log_mean,MZ/Marco-high macrophages,36,110,0.23510332027577138,0.2475335691111359,totalvi_w128
totalvi_w128,2041.0,log_mean,Mature B,2408,110,0.12038452808180398,0.033914147452288296,totalvi_w128
totalvi_w128,2041.0,log_mean,NK,104,110,0.22096647033511396,0.2157351599093173,totalvi_w128
totalvi_w128,2041.0,log_mean,NKT,117,110,0.29944757212446893,0.28700307880966525,totalvi_w128
totalvi_w128,2041.0,log_mean,Neutrophils,112,110,0.21361388743012094,0.1880466924570094,totalvi_w128
totalvi_w128,2041.0,log_mean,Red-pulp macrophages,35,110,0.026044396748198046,0.0413840953662703,totalvi_w128
totalvi_w128,2041.0,log_mean,T doublets,55,110,0.15290128667678834,0.10000178007461674,totalvi_w128
totalvi_w128,2041.0,log_mean,Transitional B,580,110,0.1440176470362021,0.0421808416567552,totalvi_w128
totalvi_w128,2041.0,log_mean,Tregs,115,110,0.16134548332379264,0.0963762767423325,totalvi_w128
totalvi_w128,2041.0,log_mean,cDC1s,62,110,0.30131251327547903,0.2801115688280168,totalvi_w128
totalvi_w128,2041.0,log_mean,cDC2s,65,110,0.27699778674129194,0.26573412549966957,totalvi_w128
totalvi_w128,2041.0,log_mean,pDCs,30,110,0.13988562899478885,0.13812276044660585,totalvi_w128
totalvi_w128,2041.0,pred_log,Activated CD4 T,38,110,0.0781601986331873,0.07696144783117145,totalvi_w128
totalvi_w128,2041.0,pred_log,B doublets,77,110,0.14328270029940277,0.08859475877542086,totalvi_w128
totalvi_w128,2041.0,pred_log,B-CD4 T cell doublets,62,110,0.13598755446966151,0.12161086986242095,totalvi_w128
totalvi_w128,2041.0,pred_log,B-CD8 T cell doublets,50,110,0.09675645455282579,0.05855476212915335,totalvi_w128
totalvi_w128,2041.0,pred_log,B-macrophage doublets,74,110,0.21401868046267133,0.18054690554754022,totalvi_w128
totalvi_w128,2041.0,pred_log,B1 B,162,110,0.16367078271561075,0.0580212498312349,totalvi_w128
totalvi_w128,2041.0,pred_log,CD122+ CD8 T,258,110,0.09758998552827766,0.038529513571964796,totalvi_w128
totalvi_w128,2041.0,pred_log,CD4 T,1077,110,0.06941924436679835,0.018968728596696703,totalvi_w128
totalvi_w128,2041.0,pred_log,CD8 T,680,110,0.06077326491062953,0.02641841600261845,totalvi_w128
totalvi_w128,2041.0,pred_log,Cycling B/T cells,81,110,0.32774222785157897,0.22932711269629114,totalvi_w128
totalvi_w128,2041.0,pred_log,GD T,73,110,0.15682935857220803,0.10976853841199115,totalvi_w128
totalvi_w128,2041.0,pred_log,ICOS-high Tregs,91,110,0.15540559678824123,0.12135361928692455,totalvi_w128
totalvi_w128,2041.0,pred_log,Ifit3-high B,249,110,0.06995811695007546,0.02740033609232255,totalvi_w128
totalvi_w128,2041.0,pred_log,Ifit3-high CD4 T,132,110,0.047777766682329,0.03797138620875255,totalvi_w128
totalvi_w128,2041.0,pred_log,Ifit3-high CD8 T,100,110,0.08218229799429612,0.06793020102329195,totalvi_w128
totalvi_w128,2041.0,pred_log,Low quality B cells,230,110,0.09132358582825305,0.03056532743488745,totalvi_w128
totalvi_w128,2041.0,pred_log,Low quality T cells,67,110,0.08690915853967406,0.0497534042324269,totalvi_w128
totalvi_w128,2041.0,pred_log,Ly6-high mono,77,110,0.24553188755011593,0.19464665545670695,totalvi_w128
totalvi_w128,2041.0,pred_log,MZ B,205,110,0.1441165418341193,0.047897282618953,totalvi_w128
totalvi_w128,2041.0,pred_log,MZ/Marco-high macrophages,36,110,0.2286746077108265,0.24129356719145856,totalvi_w128
totalvi_w128,2041.0,pred_log,Mature B,2408,110,0.09745981193091671,0.02290961771436615,totalvi_w128
totalvi_w128,2041.0,pred_log,NK,104,110,0.18104387553615134,0.15979555186765004,totalvi_w128
totalvi_w128,2041.0,pred_log,NKT,117,110,0.23712398694259895,0.18121186954584925,totalvi_w128
totalvi_w128,2041.0,pred_log,Neutrophils,112,110,0.19658590632242587,0.19023394879537064,totalvi_w128
totalvi_w128,2041.0,pred_log,Red-pulp macrophages,35,110,0.059912795850973956,0.0404327813459069,totalvi_w128
totalvi_w128,2041.0,pred_log,T doublets,55,110,0.1272449819469882,0.10524021709943125,totalvi_w128
totalvi_w128,2041.0,pred_log,Transitional B,580,110,0.12634211670420734,0.01091442076047085,totalvi_w128
totalvi_w128,2041.0,pred_log,Tregs,115,110,0.1361968775688835,0.09647381545907585,totalvi_w128
totalvi_w128,2041.0,pred_log,cDC1s,62,110,0.2672406215135003,0.2471828469836618,totalvi_w128
totalvi_w128,2041.0,pred_log,cDC2s,65,110,0.24329316406317084,0.2238492829654283,totalvi_w128
totalvi_w128,2041.0,pred_log,pDCs,30,110,0.10086654066889986,0.09332256349299939,totalvi_w128
