arm,seed,readout,protein,rmsle,bias,residual_sd,spearman,pearson,model
rna_ridge,,ridge,ADT_4-1BBLigand(CD137L)_A0890,0.5323647240030239,0.012246219313897005,0.5322238527868993,0.03929699805780503,0.067628113869426,rna_ridge
rna_ridge,,ridge,ADT_CD105_A0812,0.5414316328586325,0.0017099968424591798,0.54142893252094,0.10844345726689805,0.14692962479488533,rna_ridge
rna_ridge,,ridge,ADT_CD107a(LAMP-1)_A0905,0.561536832716161,0.02429847223700076,0.5610108722153657,0.17339083977101333,0.2579511434691954,rna_ridge
rna_ridge,,ridge,ADT_CD11b_A0014,0.6685070826293875,0.05267225791985061,0.6664288054783342,0.2697142078887288,0.7162991032007735,rna_ridge
rna_ridge,,ridge,ADT_CD120b(TNFRTypeII-p75)_A0893,0.5338525622023024,0.10212703826777772,0.5239929639075448,0.210846083220412,0.33697291143205005,rna_ridge
rna_ridge,,ridge,ADT_CD124(IL-4Ra)_A0916,0.5087448523764397,0.0749749780925414,0.5031899020047491,0.25805422392204075,0.2524995910886213,rna_ridge
rna_ridge,,ridge,ADT_CD138(Syndecan-1)_A0810,0.5636820629575864,0.032533954349019865,0.562742401027802,0.24795272443411612,0.2967993399707992,rna_ridge
rna_ridge,,ridge,ADT_CD152_A0388,0.34078483773621066,-0.05640215779437504,0.33608496281005135,0.0699733159936249,0.08341553820905455,rna_ridge
rna_ridge,,ridge,ADT_CD155(PVR)_A1011,0.5737137906696055,0.0018359715416532822,0.5737108529677543,0.5402282048411927,0.5473562764977051,rna_ridge
rna_ridge,,ridge,ADT_CD159a(NKG2AB6)_A0927,0.5373152680798183,-0.00192344146514014,0.537311825372024,0.051019435728497264,0.14443426920578498,rna_ridge
rna_ridge,,ridge,ADT_CD160_A1006,0.5387485500722567,-0.07789081391101471,0.5330881928098187,0.03151798365890741,0.03524257245162628,rna_ridge
rna_ridge,,ridge,ADT_CD163_A0417,0.5675185259996283,0.04902424508092421,0.5653971177385282,0.04917781385519559,0.26929006532975197,rna_ridge
rna_ridge,,ridge,ADT_CD170(Singlec-F)_A0431,0.5123741223206772,-0.01762091667203512,0.51207103464219,0.018672349935850256,0.04772511335784548,rna_ridge
rna_ridge,,ridge,ADT_CD178(FasL)_A1012,0.5478310066421426,-0.10912623891826018,0.5368521917791678,0.03852527794422808,0.036034447496792923,rna_ridge
rna_ridge,,ridge,ADT_CD182(CXCR2)_A0909,0.34082928517758015,-0.0276147734546509,0.3397087368933985,0.0865191225620707,0.20441416731786802,rna_ridge
rna_ridge,,ridge,ADT_CD185(CXCR5)_A0846,0.4755019599929271,0.09040423247124964,0.46682886447648003,0.4902280924693132,0.49654038026987685,rna_ridge
rna_ridge,,ridge,ADT_CD186(CXCR6)_A0926,0.5483910617388229,0.06417431272256784,0.5446231854976603,0.062017372085342456,0.10338642633230771,rna_ridge
rna_ridge,,ridge,ADT_CD193(CCR3)_A0808,0.4678921802570338,0.03835385007443311,0.4663175683267243,0.13173717748879213,0.2239838185596206,rna_ridge
rna_ridge,,ridge,ADT_CD194(CCR4)_A0833,0.5738706364569452,-0.1310099663998128,0.5587162930248408,0.07992499239250916,0.07957601237361236,rna_ridge
rna_ridge,,ridge,ADT_CD198(CCR8)_A0907,0.586745186417815,-0.11903170529401859,0.5745444864579885,0.0919398130862131,0.12336441276303198,rna_ridge
rna_ridge,,ridge,ADT_CD199(CCR9)_A0854,0.6447056632870725,0.3265895304341131,0.5558638960080583,0.25593224842074924,0.348371324887483,rna_ridge
rna_ridge,,ridge,ADT_CD1d(CD1.1_Ly-38)_A0851,0.577823496686702,0.13271530893982775,0.5623758886156607,0.6548989229544143,0.6782140420279608,rna_ridge
rna_ridge,,ridge,ADT_CD2_A0892,0.4628848335715697,-0.16152756948854205,0.4337870600256573,0.6252505598906571,0.7614020389108371,rna_ridge
rna_ridge,,ridge,ADT_CD200R(OX2R)_A0807,0.43512088285517464,0.004961652186096949,0.43509259325372424,0.08663850359879385,0.12541705109607879,rna_ridge
rna_ridge,,ridge,ADT_CD200R3_A0809,0.5315720374808036,-0.039121962141628004,0.530130458575699,0.02365374357869922,0.022352314752201664,rna_ridge
rna_ridge,,ridge,ADT_CD207(Langerin)_A0437,0.4934206646755134,0.15045153090145905,0.4699237056993746,0.02702186546231821,0.048513881987644676,rna_ridge
rna_ridge,,ridge,ADT_CD22_A0827,0.5651210492683799,-0.09797026584533615,0.5565641268860098,0.6321236013866932,0.6614051916731903,rna_ridge
rna_ridge,,ridge,ADT_CD226(DNAM-1)_A0852,0.5802254424644645,-0.053500246703571085,0.57775365657496,0.6944376846253293,0.7456312532675985,rna_ridge
rna_ridge,,ridge,ADT_CD252(OX40Ligand)_A0924,0.5629905763465797,-0.1236775541357187,0.5492378825773586,0.01622180745180223,0.026021867613007028,rna_ridge
rna_ridge,,ridge,ADT_CD253(TRAIL)_A0925,0.533997140665952,-0.052469151354676904,0.5314131484970355,0.008631601262589678,0.015665725683358715,rna_ridge
rna_ridge,,ridge,ADT_CD26(DPP-4)_A0883,0.3240002215977624,0.04404493093508657,0.320992504046936,0.48435886143897466,0.511955703601132,rna_ridge
rna_ridge,,ridge,ADT_CD27_A0191,0.5674107774433534,0.10314399908460367,0.5579572616354276,0.7327820338657264,0.8542873900620446,rna_ridge
rna_ridge,,ridge,ADT_CD270(HVEM)_A0885,0.5065690941195419,0.09364951143073659,0.4978373390233778,0.7129112570419667,0.7081207386492441,rna_ridge
rna_ridge,,ridge,ADT_CD272(BTLA)_A0881,0.4695849183540913,0.017143725468106837,0.46927187026572675,0.619843290454833,0.6126628549822852,rna_ridge
rna_ridge,,ridge,ADT_CD273(B7-DC_PD-L2)_A0914,0.5541881713349476,0.004832464460761572,0.5541671016352451,0.03700450909793335,0.1391772180582698,rna_ridge
rna_ridge,,ridge,ADT_CD278(ICOS)_A0847,0.47595375767368747,-0.0023615330592369923,0.4759478990449617,0.07648325608484462,0.13425712622433197,rna_ridge
rna_ridge,,ridge,ADT_CD3_A0182,0.5687284361819716,0.029069886050438833,0.5679850137521283,0.5304362538055033,0.5723657500692216,rna_ridge
rna_ridge,,ridge,ADT_CD300c-d_A0876,0.527557799282844,-0.019787650051599125,0.527186570854753,0.03457076316334267,0.03531666234745699,rna_ridge
rna_ridge,,ridge,ADT_CD309(VEGFR2_Flk-1)_A0554,0.6616495626686626,0.39769714825937014,0.5287883527896596,0.026660896412370513,0.034029006574310974,rna_ridge
rna_ridge,,ridge,ADT_CD309(VEGFR2_Flk-1)_A0553,0.571213396664833,0.44807389127527203,0.354280302143375,0.00831046318499354,0.019702997329910373,rna_ridge
rna_ridge,,ridge,ADT_CD31_A0904,0.4285877059593414,0.008913500653840343,0.4284950072119678,0.4749038261031477,0.5233866173168762,rna_ridge
rna_ridge,,ridge,ADT_CD314(NKG2D)_A0835,0.5403035154869646,0.08205425116081053,0.5340365050387571,0.11142292776216466,0.13767917629045556,rna_ridge
rna_ridge,,ridge,ADT_CD317(BST2_PDCA-1)_A0811,0.5406532655709387,0.03609600247308726,0.5394469688282465,0.09681992664668049,0.24617355493425444,rna_ridge
rna_ridge,,ridge,ADT_CD339(Jagged1)_A0887,0.369805614187225,-0.09097127415886601,0.3584416543348472,0.07281553891314546,0.09422154043235619,rna_ridge
rna_ridge,,ridge,ADT_CD34_A0857,0.4797788378352245,-0.013955647957874219,0.47957582625127665,0.030245626639220344,0.02144648038728142,rna_ridge
rna_ridge,,ridge,ADT_CD34_A0823,0.35544575911689974,-0.02168961125191485,0.3547833824151432,0.018629671007751356,0.02384719628633976,rna_ridge
rna_ridge,,ridge,ADT_CD365(Tim-1)_A1013,0.5589864921015787,-0.026026397108301572,0.5583802691764723,0.02246526343979155,0.034019414733731324,rna_ridge
rna_ridge,,ridge,ADT_CD371(CLEC12A)_A0825,0.6338409932050061,0.2639925518765171,0.5762485030096287,0.39659426141891946,0.46596745303729725,rna_ridge
rna_ridge,,ridge,ADT_CD39_A0834,0.42963981558793696,0.1368150313419465,0.40727388614707427,0.4289178849459519,0.6521835363522278,rna_ridge
rna_ridge,,ridge,ADT_CD3e_A0094,0.56806584901379,-0.009072712210376617,0.5679933931912455,0.5446573894027982,0.5784277785590795,rna_ridge
rna_ridge,,ridge,ADT_CD40_A0903,0.5096033211882641,0.028687997827218106,0.5087951884076485,0.5710091101707726,0.573253973043635,rna_ridge
rna_ridge,,ridge,ADT_CD44_A0073,0.6685341275250987,0.02701270534407046,0.6679881686195799,0.7406951576981337,0.7818751429833665,rna_ridge
rna_ridge,,ridge,ADT_CD49a_A0850,0.39222457530321064,-0.03231523951388373,0.39089108811399714,0.19606161138096942,0.3978660010165308,rna_ridge
rna_ridge,,ridge,ADT_CD49b_A0421,0.6681897283596472,0.03696975004281623,0.6671662091766275,0.19815921444614065,0.5331466666484809,rna_ridge
rna_ridge,,ridge,ADT_CD51_A1008,0.4812195930734136,0.14911451795094716,0.45753377721650074,0.250276162827002,0.30371939571477913,rna_ridge
rna_ridge,,ridge,ADT_CD61_A0910,0.5788165379095948,-0.07961361111592269,0.5733151467410678,0.49804545024043423,0.5355165247556312,rna_ridge
rna_ridge,,ridge,ADT_CD80_A0849,0.48068285833787183,-0.04880091468550758,0.47819920642523467,0.2569309338376775,0.3877731491707948,rna_ridge
rna_ridge,,ridge,ADT_CD85k(gp49Receptor)_A1007,0.5582112048376079,0.12597845727349913,0.5438098725742686,0.07700093336787725,0.14763639013985633,rna_ridge
rna_ridge,,ridge,ADT_CD9_A0813,0.8334251174623185,0.4459600984209978,0.7040717413967221,0.5226159543623903,0.6174744751216801,rna_ridge
rna_ridge,,ridge,ADT_CD94_A1009,0.575410019240613,0.029543414829102825,0.5746510914308929,0.0676746668287308,0.32521189050904065,rna_ridge
rna_ridge,,ridge,ADT_CD95(Fas)_A0917,0.5451912298042674,0.07503235724205388,0.540003354084206,0.1811816027470932,0.19766404187487388,rna_ridge
rna_ridge,,ridge,ADT_D62E(E-selectin)_A0379,0.4459235028269343,0.01669420461991637,0.44561089967094725,0.020085927635592988,0.023313678160080377,rna_ridge
rna_ridge,,ridge,ADT_DLL1_A0884,0.5353093114430371,-0.050403365182457756,0.5329311022035589,0.0373543394644979,0.052360268006595316,rna_ridge
rna_ridge,,ridge,ADT_DR3(TNFRSF25)_A0836,0.5509660120085235,-0.07336203574354887,0.5460600315900603,0.043362121577626866,0.045692754069517026,rna_ridge
rna_ridge,,ridge,ADT_ENPP1_A0891,0.4168336749144239,-0.00932521081073155,0.4167293522011614,0.015854998979459852,0.016249001343413266,rna_ridge
rna_ridge,,ridge,ADT_GABRB3_A0435,0.5387152332611947,-0.022542514303447177,0.5382433813773678,0.029742802868860448,0.036716982522315665,rna_ridge
rna_ridge,,ridge,ADT_GITRLigand_A0880,0.4361990076916288,0.0175999376575879,0.4358437982874256,0.021662215303142912,0.03900543208294565,rna_ridge
rna_ridge,,ridge,ADT_IL-21Receptor_A0879,0.5232813424975196,0.08563719853507608,0.5162263395382568,0.04028741575490922,0.04570532057065861,rna_ridge
rna_ridge,,ridge,ADT_IL-33Ra(IL1RL1_ST2)_A0837,0.38064397700128916,-0.13296777246873798,0.3566642801179523,0.02635479201964085,0.030928022608353208,rna_ridge
rna_ridge,,ridge,ADT_JAML_A0877,0.5052088561666427,-0.02935645615058723,0.5043552188998205,0.09826869284588115,0.11316364915605032,rna_ridge
rna_ridge,,ridge,ADT_KCC2_A0438,0.5367354204489511,-0.056979847634767024,0.5337023594926591,0.011198432231865046,0.016960427108575805,rna_ridge
rna_ridge,,ridge,ADT_KLRG1(MAFA)_A0250,0.5472940303183447,-0.03742063063114309,0.5460132342949799,0.01118854153831401,0.0555907612266905,rna_ridge
rna_ridge,,ridge,ADT_Ly-49A_A0842,0.7043641705744988,-0.05412426311487784,0.7022816023016487,0.31155930865066944,0.40871533128069404,rna_ridge
rna_ridge,,ridge,ADT_Ly-6G_A0015,0.5491508979002367,0.00687163081267362,0.5491079031980958,0.06263683441779518,0.3053147143372741,rna_ridge
rna_ridge,,ridge,ADT_Ly-6G-Ly-6C(Gr-1)_A0116,0.6962127757317734,0.33465843121103794,0.610504679352674,0.06743962327330502,0.6195413547476591,rna_ridge
rna_ridge,,ridge,ADT_Ly108_A0930,0.4787226205718062,0.0005043236462630128,0.47872235492485377,0.6287292191751076,0.6198670396548653,rna_ridge
rna_ridge,,ridge,ADT_Ly49D_A0841,0.5854077262893497,0.048452898623871296,0.5833991109131133,0.0248512173830263,0.25002720547871693,rna_ridge
rna_ridge,,ridge,ADT_Ly49G_A0840,0.39555734284456945,0.06717129896875546,0.38981229851443405,0.04936836252173299,0.06296071055460042,rna_ridge
rna_ridge,,ridge,ADT_Ly49H_A0839,0.4732313255942873,-0.04363419386729307,0.4712153909299621,0.06381829607847059,0.22842244504364137,rna_ridge
rna_ridge,,ridge,ADT_Mac-2(Galectin-3)_A0895,0.5366181115348442,0.07688461465260296,0.5310816826599677,0.050846307277759926,0.053172686384157654,rna_ridge
rna_ridge,,ridge,ADT_Notch4_A0888,0.3189139887029664,-0.02848812099815029,0.3176390390875001,0.06937928078352364,0.07148007855731242,rna_ridge
rna_ridge,,ridge,ADT_P2X7R_A0824,0.5286850078834204,0.06738740644941361,0.52437274434577,0.0785052896663784,0.11533868460829093,rna_ridge
rna_ridge,,ridge,ADT_PIR-A-B_A0882,0.49914016548666124,0.06085944930682469,0.49541601935355445,0.62718361677227,0.7196466007850149,rna_ridge
rna_ridge,,ridge,ADT_PLZF_A0878,0.5242114113600649,0.007861753136685157,0.5241524555296178,0.009646902933201225,0.00978863071705628,rna_ridge
rna_ridge,,ridge,ADT_Slc7a1(Cat-1_ERR)_A0889,0.4967672230470962,-0.019855773762269678,0.4963702470356437,0.030446832047518333,0.03293103351473685,rna_ridge
rna_ridge,,ridge,ADT_TCRVb13.1_A0908,0.5402968654033132,-0.0016014184367405188,0.540294492127799,-0.002191308743774705,0.0011146240704531807,rna_ridge
rna_ridge,,ridge,ADT_TIGIT(Vstm3)_A0848,0.3849626279857963,-0.05333955674135075,0.3812494152551148,0.041890384215652894,0.05343088600055523,rna_ridge
rna_ridge,,ridge,ADT_TLR4(CD284)-MD2Complex_A0875,0.5308151210937017,0.03151735467291377,0.5298786173607516,0.04269743520136096,0.06255932145717379,rna_ridge
rna_ridge,,ridge,ADT_IsotypeCtrlAPCRatIgG1_l_A0237,0.508767738065155,-0.04102196981331957,0.5071112395604822,0.0496093372623192,0.05938215999962149,rna_ridge
rna_ridge,,ridge,ADT_IsotypeCtrlArm.HamsterIgG_A0241,0.5616950384554791,0.12527803865078643,0.5475460978377193,0.039962353500689586,0.0420054498344179,rna_ridge
rna_ridge,,ridge,ADT_IsotypeCtrlMouseIgG1_k(FC)_A0090,0.5299099627642933,0.034919449372100585,0.5287581684403597,0.021010803839757487,0.020036311295528953,rna_ridge
rna_ridge,,ridge,ADT_IsotypeCtrlMouseIgG2a_k_A0091,0.5223532721340903,-0.004627667965240231,0.5223327728550015,-0.008744246585107774,-0.00645054039614816,rna_ridge
rna_ridge,,ridge,ADT_IsotypeCtrlMouseIgG2b_k_A0092,0.5268283792363764,0.10974987655140941,0.5152699348552929,0.007730492084358417,0.008846768234997866,rna_ridge
rna_ridge,,ridge,ADT_IsotypeCtrlRatIgG1_k_A0236,0.4985775683386162,-0.20913567983531262,0.4525945857721591,0.06293743995978879,0.07133690156833436,rna_ridge
rna_ridge,,ridge,ADT_IsotypeCtrlRatIgG2a_k_A0238,0.5522813511958311,-0.09415887819351984,0.5441955499046577,0.02095686379867016,0.027467121289485762,rna_ridge
rna_ridge,,ridge,ADT_IsotypeCtrlRatIgG2b_k_A0095,0.5095354674001986,0.05894848050790594,0.5061140871231967,0.022276537516572666,0.02151581133280076,rna_ridge
rna_ridge,,ridge,ADT_IsotypeCtrlRatIgG2c_k_A0240,0.5348815617026579,-0.007736606077310459,0.534825607068208,0.010163232977601574,0.013303458257794262,rna_ridge
rna_panel_ridge,,ridge,ADT_4-1BBLigand(CD137L)_A0890,0.5281475090038202,0.02642636675859088,0.5274859603884077,0.11082164381968766,0.15241837026121224,rna_panel_ridge
rna_panel_ridge,,ridge,ADT_CD105_A0812,0.5311392357448127,0.035822701968935014,0.5299298272141596,0.1931654046351443,0.25005185861990015,rna_panel_ridge
rna_panel_ridge,,ridge,ADT_CD107a(LAMP-1)_A0905,0.543809993492445,0.05489977333216117,0.5410317217227942,0.24567371797807222,0.35878228710099225,rna_panel_ridge
rna_panel_ridge,,ridge,ADT_CD11b_A0014,0.6258726429283004,0.0811464479098278,0.6205898961131058,0.3443113794176977,0.7600909967169641,rna_panel_ridge
rna_panel_ridge,,ridge,ADT_CD120b(TNFRTypeII-p75)_A0893,0.5257312798969568,0.14105250188437338,0.5064558918348672,0.28106575276350604,0.41461663078345273,rna_panel_ridge
rna_panel_ridge,,ridge,ADT_CD124(IL-4Ra)_A0916,0.5011768237631108,0.09052544117683702,0.4929334165757275,0.32938644997305183,0.32520695470475147,rna_panel_ridge
rna_panel_ridge,,ridge,ADT_CD138(Syndecan-1)_A0810,0.559269089474611,0.07772310069941857,0.5538420659894198,0.2928331218108971,0.3437945618504768,rna_panel_ridge
rna_panel_ridge,,ridge,ADT_CD152_A0388,0.32074996788722143,-0.01270241164853633,0.3204983473248575,0.20391265725669808,0.30845819709650274,rna_panel_ridge
rna_panel_ridge,,ridge,ADT_CD155(PVR)_A1011,0.5397862734761436,0.013167850512873846,0.5396256375915932,0.5903142988590351,0.6159943909994023,rna_panel_ridge
rna_panel_ridge,,ridge,ADT_CD159a(NKG2AB6)_A0927,0.5316642271423859,0.00723665633094138,0.5316149746085591,0.1316641615038977,0.2080662291385211,rna_panel_ridge
rna_panel_ridge,,ridge,ADT_CD160_A1006,0.5319059337607683,-0.05894151764032218,0.5286301352251596,0.11048164805928685,0.13724525832385437,rna_panel_ridge
rna_panel_ridge,,ridge,ADT_CD163_A0417,0.5684638116742975,0.06956605614876074,0.5641911635387236,0.0886889825873075,0.2863401754402525,rna_panel_ridge
rna_panel_ridge,,ridge,ADT_CD170(Singlec-F)_A0431,0.5065199610282852,0.012858437659331689,0.5063567235665546,0.1056527393683793,0.16160968834076775,rna_panel_ridge
rna_panel_ridge,,ridge,ADT_CD178(FasL)_A1012,0.5425155423893641,-0.09108312513133446,0.5348149007370088,0.08712407439655175,0.11013599550987536,rna_panel_ridge
rna_panel_ridge,,ridge,ADT_CD182(CXCR2)_A0909,0.31832726438430126,0.010518611417828132,0.3181534316398831,0.26543846297248647,0.3990980393239394,rna_panel_ridge
rna_panel_ridge,,ridge,ADT_CD185(CXCR5)_A0846,0.4823812628629909,0.13832046709816476,0.46212458400634887,0.5433366994118519,0.5489240025630555,rna_panel_ridge
rna_panel_ridge,,ridge,ADT_CD186(CXCR6)_A0926,0.545800947032026,0.08227832277646521,0.5395636675890505,0.12647849215014495,0.18265078111726055,rna_panel_ridge
rna_panel_ridge,,ridge,ADT_CD193(CCR3)_A0808,0.4565432512315866,0.0864112612353166,0.44829101505253227,0.25684607922213437,0.3484568434213396,rna_panel_ridge
rna_panel_ridge,,ridge,ADT_CD194(CCR4)_A0833,0.5647693444665874,-0.09971046480382678,0.5558976845228136,0.1196950506421895,0.137273400297345,rna_panel_ridge
rna_panel_ridge,,ridge,ADT_CD198(CCR8)_A0907,0.568322910797446,-0.054966478678482734,0.5656585694206092,0.15657880904543026,0.21487350848332007,rna_panel_ridge
rna_panel_ridge,,ridge,ADT_CD199(CCR9)_A0854,0.6540490146124492,0.3693855994700005,0.5397540110269737,0.31007786622298183,0.4156835354327399,rna_panel_ridge
rna_panel_ridge,,ridge,ADT_CD1d(CD1.1_Ly-38)_A0851,0.5148124756450089,0.11409733500213094,0.5020096445539198,0.7234356893323437,0.7524504995255822,rna_panel_ridge
rna_panel_ridge,,ridge,ADT_CD2_A0892,0.37343728083759264,-0.12882149152819417,0.3505145161613509,0.7566778469642956,0.8507202803920242,rna_panel_ridge
rna_panel_ridge,,ridge,ADT_CD200R(OX2R)_A0807,0.4248388612227,0.05267784178666372,0.4215603195151329,0.2096276977191023,0.2722171594143089,rna_panel_ridge
rna_panel_ridge,,ridge,ADT_CD200R3_A0809,0.5258326222956254,0.003708698632880968,0.5258195434031953,0.0932004116707219,0.12991581101648447,rna_panel_ridge
rna_panel_ridge,,ridge,ADT_CD207(Langerin)_A0437,0.4977351459995622,0.16098613550693808,0.47098167664756035,0.06554053927160675,0.09338537348740832,rna_panel_ridge
rna_panel_ridge,,ridge,ADT_CD22_A0827,0.5415390324252852,-0.08494681413201674,0.5348350796357105,0.6713900111034294,0.6946507545596404,rna_panel_ridge
rna_panel_ridge,,ridge,ADT_CD226(DNAM-1)_A0852,0.5298518805420289,-0.016685398525036293,0.5295890980656469,0.7371626333171574,0.7910490857390987,rna_panel_ridge
rna_panel_ridge,,ridge,ADT_CD252(OX40Ligand)_A0924,0.5560449643166806,-0.11112868357206568,0.5448269615478651,0.08377263844025046,0.12705541596503817,rna_panel_ridge
rna_panel_ridge,,ridge,ADT_CD253(TRAIL)_A0925,0.5271387146992367,-0.03229981059056046,0.5261482174925397,0.10035043750181832,0.1413753119787611,rna_panel_ridge
rna_panel_ridge,,ridge,ADT_CD26(DPP-4)_A0883,0.2880840832093822,0.03222878746257976,0.2862756438422278,0.6090498100759323,0.644951846652823,rna_panel_ridge
rna_panel_ridge,,ridge,ADT_CD27_A0191,0.5459898059694608,0.154174451698025,0.5237700895108288,0.7611421828211216,0.8711433635664835,rna_panel_ridge
rna_panel_ridge,,ridge,ADT_CD270(HVEM)_A0885,0.45908556200304623,0.08190362975281978,0.4517204319852774,0.77988233703254,0.7684737836275112,rna_panel_ridge
rna_panel_ridge,,ridge,ADT_CD272(BTLA)_A0881,0.4443793274558275,0.017569218086713953,0.4440318786370129,0.6817443263620322,0.6668006184122878,rna_panel_ridge
rna_panel_ridge,,ridge,ADT_CD273(B7-DC_PD-L2)_A0914,0.5537713008872591,0.06629063831140168,0.5497892368522997,0.10680110285095472,0.1944692027668511,rna_panel_ridge
rna_panel_ridge,,ridge,ADT_CD278(ICOS)_A0847,0.4651187060732096,0.021828913810820267,0.46460618728236536,0.17181406703107374,0.25558575398665506,rna_panel_ridge
rna_panel_ridge,,ridge,ADT_CD3_A0182,0.5516379489556289,0.0391218277763573,0.5502489521293161,0.5804802787177494,0.6057983028165561,rna_panel_ridge
rna_panel_ridge,,ridge,ADT_CD300c-d_A0876,0.519729351960833,0.0054861083874719555,0.5197003962903901,0.12933334245544145,0.1649624416148253,rna_panel_ridge
rna_panel_ridge,,ridge,ADT_CD309(VEGFR2_Flk-1)_A0554,0.6868744325909583,0.4396676488203205,0.5277204228831409,0.09362476465656676,0.1188015870991505,rna_panel_ridge
rna_panel_ridge,,ridge,ADT_CD309(VEGFR2_Flk-1)_A0553,0.5979407411411972,0.48399220056398784,0.3511191816316982,0.16949760941139103,0.22820762272312434,rna_panel_ridge
rna_panel_ridge,,ridge,ADT_CD31_A0904,0.3610776762176616,0.006475540403741019,0.36101960561613006,0.6332973993858876,0.6966133931278483,rna_panel_ridge
rna_panel_ridge,,ridge,ADT_CD314(NKG2D)_A0835,0.5374156179252001,0.1035810359053299,0.5273390895720734,0.17617967666065992,0.2108275151837892,rna_panel_ridge
rna_panel_ridge,,ridge,ADT_CD317(BST2_PDCA-1)_A0811,0.5330570330836301,0.0823700072560028,0.5266545190393496,0.19531941749109494,0.32631829345096924,rna_panel_ridge
rna_panel_ridge,,ridge,ADT_CD339(Jagged1)_A0887,0.3454603196593034,-0.052874550174942685,0.34138997408082367,0.23333158972228438,0.317431529735012,rna_panel_ridge
rna_panel_ridge,,ridge,ADT_CD34_A0857,0.47059906135132706,0.012502688482268482,0.47043294880935355,0.13377353087097887,0.18891581732043836,rna_panel_ridge
rna_panel_ridge,,ridge,ADT_CD34_A0823,0.33968833755058064,0.013880541676968734,0.3394046216989852,0.17969114675762685,0.2888345719151789,rna_panel_ridge
rna_panel_ridge,,ridge,ADT_CD365(Tim-1)_A1013,0.5558360357335297,-0.008859859916419318,0.5557654194911982,0.08443631991043746,0.10717462493317322,rna_panel_ridge
rna_panel_ridge,,ridge,ADT_CD371(CLEC12A)_A0825,0.6294869830259291,0.2921227098221163,0.5576003803847971,0.4523318063268238,0.5186311518359997,rna_panel_ridge
rna_panel_ridge,,ridge,ADT_CD39_A0834,0.39833077283648655,0.1805800451168904,0.3550468305647783,0.5611528554302269,0.7521297400690838,rna_panel_ridge
rna_panel_ridge,,ridge,ADT_CD3e_A0094,0.5536318739254251,0.016340978391831254,0.553390661514428,0.5776731748818328,0.6127884471037627,rna_panel_ridge
rna_panel_ridge,,ridge,ADT_CD40_A0903,0.491274261999419,0.03971336969442063,0.48966646686350446,0.6230850603846351,0.622767502663634,rna_panel_ridge
rna_panel_ridge,,ridge,ADT_CD44_A0073,0.58963391627541,0.08397303967936315,0.5836237519406546,0.793614000423196,0.8395264328319161,rna_panel_ridge
rna_panel_ridge,,ridge,ADT_CD49a_A0850,0.36403374952806555,-0.0013650368107206148,0.36403119024331915,0.3444847592392759,0.5174536492303691,rna_panel_ridge
rna_panel_ridge,,ridge,ADT_CD49b_A0421,0.6143051490869869,0.08212952235214106,0.6087902411775294,0.28444122784195935,0.6356063132989459,rna_panel_ridge
rna_panel_ridge,,ridge,ADT_CD51_A1008,0.47735802289876267,0.17439482610971105,0.4443614819625796,0.3395633294935073,0.37914470628127545,rna_panel_ridge
rna_panel_ridge,,ridge,ADT_CD61_A0910,0.5587629560429592,-0.09995847924037227,0.5497493460421918,0.5496314062773962,0.5845158165434184,rna_panel_ridge
rna_panel_ridge,,ridge,ADT_CD80_A0849,0.460327152753939,0.009662406410798283,0.4602257331624361,0.3420994350557099,0.46158280616138997,rna_panel_ridge
rna_panel_ridge,,ridge,ADT_CD85k(gp49Receptor)_A1007,0.5614335747040655,0.1612634198493299,0.5377748304109109,0.1486653901169872,0.21050742370223624,rna_panel_ridge
rna_panel_ridge,,ridge,ADT_CD9_A0813,0.8007678397384541,0.514335344569514,0.6137493678090031,0.6063986622724168,0.725773731859423,rna_panel_ridge
rna_panel_ridge,,ridge,ADT_CD94_A1009,0.5713161400424149,0.04415855157086019,0.5696070173339925,0.12366837486835212,0.3472819851590895,rna_panel_ridge
rna_panel_ridge,,ridge,ADT_CD95(Fas)_A0917,0.5419119301608719,0.0904661016272704,0.5343074250906926,0.23112849271488037,0.2599653473686472,rna_panel_ridge
rna_panel_ridge,,ridge,ADT_D62E(E-selectin)_A0379,0.4349610996940113,0.055319013044552626,0.4314289803001189,0.18038596685970712,0.2430641450358846,rna_panel_ridge
rna_panel_ridge,,ridge,ADT_DLL1_A0884,0.5288578660036511,-0.011657516311578698,0.5287293681529154,0.09887727331213975,0.13835766623328155,rna_panel_ridge
rna_panel_ridge,,ridge,ADT_DR3(TNFRSF25)_A0836,0.5450452762206921,-0.05275321748267219,0.5424863603591487,0.10104947750915388,0.1254444897568487,rna_panel_ridge
rna_panel_ridge,,ridge,ADT_ENPP1_A0891,0.4031136522284972,0.02053634646939205,0.40259020739045176,0.1692625047437252,0.24821887206438895,rna_panel_ridge
rna_panel_ridge,,ridge,ADT_GABRB3_A0435,0.5318770844508536,0.015447861219041513,0.5316527029440344,0.12469653163946656,0.1609431865125356,rna_panel_ridge
rna_panel_ridge,,ridge,ADT_GITRLigand_A0880,0.426004072643288,0.04569762343904288,0.4235459799368801,0.1614290169086454,0.23337902826345325,rna_panel_ridge
rna_panel_ridge,,ridge,ADT_IL-21Receptor_A0879,0.5230133233562153,0.08771226346259886,0.5156059495839637,0.09296629627825394,0.10862906246456773,rna_panel_ridge
rna_panel_ridge,,ridge,ADT_IL-33Ra(IL1RL1_ST2)_A0837,0.3590228449068932,-0.11192804945395286,0.3411297625691322,0.1969640475723023,0.28873084738557636,rna_panel_ridge
rna_panel_ridge,,ridge,ADT_JAML_A0877,0.496460367515302,0.00911782270816831,0.49637663303432294,0.1762268606675282,0.21481846790425133,rna_panel_ridge
rna_panel_ridge,,ridge,ADT_KCC2_A0438,0.5319944732713651,-0.05049717410938635,0.529592442353782,0.08992858104784256,0.12562120579043848,rna_panel_ridge
rna_panel_ridge,,ridge,ADT_KLRG1(MAFA)_A0250,0.5414183724947248,-0.020594974076990385,0.5410265253364231,0.1018789886000037,0.14898523938559327,rna_panel_ridge
rna_panel_ridge,,ridge,ADT_Ly-49A_A0842,0.6981587532409613,-0.10670704764129427,0.6899559773714924,0.33753717365555014,0.443828117556108,rna_panel_ridge
rna_panel_ridge,,ridge,ADT_Ly-6G_A0015,0.5447131438262777,0.04975791210013547,0.5424357650824123,0.13631998043562346,0.3428987448556402,rna_panel_ridge
rna_panel_ridge,,ridge,ADT_Ly-6G-Ly-6C(Gr-1)_A0116,0.686048547201631,0.34693338516836764,0.5918613312027474,0.12656039208094375,0.6355684700020814,rna_panel_ridge
rna_panel_ridge,,ridge,ADT_Ly108_A0930,0.4492524696806112,-0.01478541592952228,0.4490091012328366,0.6804316613060114,0.6759827957610857,rna_panel_ridge
rna_panel_ridge,,ridge,ADT_Ly49D_A0841,0.5812953140551842,0.07465879217512492,0.5764809683705667,0.09742173954769556,0.28642637723423653,rna_panel_ridge
rna_panel_ridge,,ridge,ADT_Ly49G_A0840,0.3877081635194324,0.09835354210890265,0.37502560021183057,0.1877694463742459,0.2788463884266448,rna_panel_ridge
rna_panel_ridge,,ridge,ADT_Ly49H_A0839,0.4608342064215073,-0.022511053245446545,0.4602840626069096,0.170058897894283,0.3085051633524472,rna_panel_ridge
rna_panel_ridge,,ridge,ADT_Mac-2(Galectin-3)_A0895,0.5332496575555624,0.10085646696851532,0.5236250283874458,0.13260632200817574,0.17279016607678824,rna_panel_ridge
rna_panel_ridge,,ridge,ADT_Notch4_A0888,0.2950844982016775,0.008284796640388507,0.29496817323834,0.26281108703759376,0.36620455151190806,rna_panel_ridge
rna_panel_ridge,,ridge,ADT_P2X7R_A0824,0.5235583268770719,0.08406874144690996,0.5167647127599277,0.15718752182308102,0.2023543667020023,rna_panel_ridge
rna_panel_ridge,,ridge,ADT_PIR-A-B_A0882,0.46774200427627705,0.07681555026724134,0.46139132393395843,0.6755413699345048,0.7631284821662624,rna_panel_ridge
rna_panel_ridge,,ridge,ADT_PLZF_A0878,0.5185047883749466,0.047202540762836996,0.5163517557956785,0.12897542992650401,0.16535277237047022,rna_panel_ridge
rna_panel_ridge,,ridge,ADT_Slc7a1(Cat-1_ERR)_A0889,0.48765552308112026,0.01714529611162676,0.4873540273894998,0.13674513453090792,0.19276767405059464,rna_panel_ridge
rna_panel_ridge,,ridge,ADT_TCRVb13.1_A0908,0.5385448465129116,0.0033564536255943594,0.5385343869472731,0.06722614021943349,0.08695786734287857,rna_panel_ridge
rna_panel_ridge,,ridge,ADT_TIGIT(Vstm3)_A0848,0.36680715814779513,-0.008686321738993957,0.366704293788753,0.1913901747526415,0.2707655201017525,rna_panel_ridge
rna_panel_ridge,,ridge,ADT_TLR4(CD284)-MD2Complex_A0875,0.5262540274852283,0.0505756915072689,0.5238180990315104,0.11982822245373564,0.16275338528335723,rna_panel_ridge
rna_panel_ridge,,ridge,ADT_IsotypeCtrlAPCRatIgG1_l_A0237,0.5018692392330312,-0.005094463826338838,0.5018433816706808,0.11954258451180487,0.16173841918553516,rna_panel_ridge
rna_panel_ridge,,ridge,ADT_IsotypeCtrlArm.HamsterIgG_A0241,0.5625666787659924,0.1489059227248642,0.5425018840845217,0.10485279882990321,0.1411823579702415,rna_panel_ridge
rna_panel_ridge,,ridge,ADT_IsotypeCtrlMouseIgG1_k(FC)_A0090,0.5272642729375574,0.0610453893384943,0.5237185064105363,0.10874000299524615,0.14172937738664665,rna_panel_ridge
rna_panel_ridge,,ridge,ADT_IsotypeCtrlMouseIgG2a_k_A0091,0.5182863669954061,0.03042452219050798,0.51739260398925,0.08319263629100844,0.12516969973906586,rna_panel_ridge
rna_panel_ridge,,ridge,ADT_IsotypeCtrlMouseIgG2b_k_A0092,0.5305790885553984,0.13702946331398566,0.5125788674888541,0.08449033299117936,0.1079097980564409,rna_panel_ridge
rna_panel_ridge,,ridge,ADT_IsotypeCtrlRatIgG1_k_A0236,0.48335132521908214,-0.18482187089652805,0.4466199498783602,0.13004866557958702,0.1827751428326812,rna_panel_ridge
rna_panel_ridge,,ridge,ADT_IsotypeCtrlRatIgG2a_k_A0238,0.541697119101962,-0.06836598096939306,0.5373656683204255,0.11027180933191583,0.15319580515637654,rna_panel_ridge
rna_panel_ridge,,ridge,ADT_IsotypeCtrlRatIgG2b_k_A0095,0.5065240310859217,0.08954250685210376,0.4985466212243075,0.13589133496687975,0.17276001337257352,rna_panel_ridge
rna_panel_ridge,,ridge,ADT_IsotypeCtrlRatIgG2c_k_A0240,0.5335589361570462,0.024374059926202504,0.5330019170282166,0.07589188891991686,0.09939757678455911,rna_panel_ridge
fusionvi,2026,log_mean,ADT_4-1BBLigand(CD137L)_A0890,1.0826025136556536,0.9447128971733973,0.5287208568684846,0.07944119319807968,0.13321461087527228,FusionVI
fusionvi,2026,log_mean,ADT_CD105_A0812,1.1049632948145827,0.9667175402797425,0.5351645356364001,0.15050492932913154,0.2289438914061977,FusionVI
fusionvi,2026,log_mean,ADT_CD107a(LAMP-1)_A0905,1.1051982562019915,0.9568120861983271,0.5531490009180837,0.1797977803778685,0.3312979526901497,FusionVI
fusionvi,2026,log_mean,ADT_CD11b_A0014,1.2147522712411187,1.053933386701529,0.6040260730144331,0.3149509999298962,0.782178814151278,FusionVI
fusionvi,2026,log_mean,ADT_CD120b(TNFRTypeII-p75)_A0893,1.2270928691375718,1.1170147636670096,0.5079713842709461,0.24976867571056582,0.4209646478011752,FusionVI
fusionvi,2026,log_mean,ADT_CD124(IL-4Ra)_A0916,1.2590624471265353,1.157962212211207,0.4943296075040414,0.3152771879630805,0.31558001577772554,FusionVI
fusionvi,2026,log_mean,ADT_CD138(Syndecan-1)_A0810,1.194071993374096,1.0608534323670884,0.5480856870921551,0.27146051055249565,0.3844543064471143,FusionVI
fusionvi,2026,log_mean,ADT_CD152_A0388,1.022016879079507,0.967667768878904,0.32884280468993055,0.05945369995493826,0.21653009432598283,FusionVI
fusionvi,2026,log_mean,ADT_CD155(PVR)_A1011,1.2323902910183842,1.1090790604441687,0.5373355256081542,0.594012972796395,0.6263246450930974,FusionVI
fusionvi,2026,log_mean,ADT_CD159a(NKG2AB6)_A0927,1.060560327252541,0.9152534254255577,0.5358165497525805,0.07869911381905145,0.20990400823181984,FusionVI
fusionvi,2026,log_mean,ADT_CD160_A1006,0.9808404030877513,0.8262598582510154,0.5285286586102219,0.0841645556875357,0.13680375552670235,FusionVI
fusionvi,2026,log_mean,ADT_CD163_A0417,1.026095849179393,0.8449026999845566,0.5822474725251644,0.07051540474471849,0.3084623318639348,FusionVI
fusionvi,2026,log_mean,ADT_CD170(Singlec-F)_A0431,1.0432489903460986,0.911812793954329,0.5069180255616351,0.03723627636995849,0.15021797778194154,FusionVI
fusionvi,2026,log_mean,ADT_CD178(FasL)_A1012,0.9220259357405874,0.7519311404857353,0.5336022733704427,0.0740469910800607,0.11245652466208086,FusionVI
fusionvi,2026,log_mean,ADT_CD182(CXCR2)_A0909,1.0216655219663504,0.9663140078649767,0.3317192743551129,0.1328789575263785,0.3103318521739029,FusionVI
fusionvi,2026,log_mean,ADT_CD185(CXCR5)_A0846,1.3457806933385907,1.2537825477090365,0.48903476116026956,0.5356605496408972,0.5428177336163409,FusionVI
fusionvi,2026,log_mean,ADT_CD186(CXCR6)_A0926,1.176335379875836,1.0469006185047747,0.5364364090196354,0.0925226410358606,0.20173960887018932,FusionVI
fusionvi,2026,log_mean,ADT_CD193(CCR3)_A0808,1.0843647666828464,0.9822706891639776,0.4593378282184233,0.15580479036794626,0.298156501072026,FusionVI
fusionvi,2026,log_mean,ADT_CD194(CCR4)_A0833,1.0020514996330967,0.8334757375711092,0.556260193432178,0.08870110834111795,0.12102899571287128,FusionVI
fusionvi,2026,log_mean,ADT_CD198(CCR8)_A0907,1.008446790265145,0.8303746786936973,0.5722261980898645,0.09812759366970383,0.18109610857004024,FusionVI
fusionvi,2026,log_mean,ADT_CD199(CCR9)_A0854,1.4658883444492607,1.3656514252098917,0.5327521217360918,0.29260414990986267,0.4482267204173456,FusionVI
fusionvi,2026,log_mean,ADT_CD1d(CD1.1_Ly-38)_A0851,1.477155349901373,1.3958523396864033,0.48330546607110203,0.7419513002497333,0.7750251003258197,FusionVI
fusionvi,2026,log_mean,ADT_CD2_A0892,1.2709848472729666,1.2245362006755331,0.3404608277505771,0.7702337148765706,0.8602177313951628,FusionVI
fusionvi,2026,log_mean,ADT_CD200R(OX2R)_A0807,1.084006975362932,0.9970957803178502,0.4252894631986261,0.1605603781723865,0.23826920415131533,FusionVI
fusionvi,2026,log_mean,ADT_CD200R3_A0809,1.0150091088879851,0.8694588810267326,0.523722011499696,0.04861300351856322,0.14736368355939072,FusionVI
fusionvi,2026,log_mean,ADT_CD207(Langerin)_A0437,1.053103935786892,0.9420140158008504,0.47078391391861607,0.04092789764404511,0.09977456155770793,FusionVI
fusionvi,2026,log_mean,ADT_CD22_A0827,1.0181555459836569,0.8195755284059207,0.6040998833433063,0.6761611321436867,0.6963564159200992,FusionVI
fusionvi,2026,log_mean,ADT_CD226(DNAM-1)_A0852,1.2416521337658895,1.116472360651465,0.5433134354925114,0.731450938596148,0.7995014085816283,FusionVI
fusionvi,2026,log_mean,ADT_CD252(OX40Ligand)_A0924,0.9722646151903751,0.805522743647292,0.5444553162732455,0.04820858176371601,0.12105301924539044,FusionVI
fusionvi,2026,log_mean,ADT_CD253(TRAIL)_A0925,1.0493265275482822,0.9076341906085165,0.5265798490779144,0.05345360704276485,0.12004716896118599,FusionVI
fusionvi,2026,log_mean,ADT_CD26(DPP-4)_A0883,1.2285192979654749,1.1930346451427134,0.293134782928998,0.5929239110094432,0.6235599964959819,FusionVI
fusionvi,2026,log_mean,ADT_CD27_A0191,1.4502101007479435,1.3414589432208097,0.5509965879787538,0.7578182398372425,0.8756197882833676,FusionVI
fusionvi,2026,log_mean,ADT_CD270(HVEM)_A0885,1.2810890402613668,1.19887319793754,0.45154422191494165,0.7826852671166641,0.7690276387849849,FusionVI
fusionvi,2026,log_mean,ADT_CD272(BTLA)_A0881,1.2538895362526887,1.1697854504919918,0.4514875069602397,0.6780006556020398,0.6627015925258757,FusionVI
fusionvi,2026,log_mean,ADT_CD273(B7-DC_PD-L2)_A0914,1.0358748722240612,0.8790381160844603,0.5480225737831079,0.05656135345037138,0.22460726642021828,FusionVI
fusionvi,2026,log_mean,ADT_CD278(ICOS)_A0847,1.132179132030032,1.0329451099531495,0.46352344798086986,0.12620554855068136,0.2591461576308217,FusionVI
fusionvi,2026,log_mean,ADT_CD3_A0182,1.186095144422958,1.0469904470144076,0.557344323990316,0.5668402732852921,0.6136870086993675,FusionVI
fusionvi,2026,log_mean,ADT_CD300c-d_A0876,1.0237059966003275,0.8799734482781025,0.5230876578557124,0.056705975989642006,0.11877093507077019,FusionVI
fusionvi,2026,log_mean,ADT_CD309(VEGFR2_Flk-1)_A0554,1.4695954734604169,1.3715059085672823,0.5279037775772073,0.046056551733192085,0.09906366347514367,FusionVI
fusionvi,2026,log_mean,ADT_CD309(VEGFR2_Flk-1)_A0553,1.9898374297770105,1.9530714006237448,0.3807428279129201,0.027698452356689718,0.044488568577572156,FusionVI
fusionvi,2026,log_mean,ADT_CD31_A0904,1.2749123684896915,1.2253111869999525,0.3521562754528015,0.6621162625803992,0.7183653336236496,FusionVI
fusionvi,2026,log_mean,ADT_CD314(NKG2D)_A0835,1.171338859151172,1.0453415900662646,0.5284843261963752,0.14198201608483077,0.20263780146404342,FusionVI
fusionvi,2026,log_mean,ADT_CD317(BST2_PDCA-1)_A0811,1.1275130969210518,0.9950140738600628,0.5303138472158232,0.12032368806993769,0.32760117401957706,FusionVI
fusionvi,2026,log_mean,ADT_CD339(Jagged1)_A0887,0.9998735106208593,0.9362578029154836,0.3509535064949895,0.10349522124964464,0.2232593831248874,FusionVI
fusionvi,2026,log_mean,ADT_CD34_A0857,1.0658150547907215,0.9551367917598531,0.4729433793227085,0.07912251496867091,0.1518829837827222,FusionVI
fusionvi,2026,log_mean,ADT_CD34_A0823,1.042127164897495,0.983381972042981,0.3449477132524735,0.08238543970975283,0.22517433586521218,FusionVI
fusionvi,2026,log_mean,ADT_CD365(Tim-1)_A1013,1.102060318253594,0.9508151124616226,0.5572141123336318,0.04922974919458598,0.08791295166992423,FusionVI
fusionvi,2026,log_mean,ADT_CD371(CLEC12A)_A0825,1.378005659620769,1.2562567160437303,0.5663202815914352,0.45258249903285885,0.5246825604761443,FusionVI
fusionvi,2026,log_mean,ADT_CD39_A0834,1.1881745339548715,1.1338685696811175,0.35510673019269884,0.5350902526165207,0.7495597115927686,FusionVI
fusionvi,2026,log_mean,ADT_CD3e_A0094,1.171598849272011,1.0175909332715434,0.5806483928669635,0.5627267246761951,0.6115098179549503,FusionVI
fusionvi,2026,log_mean,ADT_CD40_A0903,1.229456853173988,1.1208232247679801,0.5052914531605743,0.6151644133652466,0.6235301032431451,FusionVI
fusionvi,2026,log_mean,ADT_CD44_A0073,1.4512502734781791,1.338444024397004,0.5609767818960478,0.820138583575509,0.8598959543590157,FusionVI
fusionvi,2026,log_mean,ADT_CD49a_A0850,1.0966323117086014,1.0311584399298503,0.3732488430588423,0.24517173060462466,0.48599281278359635,FusionVI
fusionvi,2026,log_mean,ADT_CD49b_A0421,1.2226260698202798,1.0490490906233205,0.62794148777295,0.2563245156371277,0.625542154716068,FusionVI
fusionvi,2026,log_mean,ADT_CD51_A1008,1.2493727561886026,1.166312251152338,0.4479375143010453,0.31383819006375385,0.3623418647807194,FusionVI
fusionvi,2026,log_mean,ADT_CD61_A0910,1.1889403114907615,1.0616103472456102,0.5353153602398678,0.5773016599290927,0.6138872084765459,FusionVI
fusionvi,2026,log_mean,ADT_CD80_A0849,1.0475146790794236,0.9397375791256258,0.46279615951942576,0.3116942423475648,0.45303425076702264,FusionVI
fusionvi,2026,log_mean,ADT_CD85k(gp49Receptor)_A1007,1.1411470639376926,1.0051272585987403,0.5403108508584163,0.12190115310898583,0.20228046368301975,FusionVI
fusionvi,2026,log_mean,ADT_CD9_A0813,1.6904739586513138,1.5638224216098484,0.6419981608606992,0.6026240153900613,0.72079750792833,FusionVI
fusionvi,2026,log_mean,ADT_CD94_A1009,1.1160907192803298,0.9583330535226049,0.5720631540220591,0.059612506517906554,0.38194437436068096,FusionVI
fusionvi,2026,log_mean,ADT_CD95(Fas)_A0917,1.129479442029672,0.9842730902147925,0.5540129004333929,0.21646881668102047,0.25552314970554096,FusionVI
fusionvi,2026,log_mean,ADT_D62E(E-selectin)_A0379,1.100069325140014,1.0096622679332197,0.43673175385573276,0.06195282373821293,0.19089325146606803,FusionVI
fusionvi,2026,log_mean,ADT_DLL1_A0884,0.8682660123105991,0.686575486365197,0.5315072620916111,0.05843503574223666,0.1252792603863411,FusionVI
fusionvi,2026,log_mean,ADT_DR3(TNFRSF25)_A0836,1.0348866425618901,0.8803933039151646,0.5439650663179753,0.07511827660812055,0.11193331083770722,FusionVI
fusionvi,2026,log_mean,ADT_ENPP1_A0891,1.0809079135665143,1.0002791165973195,0.4096383850543781,0.04698882159217491,0.16640926511977175,FusionVI
fusionvi,2026,log_mean,ADT_GABRB3_A0435,1.0923001788411473,0.9527442350249203,0.5342266404094169,0.057172949068610056,0.11744619660046263,FusionVI
fusionvi,2026,log_mean,ADT_GITRLigand_A0880,1.0908934040203295,1.0032534573386047,0.4284050878235909,0.08489877650687669,0.1790925462263911,FusionVI
fusionvi,2026,log_mean,ADT_IL-21Receptor_A0879,1.0958397405113864,0.9666413174594853,0.5162066449244902,0.061256459300361395,0.0896188709360294,FusionVI
fusionvi,2026,log_mean,ADT_IL-33Ra(IL1RL1_ST2)_A0837,0.9597954693684773,0.8950651655407175,0.3465049674330785,0.09995383986072381,0.22761080223900393,FusionVI
fusionvi,2026,log_mean,ADT_JAML_A0877,1.1048106372060973,0.9864980295598333,0.49742153326756305,0.1425179990714071,0.19513887764219195,FusionVI
fusionvi,2026,log_mean,ADT_KCC2_A0438,0.9497476441701368,0.7876435717183297,0.5306959501800365,0.05594832775411825,0.10067893342599603,FusionVI
fusionvi,2026,log_mean,ADT_KLRG1(MAFA)_A0250,1.0518363772209491,0.9005352168517673,0.5435035304899106,0.04221278652134826,0.15165022913342696,FusionVI
fusionvi,2026,log_mean,ADT_Ly-49A_A0842,1.2930696139960698,1.079305662076895,0.7121294225410375,0.3490656206363771,0.49223827756334887,FusionVI
fusionvi,2026,log_mean,ADT_Ly-6G_A0015,1.0449060663656078,0.8920261788444479,0.5441672388005171,0.10926747193941894,0.3502674254373146,FusionVI
fusionvi,2026,log_mean,ADT_Ly-6G-Ly-6C(Gr-1)_A0116,1.4132100843040272,1.2851398936660163,0.5878589933705279,0.10661324666886685,0.6410101133190276,FusionVI
fusionvi,2026,log_mean,ADT_Ly108_A0930,1.3340791902911218,1.256975204494113,0.4469682553098795,0.6803650354697499,0.6811239391144704,FusionVI
fusionvi,2026,log_mean,ADT_Ly49D_A0841,1.1045236244459522,0.9458849362643701,0.5703280847962185,0.05685158027435296,0.3497312386258594,FusionVI
fusionvi,2026,log_mean,ADT_Ly49G_A0840,1.1450801055853381,1.0791014844762186,0.38307758275380854,0.07438281497903064,0.1898188987812465,FusionVI
fusionvi,2026,log_mean,ADT_Ly49H_A0839,1.0715362593578395,0.9671582818167305,0.46129688166283445,0.09544205902733628,0.3253103112417524,FusionVI
fusionvi,2026,log_mean,ADT_Mac-2(Galectin-3)_A0895,1.1572394173106413,1.029744918480949,0.528042111805567,0.0671193515702931,0.12011182307605889,FusionVI
fusionvi,2026,log_mean,ADT_Notch4_A0888,1.0496859017495046,1.004718676882917,0.3039422192692609,0.13185475613507358,0.28450426876059853,FusionVI
fusionvi,2026,log_mean,ADT_P2X7R_A0824,1.137954307714747,1.0127459552214426,0.5189273905173086,0.10437457134061824,0.18425278754216423,FusionVI
fusionvi,2026,log_mean,ADT_PIR-A-B_A0882,1.2525116750683807,1.1636582919111513,0.4633409930590589,0.67755688500294,0.7700662415824274,FusionVI
fusionvi,2026,log_mean,ADT_PLZF_A0878,1.0861230159911275,0.9545390587318059,0.5181876023420628,0.047715128178456315,0.13069228771403532,FusionVI
fusionvi,2026,log_mean,ADT_Slc7a1(Cat-1_ERR)_A0889,1.0556591160554816,0.9352018990164773,0.4897076448116349,0.038500448408999834,0.15972560722847803,FusionVI
fusionvi,2026,log_mean,ADT_TCRVb13.1_A0908,1.0397085801415926,0.8902661539327056,0.5370475833498085,0.022886312827211503,0.08164852374378045,FusionVI
fusionvi,2026,log_mean,ADT_TIGIT(Vstm3)_A0848,1.0377045006586971,0.9686285846381557,0.37227583282987464,0.10773665081702781,0.2088109860075466,FusionVI
fusionvi,2026,log_mean,ADT_TLR4(CD284)-MD2Complex_A0875,1.1260009437975798,0.9951654910712067,0.5268052494176396,0.07237662977795685,0.11482588847009402,FusionVI
fusionvi,2026,log_mean,ADT_IsotypeCtrlAPCRatIgG1_l_A0237,1.077431082939469,0.9530948846586128,0.5024618187699916,0.06703482540366752,0.13978943736696933,FusionVI
fusionvi,2026,log_mean,ADT_IsotypeCtrlArm.HamsterIgG_A0241,1.3351849340057347,1.2120141345876412,0.5601254730465284,0.0018682840358069002,0.006920144594055422,FusionVI
fusionvi,2026,log_mean,ADT_IsotypeCtrlMouseIgG1_k(FC)_A0090,1.077560000906173,0.9414294185393978,0.524257766238552,0.058012044323835214,0.12457171574793749,FusionVI
fusionvi,2026,log_mean,ADT_IsotypeCtrlMouseIgG2a_k_A0091,0.9533623861989272,0.7986701609187301,0.5206013959613721,0.03987018685346294,0.0851184433851727,FusionVI
fusionvi,2026,log_mean,ADT_IsotypeCtrlMouseIgG2b_k_A0092,1.0994724010550896,0.9720057498043214,0.5138524915081307,0.03967568240121879,0.07875132247671082,FusionVI
fusionvi,2026,log_mean,ADT_IsotypeCtrlRatIgG1_k_A0236,0.9251267186591434,0.8100254789529897,0.44689838780642727,0.10070974716068239,0.16802987203128583,FusionVI
fusionvi,2026,log_mean,ADT_IsotypeCtrlRatIgG2a_k_A0238,1.0003070666121117,0.8437006644469117,0.5373857239692278,0.05684953578402849,0.148230905660293,FusionVI
fusionvi,2026,log_mean,ADT_IsotypeCtrlRatIgG2b_k_A0095,1.1011083584826635,0.9803879537717868,0.5012774453528667,0.058687348575876035,0.13251152422305307,FusionVI
fusionvi,2026,log_mean,ADT_IsotypeCtrlRatIgG2c_k_A0240,0.9908220670245216,0.83613672373547,0.5316048793263884,0.03452081485427932,0.10185492444316216,FusionVI
fusionvi,2026,pred_log,ADT_4-1BBLigand(CD137L)_A0890,1.020711053966648,0.8699368316314963,0.5339110081845362,0.06288607030597602,0.1070342521288387,FusionVI
fusionvi,2026,pred_log,ADT_CD105_A0812,1.0283439552043294,0.8734872912132021,0.5426889001023233,0.10485598050905832,0.19688662889430464,FusionVI
fusionvi,2026,pred_log,ADT_CD107a(LAMP-1)_A0905,0.98430827452478,0.8080377581237619,0.5620834108424199,0.1247820649753206,0.29661371921442664,FusionVI
fusionvi,2026,pred_log,ADT_CD11b_A0014,1.0396005696279282,0.8419271993941686,0.6098589470451184,0.25709850277331714,0.7738798632327566,FusionVI
fusionvi,2026,pred_log,ADT_CD120b(TNFRTypeII-p75)_A0893,1.1589843903756674,1.0386261692365486,0.514296118701478,0.22537503269039563,0.4004787394114059,FusionVI
fusionvi,2026,pred_log,ADT_CD124(IL-4Ra)_A0916,1.1963410732563915,1.0860933638255739,0.5016305100512057,0.2826898708070968,0.28798189095862425,FusionVI
fusionvi,2026,pred_log,ADT_CD138(Syndecan-1)_A0810,1.056506905325578,0.9007028896341476,0.5522147640232754,0.23765359356370722,0.3569631969547835,FusionVI
fusionvi,2026,pred_log,ADT_CD152_A0388,0.9845399721002577,0.9256487998462317,0.33540014312222405,0.02326902382432155,0.13560457304341222,FusionVI
fusionvi,2026,pred_log,ADT_CD155(PVR)_A1011,1.150704681739352,1.0158183209446672,0.5405870914200255,0.5873330713250849,0.6236347431810287,FusionVI
fusionvi,2026,pred_log,ADT_CD159a(NKG2AB6)_A0927,0.9729020955709797,0.8088049265486441,0.540715339487437,0.04922087565073315,0.1775891966629824,FusionVI
fusionvi,2026,pred_log,ADT_CD160_A1006,0.9085261899759312,0.7344139870183176,0.5348419706268612,0.05358145592298024,0.10766557705292137,FusionVI
fusionvi,2026,pred_log,ADT_CD163_A0417,0.8668463441015027,0.6453548381977366,0.5787397662999271,0.024465053024687062,0.2524659917063083,FusionVI
fusionvi,2026,pred_log,ADT_CD170(Singlec-F)_A0431,0.9870432109644034,0.8436611110438159,0.5123380036881924,0.04269332453357709,0.10675075343463701,FusionVI
fusionvi,2026,pred_log,ADT_CD178(FasL)_A1012,0.8442753709757466,0.6480328475253035,0.5411601708962632,0.046755420757739384,0.08367669060669661,FusionVI
fusionvi,2026,pred_log,ADT_CD182(CXCR2)_A0909,0.993153429420581,0.9351142126227653,0.33453720827547784,0.10048608370201723,0.29237596315660913,FusionVI
fusionvi,2026,pred_log,ADT_CD185(CXCR5)_A0846,1.294359366948223,1.1947625787114549,0.4979041587668364,0.522671223341876,0.5368637374496343,FusionVI
fusionvi,2026,pred_log,ADT_CD186(CXCR6)_A0926,1.085445965035666,0.9399134936259202,0.5429139595848308,0.06984969136661968,0.16922509955253848,FusionVI
fusionvi,2026,pred_log,ADT_CD193(CCR3)_A0808,1.0301503804154009,0.9198982092609136,0.46367778776701846,0.13926019040442364,0.2803217487390492,FusionVI
fusionvi,2026,pred_log,ADT_CD194(CCR4)_A0833,0.922446225052127,0.7293477158084276,0.5647645062837523,0.0503298523107098,0.07329652811156007,FusionVI
fusionvi,2026,pred_log,ADT_CD198(CCR8)_A0907,0.9151812215321143,0.7111703164377339,0.5760151467304114,0.07566569127363793,0.15130722003499839,FusionVI
fusionvi,2026,pred_log,ADT_CD199(CCR9)_A0854,1.3854116468924353,1.276563950684898,0.5382842289691324,0.28165803885284724,0.4344535003560197,FusionVI
fusionvi,2026,pred_log,ADT_CD1d(CD1.1_Ly-38)_A0851,1.4011469685239473,1.3129550302500426,0.4892462733071412,0.7298291266931393,0.765572444322714,FusionVI
fusionvi,2026,pred_log,ADT_CD2_A0892,1.2222275294559526,1.1736212395573542,0.3412525748179148,0.7608870223277547,0.8569015542117261,FusionVI
fusionvi,2026,pred_log,ADT_CD200R(OX2R)_A0807,1.0440028970598776,0.9515982467291018,0.4294215014312478,0.10735416415964744,0.20931770851239065,FusionVI
fusionvi,2026,pred_log,ADT_CD200R3_A0809,0.9435389925626706,0.7809296062776309,0.5295420479293617,0.04460942470739385,0.1093847357663408,FusionVI
fusionvi,2026,pred_log,ADT_CD207(Langerin)_A0437,0.919504416010707,0.7822970479248034,0.483218066582044,0.018473985490074413,0.05778701890159748,FusionVI
fusionvi,2026,pred_log,ADT_CD22_A0827,0.9342739582125839,0.6930712537287039,0.6265142187126415,0.6636125295967494,0.6898887789052893,FusionVI
fusionvi,2026,pred_log,ADT_CD226(DNAM-1)_A0852,1.1333774523014588,0.9937155278252198,0.5450448597540833,0.7219289710329196,0.800597021491014,FusionVI
fusionvi,2026,pred_log,ADT_CD252(OX40Ligand)_A0924,0.8950618708435701,0.7037032496931467,0.5531161623106727,0.02824707876486586,0.07118189885869612,FusionVI
fusionvi,2026,pred_log,ADT_CD253(TRAIL)_A0925,0.9647398269628195,0.8035403866863793,0.5338967884264995,0.03647559345789965,0.07623921427130688,FusionVI
fusionvi,2026,pred_log,ADT_CD26(DPP-4)_A0883,1.1992476216217767,1.1618878959086316,0.2970039988056609,0.5834310550070853,0.6145941261460311,FusionVI
fusionvi,2026,pred_log,ADT_CD27_A0191,1.3466538173317748,1.225642458800016,0.5579220975376835,0.7469169529071588,0.8741294979821079,FusionVI
fusionvi,2026,pred_log,ADT_CD270(HVEM)_A0885,1.2264203407981524,1.1360935474869072,0.4619505424631827,0.7646755710882315,0.7600846767170524,FusionVI
fusionvi,2026,pred_log,ADT_CD272(BTLA)_A0881,1.2004993791770118,1.1092485329261896,0.4590930751007007,0.6685711893671406,0.6568376582196106,FusionVI
fusionvi,2026,pred_log,ADT_CD273(B7-DC_PD-L2)_A0914,0.9387372400446383,0.7559325017783397,0.5565911053922356,0.02893792096233167,0.17488164756889196,FusionVI
fusionvi,2026,pred_log,ADT_CD278(ICOS)_A0847,1.0830034414114098,0.9766684333772919,0.46799062528348945,0.10623298003282444,0.22902440158302942,FusionVI
fusionvi,2026,pred_log,ADT_CD3_A0182,1.1050823863797716,0.9495048514558364,0.5653738743067207,0.56343981329942,0.6076610482296295,FusionVI
fusionvi,2026,pred_log,ADT_CD300c-d_A0876,0.9647264290565175,0.8053967961403621,0.5310678710738879,0.022586125816503398,0.06860067198735047,FusionVI
fusionvi,2026,pred_log,ADT_CD309(VEGFR2_Flk-1)_A0554,1.330533803959072,1.217199863123594,0.5373496968358764,0.04133019135130977,0.07130134336602423,FusionVI
fusionvi,2026,pred_log,ADT_CD309(VEGFR2_Flk-1)_A0553,1.509556791033006,1.4591959126723564,0.3866639287470989,0.012829293197295567,0.03927377859447233,FusionVI
fusionvi,2026,pred_log,ADT_CD31_A0904,1.2210446943675368,1.1677451932258411,0.3568211167252901,0.6426610930848625,0.7043501803680111,FusionVI
fusionvi,2026,pred_log,ADT_CD314(NKG2D)_A0835,1.1065807509050973,0.9689489719214985,0.5344706241561912,0.10796155369667514,0.16737565836049317,FusionVI
fusionvi,2026,pred_log,ADT_CD317(BST2_PDCA-1)_A0811,1.0520340791355185,0.9044551745608361,0.5373421078536513,0.10832469776667164,0.30704592704625977,FusionVI
fusionvi,2026,pred_log,ADT_CD339(Jagged1)_A0887,0.9706816986720593,0.9037620038562458,0.354171145807494,0.08595179455184346,0.1959139808138526,FusionVI
fusionvi,2026,pred_log,ADT_CD34_A0857,1.0229961550684656,0.905078466976786,0.4768166334134814,0.058354809889744175,0.12214446283451122,FusionVI
fusionvi,2026,pred_log,ADT_CD34_A0823,1.012342172847452,0.9502059639340267,0.34920667380460674,0.046267365421295885,0.18461785685895857,FusionVI
fusionvi,2026,pred_log,ADT_CD365(Tim-1)_A1013,1.0298106581406432,0.8619959937710305,0.5634473341340114,0.0384717305536139,0.06755428261751864,FusionVI
fusionvi,2026,pred_log,ADT_CD371(CLEC12A)_A0825,1.2713131443953034,1.1339012722157251,0.5748956566019118,0.43598492357253094,0.512311661603722,FusionVI
fusionvi,2026,pred_log,ADT_CD39_A0834,1.1348248790721038,1.075980919416165,0.360683472331825,0.5045000346904035,0.7403244922732799,FusionVI
fusionvi,2026,pred_log,ADT_CD3e_A0094,1.0836424503697915,0.903879084437618,0.5977320143338605,0.548079631107337,0.6008300677256873,FusionVI
fusionvi,2026,pred_log,ADT_CD40_A0903,1.1664142091895633,1.0456083176248243,0.5169384426728609,0.6023309340086639,0.6149003466370234,FusionVI
fusionvi,2026,pred_log,ADT_CD44_A0073,1.326570573113203,1.2024489344060951,0.5602731883604186,0.8110138397989012,0.8551746324932262,FusionVI
fusionvi,2026,pred_log,ADT_CD49a_A0850,1.0401486206087827,0.9687771370884641,0.3786555315970027,0.19470787782100543,0.46096769642826096,FusionVI
fusionvi,2026,pred_log,ADT_CD49b_A0421,1.0538783372432314,0.8566037063549518,0.6139133814875553,0.20725281752267113,0.6326957148877791,FusionVI
fusionvi,2026,pred_log,ADT_CD51_A1008,1.2092052229273076,1.1213360701293529,0.45252921340115276,0.29086792919147036,0.34218844047110647,FusionVI
fusionvi,2026,pred_log,ADT_CD61_A0910,1.0992297468934205,0.9559447429946314,0.5426561386331638,0.5665052318825234,0.6026506659608502,FusionVI
fusionvi,2026,pred_log,ADT_CD80_A0849,0.9967257344707559,0.880004417693338,0.4680324930989766,0.26797196461397804,0.436127283510778,FusionVI
fusionvi,2026,pred_log,ADT_CD85k(gp49Receptor)_A1007,1.0610649079507526,0.909138771359681,0.5471064186199133,0.1019462314139005,0.17792267499486528,FusionVI
fusionvi,2026,pred_log,ADT_CD9_A0813,1.5036773148314406,1.3565091795891382,0.6487898834207051,0.5672519899583763,0.7113241638689632,FusionVI
fusionvi,2026,pred_log,ADT_CD94_A1009,1.0051642606409694,0.8284734952863618,0.5691984350627406,0.05886708614409441,0.3616288168777139,FusionVI
fusionvi,2026,pred_log,ADT_CD95(Fas)_A0917,1.027112882827178,0.858031565709492,0.5645730300994135,0.20009274500759142,0.2353037050848107,FusionVI
fusionvi,2026,pred_log,ADT_D62E(E-selectin)_A0379,1.0607851963117902,0.9646176812929634,0.44133656278534905,0.04012487608610353,0.1407000149564026,FusionVI
fusionvi,2026,pred_log,ADT_DLL1_A0884,0.7733150427882883,0.553236409046585,0.5403199340278726,0.03445277624919133,0.08497398501507962,FusionVI
fusionvi,2026,pred_log,ADT_DR3(TNFRSF25)_A0836,0.9538435849161967,0.7774248915963191,0.5526555187566727,0.049418890977136365,0.07788141348311489,FusionVI
fusionvi,2026,pred_log,ADT_ENPP1_A0891,1.0413369217151591,0.954985412437014,0.4151932641068145,0.018844081612109678,0.11273420636668384,FusionVI
fusionvi,2026,pred_log,ADT_GABRB3_A0435,1.0347455719803644,0.8831699128224516,0.5391746505707743,0.045746369816729054,0.09251118252814833,FusionVI
fusionvi,2026,pred_log,ADT_GITRLigand_A0880,1.0556584733225702,0.9633702680535725,0.4316625289830891,0.06013661638251548,0.15004050339435693,FusionVI
fusionvi,2026,pred_log,ADT_IL-21Receptor_A0879,1.012646087375157,0.8669882526597702,0.523243220716847,0.04978914645982134,0.07101111578398762,FusionVI
fusionvi,2026,pred_log,ADT_IL-33Ra(IL1RL1_ST2)_A0837,0.9329342606462558,0.8646615231872751,0.3503238287741966,0.06562345122478615,0.18627628604490964,FusionVI
fusionvi,2026,pred_log,ADT_JAML_A0877,1.0488911478666816,0.9206551818275174,0.5025601220224086,0.09914688775779781,0.15646731307037168,FusionVI
fusionvi,2026,pred_log,ADT_KCC2_A0438,0.8693377789571689,0.6829491718252744,0.537892742677705,0.04534673089384467,0.07075432819050995,FusionVI
fusionvi,2026,pred_log,ADT_KLRG1(MAFA)_A0250,0.957365383650251,0.7847973210117177,0.5483079816532053,0.030949797977875112,0.10440638660790966,FusionVI
fusionvi,2026,pred_log,ADT_Ly-49A_A0842,0.9762739458780255,0.6903860475831802,0.6902738027063624,0.32191358830640154,0.4783210089806235,FusionVI
fusionvi,2026,pred_log,ADT_Ly-6G_A0015,0.959680382352642,0.7849035635146433,0.5521891272512565,0.06116668570361678,0.3263487846951013,FusionVI
fusionvi,2026,pred_log,ADT_Ly-6G-Ly-6C(Gr-1)_A0116,1.2567729772677416,1.111862151376245,0.5858676238941118,0.04815529789007739,0.6434836645466682,FusionVI
fusionvi,2026,pred_log,ADT_Ly108_A0930,1.2762667734996223,1.191784598394408,0.456624953511057,0.6708373224294614,0.6692742691486472,FusionVI
fusionvi,2026,pred_log,ADT_Ly49D_A0841,1.003670905811453,0.8259366258975315,0.5702490483756735,0.051554658975683315,0.3207401281505054,FusionVI
fusionvi,2026,pred_log,ADT_Ly49G_A0840,1.1101675993071813,1.0405521636306467,0.38694094292928966,0.053903989078214344,0.15247735441015117,FusionVI
fusionvi,2026,pred_log,ADT_Ly49H_A0839,1.0158386866639675,0.9040238779158385,0.4633239314789862,0.07146155921491613,0.29324228513872436,FusionVI
fusionvi,2026,pred_log,ADT_Mac-2(Galectin-3)_A0895,1.094407559631045,0.9545493608983956,0.5353161908498512,0.023665884908846004,0.07167837471665317,FusionVI
fusionvi,2026,pred_log,ADT_Notch4_A0888,1.0272456827768885,0.9805303753851118,0.3062578582353377,0.10971496030185257,0.2591544646004912,FusionVI
fusionvi,2026,pred_log,ADT_P2X7R_A0824,1.0747793057743735,0.9378048721538025,0.52504531031654,0.09726260926794673,0.15864500131220885,FusionVI
fusionvi,2026,pred_log,ADT_PIR-A-B_A0882,1.1807166228607342,1.0825579371982406,0.47133857905829146,0.6687036523348847,0.7638443299006711,FusionVI
fusionvi,2026,pred_log,ADT_PLZF_A0878,1.0069169337977215,0.8592931366847577,0.5248780970997386,0.03726238298260715,0.0785397625995425,FusionVI
fusionvi,2026,pred_log,ADT_Slc7a1(Cat-1_ERR)_A0889,1.0029712554319643,0.8725326273252122,0.49460909158211847,0.04700933052656473,0.12461299711833551,FusionVI
fusionvi,2026,pred_log,ADT_TCRVb13.1_A0908,0.9489821672324815,0.7757211097031592,0.5466478882115344,0.015680844318216768,0.03765379878133758,FusionVI
fusionvi,2026,pred_log,ADT_TIGIT(Vstm3)_A0848,1.0068340054275553,0.9349233611440921,0.37367502361318256,0.10478648848967602,0.20012992355662995,FusionVI
fusionvi,2026,pred_log,ADT_TLR4(CD284)-MD2Complex_A0875,1.0616417715868824,0.9176062221714889,0.5339307747360713,0.03419159345341844,0.07351386081204943,FusionVI
fusionvi,2026,pred_log,ADT_IsotypeCtrlAPCRatIgG1_l_A0237,1.0068874318551428,0.8688597200874113,0.5088271683365874,0.045540550458173804,0.09231242407547846,FusionVI
fusionvi,2026,pred_log,ADT_IsotypeCtrlArm.HamsterIgG_A0241,1.146327436687977,1.0013643724083798,0.5579748970829703,0.001288006153883813,0.004303712786395352,FusionVI
fusionvi,2026,pred_log,ADT_IsotypeCtrlMouseIgG1_k(FC)_A0090,1.0106061305838354,0.8602294716520448,0.5304055121082769,0.040186493243963256,0.095101087666666,FusionVI
fusionvi,2026,pred_log,ADT_IsotypeCtrlMouseIgG2a_k_A0091,0.8667552038584333,0.6873213651359034,0.528066212177391,0.03448713092846694,0.06677507922356107,FusionVI
fusionvi,2026,pred_log,ADT_IsotypeCtrlMouseIgG2b_k_A0092,1.0001552946110865,0.8520305380038167,0.5237886746078707,0.020373361509079403,0.03908222480442595,FusionVI
fusionvi,2026,pred_log,ADT_IsotypeCtrlRatIgG1_k_A0236,0.8816694109583011,0.756304020330599,0.4531502830753912,0.04931211179708004,0.11535228656717667,FusionVI
fusionvi,2026,pred_log,ADT_IsotypeCtrlRatIgG2a_k_A0238,0.9404435748183203,0.7677302082192383,0.5431615273605863,0.05668506860680349,0.10278528184433368,FusionVI
fusionvi,2026,pred_log,ADT_IsotypeCtrlRatIgG2b_k_A0095,1.0503901554702797,0.919921588299049,0.5070145462313556,0.02815427217122546,0.08511261914001751,FusionVI
fusionvi,2026,pred_log,ADT_IsotypeCtrlRatIgG2c_k_A0240,0.8837714157827642,0.6971546115363181,0.543164213630004,0.017813575819253826,0.04651235685224475,FusionVI
fusionvi,2026,calibrated,ADT_4-1BBLigand(CD137L)_A0890,0.5312689042873942,0.03720067384849256,0.5299648653712307,0.07944119319807968,0.13321461063697382,FusionVI
fusionvi,2026,calibrated,ADT_CD105_A0812,0.5372186525670567,0.03821714306724081,0.5358575656289106,0.15050492932913154,0.22894389106729407,FusionVI
fusionvi,2026,calibrated,ADT_CD107a(LAMP-1)_A0905,0.5510562341766405,0.013678195326095832,0.5508864494590158,0.1797977803778685,0.33129795253811356,FusionVI
fusionvi,2026,calibrated,ADT_CD11b_A0014,0.5980511346548227,0.027905739587918678,0.5973997232674041,0.3149509999298962,0.782178814439851,FusionVI
fusionvi,2026,calibrated,ADT_CD120b(TNFRTypeII-p75)_A0893,0.5307390762227314,0.15721374398068727,0.5069199204345112,0.24976867571056582,0.4209646479913677,FusionVI
fusionvi,2026,calibrated,ADT_CD124(IL-4Ra)_A0916,0.513905555466796,0.13694212357659197,0.4953239089020129,0.3152771879630805,0.315580015670262,FusionVI
fusionvi,2026,calibrated,ADT_CD138(Syndecan-1)_A0810,0.5487373587844494,0.046633569438739905,0.5467522282781608,0.27146051055249565,0.3844543057417001,FusionVI
fusionvi,2026,calibrated,ADT_CD152_A0388,0.3313973301064667,-0.03545002082623379,0.3294958063847165,0.05945369995493826,0.21653009453272903,FusionVI
fusionvi,2026,calibrated,ADT_CD155(PVR)_A1011,0.547742657553963,0.11533020440192399,0.535463316070193,0.594012972796395,0.6263246446643832,FusionVI
fusionvi,2026,calibrated,ADT_CD159a(NKG2AB6)_A0927,0.5322360910104795,0.0333600336407735,0.5311895751326471,0.07869911381905145,0.20990400777567209,FusionVI
fusionvi,2026,calibrated,ADT_CD160_A1006,0.5311709387651565,-0.054851213947260904,0.5283312507482122,0.0841645556875357,0.13680375552122737,FusionVI
fusionvi,2026,calibrated,ADT_CD163_A0417,0.5609180919396604,0.02610006431586407,0.5603105322122155,0.07051540474471849,0.3084623297280011,FusionVI
fusionvi,2026,calibrated,ADT_CD170(Singlec-F)_A0431,0.5085382559118242,-0.020421073642114235,0.5081280719239443,0.03723627636995849,0.15021797764289826,FusionVI
fusionvi,2026,calibrated,ADT_CD178(FasL)_A1012,0.542795907920895,-0.09244297882960187,0.5348660517557452,0.0740469910800607,0.11245652462130415,FusionVI
fusionvi,2026,calibrated,ADT_CD182(CXCR2)_A0909,0.33548849842377926,-0.016947552783133753,0.33506016329803434,0.1328789575263785,0.3103318515206132,FusionVI
fusionvi,2026,calibrated,ADT_CD185(CXCR5)_A0846,0.5396467052211918,0.2485262789221992,0.4790127922521213,0.5356605496408972,0.542817733737176,FusionVI
fusionvi,2026,calibrated,ADT_CD186(CXCR6)_A0926,0.5481413763323052,0.10520193650500292,0.5379512254870991,0.0925226410358606,0.20173960937267976,FusionVI
fusionvi,2026,calibrated,ADT_CD193(CCR3)_A0808,0.4600164515254692,0.013955915451926268,0.4598047064765462,0.15580479036794626,0.2981565010707157,FusionVI
fusionvi,2026,calibrated,ADT_CD194(CCR4)_A0833,0.5657458606398047,-0.10012151504464056,0.5568160028736955,0.08870110834111795,0.12102899544641078,FusionVI
fusionvi,2026,calibrated,ADT_CD198(CCR8)_A0907,0.5857159087525541,-0.11913636442204895,0.5734715794510891,0.09812759366970383,0.1810961080595008,FusionVI
fusionvi,2026,calibrated,ADT_CD199(CCR9)_A0854,0.65852244787092,0.38916026427964445,0.5312307437034335,0.29260414990986267,0.4482267204265334,FusionVI
fusionvi,2026,calibrated,ADT_CD1d(CD1.1_Ly-38)_A0851,0.5721813621354128,0.3131291456507138,0.4788962824236479,0.7419513002497333,0.7750251003856294,FusionVI
fusionvi,2026,calibrated,ADT_CD2_A0892,0.3665687160081477,0.14220407027450815,0.3378618444767414,0.7702337148765706,0.8602177314652942,FusionVI
fusionvi,2026,calibrated,ADT_CD200R(OX2R)_A0807,0.4266130411287538,0.01204954661859703,0.4264428394139244,0.1605603781723865,0.23826920404892757,FusionVI
fusionvi,2026,calibrated,ADT_CD200R3_A0809,0.5245220032597712,-0.02439365080442361,0.523954465296438,0.04861300351856322,0.1473636829003647,FusionVI
fusionvi,2026,calibrated,ADT_CD207(Langerin)_A0437,0.5066605295762006,0.1813879433370749,0.47307854130406696,0.04092789764404511,0.09977456136601406,FusionVI
fusionvi,2026,calibrated,ADT_CD22_A0827,0.5375385101986184,-0.0035652007260044763,0.5375266870494282,0.6761611532925914,0.6963564159939731,FusionVI
fusionvi,2026,calibrated,ADT_CD226(DNAM-1)_A0852,0.5465892097333682,0.13053932830866427,0.5307723127308632,0.731450938596148,0.7995014087661406,FusionVI
fusionvi,2026,calibrated,ADT_CD252(OX40Ligand)_A0924,0.5530837023585671,-0.0809615500517749,0.5471259537143829,0.04820858176371601,0.12105301939799253,FusionVI
fusionvi,2026,calibrated,ADT_CD253(TRAIL)_A0925,0.5289840262236688,-0.010964633550603908,0.528870378080399,0.05345360704276485,0.1200471687709214,FusionVI
fusionvi,2026,calibrated,ADT_CD26(DPP-4)_A0883,0.340214623875295,0.16603617409867782,0.2969477718207048,0.5929239110094432,0.6235599963263959,FusionVI
fusionvi,2026,calibrated,ADT_CD27_A0191,0.6215175850871089,0.31237250837033154,0.5373151073503614,0.7578182398372425,0.8756197885824267,FusionVI
fusionvi,2026,calibrated,ADT_CD270(HVEM)_A0885,0.4777403495159067,0.15787468851337957,0.450900681173122,0.7826852671166641,0.7690276388463868,FusionVI
fusionvi,2026,calibrated,ADT_CD272(BTLA)_A0881,0.47218665203068033,0.1494661541361673,0.44790635530620104,0.6780006556020398,0.6627015920040709,FusionVI
fusionvi,2026,calibrated,ADT_CD273(B7-DC_PD-L2)_A0914,0.5475986350279952,-0.005058916492577223,0.5475752664688607,0.05656135345037138,0.22460726579587206,FusionVI
fusionvi,2026,calibrated,ADT_CD278(ICOS)_A0847,0.4695263437034883,0.07172397608553202,0.4640157957290328,0.12620554855068136,0.25914615775997907,FusionVI
fusionvi,2026,calibrated,ADT_CD3_A0182,0.5561001944400183,0.0736875301671269,0.5511964932345776,0.5668402732852921,0.6136870084004886,FusionVI
fusionvi,2026,calibrated,ADT_CD300c-d_A0876,0.5246534307968447,-0.027644840032096645,0.5239245988369905,0.056705975989642006,0.1187709347398014,FusionVI
fusionvi,2026,calibrated,ADT_CD309(VEGFR2_Flk-1)_A0554,0.6770868343350666,0.42302417228003264,0.5286748820368428,0.046056551733192085,0.09906366322154553,FusionVI
fusionvi,2026,calibrated,ADT_CD309(VEGFR2_Flk-1)_A0553,0.6132828921797584,0.5011834738402408,0.35345584079176817,0.027698452356689718,0.0444885682695877,FusionVI
fusionvi,2026,calibrated,ADT_CD31_A0904,0.3808534234976601,0.15101019647825828,0.3496358830976669,0.6621162625803992,0.7183653338111997,FusionVI
fusionvi,2026,calibrated,ADT_CD314(NKG2D)_A0835,0.5363643897226824,0.09308291148286058,0.528225643217422,0.14198201608483077,0.2026378015313301,FusionVI
fusionvi,2026,calibrated,ADT_CD317(BST2_PDCA-1)_A0811,0.5362750990574306,0.08108386884037437,0.5301097887069589,0.12032368806993769,0.3276011744937552,FusionVI
fusionvi,2026,calibrated,ADT_CD339(Jagged1)_A0887,0.35785474301361586,-0.057522093351733625,0.35320139562829456,0.10349522124964464,0.22325938282822788,FusionVI
fusionvi,2026,calibrated,ADT_CD34_A0857,0.47561899854705564,0.012473358537272128,0.4754554102181447,0.07912251496867091,0.15188298418885027,FusionVI
fusionvi,2026,calibrated,ADT_CD34_A0823,0.3464353129579182,-0.0058860348209706865,0.3463853066432488,0.08238543970975283,0.22517433579584237,FusionVI
fusionvi,2026,calibrated,ADT_CD365(Tim-1)_A1013,0.5596818710854935,0.037990353672911384,0.558391018775882,0.04922974919458598,0.08791295188960405,FusionVI
fusionvi,2026,calibrated,ADT_CD371(CLEC12A)_A0825,0.6148520177479804,0.25470479558698567,0.559614573464416,0.45258249903285885,0.5246825602949654,FusionVI
fusionvi,2026,calibrated,ADT_CD39_A0834,0.37570095122294,0.12267167161371668,0.35510965311199044,0.5350902526165207,0.7495597118548074,FusionVI
fusionvi,2026,calibrated,ADT_CD3e_A0094,0.5700631396183504,0.066575709138577,0.5661622188951043,0.5627267246761951,0.6115098183302231,FusionVI
fusionvi,2026,calibrated,ADT_CD40_A0903,0.5140474011396805,0.14141729904468156,0.4942123816228877,0.6151644133652466,0.6235301037484281,FusionVI
fusionvi,2026,calibrated,ADT_CD44_A0073,0.5837778424582694,0.2115240634968818,0.544108573638572,0.820138583575509,0.8598959544702754,FusionVI
fusionvi,2026,calibrated,ADT_CD49a_A0850,0.37461183925155056,0.02574871773352272,0.37372588034883075,0.24517173060462466,0.48599281289330093,FusionVI
fusionvi,2026,calibrated,ADT_CD49b_A0421,0.6182416645194428,0.030565240712687795,0.6174856450217648,0.2563245156371277,0.6255421547324723,FusionVI
fusionvi,2026,calibrated,ADT_CD51_A1008,0.4798802443296611,0.1713825105453742,0.44823329191065087,0.31383819006375385,0.36234186509739874,FusionVI
fusionvi,2026,calibrated,ADT_CD61_A0910,0.5374060938886872,0.017490764686195065,0.5371213856284146,0.5773016599290927,0.6138872085177912,FusionVI
fusionvi,2026,calibrated,ADT_CD80_A0849,0.46366535329018005,-0.01727038755498387,0.46334360204432484,0.3116942423475648,0.4530342509922124,FusionVI
fusionvi,2026,calibrated,ADT_CD85k(gp49Receptor)_A1007,0.5531221549808233,0.12059423756271133,0.5398158465600087,0.12190115310898583,0.20228046388235082,FusionVI
fusionvi,2026,calibrated,ADT_CD9_A0813,0.7544045623890976,0.4140151230522309,0.6306486514990143,0.6026240153900613,0.7207975080362004,FusionVI
fusionvi,2026,calibrated,ADT_CD94_A1009,0.5617752930558674,0.02639787402060991,0.5611547310102607,0.059612506517906554,0.3819443747411968,FusionVI
fusionvi,2026,calibrated,ADT_CD95(Fas)_A0917,0.5531101635052317,0.11625865660084632,0.5407538975709287,0.21646881668102047,0.2555231495893461,FusionVI
fusionvi,2026,calibrated,ADT_D62E(E-selectin)_A0379,0.4407903403984549,0.04319285574170813,0.4386690112162734,0.06195282373821293,0.190893251831171,FusionVI
fusionvi,2026,calibrated,ADT_DLL1_A0884,0.5363129030404725,-0.06998921355328538,0.5317264709922687,0.05843503574223666,0.12527926121159655,FusionVI
fusionvi,2026,calibrated,ADT_DR3(TNFRSF25)_A0836,0.5437576993798817,-0.00980934329253782,0.5436692123148695,0.07511827660812055,0.11193331037383222,FusionVI
fusionvi,2026,calibrated,ADT_ENPP1_A0891,0.4117680324347527,0.027816022105119298,0.41082743512262554,0.04698882159217491,0.1664092648219827,FusionVI
fusionvi,2026,calibrated,ADT_GABRB3_A0435,0.5365033813687387,0.005969266092115553,0.5364701725934161,0.057172949068610056,0.1174461969900918,FusionVI
fusionvi,2026,calibrated,ADT_GITRLigand_A0880,0.4314366720908664,0.037622552903808074,0.4297931427301292,0.08489877650687669,0.17909254583206957,FusionVI
fusionvi,2026,calibrated,ADT_IL-21Receptor_A0879,0.5316690101368973,0.12265617046729749,0.5173271693872689,0.061256459300361395,0.08961887067663511,FusionVI
fusionvi,2026,calibrated,ADT_IL-33Ra(IL1RL1_ST2)_A0837,0.3599690206250502,-0.09072208941906906,0.3483492475967133,0.09995383986072381,0.22761080221179864,FusionVI
fusionvi,2026,calibrated,ADT_JAML_A0877,0.498005853759414,0.014869357470830815,0.49778382113830055,0.1425179990714071,0.1951388773536613,FusionVI
fusionvi,2026,calibrated,ADT_KCC2_A0438,0.5329942022206157,-0.039676294533886575,0.5315153913602615,0.05594832775411825,0.10067893352119042,FusionVI
fusionvi,2026,calibrated,ADT_KLRG1(MAFA)_A0250,0.5427165516606266,-0.01166720155176851,0.5425911276959401,0.04221278652134826,0.1516502297515506,FusionVI
fusionvi,2026,calibrated,ADT_Ly-49A_A0842,0.6745498683973191,0.054359321482526694,0.6723559988003395,0.3490656206363771,0.4922382780286247,FusionVI
fusionvi,2026,calibrated,ADT_Ly-6G_A0015,0.5466493647141323,-0.027788278180637428,0.5459426156091127,0.10926747193941894,0.3502674256589571,FusionVI
fusionvi,2026,calibrated,ADT_Ly-6G-Ly-6C(Gr-1)_A0116,0.6391135355222973,0.25101512092185746,0.5877563443778281,0.10661324666886685,0.6410101143389281,FusionVI
fusionvi,2026,calibrated,ADT_Ly108_A0930,0.5196923755914256,0.264610910426841,0.44728204897014867,0.6803650354697499,0.6811239389515668,FusionVI
fusionvi,2026,calibrated,ADT_Ly49D_A0841,0.5675401999621217,0.027052486288090392,0.566895088670451,0.05685158027435296,0.3497312369017173,FusionVI
fusionvi,2026,calibrated,ADT_Ly49G_A0840,0.40029117550857485,0.09525461022535062,0.3887924696040965,0.07438281497903064,0.1898188986581196,FusionVI
fusionvi,2026,calibrated,ADT_Ly49H_A0839,0.4580783738396721,-0.02222844392425327,0.4575387337267796,0.09544205902733628,0.3253103127947747,FusionVI
fusionvi,2026,calibrated,ADT_Mac-2(Galectin-3)_A0895,0.545105126394723,0.12752812067772515,0.5299775252387727,0.0671193515702931,0.12011182291465844,FusionVI
fusionvi,2026,calibrated,ADT_Notch4_A0888,0.30467504973136056,0.008488320858186123,0.3045567834375312,0.13185475613507358,0.2845042689453558,FusionVI
fusionvi,2026,calibrated,ADT_P2X7R_A0824,0.5322656881496765,0.11424964538365716,0.5198593860950839,0.10437457134061824,0.18425278750953508,FusionVI
fusionvi,2026,calibrated,ADT_PIR-A-B_A0882,0.48814933952629064,0.16012009382296477,0.4611413375897672,0.67755688500294,0.7700662418397993,FusionVI
fusionvi,2026,calibrated,ADT_PLZF_A0878,0.5241071739448627,0.025649841335409488,0.5234791451623826,0.047715128178456315,0.13069228765581825,FusionVI
fusionvi,2026,calibrated,ADT_Slc7a1(Cat-1_ERR)_A0889,0.49328312663137064,-0.00861112079312471,0.4932079598079371,0.038500448408999834,0.1597256073264172,FusionVI
fusionvi,2026,calibrated,ADT_TCRVb13.1_A0908,0.5399400002727092,0.043033032324004336,0.5382224094400887,0.022886312827211503,0.08164852377680488,FusionVI
fusionvi,2026,calibrated,ADT_TIGIT(Vstm3)_A0848,0.37595650230002653,-0.01604294552494712,0.37561405128210157,0.10773665081702781,0.20881098567719525,FusionVI
fusionvi,2026,calibrated,ADT_TLR4(CD284)-MD2Complex_A0875,0.5328308580288074,0.07369448348485585,0.5277100021523333,0.07237662977795685,0.11482588880678503,FusionVI
fusionvi,2026,calibrated,ADT_IsotypeCtrlAPCRatIgG1_l_A0237,0.5030208481068466,-0.00454895035672966,0.5030002790066667,0.06703482540366752,0.1397894372589108,FusionVI
fusionvi,2026,calibrated,ADT_IsotypeCtrlArm.HamsterIgG_A0241,0.5795588982400572,0.18518083522649711,0.5491780902348976,0.0018682840358069002,0.006920144670098569,FusionVI
fusionvi,2026,calibrated,ADT_IsotypeCtrlMouseIgG1_k(FC)_A0090,0.5275464208443622,0.05028785866298099,0.5251441301364692,0.058012044323835214,0.1245717161969143,FusionVI
fusionvi,2026,calibrated,ADT_IsotypeCtrlMouseIgG2a_k_A0091,0.5230967659471183,-0.016294347560013536,0.5228429217096928,0.03987018685346294,0.08511844298216699,FusionVI
fusionvi,2026,calibrated,ADT_IsotypeCtrlMouseIgG2b_k_A0092,0.5387169715377367,0.14528351419660349,0.5187568562684037,0.03967568240121879,0.07875132228519162,FusionVI
fusionvi,2026,calibrated,ADT_IsotypeCtrlRatIgG1_k_A0236,0.48359835697049164,-0.1793071291339185,0.44912840514301644,0.10070974716068239,0.16802987214667223,FusionVI
fusionvi,2026,calibrated,ADT_IsotypeCtrlRatIgG2a_k_A0238,0.5452867179990005,-0.0831569863949725,0.5389086383050732,0.05684953578402849,0.148230905507411,FusionVI
fusionvi,2026,calibrated,ADT_IsotypeCtrlRatIgG2b_k_A0095,0.5071553411150944,0.05650894958348742,0.5039973002294139,0.058687348575876035,0.1325115241597858,FusionVI
fusionvi,2026,calibrated,ADT_IsotypeCtrlRatIgG2c_k_A0240,0.5343314819055968,0.008598895796327635,0.5342622872209075,0.03452081485427932,0.10185492438585293,FusionVI
fusionvi,2027,log_mean,ADT_4-1BBLigand(CD137L)_A0890,1.083632386049995,0.946335833631105,0.5279276826252673,0.07996844795676487,0.13932005364831165,FusionVI
fusionvi,2027,log_mean,ADT_CD105_A0812,1.0992753657835486,0.9620330529647113,0.531882256539822,0.1537231971702244,0.23614802342339744,FusionVI
fusionvi,2027,log_mean,ADT_CD107a(LAMP-1)_A0905,1.1004363121800163,0.953691817393347,0.5490282275086344,0.18941940845965136,0.3353710624114067,FusionVI
fusionvi,2027,log_mean,ADT_CD11b_A0014,1.196500885186078,1.035623414413281,0.5992482889170262,0.3295513893109412,0.7827317872534306,FusionVI
fusionvi,2027,log_mean,ADT_CD120b(TNFRTypeII-p75)_A0893,1.223414327839364,1.1138227552649405,0.5061042258434368,0.25310409279346663,0.4254721508634771,FusionVI
fusionvi,2027,log_mean,ADT_CD124(IL-4Ra)_A0916,1.2380977568229514,1.1365926989551773,0.49096139576521236,0.328179767351157,0.3311284324053194,FusionVI
fusionvi,2027,log_mean,ADT_CD138(Syndecan-1)_A0810,1.1898808498403928,1.0577414588145841,0.544976552818215,0.2830557312251899,0.39135713935436334,FusionVI
fusionvi,2027,log_mean,ADT_CD152_A0388,1.0477163161226741,0.9905465421257538,0.3413605527186471,-0.043411448609441454,-0.041560630756548554,FusionVI
fusionvi,2027,log_mean,ADT_CD155(PVR)_A1011,1.2435490549689792,1.1218755898639623,0.5364787162428346,0.5987874214030335,0.6292173746650466,FusionVI
fusionvi,2027,log_mean,ADT_CD159a(NKG2AB6)_A0927,1.0622723086852877,0.9167183003697235,0.5367029118299727,0.07075513354691139,0.2018056871760889,FusionVI
fusionvi,2027,log_mean,ADT_CD160_A1006,0.973165990508273,0.8179344700509347,0.5272904776159144,0.07250249143383408,0.13896306316279086,FusionVI
fusionvi,2027,log_mean,ADT_CD163_A0417,1.0332500181659785,0.8524091708092075,0.5839556537617491,0.0727195564269016,0.29954111432893055,FusionVI
fusionvi,2027,log_mean,ADT_CD170(Singlec-F)_A0431,1.0353982020554557,0.903804213399641,0.5051607473474965,0.05674383272837708,0.16451396348792632,FusionVI
fusionvi,2027,log_mean,ADT_CD178(FasL)_A1012,0.9186777071600649,0.7471253294768159,0.5345769090477193,0.07471698999368884,0.1035299143794312,FusionVI
fusionvi,2027,log_mean,ADT_CD182(CXCR2)_A0909,1.0164319772435713,0.9620992224265057,0.32787047834407784,0.15784537033468463,0.328237240226594,FusionVI
fusionvi,2027,log_mean,ADT_CD185(CXCR5)_A0846,1.3404408731366821,1.248995598406907,0.4866125044997911,0.5341815512052005,0.5441494479358682,FusionVI
fusionvi,2027,log_mean,ADT_CD186(CXCR6)_A0926,1.182084592888831,1.052640554333285,0.5378399837479543,0.08274010400951685,0.19426557916485768,FusionVI
fusionvi,2027,log_mean,ADT_CD193(CCR3)_A0808,1.0823894141293298,0.9812881118416836,0.4567718088689006,0.17366209407654853,0.29971526775842827,FusionVI
fusionvi,2027,log_mean,ADT_CD194(CCR4)_A0833,1.003856488852291,0.8357799224566712,0.5560573454502157,0.08601416187151924,0.12381230035336574,FusionVI
fusionvi,2027,log_mean,ADT_CD198(CCR8)_A0907,1.000841711286952,0.8237352090351758,0.5684579460677267,0.10986992682423988,0.1925269797434286,FusionVI
fusionvi,2027,log_mean,ADT_CD199(CCR9)_A0854,1.4598042122793113,1.3593497316147916,0.5321622359272858,0.2959312343382093,0.448624245417,FusionVI
fusionvi,2027,log_mean,ADT_CD1d(CD1.1_Ly-38)_A0851,1.4812945534432456,1.4003564308868657,0.4829445315296414,0.7462650280897246,0.7757514646405325,FusionVI
fusionvi,2027,log_mean,ADT_CD2_A0892,1.2671057915288946,1.2215039321478542,0.3368756902380808,0.7718722836650591,0.8641442687359931,FusionVI
fusionvi,2027,log_mean,ADT_CD200R(OX2R)_A0807,1.0811810046956922,0.9940503150215169,0.42522504173713616,0.1495195279178327,0.23874837799405277,FusionVI
fusionvi,2027,log_mean,ADT_CD200R3_A0809,1.0132050889716955,0.8676628650131746,0.5232071339299895,0.057319748103957215,0.15345066850971772,FusionVI
fusionvi,2027,log_mean,ADT_CD207(Langerin)_A0437,1.0614948427496556,0.9512261199811459,0.4711052640861354,0.059212036926690685,0.09249580459629395,FusionVI
fusionvi,2027,log_mean,ADT_CD22_A0827,1.012896969886153,0.8119824926320656,0.60551193486465,0.6733039756859804,0.6970700647677522,FusionVI
fusionvi,2027,log_mean,ADT_CD226(DNAM-1)_A0852,1.2276383035760356,1.1062725723821716,0.5322187520201858,0.7357812647218109,0.8061045645171729,FusionVI
fusionvi,2027,log_mean,ADT_CD252(OX40Ligand)_A0924,0.9708356534323951,0.803714464142562,0.5445777502832024,0.045683654264496484,0.11689870899354161,FusionVI
fusionvi,2027,log_mean,ADT_CD253(TRAIL)_A0925,1.0498617160293247,0.9080036112890355,0.527009548936324,0.0591209131983323,0.11551929555166751,FusionVI
fusionvi,2027,log_mean,ADT_CD26(DPP-4)_A0883,1.2318241169226636,1.1961617215640625,0.2942580345500067,0.5932713424069594,0.621646238589347,FusionVI
fusionvi,2027,log_mean,ADT_CD27_A0191,1.4614705197431306,1.353175791810709,0.5520972346748968,0.7555155075929822,0.8758760193231281,FusionVI
fusionvi,2027,log_mean,ADT_CD270(HVEM)_A0885,1.278879566921377,1.1962732611480347,0.4521761065682509,0.782657642293577,0.7679857713804492,FusionVI
fusionvi,2027,log_mean,ADT_CD272(BTLA)_A0881,1.257482123679748,1.1738622419494638,0.4508976916102529,0.6804160324967337,0.6639342972612763,FusionVI
fusionvi,2027,log_mean,ADT_CD273(B7-DC_PD-L2)_A0914,1.039580141349383,0.8824717659004144,0.549518382473756,0.06328268466595685,0.21933536946160584,FusionVI
fusionvi,2027,log_mean,ADT_CD278(ICOS)_A0847,1.1307233872444749,1.0318278683444815,0.46245716403708453,0.13778503920763116,0.2671356846532049,FusionVI
fusionvi,2027,log_mean,ADT_CD3_A0182,1.191705341309904,1.0524722277875842,0.5589846422240312,0.5707968614813447,0.6137097755967127,FusionVI
fusionvi,2027,log_mean,ADT_CD300c-d_A0876,1.0264929461557164,0.8833412671005124,0.5228728089551653,0.06254570661075555,0.12090264150501914,FusionVI
fusionvi,2027,log_mean,ADT_CD309(VEGFR2_Flk-1)_A0554,1.4631655552057148,1.3653685243785438,0.5259488897000373,0.03606319539856531,0.1142755108572901,FusionVI
fusionvi,2027,log_mean,ADT_CD309(VEGFR2_Flk-1)_A0553,2.0140129318915294,1.9778192692107759,0.3801039702039724,0.019950920195835033,0.03873592685571413,FusionVI
fusionvi,2027,log_mean,ADT_CD31_A0904,1.2740764388957868,1.2245925126924864,0.351630416782859,0.6613126850953576,0.7194460811163409,FusionVI
fusionvi,2027,log_mean,ADT_CD314(NKG2D)_A0835,1.1708157230346075,1.0448059528332008,0.5283843092194271,0.15472518829217657,0.20113421467583065,FusionVI
fusionvi,2027,log_mean,ADT_CD317(BST2_PDCA-1)_A0811,1.1201071835777996,0.9882468224380244,0.5272649434996484,0.1352897017699378,0.3331985973428198,FusionVI
fusionvi,2027,log_mean,ADT_CD339(Jagged1)_A0887,0.9931043569004474,0.929699352047113,0.349163827590728,0.12504576421917465,0.24379618369578143,FusionVI
fusionvi,2027,log_mean,ADT_CD34_A0857,1.0694487259880618,0.9598769152953845,0.4715473306047313,0.0632753482877559,0.1686125062921531,FusionVI
fusionvi,2027,log_mean,ADT_CD34_A0823,1.043177336571853,0.9843856379711022,0.34525913643715966,0.08772299801368778,0.22239065161868288,FusionVI
fusionvi,2027,log_mean,ADT_CD365(Tim-1)_A1013,1.097396090981843,0.9460125351523017,0.5561820419942495,0.048977520839674084,0.09213135601269644,FusionVI
fusionvi,2027,log_mean,ADT_CD371(CLEC12A)_A0825,1.3748726496501473,1.2533535429099274,0.56513688539243,0.4498161812345929,0.5261904087645092,FusionVI
fusionvi,2027,log_mean,ADT_CD39_A0834,1.17667039899168,1.1202293957833738,0.3600546190316671,0.5285798919156355,0.7413349343796477,FusionVI
fusionvi,2027,log_mean,ADT_CD3e_A0094,1.1775241904542382,1.0242171862369602,0.5809839709679533,0.5689441829749656,0.6115127818702155,FusionVI
fusionvi,2027,log_mean,ADT_CD40_A0903,1.2316059551707956,1.1235754026850566,0.5044120768709018,0.6164507924098261,0.6245502449215277,FusionVI
fusionvi,2027,log_mean,ADT_CD44_A0073,1.4243573202782938,1.311091510337887,0.5566262905669204,0.8252211694516663,0.8641770730780767,FusionVI
fusionvi,2027,log_mean,ADT_CD49a_A0850,1.0943532912737803,1.028757149208513,0.3731860850488736,0.26097878688282844,0.4852266264078041,FusionVI
fusionvi,2027,log_mean,ADT_CD49b_A0421,1.1933884140536104,1.0257353295284584,0.6099532281695661,0.24689935846510333,0.6410340613327837,FusionVI
fusionvi,2027,log_mean,ADT_CD51_A1008,1.2509480347287398,1.168742263619359,0.44599608386344075,0.31788840667272394,0.37083410182734416,FusionVI
fusionvi,2027,log_mean,ADT_CD61_A0910,1.215195948008282,1.090339565221916,0.5365266298771836,0.5735995912299154,0.6111546015360304,FusionVI
fusionvi,2027,log_mean,ADT_CD80_A0849,1.0387033137388666,0.9302506522853483,0.4621020427294711,0.304665471218744,0.4546495494853566,FusionVI
fusionvi,2027,log_mean,ADT_CD85k(gp49Receptor)_A1007,1.1348385797397635,0.9986563696866193,0.5390213885830991,0.12212354900830033,0.2063885021259436,FusionVI
fusionvi,2027,log_mean,ADT_CD9_A0813,1.6631948636565719,1.5404345405449136,0.6271192715821692,0.6054535689334904,0.7261430212309,FusionVI
fusionvi,2027,log_mean,ADT_CD94_A1009,1.1135606678272356,0.9575704195158694,0.5683979702637815,0.08509665587491669,0.3872945372358709,FusionVI
fusionvi,2027,log_mean,ADT_CD95(Fas)_A0917,1.124648977481899,0.9809668198942686,0.5500358359393972,0.22046144827443007,0.25831889260821767,FusionVI
fusionvi,2027,log_mean,ADT_D62E(E-selectin)_A0379,1.104786644605266,1.0152965018328257,0.4355761052492924,0.09495455300604559,0.20419359903465228,FusionVI
fusionvi,2027,log_mean,ADT_DLL1_A0884,0.8619359157332618,0.681377830035108,0.5278804557544843,0.044261306534541696,0.14745840958589845,FusionVI
fusionvi,2027,log_mean,ADT_DR3(TNFRSF25)_A0836,1.0256107249356927,0.8696674078509024,0.5436505852337237,0.0734408714347668,0.11621346183651649,FusionVI
fusionvi,2027,log_mean,ADT_ENPP1_A0891,1.0805406821240475,0.9999699938514913,0.40942420192473344,0.07012110336513519,0.17002644790450372,FusionVI
fusionvi,2027,log_mean,ADT_GABRB3_A0435,1.0907471566526021,0.95182568436083,0.5326886767491193,0.07071635821061692,0.136240923819911,FusionVI
fusionvi,2027,log_mean,ADT_GITRLigand_A0880,1.0842902153608185,0.9962115165698882,0.4280746259481882,0.07290062719607765,0.18321370899989495,FusionVI
fusionvi,2027,log_mean,ADT_IL-21Receptor_A0879,1.0943662044556273,0.9660709157540908,0.5141443135819123,0.08951360140868889,0.11029596380369945,FusionVI
fusionvi,2027,log_mean,ADT_IL-33Ra(IL1RL1_ST2)_A0837,0.9551090875108613,0.8903116350934649,0.34580133236152594,0.11535046199466986,0.23727231725165776,FusionVI
fusionvi,2027,log_mean,ADT_JAML_A0877,1.1025707571957382,0.9847120854153175,0.4959882896401286,0.15768700500947552,0.20926724849342096,FusionVI
fusionvi,2027,log_mean,ADT_KCC2_A0438,0.9507102818851046,0.7890010390926103,0.5304030546601404,0.06327282255569806,0.1067450080217907,FusionVI
fusionvi,2027,log_mean,ADT_KLRG1(MAFA)_A0250,1.0514597375449524,0.9008386967265054,0.542270432679269,0.04859070145884213,0.16077097696464385,FusionVI
fusionvi,2027,log_mean,ADT_Ly-49A_A0842,1.300732926209085,1.0876828513527643,0.7133387415509553,0.3503638564175967,0.48636701859064596,FusionVI
fusionvi,2027,log_mean,ADT_Ly-6G_A0015,1.0395998123488395,0.8866433877377415,0.5427994775390264,0.09317675421890924,0.3510812990020217,FusionVI
fusionvi,2027,log_mean,ADT_Ly-6G-Ly-6C(Gr-1)_A0116,1.399590923694518,1.2734085929826942,0.5807626959488936,0.10011080475644657,0.6513770334676335,FusionVI
fusionvi,2027,log_mean,ADT_Ly108_A0930,1.3478220216036527,1.2725651830790299,0.44407438198431237,0.6802752688629,0.6847195152264279,FusionVI
fusionvi,2027,log_mean,ADT_Ly49D_A0841,1.1051987912988026,0.9476969391276885,0.5686254301878332,0.06106824921720647,0.3491724720116111,FusionVI
fusionvi,2027,log_mean,ADT_Ly49G_A0840,1.145596133365839,1.0797376393331446,0.3828278085379903,0.09173988018633168,0.193290307141283,FusionVI
fusionvi,2027,log_mean,ADT_Ly49H_A0839,1.0664434715370854,0.9625098562734256,0.4592128641061117,0.11675863419317421,0.3313959555778387,FusionVI
fusionvi,2027,log_mean,ADT_Mac-2(Galectin-3)_A0895,1.1606733726642888,1.034240356126233,0.5267917650948261,0.05994951445811267,0.1337386423796927,FusionVI
fusionvi,2027,log_mean,ADT_Notch4_A0888,1.0463437891218768,1.0013103581130964,0.3036657566624103,0.1340939415912986,0.29256416107836913,FusionVI
fusionvi,2027,log_mean,ADT_P2X7R_A0824,1.1368993242132392,1.0116769856819439,0.5187000578734915,0.11795982079465066,0.18479591118315422,FusionVI
fusionvi,2027,log_mean,ADT_PIR-A-B_A0882,1.2507710111579875,1.1621011159269155,0.46254634223450936,0.6763221521454834,0.7688433088777372,FusionVI
fusionvi,2027,log_mean,ADT_PLZF_A0878,1.0877046459391289,0.9568267900023353,0.5172851155130443,0.0469737314218666,0.14318614330019888,FusionVI
fusionvi,2027,log_mean,ADT_Slc7a1(Cat-1_ERR)_A0889,1.0574561427742073,0.9373371235450776,0.48950241134757566,0.058780877428309224,0.16063604699918532,FusionVI
fusionvi,2027,log_mean,ADT_TCRVb13.1_A0908,1.036189998971623,0.8855720584602842,0.5380072892100852,0.02487143373916211,0.06948029678598659,FusionVI
fusionvi,2027,log_mean,ADT_TIGIT(Vstm3)_A0848,1.0363275767435114,0.9676544512003563,0.3709713053474526,0.10575215093942458,0.22176534563956118,FusionVI
fusionvi,2027,log_mean,ADT_TLR4(CD284)-MD2Complex_A0875,1.1278058032911116,0.9979330108830576,0.5254290016043338,0.05859301327086485,0.13027810263943776,FusionVI
fusionvi,2027,log_mean,ADT_IsotypeCtrlAPCRatIgG1_l_A0237,1.0801707017725586,0.9553549713859978,0.5040492273735027,0.03697293485437688,0.11354874924011493,FusionVI
fusionvi,2027,log_mean,ADT_IsotypeCtrlArm.HamsterIgG_A0241,1.3448472305848438,1.218059860261897,0.570038814845459,-0.015329042028079425,-0.0018201189285223978,FusionVI
fusionvi,2027,log_mean,ADT_IsotypeCtrlMouseIgG1_k(FC)_A0090,1.0713072090099558,0.9353403457626058,0.5223385622997231,0.06858335357554404,0.13827254100621414,FusionVI
fusionvi,2027,log_mean,ADT_IsotypeCtrlMouseIgG2a_k_A0091,0.9561361774702142,0.8028395293049649,0.5192736080841236,0.02505773081853443,0.0968634532017162,FusionVI
fusionvi,2027,log_mean,ADT_IsotypeCtrlMouseIgG2b_k_A0092,1.0998796234910526,0.9727248347140645,0.5133630120112369,0.0359528167768301,0.08530940732267915,FusionVI
fusionvi,2027,log_mean,ADT_IsotypeCtrlRatIgG1_k_A0236,0.9151462645676253,0.7990524136290751,0.4461030439546409,0.09435399335328697,0.17767498340837104,FusionVI
fusionvi,2027,log_mean,ADT_IsotypeCtrlRatIgG2a_k_A0238,1.0018649899892496,0.8450007099751021,0.5382446082476782,0.07275264314996,0.13822845659822391,FusionVI
fusionvi,2027,log_mean,ADT_IsotypeCtrlRatIgG2b_k_A0095,1.0999422124159897,0.9792509676563714,0.5009395302814358,0.05679283257246528,0.13735180809571843,FusionVI
fusionvi,2027,log_mean,ADT_IsotypeCtrlRatIgG2c_k_A0240,0.9929038916568583,0.839131722033821,0.5307693389259144,0.025602703971253277,0.11527129049306477,FusionVI
fusionvi,2027,pred_log,ADT_4-1BBLigand(CD137L)_A0890,1.0224918676950734,0.872427666159304,0.533253773378455,0.05567615311922948,0.11208627467649501,FusionVI
fusionvi,2027,pred_log,ADT_CD105_A0812,1.0227073221584497,0.8689319078286878,0.5393399728869221,0.11047090036596274,0.20064239786934782,FusionVI
fusionvi,2027,pred_log,ADT_CD107a(LAMP-1)_A0905,0.9827893819832617,0.8087899213675347,0.558331292722621,0.11842116143316055,0.30060442142824095,FusionVI
fusionvi,2027,pred_log,ADT_CD11b_A0014,1.0306009196769095,0.8305825741684055,0.6101400192797106,0.25091887681454494,0.7713560963971743,FusionVI
fusionvi,2027,pred_log,ADT_CD120b(TNFRTypeII-p75)_A0893,1.1561628917784508,1.0368998644907192,0.5114208671383781,0.23017331654634796,0.41014515869901297,FusionVI
fusionvi,2027,pred_log,ADT_CD124(IL-4Ra)_A0916,1.1776621500804487,1.0675057237298458,0.49731244659272916,0.3029536428243271,0.30538093507681,FusionVI
fusionvi,2027,pred_log,ADT_CD138(Syndecan-1)_A0810,1.0559774399122608,0.8986112035064336,0.5546045965697779,0.21805377589868394,0.3452203975099699,FusionVI
fusionvi,2027,pred_log,ADT_CD152_A0388,0.9867553023840478,0.9255099716363969,0.3422240774472599,0.007639334622828542,0.004093263213193972,FusionVI
fusionvi,2027,pred_log,ADT_CD155(PVR)_A1011,1.1638112438433317,1.0303638532608472,0.5411163841444531,0.5889059047859595,0.6249766408294162,FusionVI
fusionvi,2027,pred_log,ADT_CD159a(NKG2AB6)_A0927,0.9764030806790696,0.8118746649888027,0.5424228095396316,0.046933490998371644,0.1688627186238068,FusionVI
fusionvi,2027,pred_log,ADT_CD160_A1006,0.9029281730325468,0.7260216604233667,0.5368163878385016,0.028318889114949154,0.08147230321168593,FusionVI
fusionvi,2027,pred_log,ADT_CD163_A0417,0.8649115234642256,0.6452699809477548,0.5759328043347365,0.07626720940308578,0.25447699882164365,FusionVI
fusionvi,2027,pred_log,ADT_CD170(Singlec-F)_A0431,0.9776185965518568,0.8327736501874103,0.5120802357810014,0.030059232465466924,0.10355516236963591,FusionVI
fusionvi,2027,pred_log,ADT_CD178(FasL)_A1012,0.8403319868179784,0.6408663714470173,0.543551416167576,0.044579554183881966,0.06828011461262395,FusionVI
fusionvi,2027,pred_log,ADT_CD182(CXCR2)_A0909,0.9884979103945178,0.9318750293291291,0.32975301146031094,0.1199176670458918,0.3140734585697054,FusionVI
fusionvi,2027,pred_log,ADT_CD185(CXCR5)_A0846,1.2909917996458695,1.1918675455510033,0.49609634206981185,0.5228922749009298,0.5371996072289806,FusionVI
fusionvi,2027,pred_log,ADT_CD186(CXCR6)_A0926,1.0873167613214203,0.9408128699161148,0.545095297402815,0.054965017693559624,0.15439738948080106,FusionVI
fusionvi,2027,pred_log,ADT_CD193(CCR3)_A0808,1.0248075440916884,0.9142363038248339,0.46303615754701294,0.11910429415945827,0.2665270276471664,FusionVI
fusionvi,2027,pred_log,ADT_CD194(CCR4)_A0833,0.926285965472865,0.7339683247767274,0.5650629947682128,0.046398100730656214,0.06984149389835169,FusionVI
fusionvi,2027,pred_log,ADT_CD198(CCR8)_A0907,0.9177901994364444,0.7148403717377905,0.5756232214872461,0.05769249435639675,0.14607905630214793,FusionVI
fusionvi,2027,pred_log,ADT_CD199(CCR9)_A0854,1.3808635245865608,1.2717408981087983,0.538014090531986,0.2733708378553965,0.4334796533675093,FusionVI
fusionvi,2027,pred_log,ADT_CD1d(CD1.1_Ly-38)_A0851,1.4045204495010613,1.3163096228810693,0.489904755822316,0.7318499530880329,0.7651913263387597,FusionVI
fusionvi,2027,pred_log,ADT_CD2_A0892,1.2185551293970467,1.1705576983806532,0.33863147836790464,0.7610470794258395,0.8591635766031611,FusionVI
fusionvi,2027,pred_log,ADT_CD200R(OX2R)_A0807,1.0435324758346656,0.9513430904301792,0.4288430393656159,0.12242304541588356,0.2132055167542175,FusionVI
fusionvi,2027,pred_log,ADT_CD200R3_A0809,0.9426838827811251,0.7786459750575969,0.5313787240583532,0.018301605345733718,0.09660096327882417,FusionVI
fusionvi,2027,pred_log,ADT_CD207(Langerin)_A0437,0.9190699791270266,0.7814082042882137,0.4838293550453297,0.015271015524117306,0.04281700424365609,FusionVI
fusionvi,2027,pred_log,ADT_CD22_A0827,0.929607554568537,0.683898268512886,0.6296454270745948,0.6582639871701876,0.6891295665551278,FusionVI
fusionvi,2027,pred_log,ADT_CD226(DNAM-1)_A0852,1.1248843012700853,0.9873600099199625,0.538966512925157,0.7300772058257358,0.8043461574653916,FusionVI
fusionvi,2027,pred_log,ADT_CD252(OX40Ligand)_A0924,0.8923755168494851,0.6999023013953349,0.5535980776464915,0.022592783074740403,0.059350731751176,FusionVI
fusionvi,2027,pred_log,ADT_CD253(TRAIL)_A0925,0.964363244978382,0.8025171794775371,0.5347547521141178,0.024079895717618323,0.06680980132204029,FusionVI
fusionvi,2027,pred_log,ADT_CD26(DPP-4)_A0883,1.2011654333871504,1.163561372111342,0.298200153746697,0.583422128505005,0.6129800226056882,FusionVI
fusionvi,2027,pred_log,ADT_CD27_A0191,1.3534604713027054,1.2318495033403172,0.5607156574406597,0.7434526322385627,0.8744079819335007,FusionVI
fusionvi,2027,pred_log,ADT_CD270(HVEM)_A0885,1.22280610795188,1.1325154922006886,0.46115446172601976,0.7673421427755046,0.7605035570482888,FusionVI
fusionvi,2027,pred_log,ADT_CD272(BTLA)_A0881,1.2076443873656804,1.117321649739393,0.45825462066345135,0.6688793311674879,0.6584670752992037,FusionVI
fusionvi,2027,pred_log,ADT_CD273(B7-DC_PD-L2)_A0914,0.93796491318884,0.7555846922607571,0.5557606959785335,0.038955956113014154,0.17674626750262443,FusionVI
fusionvi,2027,pred_log,ADT_CD278(ICOS)_A0847,1.0822105883457354,0.9757127268681058,0.4681500103120293,0.08951431215040687,0.2307883985571864,FusionVI
fusionvi,2027,pred_log,ADT_CD3_A0182,1.1148898859055452,0.9579767710870384,0.5703156702669931,0.5604631844595601,0.6048631061547985,FusionVI
fusionvi,2027,pred_log,ADT_CD300c-d_A0876,0.9650400661872125,0.8078512228419645,0.5279003041288516,0.043280673197659124,0.0943377130912266,FusionVI
fusionvi,2027,pred_log,ADT_CD309(VEGFR2_Flk-1)_A0554,1.3257965027358345,1.2133161141384945,0.5344159183990886,0.048731944640220175,0.08951805601068677,FusionVI
fusionvi,2027,pred_log,ADT_CD309(VEGFR2_Flk-1)_A0553,1.5223212307055292,1.4716492131738048,0.3895003502202514,0.01799329553794108,0.027200548567512466,FusionVI
fusionvi,2027,pred_log,ADT_CD31_A0904,1.2220778827392504,1.1682914597233216,0.35856577725436767,0.6365494340574336,0.7008259533216725,FusionVI
fusionvi,2027,pred_log,ADT_CD314(NKG2D)_A0835,1.1069423033630725,0.969774523008775,0.5337214980659748,0.11155416666234573,0.16823414979965257,FusionVI
fusionvi,2027,pred_log,ADT_CD317(BST2_PDCA-1)_A0811,1.0429609119514336,0.8972561523894854,0.531694330285496,0.12829756619977897,0.3208335182231456,FusionVI
fusionvi,2027,pred_log,ADT_CD339(Jagged1)_A0887,0.9658624679682276,0.8987761783678182,0.3536830335599851,0.08006021449860747,0.195506999868363,FusionVI
fusionvi,2027,pred_log,ADT_CD34_A0857,1.0260443482364052,0.9094058345725847,0.47512949034253643,0.053887548957573146,0.1384320840311626,FusionVI
fusionvi,2027,pred_log,ADT_CD34_A0823,1.011155976447908,0.9493239676024352,0.34816722022880964,0.06784592415310393,0.1950212054371362,FusionVI
fusionvi,2027,pred_log,ADT_CD365(Tim-1)_A1013,1.0240164984204636,0.8555722432757416,0.5626774614051936,0.041045491899340335,0.06915408280007974,FusionVI
fusionvi,2027,pred_log,ADT_CD371(CLEC12A)_A0825,1.2712433727443393,1.1331408067518227,0.5762392079858413,0.43171417719480437,0.5105033541929804,FusionVI
fusionvi,2027,pred_log,ADT_CD39_A0834,1.1250096719163156,1.063619710942065,0.3665513230105054,0.49072352846659223,0.7301700664535732,FusionVI
fusionvi,2027,pred_log,ADT_CD3e_A0094,1.091184266319027,0.9137793355453018,0.5963978780919108,0.5582020351070309,0.6035225027476573,FusionVI
fusionvi,2027,pred_log,ADT_CD40_A0903,1.1666079441984654,1.0474795972483237,0.5135762736102591,0.6098377913049621,0.6189402240101747,FusionVI
fusionvi,2027,pred_log,ADT_CD44_A0073,1.3036284788503159,1.178281089026676,0.5577641850385351,0.8160743910456921,0.8580034338959929,FusionVI
fusionvi,2027,pred_log,ADT_CD49a_A0850,1.0417605154460026,0.9704921775855516,0.3786950023271376,0.19702772736768473,0.46197345799674827,FusionVI
fusionvi,2027,pred_log,ADT_CD49b_A0421,1.0381071813804201,0.8397678944630113,0.6102920640666495,0.2042116881479453,0.6340190289234108,FusionVI
fusionvi,2027,pred_log,ADT_CD51_A1008,1.2114724647110544,1.1247529611032054,0.4501069975489956,0.2928048859854676,0.35177585048518567,FusionVI
fusionvi,2027,pred_log,ADT_CD61_A0910,1.12259401437169,0.9809967806804442,0.545767933647351,0.5591219896173023,0.5965645423079257,FusionVI
fusionvi,2027,pred_log,ADT_CD80_A0849,0.9885330029249892,0.8706209022630255,0.46820587610001274,0.2612227697573029,0.43323162812353727,FusionVI
fusionvi,2027,pred_log,ADT_CD85k(gp49Receptor)_A1007,1.0551638742406941,0.9022122768248619,0.5471597655612969,0.09019905626465911,0.17305943691393696,FusionVI
fusionvi,2027,pred_log,ADT_CD9_A0813,1.4707289656605387,1.3255293284216714,0.637193604744149,0.5697422892586826,0.7136674860062372,FusionVI
fusionvi,2027,pred_log,ADT_CD94_A1009,1.007158414738191,0.8299860237475613,0.5705184245593041,0.06309597355597485,0.35588830182899034,FusionVI
fusionvi,2027,pred_log,ADT_CD95(Fas)_A0917,1.0214882768052227,0.8548228122994034,0.5592103890513881,0.21011608186469058,0.24248253990809054,FusionVI
fusionvi,2027,pred_log,ADT_D62E(E-selectin)_A0379,1.0647074318992378,0.9697929799089874,0.4394354237663004,0.0756208621983513,0.16347506249620045,FusionVI
fusionvi,2027,pred_log,ADT_DLL1_A0884,0.7709280144639237,0.5509888461525952,0.5392043164707755,0.023694513480535164,0.08407601574077685,FusionVI
fusionvi,2027,pred_log,ADT_DR3(TNFRSF25)_A0836,0.9449604455115901,0.7680011002800977,0.5505674831934757,0.06871439669317979,0.09512201836675327,FusionVI
fusionvi,2027,pred_log,ADT_ENPP1_A0891,1.0405718026866808,0.9549807514313984,0.4132813096936419,0.04756605093063939,0.1362325658620187,FusionVI
fusionvi,2027,pred_log,ADT_GABRB3_A0435,1.0331936224983673,0.8816015262893283,0.5387650790609859,0.047954037174801026,0.09772162116883483,FusionVI
fusionvi,2027,pred_log,ADT_GITRLigand_A0880,1.050005084138443,0.9570159447887062,0.4320082848010037,0.05534454745802252,0.14618019529040135,FusionVI
fusionvi,2027,pred_log,ADT_IL-21Receptor_A0879,1.010107537613539,0.864006495567841,0.5232685860628685,0.04718485638307797,0.07180769265290833,FusionVI
fusionvi,2027,pred_log,ADT_IL-33Ra(IL1RL1_ST2)_A0837,0.9290953920571317,0.8609478293242109,0.34926649241474994,0.08106107827800195,0.19776953437490824,FusionVI
fusionvi,2027,pred_log,ADT_JAML_A0877,1.0461785317546286,0.9191169617399205,0.49971344883463115,0.1228376582798003,0.17953255447437388,FusionVI
fusionvi,2027,pred_log,ADT_KCC2_A0438,0.868973337531737,0.6818422437940397,0.5387075421032671,0.04348786811012791,0.06624168405900478,FusionVI
fusionvi,2027,pred_log,ADT_KLRG1(MAFA)_A0250,0.9545066278730736,0.7820467268607418,0.5472529759261389,0.039144540146678536,0.11990651001865207,FusionVI
fusionvi,2027,pred_log,ADT_Ly-49A_A0842,0.9861119278311146,0.7012365959984002,0.6933137606043522,0.3241269183154876,0.47016469559535196,FusionVI
fusionvi,2027,pred_log,ADT_Ly-6G_A0015,0.9574425691097397,0.7850617480502821,0.5480641612910615,0.08191523683593317,0.3363124253934305,FusionVI
fusionvi,2027,pred_log,ADT_Ly-6G-Ly-6C(Gr-1)_A0116,1.259178558866092,1.1134658540409914,0.5879833628537215,0.06727660544028176,0.6403754144343141,FusionVI
fusionvi,2027,pred_log,ADT_Ly108_A0930,1.291795327902332,1.2099216919234332,0.4525755943523529,0.6692889196712994,0.6728295549289071,FusionVI
fusionvi,2027,pred_log,ADT_Ly49D_A0841,1.009604862956663,0.8304674781832192,0.5741304268071118,0.043662621392890615,0.3012760813634971,FusionVI
fusionvi,2027,pred_log,ADT_Ly49G_A0840,1.1112748723955554,1.041836264570508,0.3866639882940768,0.05889807846988247,0.15732194901184546,FusionVI
fusionvi,2027,pred_log,ADT_Ly49H_A0839,1.012545106297463,0.9008341610449588,0.46232608252328816,0.0844960610361105,0.29811063892584694,FusionVI
fusionvi,2027,pred_log,ADT_Mac-2(Galectin-3)_A0895,1.0986184482054635,0.961040509316241,0.5323191093606485,0.05535603572808034,0.09973843662567884,FusionVI
fusionvi,2027,pred_log,ADT_Notch4_A0888,1.0253327782106918,0.9781702472299305,0.30739270243029165,0.0874365485154674,0.24463273242931835,FusionVI
fusionvi,2027,pred_log,ADT_P2X7R_A0824,1.0745606515405504,0.9380796819075995,0.5241060047655883,0.10572429274432096,0.16313844177220782,FusionVI
fusionvi,2027,pred_log,ADT_PIR-A-B_A0882,1.1796788270655802,1.0818230208697002,0.4704264943039747,0.6684573295143428,0.7628685918828756,FusionVI
fusionvi,2027,pred_log,ADT_PLZF_A0878,1.0102298862456782,0.8626174026311089,0.5257904903494196,0.029503817585398242,0.06985752849104786,FusionVI
fusionvi,2027,pred_log,ADT_Slc7a1(Cat-1_ERR)_A0889,1.0045142184536375,0.8742098302606779,0.4947787260494089,0.0460491535328209,0.12124329256661047,FusionVI
fusionvi,2027,pred_log,ADT_TCRVb13.1_A0908,0.9456912328556798,0.7711663775664505,0.5473886425667863,0.013519661929715,0.03146339985654749,FusionVI
fusionvi,2027,pred_log,ADT_TIGIT(Vstm3)_A0848,1.0064559066605094,0.9339257048083072,0.375148330597529,0.06727471936157614,0.18204942486495387,FusionVI
fusionvi,2027,pred_log,ADT_TLR4(CD284)-MD2Complex_A0875,1.06333963206882,0.9202441650622141,0.532768101332241,0.030461813744310735,0.08433984117636097,FusionVI
fusionvi,2027,pred_log,ADT_IsotypeCtrlAPCRatIgG1_l_A0237,1.006815851665339,0.8691135071159746,0.5082517790555509,0.05435432965924349,0.07778523040678759,FusionVI
fusionvi,2027,pred_log,ADT_IsotypeCtrlArm.HamsterIgG_A0241,1.147078613559866,1.0017939457151257,0.5587470232716181,0.0009155917064444337,0.0013554748281892814,FusionVI
fusionvi,2027,pred_log,ADT_IsotypeCtrlMouseIgG1_k(FC)_A0090,1.0003505367480736,0.8500853352425126,0.5273102684167598,0.05865834082854426,0.11122906941660748,FusionVI
fusionvi,2027,pred_log,ADT_IsotypeCtrlMouseIgG2a_k_A0091,0.8751447263151125,0.6980360880876504,0.5278483794845107,0.025031739684759427,0.06649257117284152,FusionVI
fusionvi,2027,pred_log,ADT_IsotypeCtrlMouseIgG2b_k_A0092,0.9991938088804101,0.8515971954160814,0.5226571385376484,0.03313572282082964,0.04834205421711522,FusionVI
fusionvi,2027,pred_log,ADT_IsotypeCtrlRatIgG1_k_A0236,0.8717217010308035,0.7450479070744318,0.4525509255454279,0.05373899920213055,0.12276993326235693,FusionVI
fusionvi,2027,pred_log,ADT_IsotypeCtrlRatIgG2a_k_A0238,0.9401469555290659,0.7675222352810399,0.5429419088077022,0.05563853986786734,0.10957593343456623,FusionVI
fusionvi,2027,pred_log,ADT_IsotypeCtrlRatIgG2b_k_A0095,1.0465087933413082,0.9160969325363639,0.50591211167366,0.04098968370581275,0.09667765954461925,FusionVI
fusionvi,2027,pred_log,ADT_IsotypeCtrlRatIgG2c_k_A0240,0.8797135163306433,0.6920178839665855,0.5431455781696289,0.01956882712523938,0.05676169907519424,FusionVI
fusionvi,2027,calibrated,ADT_4-1BBLigand(CD137L)_A0890,0.5307927797744547,0.036105503130443965,0.5295633745873953,0.07996844795676487,0.13932005414277998,FusionVI
fusionvi,2027,calibrated,ADT_CD105_A0812,0.5346973910529166,0.03546044393390234,0.5335202497701549,0.1537231971702244,0.23614802343394298,FusionVI
fusionvi,2027,calibrated,ADT_CD107a(LAMP-1)_A0905,0.5502535854989766,0.018601133553918136,0.5499390931594047,0.18941940845965136,0.33537106180098913,FusionVI
fusionvi,2027,calibrated,ADT_CD11b_A0014,0.5972062573119152,0.019145446957433122,0.5968992927063212,0.3295513893109412,0.7827317872263034,FusionVI
fusionvi,2027,calibrated,ADT_CD120b(TNFRTypeII-p75)_A0893,0.5311319340132598,0.16092523572526848,0.5061661780832775,0.25310409279346663,0.4254721510123386,FusionVI
fusionvi,2027,calibrated,ADT_CD124(IL-4Ra)_A0916,0.5117424269763189,0.14102120500818172,0.49192817697876573,0.328179767351157,0.33112843203661657,FusionVI
fusionvi,2027,calibrated,ADT_CD138(Syndecan-1)_A0810,0.5475760367409437,0.0511166373824569,0.5451849277040132,0.2830557312251899,0.3913571399096294,FusionVI
fusionvi,2027,calibrated,ADT_CD152_A0388,0.33971070883059823,-0.04569804864887304,0.33662301472696876,0.043411448609441454,0.041560630699622944,FusionVI
fusionvi,2027,calibrated,ADT_CD155(PVR)_A1011,0.5468164256497416,0.11806457192216473,0.5339184958560586,0.5987874214030335,0.629217374832109,FusionVI
fusionvi,2027,calibrated,ADT_CD159a(NKG2AB6)_A0927,0.5340170609131213,0.036737837356477586,0.5327518678077586,0.07075513354691139,0.2018056871527499,FusionVI
fusionvi,2027,calibrated,ADT_CD160_A1006,0.5308164099290903,-0.05026842075623796,0.5284308345703175,0.07250249143383408,0.13896306364595273,FusionVI
fusionvi,2027,calibrated,ADT_CD163_A0417,0.5680215162163794,0.03637402751413077,0.5668556897545919,0.0727195564269016,0.2995411156504101,FusionVI
fusionvi,2027,calibrated,ADT_CD170(Singlec-F)_A0431,0.5058744012790295,-0.023628020212860177,0.5053222996566036,0.05674383272837708,0.16451396373945512,FusionVI
fusionvi,2027,calibrated,ADT_CD178(FasL)_A1012,0.5447298813740137,-0.09434849494776774,0.5364969759121092,0.07471698999368884,0.10352991491864368,FusionVI
fusionvi,2027,calibrated,ADT_CD182(CXCR2)_A0909,0.33159405186835433,-0.016418594202875888,0.33118732614469804,0.15784537033468463,0.3282372398546851,FusionVI
fusionvi,2027,calibrated,ADT_CD185(CXCR5)_A0846,0.5350199475066547,0.24342672438162338,0.47643443839300453,0.5341815512052005,0.5441494479034138,FusionVI
fusionvi,2027,calibrated,ADT_CD186(CXCR6)_A0926,0.5475158144580335,0.10300314073564187,0.5377396396772667,0.08274010400951685,0.1942655787481782,FusionVI
fusionvi,2027,calibrated,ADT_CD193(CCR3)_A0808,0.4595112036082944,0.013938677353153585,0.45929974909114396,0.17366209407654853,0.29971526795814457,FusionVI
fusionvi,2027,calibrated,ADT_CD194(CCR4)_A0833,0.5654718995645637,-0.09551444803379906,0.5573468035379364,0.08601416187151924,0.12381230006329841,FusionVI
fusionvi,2027,calibrated,ADT_CD198(CCR8)_A0907,0.5847440772542972,-0.10946883676587774,0.5744059624177896,0.10986992682423988,0.19252697950618827,FusionVI
fusionvi,2027,calibrated,ADT_CD199(CCR9)_A0854,0.6566095715469412,0.3861904475300539,0.5310301947004444,0.2959312343382093,0.4486242452300962,FusionVI
fusionvi,2027,calibrated,ADT_CD1d(CD1.1_Ly-38)_A0851,0.5787784291846015,0.32508732326891243,0.47885561742476,0.7462650280897246,0.7757514646450028,FusionVI
fusionvi,2027,calibrated,ADT_CD2_A0892,0.3579139981638181,0.1312552160147332,0.3329782250396198,0.7718722836650591,0.8641442692506481,FusionVI
fusionvi,2027,calibrated,ADT_CD200R(OX2R)_A0807,0.4282916393225509,0.016094383945159055,0.4279891343469168,0.1495195279178327,0.2387483781549336,FusionVI
fusionvi,2027,calibrated,ADT_CD200R3_A0809,0.5245261438573675,-0.019618169963146824,0.5241591389999584,0.057319748103957215,0.15345066885366207,FusionVI
fusionvi,2027,calibrated,ADT_CD207(Langerin)_A0437,0.5044835301156416,0.1796718520026734,0.47140392208367504,0.059212036926690685,0.09249580442504729,FusionVI
fusionvi,2027,calibrated,ADT_CD22_A0827,0.5368400385477584,-0.01010091170561429,0.5367450033029413,0.6733040414359033,0.697070064612693,FusionVI
fusionvi,2027,calibrated,ADT_CD226(DNAM-1)_A0852,0.5352758598262494,0.12345343464170666,0.520844982300777,0.7357812647218109,0.806104564578354,FusionVI
fusionvi,2027,calibrated,ADT_CD252(OX40Ligand)_A0924,0.5529109728666736,-0.08679395165444291,0.5460561819745079,0.045683654264496484,0.11689870901487957,FusionVI
fusionvi,2027,calibrated,ADT_CD253(TRAIL)_A0925,0.5305211062162835,-0.008276401329555094,0.5304565442352277,0.0591209131983323,0.11551929575276855,FusionVI
fusionvi,2027,calibrated,ADT_CD26(DPP-4)_A0883,0.3376123068265118,0.15971262973665512,0.2974457019748658,0.5932713424069594,0.6216462382805995,FusionVI
fusionvi,2027,calibrated,ADT_CD27_A0191,0.6209167953809781,0.31193980975666863,0.5368716996407528,0.7555155075929822,0.8758760193535393,FusionVI
fusionvi,2027,calibrated,ADT_CD270(HVEM)_A0885,0.4780766329547448,0.1578114863258008,0.4512790730368368,0.782657642293577,0.767985771616333,FusionVI
fusionvi,2027,calibrated,ADT_CD272(BTLA)_A0881,0.47184560278197,0.14778235354163874,0.4481056224221864,0.6804160324967337,0.6639342972209035,FusionVI
fusionvi,2027,calibrated,ADT_CD273(B7-DC_PD-L2)_A0914,0.5503590237820583,0.0011333646580248813,0.5503578568012749,0.06328268466595685,0.21933536871355128,FusionVI
fusionvi,2027,calibrated,ADT_CD278(ICOS)_A0847,0.4689833435382049,0.07501211644516108,0.4629455247679688,0.13778503920763116,0.26713568423857686,FusionVI
fusionvi,2027,calibrated,ADT_CD3_A0182,0.557968990556917,0.08174731532773678,0.551948159576433,0.5707968614813447,0.6137097756542852,FusionVI
fusionvi,2027,calibrated,ADT_CD300c-d_A0876,0.5254124837671593,-0.02352781887825058,0.5248854349638664,0.06254570661075555,0.12090264139957621,FusionVI
fusionvi,2027,calibrated,ADT_CD309(VEGFR2_Flk-1)_A0554,0.6818144188478954,0.4299259304010245,0.529182951461684,0.03606319539856531,0.11427551052303109,FusionVI
fusionvi,2027,calibrated,ADT_CD309(VEGFR2_Flk-1)_A0553,0.6302273637571293,0.5191500655389044,0.35730902518580737,0.019950920195835033,0.038735926057179605,FusionVI
fusionvi,2027,calibrated,ADT_CD31_A0904,0.37754874581342895,0.14368356253130998,0.34913906874425277,0.6613126850953576,0.7194460808680158,FusionVI
fusionvi,2027,calibrated,ADT_CD314(NKG2D)_A0835,0.5373009152350876,0.09579215024461095,0.5286928573982976,0.15472518829217657,0.20113421474258084,FusionVI
fusionvi,2027,calibrated,ADT_CD317(BST2_PDCA-1)_A0811,0.5343251712999123,0.08061424121024935,0.5282089859125605,0.1352897017699378,0.3331985978343072,FusionVI
fusionvi,2027,calibrated,ADT_CD339(Jagged1)_A0887,0.3563561078933477,-0.05556826051494707,0.3519969375665622,0.12504576421917465,0.24379618353037624,FusionVI
fusionvi,2027,calibrated,ADT_CD34_A0857,0.4743807781119401,0.014317904853074248,0.4741646552018708,0.0632753482877559,0.1686125058393618,FusionVI
fusionvi,2027,calibrated,ADT_CD34_A0823,0.350711986866646,-0.0007469139407922465,0.3507111915116415,0.08772299801368778,0.22239065169975605,FusionVI
fusionvi,2027,calibrated,ADT_CD365(Tim-1)_A1013,0.5594079167825468,0.034522478680593945,0.5583416658505208,0.048977520839674084,0.09213135637904933,FusionVI
fusionvi,2027,calibrated,ADT_CD371(CLEC12A)_A0825,0.6133224351696009,0.2545703283809673,0.5579949438752811,0.4498161812345929,0.5261904085071276,FusionVI
fusionvi,2027,calibrated,ADT_CD39_A0834,0.3821742194727458,0.12816464083448648,0.360042995862118,0.5285798919156355,0.7413349345972342,FusionVI
fusionvi,2027,calibrated,ADT_CD3e_A0094,0.5723506033458141,0.06899936945488515,0.5681762932093765,0.5689441829749656,0.6115127816317857,FusionVI
fusionvi,2027,calibrated,ADT_CD40_A0903,0.5130764962301546,0.13969233961123967,0.49369377273543813,0.6164507924098261,0.6245502453080889,FusionVI
fusionvi,2027,calibrated,ADT_CD44_A0073,0.5741111685649162,0.2033508261815649,0.536891120584285,0.8252211694516663,0.8641770731522338,FusionVI
fusionvi,2027,calibrated,ADT_CD49a_A0850,0.37515957025736474,0.02872068130493285,0.37405858581386775,0.26097878688282844,0.48522662629192503,FusionVI
fusionvi,2027,calibrated,ADT_CD49b_A0421,0.6088896160218723,0.036178170344344396,0.6078138732291316,0.24689935846510333,0.6410340614896777,FusionVI
fusionvi,2027,calibrated,ADT_CD51_A1008,0.47880972543750083,0.17337580674749672,0.4463178047178806,0.31788840667272394,0.3708341022567428,FusionVI
fusionvi,2027,calibrated,ADT_CD61_A0910,0.5389498973328242,0.02529779406014599,0.5383558427757155,0.5735995912299154,0.6111546014977528,FusionVI
fusionvi,2027,calibrated,ADT_CD80_A0849,0.46337393708147673,-0.01751559659981765,0.4630427727998144,0.304665471218744,0.45464954950439307,FusionVI
fusionvi,2027,calibrated,ADT_CD85k(gp49Receptor)_A1007,0.5522276097392355,0.11959780827823263,0.5391212268250555,0.12212354900830033,0.20638850217205923,FusionVI
fusionvi,2027,calibrated,ADT_CD9_A0813,0.7541323314163761,0.42409397516648695,0.6235862999737749,0.6054535689334904,0.7261430216979597,FusionVI
fusionvi,2027,calibrated,ADT_CD94_A1009,0.5609990297358262,0.03408193391504133,0.5599627962152032,0.08509665587491669,0.38729453853658163,FusionVI
fusionvi,2027,calibrated,ADT_CD95(Fas)_A0917,0.5511278954590617,0.11143571613534935,0.5397444194454788,0.22046144827443007,0.2583188928071003,FusionVI
fusionvi,2027,calibrated,ADT_D62E(E-selectin)_A0379,0.4393293190575706,0.04469702193139977,0.4370496846058267,0.09495455300604559,0.20419359911053708,FusionVI
fusionvi,2027,calibrated,ADT_DLL1_A0884,0.5334456754149676,-0.06790778784824994,0.5291056803404113,0.044261306534541696,0.14745840958879555,FusionVI
fusionvi,2027,calibrated,ADT_DR3(TNFRSF25)_A0836,0.5437184076786054,-0.013144637460414102,0.5435594956898399,0.0734408714347668,0.1162134621527371,FusionVI
fusionvi,2027,calibrated,ADT_ENPP1_A0891,0.41190055601259834,0.028796362435520462,0.4108927324180483,0.07012110336513519,0.17002644821921686,FusionVI
fusionvi,2027,calibrated,ADT_GABRB3_A0435,0.5357061248009118,0.011927183253287937,0.535573332466107,0.07071635821061692,0.13624092417600062,FusionVI
fusionvi,2027,calibrated,ADT_GITRLigand_A0880,0.432506799205389,0.04032637725892659,0.4306227056903312,0.07290062719607765,0.18321370923465405,FusionVI
fusionvi,2027,calibrated,ADT_IL-21Receptor_A0879,0.5296877848028209,0.12210719858627989,0.515421168970317,0.08951360140868889,0.11029596433877821,FusionVI
fusionvi,2027,calibrated,ADT_IL-33Ra(IL1RL1_ST2)_A0837,0.35854526509353163,-0.08819975199978074,0.3475277123743771,0.11535046199466986,0.23727231746456412,FusionVI
fusionvi,2027,calibrated,ADT_JAML_A0877,0.49641824856898936,0.012841622390874687,0.49625212366968524,0.15768700500947552,0.20926724859291942,FusionVI
fusionvi,2027,calibrated,ADT_KCC2_A0438,0.5324737644064649,-0.038487361887555194,0.5310810039496131,0.06327282255569806,0.10674500818805982,FusionVI
fusionvi,2027,calibrated,ADT_KLRG1(MAFA)_A0250,0.5417176994533135,-0.011601414015180054,0.5415934573957114,0.04859070145884213,0.16077097498317955,FusionVI
fusionvi,2027,calibrated,ADT_Ly-49A_A0842,0.6804602664338313,0.07328976479561707,0.6765018732948223,0.3503638564175967,0.4863670193166164,FusionVI
fusionvi,2027,calibrated,ADT_Ly-6G_A0015,0.5483550799258358,-0.024626075678028204,0.5478018346785374,0.09317675421890924,0.35108129917391445,FusionVI
fusionvi,2027,calibrated,ADT_Ly-6G-Ly-6C(Gr-1)_A0116,0.6374641257781111,0.25964638734347933,0.5821892005126211,0.10011080475644657,0.6513770333317597,FusionVI
fusionvi,2027,calibrated,ADT_Ly108_A0930,0.5134201760251087,0.2561767427933785,0.444942416051141,0.6802752688629,0.6847195150632719,FusionVI
fusionvi,2027,calibrated,ADT_Ly49D_A0841,0.5676844863354319,0.027798783860539,0.5670034423544508,0.06106824921720647,0.3491724729439217,FusionVI
fusionvi,2027,calibrated,ADT_Ly49G_A0840,0.3991503334677766,0.09775361761635246,0.3869951148921042,0.09173988018633168,0.19329030780831194,FusionVI
fusionvi,2027,calibrated,ADT_Ly49H_A0839,0.45703498735344705,-0.021810932685259726,0.4565142526587371,0.11675863419317421,0.33139595668721705,FusionVI
fusionvi,2027,calibrated,ADT_Mac-2(Galectin-3)_A0895,0.5451539856443226,0.13223346411010115,0.5288735000293843,0.05994951445811267,0.13373864231621785,FusionVI
fusionvi,2027,calibrated,ADT_Notch4_A0888,0.3051575174642127,0.010751048575547354,0.3049680727870497,0.1340939415912986,0.2925641605911631,FusionVI
fusionvi,2027,calibrated,ADT_P2X7R_A0824,0.5317754977056814,0.11398917635863869,0.5194147164195535,0.11795982079465066,0.18479591122167963,FusionVI
fusionvi,2027,calibrated,ADT_PIR-A-B_A0882,0.4882375702305633,0.1583268368483893,0.4618533725309669,0.6763221521454834,0.7688433091775311,FusionVI
fusionvi,2027,calibrated,ADT_PLZF_A0878,0.5210507386462208,0.02821622607194742,0.5202861874296011,0.0469737314218666,0.14318614342263222,FusionVI
fusionvi,2027,calibrated,ADT_Slc7a1(Cat-1_ERR)_A0889,0.4937274236008491,-0.010788452728260631,0.49360954012585917,0.058780877428309224,0.1606360470871919,FusionVI
fusionvi,2027,calibrated,ADT_TCRVb13.1_A0908,0.5423407818553755,0.04369849357472831,0.540577436934616,0.02487143373916211,0.06948029661683389,FusionVI
fusionvi,2027,calibrated,ADT_TIGIT(Vstm3)_A0848,0.3747171104650285,-0.013578821870943928,0.37447099817189783,0.10575215093942458,0.22176534591727684,FusionVI
fusionvi,2027,calibrated,ADT_TLR4(CD284)-MD2Complex_A0875,0.5325257083860907,0.07621264643601035,0.5270438905967211,0.05859301327086485,0.13027810268616707,FusionVI
fusionvi,2027,calibrated,ADT_IsotypeCtrlAPCRatIgG1_l_A0237,0.5041826024815245,-0.010004478302773833,0.5040833334468934,0.03697293485437688,0.11354874930488171,FusionVI
fusionvi,2027,calibrated,ADT_IsotypeCtrlArm.HamsterIgG_A0241,0.5785488303754611,0.1838422316878513,0.5485624695299952,-0.015329042028079425,-0.0018201190658056015,FusionVI
fusionvi,2027,calibrated,ADT_IsotypeCtrlMouseIgG1_k(FC)_A0090,0.5276195658178157,0.05440636977468953,0.524806967523984,0.06858335357554404,0.13827254108495804,FusionVI
fusionvi,2027,calibrated,ADT_IsotypeCtrlMouseIgG2a_k_A0091,0.5203778765342689,-0.013980466931660248,0.5201900430906827,0.02505773081853443,0.09686345284829243,FusionVI
fusionvi,2027,calibrated,ADT_IsotypeCtrlMouseIgG2b_k_A0092,0.5386614959628192,0.14730067667109512,0.5181300202508448,0.0359528167768301,0.0853094074304072,FusionVI
fusionvi,2027,calibrated,ADT_IsotypeCtrlRatIgG1_k_A0236,0.48337059101887464,-0.18206175893157345,0.44777298287935685,0.09435399335328697,0.17767498352689007,FusionVI
fusionvi,2027,calibrated,ADT_IsotypeCtrlRatIgG2a_k_A0238,0.5466827668134319,-0.08492696881969679,0.5400457920379422,0.07275264314996,0.13822845623008032,FusionVI
fusionvi,2027,calibrated,ADT_IsotypeCtrlRatIgG2b_k_A0095,0.507085586643458,0.06021874116550491,0.5034972645347568,0.05679283257246528,0.13735180782619236,FusionVI
fusionvi,2027,calibrated,ADT_IsotypeCtrlRatIgG2c_k_A0240,0.5322184372753024,0.006649259928745475,0.5321768994593482,0.025602703971253277,0.11527129035413265,FusionVI
fusionvi,2028,log_mean,ADT_4-1BBLigand(CD137L)_A0890,1.08598225878427,0.9485064738460999,0.5288600339089516,0.07125251692162173,0.1334148615784074,FusionVI
fusionvi,2028,log_mean,ADT_CD105_A0812,1.1009378569315424,0.9621239282002678,0.5351464394064953,0.14861802597745472,0.22276285294492204,FusionVI
fusionvi,2028,log_mean,ADT_CD107a(LAMP-1)_A0905,1.1103164177221787,0.9627214421476772,0.553145525420268,0.1910880501879613,0.3264132975928915,FusionVI
fusionvi,2028,log_mean,ADT_CD11b_A0014,1.202319181701769,1.0438374280700935,0.5966362698059573,0.33091456513527,0.7858151547097585,FusionVI
fusionvi,2028,log_mean,ADT_CD120b(TNFRTypeII-p75)_A0893,1.2285833662257999,1.1189596907929678,0.5072931087124563,0.24827788646185228,0.42270189248010304,FusionVI
fusionvi,2028,log_mean,ADT_CD124(IL-4Ra)_A0916,1.240769568366469,1.1389742874143272,0.4921856300149967,0.3255212851163794,0.32608672269675776,FusionVI
fusionvi,2028,log_mean,ADT_CD138(Syndecan-1)_A0810,1.1928118392679146,1.0594561100341247,0.5480445554961709,0.2765995700542081,0.38088755431404403,FusionVI
fusionvi,2028,log_mean,ADT_CD152_A0388,1.0537481770564878,0.9974667284376635,0.3397724919850626,0.025637680655130213,0.05527873353055615,FusionVI
fusionvi,2028,log_mean,ADT_CD155(PVR)_A1011,1.2422169264594836,1.1205412649673063,0.5361810943028912,0.5960118596509479,0.6294099996032952,FusionVI
fusionvi,2028,log_mean,ADT_CD159a(NKG2AB6)_A0927,1.061906543520294,0.9166289800005342,0.536131346028522,0.08952758099705772,0.20665130717215516,FusionVI
fusionvi,2028,log_mean,ADT_CD160_A1006,0.974070485085895,0.8181124714860556,0.5286826022429879,0.08079461036597281,0.12970127765371295,FusionVI
fusionvi,2028,log_mean,ADT_CD163_A0417,1.0304922081351924,0.8529048203270213,0.5783317028230708,0.073604236034583,0.3210648185716145,FusionVI
fusionvi,2028,log_mean,ADT_CD170(Singlec-F)_A0431,1.0401946987833348,0.9092940457767569,0.5051626962591798,0.06109221960730627,0.16728929556398023,FusionVI
fusionvi,2028,log_mean,ADT_CD178(FasL)_A1012,0.9263603735230429,0.756248865305199,0.5350057900231846,0.07014877558815515,0.10162650651699982,FusionVI
fusionvi,2028,log_mean,ADT_CD182(CXCR2)_A0909,1.0222194099096842,0.9671266461534211,0.331056750869276,0.13844724504791475,0.3142724054272067,FusionVI
fusionvi,2028,log_mean,ADT_CD185(CXCR5)_A0846,1.3303105530012302,1.2396881733922045,0.4825965190279367,0.5320594704537628,0.5433802253921257,FusionVI
fusionvi,2028,log_mean,ADT_CD186(CXCR6)_A0926,1.17295770112181,1.0424728569483022,0.537661706974696,0.08480586336002899,0.19466339184261924,FusionVI
fusionvi,2028,log_mean,ADT_CD193(CCR3)_A0808,1.0841408142080116,0.9831128956751634,0.45700146541204284,0.16403361197169467,0.3026310297817062,FusionVI
fusionvi,2028,log_mean,ADT_CD194(CCR4)_A0833,1.0030316003892739,0.835163045256866,0.5554953458101299,0.09180790372267061,0.1331950993642102,FusionVI
fusionvi,2028,log_mean,ADT_CD198(CCR8)_A0907,1.0045080539015745,0.8261087162989489,0.571472500832716,0.10110185639828043,0.18507302204499143,FusionVI
fusionvi,2028,log_mean,ADT_CD199(CCR9)_A0854,1.4618451384271989,1.3613361219788502,0.5326867482289567,0.2912120750569043,0.44678980408218166,FusionVI
fusionvi,2028,log_mean,ADT_CD1d(CD1.1_Ly-38)_A0851,1.467783051880978,1.3853375460488175,0.48500203184774643,0.7438177428828273,0.7724700754879246,FusionVI
fusionvi,2028,log_mean,ADT_CD2_A0892,1.2600250920152674,1.2140112267063343,0.3374017989564518,0.7679864498781647,0.8620003601948396,FusionVI
fusionvi,2028,log_mean,ADT_CD200R(OX2R)_A0807,1.0815031964432205,0.9940656089019073,0.4260078979494739,0.15065750350688062,0.23106422782432334,FusionVI
fusionvi,2028,log_mean,ADT_CD200R3_A0809,1.0125513789175984,0.8659653201579763,0.524751711985382,0.03525670660556213,0.1365118988355663,FusionVI
fusionvi,2028,log_mean,ADT_CD207(Langerin)_A0437,1.056263160981692,0.9453966190045641,0.47108077653594843,0.05249875588638882,0.09403497292777839,FusionVI
fusionvi,2028,log_mean,ADT_CD22_A0827,1.0054161013520384,0.8045465528119355,0.6029646600061458,0.6743407188425706,0.6977678897932749,FusionVI
fusionvi,2028,log_mean,ADT_CD226(DNAM-1)_A0852,1.237169142007875,1.1143030429240157,0.5375092691914543,0.7358527009071617,0.8044417850756829,FusionVI
fusionvi,2028,log_mean,ADT_CD252(OX40Ligand)_A0924,0.969980157763246,0.8026442757867721,0.5446316856382062,0.04632434367279622,0.11640113961921249,FusionVI
fusionvi,2028,log_mean,ADT_CD253(TRAIL)_A0925,1.0475819083859461,0.9049154912015736,0.527783865385177,0.06416174739669968,0.11603159683700884,FusionVI
fusionvi,2028,log_mean,ADT_CD26(DPP-4)_A0883,1.2368572945206842,1.201692188045435,0.29283417184413313,0.5969491478091277,0.6256141384055036,FusionVI
fusionvi,2028,log_mean,ADT_CD27_A0191,1.4605919304663537,1.351598357839124,0.5536340546154795,0.7546191824048031,0.8751268880596349,FusionVI
fusionvi,2028,log_mean,ADT_CD270(HVEM)_A0885,1.2753082239122036,1.1926754799467236,0.45159303084958285,0.7847933247623355,0.7689214476974437,FusionVI
fusionvi,2028,log_mean,ADT_CD272(BTLA)_A0881,1.2405856548884768,1.1558539157610104,0.4506156816345098,0.6795005688575759,0.6632253020448635,FusionVI
fusionvi,2028,log_mean,ADT_CD273(B7-DC_PD-L2)_A0914,1.0378409905160693,0.8805150076995453,0.5493698597586197,0.06024619656187852,0.2193066625814517,FusionVI
fusionvi,2028,log_mean,ADT_CD278(ICOS)_A0847,1.1370564258162177,1.0380789654073614,0.46399286316564725,0.13808092648069578,0.25925871493040564,FusionVI
fusionvi,2028,log_mean,ADT_CD3_A0182,1.1849116164222682,1.0459037802772055,0.5568669689739368,0.5719052159689016,0.6135882461085982,FusionVI
fusionvi,2028,log_mean,ADT_CD300c-d_A0876,1.0275570835223549,0.8848455223087984,0.522419334966648,0.062379404307306575,0.12705141628287556,FusionVI
fusionvi,2028,log_mean,ADT_CD309(VEGFR2_Flk-1)_A0554,1.471695375298842,1.3743503518426219,0.5263538620224669,0.054062512560871745,0.10726576867381413,FusionVI
fusionvi,2028,log_mean,ADT_CD309(VEGFR2_Flk-1)_A0553,1.9891496734296665,1.952598229227114,0.37957420687456006,0.032854876789607676,0.05568038586654377,FusionVI
fusionvi,2028,log_mean,ADT_CD31_A0904,1.2754526858688728,1.22644504037082,0.3501601302832159,0.6645467321586903,0.7235308151562695,FusionVI
fusionvi,2028,log_mean,ADT_CD314(NKG2D)_A0835,1.1731564878019987,1.0469654918391615,0.5293008631863698,0.1445300074005838,0.19455157605773807,FusionVI
fusionvi,2028,log_mean,ADT_CD317(BST2_PDCA-1)_A0811,1.1275927883718473,0.9961865244185735,0.5282782457710901,0.14481683684322322,0.3346738014943915,FusionVI
fusionvi,2028,log_mean,ADT_CD339(Jagged1)_A0887,0.9963172613202359,0.932881356586458,0.349829186515417,0.12178743715260315,0.23516177532812182,FusionVI
fusionvi,2028,log_mean,ADT_CD34_A0857,1.0652575841491883,0.9549595481961877,0.47204447025278923,0.06463589209685185,0.16269284183418925,FusionVI
fusionvi,2028,log_mean,ADT_CD34_A0823,1.041118199611196,0.9823819914465959,0.3447502406714759,0.07973895386766734,0.22711162029795554,FusionVI
fusionvi,2028,log_mean,ADT_CD365(Tim-1)_A1013,1.0950510827137914,0.9432583323137735,0.5562378917992165,0.05052945796301665,0.0944534199570944,FusionVI
fusionvi,2028,log_mean,ADT_CD371(CLEC12A)_A0825,1.3669242834194406,1.245112786219678,0.5640710471154609,0.4541422773630675,0.5284336308666199,FusionVI
fusionvi,2028,log_mean,ADT_CD39_A0834,1.1833123053793206,1.1280447372361593,0.3574116434252092,0.5245245924603711,0.7457591512379673,FusionVI
fusionvi,2028,log_mean,ADT_CD3e_A0094,1.1770477766029077,1.0258457146833324,0.5771326000769929,0.5685282691898037,0.6116334287422623,FusionVI
fusionvi,2028,log_mean,ADT_CD40_A0903,1.22375266912804,1.1151948136331316,0.5038959444604647,0.6181085420919847,0.624266889792174,FusionVI
fusionvi,2028,log_mean,ADT_CD44_A0073,1.4405793601551944,1.3286103813701964,0.5568333210400559,0.8221351313532343,0.8625227042586608,FusionVI
fusionvi,2028,log_mean,ADT_CD49a_A0850,1.10323412843328,1.0385927979746383,0.3720894276046095,0.2645161264979339,0.49182731233711047,FusionVI
fusionvi,2028,log_mean,ADT_CD49b_A0421,1.2015286004785497,1.0341848953764992,0.6116637801463988,0.25151587701946077,0.6400742113647039,FusionVI
fusionvi,2028,log_mean,ADT_CD51_A1008,1.261406581800445,1.179580683754681,0.44691830922692705,0.31684192986674736,0.36690502118772894,FusionVI
fusionvi,2028,log_mean,ADT_CD61_A0910,1.2044119228455339,1.0796133023014405,0.5338943691276331,0.5774590380794182,0.6167107705644451,FusionVI
fusionvi,2028,log_mean,ADT_CD80_A0849,1.0431742254136795,0.9351303782668758,0.4623241722101903,0.3104256540473736,0.45429690473015266,FusionVI
fusionvi,2028,log_mean,ADT_CD85k(gp49Receptor)_A1007,1.1347386075402417,0.9978951438543785,0.5402193899835117,0.11121208940496188,0.20537968755993632,FusionVI
fusionvi,2028,log_mean,ADT_CD9_A0813,1.6542529019304157,1.5305659814444894,0.6276308150418048,0.6031894957770771,0.7274193848690346,FusionVI
fusionvi,2028,log_mean,ADT_CD94_A1009,1.1102692319962792,0.9555353043539003,0.5653760250053501,0.0829482986824655,0.3941656787253068,FusionVI
fusionvi,2028,log_mean,ADT_CD95(Fas)_A0917,1.1370976371276476,0.9934610061790238,0.5531964077639991,0.21915577614350037,0.25375946679033434,FusionVI
fusionvi,2028,log_mean,ADT_D62E(E-selectin)_A0379,1.104257777854561,1.014167853383155,0.43686245560410375,0.08204302598224156,0.18750733750670248,FusionVI
fusionvi,2028,log_mean,ADT_DLL1_A0884,0.8649751933753849,0.6827774155900066,0.5310339781172152,0.06962964256559763,0.12970490436598892,FusionVI
fusionvi,2028,log_mean,ADT_DR3(TNFRSF25)_A0836,1.0298894638360956,0.8751193878031951,0.5429902069204554,0.08290913651272294,0.11809647801391066,FusionVI
fusionvi,2028,log_mean,ADT_ENPP1_A0891,1.0802755650541607,0.9994788383855526,0.40992358808991447,0.07495933823178333,0.16419338452420104,FusionVI
fusionvi,2028,log_mean,ADT_GABRB3_A0435,1.0957383892672767,0.956952002872663,0.5337466458086616,0.06978031016911926,0.12573412050334476,FusionVI
fusionvi,2028,log_mean,ADT_GITRLigand_A0880,1.0838960617179094,0.9955055130660588,0.4287183761662492,0.06163794922814866,0.17505972176683662,FusionVI
fusionvi,2028,log_mean,ADT_IL-21Receptor_A0879,1.0921683078910367,0.9624864950865879,0.5161892671660842,0.07144203184449327,0.0952557923092314,FusionVI
fusionvi,2028,log_mean,ADT_IL-33Ra(IL1RL1_ST2)_A0837,0.9595288414238753,0.8948924562489879,0.3462124915032251,0.10800212877601378,0.23089097672250183,FusionVI
fusionvi,2028,log_mean,ADT_JAML_A0877,1.1017229485483822,0.9830548748865852,0.4973897549405342,0.16548626623563809,0.19579152751327705,FusionVI
fusionvi,2028,log_mean,ADT_KCC2_A0438,0.94907955462144,0.7872744344171533,0.5300480788697902,0.07169721636895271,0.11225938870377321,FusionVI
fusionvi,2028,log_mean,ADT_KLRG1(MAFA)_A0250,1.0425823266537382,0.8907912707173478,0.541727625162745,0.047603695540054405,0.15981429243174045,FusionVI
fusionvi,2028,log_mean,ADT_Ly-49A_A0842,1.2932445272972886,1.0809727893811232,0.7099149498368896,0.35164457200180993,0.4875519023059696,FusionVI
fusionvi,2028,log_mean,ADT_Ly-6G_A0015,1.046829077209301,0.893395430308376,0.5456149942907927,0.11079524538776507,0.3464269755456076,FusionVI
fusionvi,2028,log_mean,ADT_Ly-6G-Ly-6C(Gr-1)_A0116,1.3912353972520666,1.2648806387431943,0.5793210684064958,0.0999572406441637,0.6536366182823301,FusionVI
fusionvi,2028,log_mean,ADT_Ly108_A0930,1.3363362241963064,1.2602208151018524,0.4445649573270841,0.6804948856763803,0.6841313134771958,FusionVI
fusionvi,2028,log_mean,ADT_Ly49D_A0841,1.108124306365963,0.9505470080996118,0.5695611150279458,0.06318750346742869,0.35507331267315495,FusionVI
fusionvi,2028,log_mean,ADT_Ly49G_A0840,1.1465360096216413,1.0805878702524911,0.38324232023909727,0.07738413204229316,0.18821828906537388,FusionVI
fusionvi,2028,log_mean,ADT_Ly49H_A0839,1.0639766075969086,0.9601168163667968,0.4584996406138912,0.09703735895266867,0.3365080108866821,FusionVI
fusionvi,2028,log_mean,ADT_Mac-2(Galectin-3)_A0895,1.1520678022543203,1.024423501532964,0.5270832102220537,0.06960684575005355,0.13087691377644475,FusionVI
fusionvi,2028,log_mean,ADT_Notch4_A0888,1.0527150037902266,1.0077805126548292,0.30428164176997824,0.1337749020009756,0.2806989311198425,FusionVI
fusionvi,2028,log_mean,ADT_P2X7R_A0824,1.1439200234506974,1.019438247585775,0.5189399574234309,0.12195710837610575,0.18937091208938428,FusionVI
fusionvi,2028,log_mean,ADT_PIR-A-B_A0882,1.2488241779668328,1.159781340605502,0.46310805376042774,0.678511145994655,0.7697204160855259,FusionVI
fusionvi,2028,log_mean,ADT_PLZF_A0878,1.0888688181405655,0.957497186268358,0.5184924699616758,0.03347029334468611,0.1264153539242792,FusionVI
fusionvi,2028,log_mean,ADT_Slc7a1(Cat-1_ERR)_A0889,1.0575415741178793,0.93753173292959,0.4893142453860348,0.08238468484370227,0.16428809915121947,FusionVI
fusionvi,2028,log_mean,ADT_TCRVb13.1_A0908,1.0397359598013252,0.8886168330479385,0.5398249624904273,0.01740611096175935,0.05466600058008518,FusionVI
fusionvi,2028,log_mean,ADT_TIGIT(Vstm3)_A0848,1.0367174076817331,0.9675825762654643,0.37224580789821937,0.10458276339160533,0.20875281859040992,FusionVI
fusionvi,2028,log_mean,ADT_TLR4(CD284)-MD2Complex_A0875,1.125183313759049,0.994780089833747,0.5257851865848816,0.05926133882688904,0.12398177785962028,FusionVI
fusionvi,2028,log_mean,ADT_IsotypeCtrlAPCRatIgG1_l_A0237,1.0765735964069099,0.9518691081036704,0.5029472233926495,0.04587742717321317,0.13189746277651135,FusionVI
fusionvi,2028,log_mean,ADT_IsotypeCtrlArm.HamsterIgG_A0241,1.3164075987481578,1.1920563453816966,0.5585075070910405,-0.004122070345087874,0.0019030228102016732,FusionVI
fusionvi,2028,log_mean,ADT_IsotypeCtrlMouseIgG1_k(FC)_A0090,1.066363958485742,0.9291349204002796,0.5232976128840106,0.06379887657687446,0.13314497338358466,FusionVI
fusionvi,2028,log_mean,ADT_IsotypeCtrlMouseIgG2a_k_A0091,0.9556411494373812,0.8017983346357775,0.5199706117399949,0.031286208029020025,0.08982807216419295,FusionVI
fusionvi,2028,log_mean,ADT_IsotypeCtrlMouseIgG2b_k_A0092,1.1050201230496628,0.9786093789689321,0.5132184288766963,0.04443659620347081,0.09349993272741716,FusionVI
fusionvi,2028,log_mean,ADT_IsotypeCtrlRatIgG1_k_A0236,0.9184302757569104,0.8025737503972638,0.44653056625515986,0.08911403719901982,0.17238201652238913,FusionVI
fusionvi,2028,log_mean,ADT_IsotypeCtrlRatIgG2a_k_A0238,1.0027499465872218,0.8454136317551008,0.5392432165760559,0.05588903923539907,0.12611107007605646,FusionVI
fusionvi,2028,log_mean,ADT_IsotypeCtrlRatIgG2b_k_A0095,1.098945148592524,0.9775150499449651,0.5021401863484712,0.04436056462840255,0.11932615805669908,FusionVI
fusionvi,2028,log_mean,ADT_IsotypeCtrlRatIgG2c_k_A0240,0.9937500933489529,0.8389621928599321,0.5326177681815284,0.010318200211766531,0.09821318086372327,FusionVI
fusionvi,2028,pred_log,ADT_4-1BBLigand(CD137L)_A0890,1.0241541404323646,0.8732784006392044,0.5350481645064836,0.054033943270328996,0.10076203764969492,FusionVI
fusionvi,2028,pred_log,ADT_CD105_A0812,1.0252542449728637,0.8701518545668651,0.5422010852337735,0.10265734547951345,0.19190915657278507,FusionVI
fusionvi,2028,pred_log,ADT_CD107a(LAMP-1)_A0905,0.9902709732859677,0.8158586721468857,0.5612586102817759,0.1258237798322473,0.2948005797476622,FusionVI
fusionvi,2028,pred_log,ADT_CD11b_A0014,1.0338741313142212,0.8369975977372741,0.6069025793179172,0.24818875989237071,0.7751633042193398,FusionVI
fusionvi,2028,pred_log,ADT_CD120b(TNFRTypeII-p75)_A0893,1.1611283410926079,1.041984241122115,0.5123356963374489,0.23988218613082932,0.4076872702284454,FusionVI
fusionvi,2028,pred_log,ADT_CD124(IL-4Ra)_A0916,1.1803271071617778,1.07062485608193,0.496925042074124,0.30590928291605646,0.31011314797045025,FusionVI
fusionvi,2028,pred_log,ADT_CD138(Syndecan-1)_A0810,1.058022653955303,0.8994845689235015,0.5570811848833872,0.21462654976571008,0.33499889623519075,FusionVI
fusionvi,2028,pred_log,ADT_CD152_A0388,0.9895028269325352,0.9286139257745065,0.34174847675613185,0.0017766422300137885,0.018879404287824364,FusionVI
fusionvi,2028,pred_log,ADT_CD155(PVR)_A1011,1.1628890326093648,1.0289791267238075,0.5417682705085273,0.5857481346684611,0.6235796340060257,FusionVI
fusionvi,2028,pred_log,ADT_CD159a(NKG2AB6)_A0927,0.9741302371946742,0.8107176028548172,0.5400617440980813,0.06552796886121563,0.18862166084568546,FusionVI
fusionvi,2028,pred_log,ADT_CD160_A1006,0.9036813145737357,0.728162192953939,0.5351819681773722,0.05184796801293353,0.09974658378254289,FusionVI
fusionvi,2028,pred_log,ADT_CD163_A0417,0.8646439361511943,0.6514070449534328,0.5685754111004517,0.06519934906579634,0.2875518407721295,FusionVI
fusionvi,2028,pred_log,ADT_CD170(Singlec-F)_A0431,0.9825901260178216,0.8400813870299941,0.5096534301988415,0.05154862691848532,0.1332423640833467,FusionVI
fusionvi,2028,pred_log,ADT_CD178(FasL)_A1012,0.8481364085888028,0.6505716346899725,0.5441432860108842,0.04360903082911516,0.06553492340087089,FusionVI
fusionvi,2028,pred_log,ADT_CD182(CXCR2)_A0909,0.9936288583375755,0.9360443644123442,0.3333455504024401,0.10926746045737595,0.2992592717961562,FusionVI
fusionvi,2028,pred_log,ADT_CD185(CXCR5)_A0846,1.2780398878148962,1.1807654093296571,0.48905930415076415,0.528343047662738,0.5403890164358413,FusionVI
fusionvi,2028,pred_log,ADT_CD186(CXCR6)_A0926,1.084204206960974,0.937552962190403,0.5445118965457292,0.060782570504630554,0.16131616326623627,FusionVI
fusionvi,2028,pred_log,ADT_CD193(CCR3)_A0808,1.0274328990420911,0.9175490402961142,0.46230089842620264,0.1323508717661657,0.27785944418729885,FusionVI
fusionvi,2028,pred_log,ADT_CD194(CCR4)_A0833,0.9250179729783025,0.7324432422074272,0.5649647310032221,0.0397327578075499,0.07959736087637193,FusionVI
fusionvi,2028,pred_log,ADT_CD198(CCR8)_A0907,0.9151210771363115,0.7110414765019758,0.5760786443820011,0.06695432667760477,0.15284996050696323,FusionVI
fusionvi,2028,pred_log,ADT_CD199(CCR9)_A0854,1.3831498104209723,1.2738154474709338,0.5389782962716702,0.2718423063253828,0.4307211697467794,FusionVI
fusionvi,2028,pred_log,ADT_CD1d(CD1.1_Ly-38)_A0851,1.3907231358006036,1.3019014169671201,0.4890434959694703,0.7361042716972471,0.7656964663409795,FusionVI
fusionvi,2028,pred_log,ADT_CD2_A0892,1.2138693832285858,1.1650691170768561,0.3407239820932838,0.7592046921148133,0.857061579668977,FusionVI
fusionvi,2028,pred_log,ADT_CD200R(OX2R)_A0807,1.0423735782588466,0.9496491982616596,0.4297779390488683,0.10033788066184868,0.20393194172698523,FusionVI
fusionvi,2028,pred_log,ADT_CD200R3_A0809,0.9446058570571226,0.780100848517826,0.5326564477487962,0.018558960867710528,0.08865838848381195,FusionVI
fusionvi,2028,pred_log,ADT_CD207(Langerin)_A0437,0.9138371563053491,0.7751980234604909,0.48390740092206924,0.017699080272365088,0.05376141041150261,FusionVI
fusionvi,2028,pred_log,ADT_CD22_A0827,0.924472560433701,0.6805415763069812,0.6257097393459956,0.6636551321044758,0.690602512964299,FusionVI
fusionvi,2028,pred_log,ADT_CD226(DNAM-1)_A0852,1.136455869186145,0.9981531234057635,0.5433436158113214,0.724029041597325,0.803313833047231,FusionVI
fusionvi,2028,pred_log,ADT_CD252(OX40Ligand)_A0924,0.8951456338034367,0.7038962316498487,0.5530061489590219,0.022983645862360756,0.06358441072767794,FusionVI
fusionvi,2028,pred_log,ADT_CD253(TRAIL)_A0925,0.9616978864737059,0.7990624196804134,0.5351280914906748,0.028749225086977793,0.07395313666258291,FusionVI
fusionvi,2028,pred_log,ADT_CD26(DPP-4)_A0883,1.2074297635567757,1.1702405520611738,0.2973612016292228,0.5842661677418401,0.6152386563912083,FusionVI
fusionvi,2028,pred_log,ADT_CD27_A0191,1.3556570226568314,1.2344054726193583,0.5604008317678715,0.7455918800202238,0.8744242560944305,FusionVI
fusionvi,2028,pred_log,ADT_CD270(HVEM)_A0885,1.2188900454909382,1.1281585732192374,0.46146633319104957,0.7680912271074308,0.7608489214487245,FusionVI
fusionvi,2028,pred_log,ADT_CD272(BTLA)_A0881,1.1909151404759764,1.0988620052112192,0.4591090995809523,0.6670925398947452,0.6555341602090642,FusionVI
fusionvi,2028,pred_log,ADT_CD273(B7-DC_PD-L2)_A0914,0.934726127798999,0.7515430790327394,0.5557840716933884,0.0641595540318078,0.18109017300831462,FusionVI
fusionvi,2028,pred_log,ADT_CD278(ICOS)_A0847,1.0879263036058726,0.9823093788982404,0.46760231629667653,0.12008636835049959,0.23866296615575425,FusionVI
fusionvi,2028,pred_log,ADT_CD3_A0182,1.1075913930124117,0.9509769212188063,0.567804182077172,0.5551489695176057,0.6039303377389579,FusionVI
fusionvi,2028,pred_log,ADT_CD300c-d_A0876,0.9655011159171003,0.808631936170718,0.5275479093333006,0.05499018046268269,0.09979681057728296,FusionVI
fusionvi,2028,pred_log,ADT_CD309(VEGFR2_Flk-1)_A0554,1.3313093211236409,1.2180240976618573,0.5374028340319944,0.03734241683598706,0.06493364944071824,FusionVI
fusionvi,2028,pred_log,ADT_CD309(VEGFR2_Flk-1)_A0553,1.5096590955281899,1.4588230873569816,0.38846593738089225,0.011378529534561265,0.028155238148290976,FusionVI
fusionvi,2028,pred_log,ADT_CD31_A0904,1.2247058646904727,1.1724960740753945,0.35377593372790506,0.6463945210507082,0.7110342734561923,FusionVI
fusionvi,2028,pred_log,ADT_CD314(NKG2D)_A0835,1.1088800123637876,0.9720608736380052,0.533584613498156,0.13006604567404764,0.17051241912372908,FusionVI
fusionvi,2028,pred_log,ADT_CD317(BST2_PDCA-1)_A0811,1.051222099565235,0.9061245628769203,0.5329223012460711,0.13233481002849917,0.3226163786674354,FusionVI
fusionvi,2028,pred_log,ADT_CD339(Jagged1)_A0887,0.9683612302349863,0.9014878403776783,0.3536144028081763,0.0718565019352088,0.1982701712257584,FusionVI
fusionvi,2028,pred_log,ADT_CD34_A0857,1.021055231471546,0.9040253875328337,0.47464922249116936,0.07573215985983711,0.14434901853864512,FusionVI
fusionvi,2028,pred_log,ADT_CD34_A0823,1.0101311372490536,0.9477089391778983,0.3495893033866098,0.04688245907715211,0.17700806250556408,FusionVI
fusionvi,2028,pred_log,ADT_CD365(Tim-1)_A1013,1.0236354582117073,0.8561505090826637,0.5611023588488605,0.05344638878566577,0.08326786012070238,FusionVI
fusionvi,2028,pred_log,ADT_CD371(CLEC12A)_A0825,1.2617821008053944,1.1235385477919462,0.5742431554127168,0.4394433951394486,0.515008616432799,FusionVI
fusionvi,2028,pred_log,ADT_CD39_A0834,1.1332149538109448,1.0729510443532337,0.36462609336418617,0.4864429876712219,0.7337440065608611,FusionVI
fusionvi,2028,pred_log,ADT_CD3e_A0094,1.0890541890538041,0.9149721285127993,0.5906479753121595,0.5610441093301888,0.6049306723929465,FusionVI
fusionvi,2028,pred_log,ADT_CD40_A0903,1.1582977352094284,1.0385210514799652,0.5129597148160614,0.6086225558288816,0.6188917895920573,FusionVI
fusionvi,2028,pred_log,ADT_CD44_A0073,1.3206202935297244,1.1983734142331985,0.5549226250042578,0.815207899979588,0.8586596660632415,FusionVI
fusionvi,2028,pred_log,ADT_CD49a_A0850,1.0483847575130623,0.9785118629258913,0.3763311492542208,0.20572751465589637,0.47285615606190845,FusionVI
fusionvi,2028,pred_log,ADT_CD49b_A0421,1.0405663343361595,0.8468614824455405,0.6046519045731201,0.209366640903829,0.6429403606124645,FusionVI
fusionvi,2028,pred_log,ADT_CD51_A1008,1.2225894719555102,1.136429534836317,0.4508358118961866,0.2985777136809074,0.3496915903354702,FusionVI
fusionvi,2028,pred_log,ADT_CD61_A0910,1.111164872862102,0.9692399491834827,0.5433795134060535,0.5618731244054065,0.6036187150561889,FusionVI
fusionvi,2028,pred_log,ADT_CD80_A0849,0.9925408250324511,0.8753693832706572,0.4678308799004416,0.26823898810501773,0.4361734203736002,FusionVI
fusionvi,2028,pred_log,ADT_CD85k(gp49Receptor)_A1007,1.052467661542145,0.899912690016717,0.545752076440237,0.10966641349832569,0.1889631076280826,FusionVI
fusionvi,2028,pred_log,ADT_CD9_A0813,1.4752966632656281,1.331527174577245,0.6352445418930942,0.5733290959531224,0.7171959654238302,FusionVI
fusionvi,2028,pred_log,ADT_CD94_A1009,1.0043292914491118,0.8290506556995872,0.5668794721514699,0.08086009456335286,0.367275319027181,FusionVI
fusionvi,2028,pred_log,ADT_CD95(Fas)_A0917,1.0383306682815165,0.872439594673735,0.5630095295280796,0.20357050920636027,0.23845534922686065,FusionVI
fusionvi,2028,pred_log,ADT_D62E(E-selectin)_A0379,1.0655789289340991,0.9704322660595704,0.4401359685128951,0.06770002031434182,0.1573906326829269,FusionVI
fusionvi,2028,pred_log,ADT_DLL1_A0884,0.7730711411219398,0.5531557055806944,0.5400534738515222,0.034866398729677305,0.0880917465573055,FusionVI
fusionvi,2028,pred_log,ADT_DR3(TNFRSF25)_A0836,0.9488607455745447,0.772115472676985,0.5515200915153052,0.05260003133843594,0.08332841796723713,FusionVI
fusionvi,2028,pred_log,ADT_ENPP1_A0891,1.0428659817349968,0.9574058549253337,0.41345312287458913,0.04681148498586217,0.1361816735862631,FusionVI
fusionvi,2028,pred_log,ADT_GABRB3_A0435,1.0369121347527646,0.8870544144490489,0.5369555298196973,0.07432762646521453,0.11250459093758461,FusionVI
fusionvi,2028,pred_log,ADT_GITRLigand_A0880,1.0502507818175535,0.9569726714791829,0.4327008328514378,0.050079242108026195,0.13765923646155998,FusionVI
fusionvi,2028,pred_log,ADT_IL-21Receptor_A0879,1.0088636161046975,0.8613268903294717,0.5252825752822724,0.04260802365216917,0.06332338672757983,FusionVI
fusionvi,2028,pred_log,ADT_IL-33Ra(IL1RL1_ST2)_A0837,0.9332754237352315,0.8652117677254039,0.349873710840975,0.07237464559428286,0.19351454354302294,FusionVI
fusionvi,2028,pred_log,ADT_JAML_A0877,1.0491366450087358,0.9213012606131717,0.501888122087701,0.11500568705056038,0.16458897143670467,FusionVI
fusionvi,2028,pred_log,ADT_KCC2_A0438,0.8678153503698715,0.6802419968321533,0.5388639049735798,0.03553437181885535,0.06947137401159295,FusionVI
fusionvi,2028,pred_log,ADT_KLRG1(MAFA)_A0250,0.9481434257947402,0.7742540170368283,0.547272028318741,0.043033751536648845,0.11421029314327058,FusionVI
fusionvi,2028,pred_log,ADT_Ly-49A_A0842,0.9855356567630054,0.6951573021286755,0.698596347004798,0.31966773152127087,0.4602028092767918,FusionVI
fusionvi,2028,pred_log,ADT_Ly-6G_A0015,0.9616510851572352,0.7887152925431897,0.5501826941049428,0.09043156342197367,0.3332254818237636,FusionVI
fusionvi,2028,pred_log,ADT_Ly-6G-Ly-6C(Gr-1)_A0116,1.2622272385294533,1.1176072277131204,0.5866614749998532,0.05928240984872705,0.6423590019882672,FusionVI
fusionvi,2028,pred_log,ADT_Ly108_A0930,1.2799454245542088,1.197889986445421,0.45091004669557117,0.6733854256434095,0.6758752100600931,FusionVI
fusionvi,2028,pred_log,ADT_Ly49D_A0841,1.0073187814367555,0.8315839118140645,0.5684710415203408,0.04929772115377586,0.3306646797174937,FusionVI
fusionvi,2028,pred_log,ADT_Ly49G_A0840,1.112877573177411,1.043481606132444,0.3868366975151836,0.052558396703006036,0.15635779474477587,FusionVI
fusionvi,2028,pred_log,ADT_Ly49H_A0839,1.0102149955355773,0.8991583161101375,0.4604874154359632,0.08871912336021812,0.3094889373811749,FusionVI
fusionvi,2028,pred_log,ADT_Mac-2(Galectin-3)_A0895,1.0915359677120176,0.9512278862478508,0.5353655547692727,0.021863054833170224,0.07460459736402086,FusionVI
fusionvi,2028,pred_log,ADT_Notch4_A0888,1.0319841781381294,0.9851264354896011,0.3074365788695153,0.09257126063339492,0.2469895543430319,FusionVI
fusionvi,2028,pred_log,ADT_P2X7R_A0824,1.0802609168352872,0.9434659365789733,0.5261517603856655,0.09640871900832595,0.15831324089149124,FusionVI
fusionvi,2028,pred_log,ADT_PIR-A-B_A0882,1.1788461001464465,1.080399557235218,0.47160886819098435,0.667122504193064,0.76383859662024,FusionVI
fusionvi,2028,pred_log,ADT_PLZF_A0878,1.0153617445085725,0.8682901119109616,0.5263380603463066,0.028466453046447616,0.06896889103735716,FusionVI
fusionvi,2028,pred_log,ADT_Slc7a1(Cat-1_ERR)_A0889,1.004176666690429,0.8739370236987029,0.49457543058072806,0.040401408686800984,0.12654587461769873,FusionVI
fusionvi,2028,pred_log,ADT_TCRVb13.1_A0908,0.9507708349531996,0.7766025286980539,0.5485013154199041,0.019832355036396767,0.030583847452123922,FusionVI
fusionvi,2028,pred_log,ADT_TIGIT(Vstm3)_A0848,1.0081122102754771,0.9351150634145459,0.3766298536782496,0.0565049151135326,0.17014543005793856,FusionVI
fusionvi,2028,pred_log,ADT_TLR4(CD284)-MD2Complex_A0875,1.0615706419700448,0.9194529523238272,0.530602013147002,0.061711581106759936,0.10088362594410423,FusionVI
fusionvi,2028,pred_log,ADT_IsotypeCtrlAPCRatIgG1_l_A0237,1.006072174881387,0.8676234146832363,0.5093238963213115,0.032522003663422616,0.0814128739919758,FusionVI
fusionvi,2028,pred_log,ADT_IsotypeCtrlArm.HamsterIgG_A0241,1.1466663587627834,1.0016199157578998,0.5582125783923078,0.0006558217109591323,0.0019118538916870502,FusionVI
fusionvi,2028,pred_log,ADT_IsotypeCtrlMouseIgG1_k(FC)_A0090,0.9993478588413053,0.847841126160001,0.5290194398719357,0.05009991389765108,0.10294090612384052,FusionVI
fusionvi,2028,pred_log,ADT_IsotypeCtrlMouseIgG2a_k_A0091,0.8696926709912444,0.6913129392270758,0.5276852869211855,0.03280213029444443,0.06649171097784107,FusionVI
fusionvi,2028,pred_log,ADT_IsotypeCtrlMouseIgG2b_k_A0092,1.0050470999524728,0.85908650057542,0.5216225241033098,0.03648250689224167,0.06379600842440045,FusionVI
fusionvi,2028,pred_log,ADT_IsotypeCtrlRatIgG1_k_A0236,0.8735222699676114,0.7475054379920077,0.4519698842862459,0.06540243255150957,0.1265555337520604,FusionVI
fusionvi,2028,pred_log,ADT_IsotypeCtrlRatIgG2a_k_A0238,0.9430865882555437,0.7705229166030579,0.5437892495599537,0.05979968640790652,0.10099109235793804,FusionVI
fusionvi,2028,pred_log,ADT_IsotypeCtrlRatIgG2b_k_A0095,1.046554638239219,0.9157507849811821,0.5066331124456094,0.04613800660461865,0.0876391284228404,FusionVI
fusionvi,2028,pred_log,ADT_IsotypeCtrlRatIgG2c_k_A0240,0.8816029811989726,0.6950384654878122,0.5423516829062538,0.022204802620845593,0.05686414714388136,FusionVI
fusionvi,2028,calibrated,ADT_4-1BBLigand(CD137L)_A0890,0.5319402509275603,0.03971733987013479,0.530455430239446,0.07125251692162173,0.13341486139663242,FusionVI
fusionvi,2028,calibrated,ADT_CD105_A0812,0.5392114021464129,0.03576953936743133,0.5380236762988614,0.14861802597745472,0.22276285290331138,FusionVI
fusionvi,2028,calibrated,ADT_CD107a(LAMP-1)_A0905,0.5528787565200316,0.016610312889298835,0.552629185726613,0.1910880501879613,0.32641329794879737,FusionVI
fusionvi,2028,calibrated,ADT_CD11b_A0014,0.5939663196319309,0.02339275065558084,0.5935054911909982,0.33091456513527,0.7858151547034483,FusionVI
fusionvi,2028,calibrated,ADT_CD120b(TNFRTypeII-p75)_A0893,0.5332809342904555,0.16447530061926338,0.5072833827003443,0.24827788646185228,0.42270189243046896,FusionVI
fusionvi,2028,calibrated,ADT_CD124(IL-4Ra)_A0916,0.5119519008957998,0.13732546885867714,0.4931900895532737,0.3255212851163794,0.32608672282371853,FusionVI
fusionvi,2028,calibrated,ADT_CD138(Syndecan-1)_A0810,0.5509744833263753,0.05179483021710892,0.5485345721461384,0.2765995700542081,0.3808875540564915,FusionVI
fusionvi,2028,calibrated,ADT_CD152_A0388,0.33884670001276884,-0.04171733633935274,0.33626886557975116,0.025637680655130213,0.05527873343023179,FusionVI
fusionvi,2028,calibrated,ADT_CD155(PVR)_A1011,0.5461629608085363,0.11504203553297739,0.5339094584473816,0.5960118596509479,0.6294099996449914,FusionVI
fusionvi,2028,calibrated,ADT_CD159a(NKG2AB6)_A0927,0.5336551774318221,0.03785787520803089,0.5323106514851286,0.08952758099705772,0.20665130732914816,FusionVI
fusionvi,2028,calibrated,ADT_CD160_A1006,0.5330405077059773,-0.05588426946801709,0.5301029440415076,0.08079461036597281,0.12970127749595659,FusionVI
fusionvi,2028,calibrated,ADT_CD163_A0417,0.5614342341002814,0.0342836742274307,0.5603864995708214,0.073604236034583,0.32106481795686587,FusionVI
fusionvi,2028,calibrated,ADT_CD170(Singlec-F)_A0431,0.5056115964303249,-0.024737455566875722,0.5050060838612721,0.06109221960730627,0.16728929621634148,FusionVI
fusionvi,2028,calibrated,ADT_CD178(FasL)_A1012,0.544641067463889,-0.09120127142792318,0.5369508547885328,0.07014877558815515,0.10162650610636438,FusionVI
fusionvi,2028,calibrated,ADT_CD182(CXCR2)_A0909,0.3361343128027276,-0.013636533826702015,0.33585759063709575,0.13844724504791475,0.31427240505280085,FusionVI
fusionvi,2028,calibrated,ADT_CD185(CXCR5)_A0846,0.5295910413866384,0.2357812751084229,0.4742086686525584,0.5320594704537628,0.5433802252136759,FusionVI
fusionvi,2028,calibrated,ADT_CD186(CXCR6)_A0926,0.5474265905850211,0.10231912661776696,0.5377793863729993,0.08480586336002899,0.19466339122647325,FusionVI
fusionvi,2028,calibrated,ADT_CD193(CCR3)_A0808,0.4589685235253258,0.013365726202220178,0.4587738690794235,0.16403361197169467,0.30263103022818366,FusionVI
fusionvi,2028,calibrated,ADT_CD194(CCR4)_A0833,0.5651650626037465,-0.09468762656855402,0.5571766338987221,0.09180790372267061,0.1331950991777926,FusionVI
fusionvi,2028,calibrated,ADT_CD198(CCR8)_A0907,0.5867599400724605,-0.1195566527665427,0.5744505497021503,0.10110185639828043,0.18507302211701074,FusionVI
fusionvi,2028,calibrated,ADT_CD199(CCR9)_A0854,0.6582562747310488,0.3876488407540007,0.5320053566317491,0.2912120750569043,0.4467898040123218,FusionVI
fusionvi,2028,calibrated,ADT_CD1d(CD1.1_Ly-38)_A0851,0.5775557983203895,0.31871955881561054,0.48165188985602975,0.7438177428828273,0.7724700755895947,FusionVI
fusionvi,2028,calibrated,ADT_CD2_A0892,0.3624243252389428,0.13564123363788455,0.3360845834936447,0.7679864498781647,0.8620003597688478,FusionVI
fusionvi,2028,calibrated,ADT_CD200R(OX2R)_A0807,0.4286408082438153,0.014505834043932153,0.42839528857189957,0.15065750350688062,0.23106422810020352,FusionVI
fusionvi,2028,calibrated,ADT_CD200R3_A0809,0.5264586585309091,-0.02023512509817861,0.5260696330852284,0.03525670660556213,0.13651189977724545,FusionVI
fusionvi,2028,calibrated,ADT_CD207(Langerin)_A0437,0.5058365701700797,0.18208698668266143,0.4719268640396089,0.05249875588638882,0.094034973022735,FusionVI
fusionvi,2028,calibrated,ADT_CD22_A0827,0.5360327147116863,-0.017886732707162612,0.5357342027855267,0.674340776967426,0.6977678896880185,FusionVI
fusionvi,2028,calibrated,ADT_CD226(DNAM-1)_A0852,0.5401431074452598,0.13063182398348716,0.5241086748789495,0.7358527009071617,0.8044417849909662,FusionVI
fusionvi,2028,calibrated,ADT_CD252(OX40Ligand)_A0924,0.5542953234121607,-0.08343012295459176,0.5479805837257123,0.04632434367279622,0.11640113888871961,FusionVI
fusionvi,2028,calibrated,ADT_CD253(TRAIL)_A0925,0.5334448577568418,-0.00708432632798375,0.5333978145696662,0.06416174739669968,0.11603159672244369,FusionVI
fusionvi,2028,calibrated,ADT_CD26(DPP-4)_A0883,0.3384172350307256,0.1630883992391486,0.29652723146357546,0.5969491478091277,0.6256141382638997,FusionVI
fusionvi,2028,calibrated,ADT_CD27_A0191,0.6214642091189976,0.3108855852759615,0.5381151513231304,0.7546191824048031,0.8751268883178598,FusionVI
fusionvi,2028,calibrated,ADT_CD270(HVEM)_A0885,0.47741646202532156,0.15662234761221858,0.4509943663076227,0.7847933247623355,0.7689214476382207,FusionVI
fusionvi,2028,calibrated,ADT_CD272(BTLA)_A0881,0.4685672446571591,0.13844292519666068,0.4476480975371101,0.6795005688575759,0.66322530187429,FusionVI
fusionvi,2028,calibrated,ADT_CD273(B7-DC_PD-L2)_A0914,0.5476200931935405,-0.0035255320701343346,0.5476087445365747,0.06024619656187852,0.21930666283189545,FusionVI
fusionvi,2028,calibrated,ADT_CD278(ICOS)_A0847,0.4696297103578195,0.06901900546669787,0.4645303453329572,0.13808092648069578,0.259258714857172,FusionVI
fusionvi,2028,calibrated,ADT_CD3_A0182,0.5549038941378843,0.06986777509181931,0.5504878070703367,0.5719052159689016,0.6135882461698557,FusionVI
fusionvi,2028,calibrated,ADT_CD300c-d_A0876,0.5240768652549015,-0.027017411300358906,0.5233799959704528,0.062379404307306575,0.1270514163567374,FusionVI
fusionvi,2028,calibrated,ADT_CD309(VEGFR2_Flk-1)_A0554,0.6807014169182946,0.4282066963104218,0.5291440675557851,0.054062512560871745,0.10726576866445875,FusionVI
fusionvi,2028,calibrated,ADT_CD309(VEGFR2_Flk-1)_A0553,0.6205072680310785,0.5063962636413996,0.3585973979959156,0.032854876789607676,0.055680385578499796,FusionVI
fusionvi,2028,calibrated,ADT_CD31_A0904,0.3693415411006564,0.12659233861671298,0.3469690962984435,0.6645467321586903,0.7235308150431564,FusionVI
fusionvi,2028,calibrated,ADT_CD314(NKG2D)_A0835,0.5380356712445317,0.09393385573352202,0.5297724174384565,0.1445300074005838,0.19455157572804002,FusionVI
fusionvi,2028,calibrated,ADT_CD317(BST2_PDCA-1)_A0811,0.5370944877074428,0.0847400030508087,0.5303674392425222,0.14481683684322322,0.3346738013767293,FusionVI
fusionvi,2028,calibrated,ADT_CD339(Jagged1)_A0887,0.35859896909424654,-0.05573714795843617,0.3542408657579127,0.12178743715260315,0.23516177576120895,FusionVI
fusionvi,2028,calibrated,ADT_CD34_A0857,0.47420813627832553,0.012027169228973978,0.4740555913739458,0.06463589209685185,0.1626928420747642,FusionVI
fusionvi,2028,calibrated,ADT_CD34_A0823,0.34645933232210985,-0.0049952886858100195,0.34642331914007674,0.07973895386766734,0.2271116202885803,FusionVI
fusionvi,2028,calibrated,ADT_CD365(Tim-1)_A1013,0.5607094569750891,0.03944484477767125,0.5593203012244106,0.05052945796301665,0.09445341975655594,FusionVI
fusionvi,2028,calibrated,ADT_CD371(CLEC12A)_A0825,0.6130331799262653,0.2539195985063119,0.5579735810814943,0.4541422773630675,0.5284336306605609,FusionVI
fusionvi,2028,calibrated,ADT_CD39_A0834,0.3778499078256967,0.12248249031623634,0.3574473281615353,0.5245245924603711,0.7457591513725745,FusionVI
fusionvi,2028,calibrated,ADT_CD3e_A0094,0.5693720257864152,0.06724626927522695,0.565386985185094,0.5685282691898037,0.611633428637256,FusionVI
fusionvi,2028,calibrated,ADT_CD40_A0903,0.5118525440987519,0.13538400289948196,0.49362353940961723,0.6181085420919847,0.6242668896874077,FusionVI
fusionvi,2028,calibrated,ADT_CD44_A0073,0.5785383236014511,0.20912883132401464,0.5394179490753254,0.8221351313532343,0.8625227041401375,FusionVI
fusionvi,2028,calibrated,ADT_CD49a_A0850,0.3754754434982679,0.03375524694495329,0.3739550667846424,0.2645161264979339,0.491827312639768,FusionVI
fusionvi,2028,calibrated,ADT_CD49b_A0421,0.6079556226678593,0.029183821213638248,0.6072547601401209,0.25151587701946077,0.6400742112361346,FusionVI
fusionvi,2028,calibrated,ADT_CD51_A1008,0.4770052831829227,0.16556206561116807,0.4473513637119968,0.31684192986674736,0.36690502108520473,FusionVI
fusionvi,2028,calibrated,ADT_CD61_A0910,0.5365651192421999,0.013439351325179878,0.5363967850606076,0.5774590380794182,0.6167107702485833,FusionVI
fusionvi,2028,calibrated,ADT_CD80_A0849,0.46366836022487784,-0.019414071898152325,0.46326174252355434,0.3104256540473736,0.45429690468529543,FusionVI
fusionvi,2028,calibrated,ADT_CD85k(gp49Receptor)_A1007,0.552956470200668,0.12016742806043479,0.5397412779935609,0.11121208940496188,0.2053796873598731,FusionVI
fusionvi,2028,calibrated,ADT_CD9_A0813,0.7409533050753006,0.40192516947438334,0.6224692429710855,0.6031894957770771,0.7274193854344432,FusionVI
fusionvi,2028,calibrated,ADT_CD94_A1009,0.5592002264661916,0.03350409894753769,0.5581956365232125,0.0829482986824655,0.3941656781664097,FusionVI
fusionvi,2028,calibrated,ADT_CD95(Fas)_A0917,0.5534086596303007,0.11395263077782403,0.5415495752861599,0.21915577614350037,0.2537594675219977,FusionVI
fusionvi,2028,calibrated,ADT_D62E(E-selectin)_A0379,0.44264117077860027,0.045415434469675386,0.44030517187534934,0.08204302598224156,0.18750733728929533,FusionVI
fusionvi,2028,calibrated,ADT_DLL1_A0884,0.5361350250846857,-0.0686310807219078,0.5317241200862522,0.06962964256559763,0.12970490442918242,FusionVI
fusionvi,2028,calibrated,ADT_DR3(TNFRSF25)_A0836,0.5437254683453215,-0.008080510029190937,0.5436654212702963,0.08290913651272294,0.11809647759445822,FusionVI
fusionvi,2028,calibrated,ADT_ENPP1_A0891,0.41441261636425597,0.030248350865544872,0.41330721487990496,0.07495933823178333,0.16419338448364254,FusionVI
fusionvi,2028,calibrated,ADT_GABRB3_A0435,0.5371097087422528,0.004875104868410322,0.5370875837121066,0.06978031016911926,0.12573412076962628,FusionVI
fusionvi,2028,calibrated,ADT_GITRLigand_A0880,0.43456096729464516,0.042471149922070524,0.43248056108957733,0.06163794922814866,0.175059721578255,FusionVI
fusionvi,2028,calibrated,ADT_IL-21Receptor_A0879,0.5310822004199585,0.1197862022164882,0.5173969166524418,0.07144203184449327,0.09525579192649886,FusionVI
fusionvi,2028,calibrated,ADT_IL-33Ra(IL1RL1_ST2)_A0837,0.3596829711802734,-0.08754555626190105,0.348866185429118,0.10800212877601378,0.23089097674662545,FusionVI
fusionvi,2028,calibrated,ADT_JAML_A0877,0.4988302602075643,0.010669944388672022,0.49871613246965374,0.16548626623563809,0.19579152765669047,FusionVI
fusionvi,2028,calibrated,ADT_KCC2_A0438,0.5327143574891925,-0.03904597204924329,0.5312814684720827,0.07169721636895271,0.11225938866571271,FusionVI
fusionvi,2028,calibrated,ADT_KLRG1(MAFA)_A0250,0.5411559325133269,-0.011308798820996682,0.5410377568743191,0.047603695540054405,0.15981429344203388,FusionVI
fusionvi,2028,calibrated,ADT_Ly-49A_A0842,0.6813453840081496,0.0783958549248134,0.6768202288937737,0.35164457200180993,0.4875519038648767,FusionVI
fusionvi,2028,calibrated,ADT_Ly-6G_A0015,0.5493814818696682,-0.0244930192304685,0.5488352253912722,0.11079524538776507,0.3464269752789455,FusionVI
fusionvi,2028,calibrated,ADT_Ly-6G-Ly-6C(Gr-1)_A0116,0.6338446396363802,0.2553990631249114,0.5801123561437739,0.0999572406441637,0.6536366184010406,FusionVI
fusionvi,2028,calibrated,ADT_Ly108_A0930,0.5122741485165401,0.25292321590561784,0.4454824913442765,0.6804948856763803,0.6841313134047716,FusionVI
fusionvi,2028,calibrated,ADT_Ly49D_A0841,0.5663409336901988,0.02748105694680558,0.5656737970616762,0.06318750346742869,0.35507331252665514,FusionVI
fusionvi,2028,calibrated,ADT_Ly49G_A0840,0.40232152100416446,0.10017370974895495,0.3896509131751607,0.07738413204229316,0.18821828920788938,FusionVI
fusionvi,2028,calibrated,ADT_Ly49H_A0839,0.4561704492249207,-0.021755891938747753,0.4556513578516091,0.09703735895266867,0.3365080108399234,FusionVI
fusionvi,2028,calibrated,ADT_Mac-2(Galectin-3)_A0895,0.5434242778004696,0.12670344368656666,0.5284469538760969,0.06960684575005355,0.13087691374190483,FusionVI
fusionvi,2028,calibrated,ADT_Notch4_A0888,0.30580836977545967,0.00969571645033821,0.3056546288006104,0.1337749020009756,0.28069893079587993,FusionVI
fusionvi,2028,calibrated,ADT_P2X7R_A0824,0.5327690854129641,0.11482254594306149,0.5202486725739137,0.12195710837610575,0.18937091192753672,FusionVI
fusionvi,2028,calibrated,ADT_PIR-A-B_A0882,0.4885761883762023,0.1587955884898817,0.462050487419254,0.678511145994655,0.7697204162420468,FusionVI
fusionvi,2028,calibrated,ADT_PLZF_A0878,0.5219025393650175,0.024044970573471602,0.5213483480224852,0.03347029334468611,0.12641535469616022,FusionVI
fusionvi,2028,calibrated,ADT_Slc7a1(Cat-1_ERR)_A0889,0.4934026322753952,-0.006765001337357165,0.4933562529179027,0.08238468484370227,0.1642880994324347,FusionVI
fusionvi,2028,calibrated,ADT_TCRVb13.1_A0908,0.5439420070043286,0.04333491011341351,0.5422130508843902,0.01740611096175935,0.0546660003387124,FusionVI
fusionvi,2028,calibrated,ADT_TIGIT(Vstm3)_A0848,0.37648994405893366,-0.017183042920983767,0.3760976216535731,0.10458276339160533,0.2087528180613736,FusionVI
fusionvi,2028,calibrated,ADT_TLR4(CD284)-MD2Complex_A0875,0.533600955241975,0.07707028424420162,0.528005824514909,0.05926133882688904,0.12398177829787027,FusionVI
fusionvi,2028,calibrated,ADT_IsotypeCtrlAPCRatIgG1_l_A0237,0.5040197058919688,-0.0015849606533630963,0.5040172138202754,0.04587742717321317,0.1318974625307789,FusionVI
fusionvi,2028,calibrated,ADT_IsotypeCtrlArm.HamsterIgG_A0241,0.5786751820129465,0.18205168026574822,0.5492924102790201,-0.004122070345087874,0.0019030227758096638,FusionVI
fusionvi,2028,calibrated,ADT_IsotypeCtrlMouseIgG1_k(FC)_A0090,0.5278731854897193,0.050071348820054165,0.5254930636900979,0.06379887657687446,0.13314497283587334,FusionVI
fusionvi,2028,calibrated,ADT_IsotypeCtrlMouseIgG2a_k_A0091,0.5225959309990827,-0.017376424456998475,0.522306966227609,0.031286208029020025,0.08982807190141083,FusionVI
fusionvi,2028,calibrated,ADT_IsotypeCtrlMouseIgG2b_k_A0092,0.53914119203228,0.15179936379035255,0.5173298542504907,0.04443659620347081,0.09349993262093133,FusionVI
fusionvi,2028,calibrated,ADT_IsotypeCtrlRatIgG1_k_A0236,0.484440033567834,-0.1829508557998751,0.44856563676378075,0.08911403719901982,0.17238201652173515,FusionVI
fusionvi,2028,calibrated,ADT_IsotypeCtrlRatIgG2a_k_A0238,0.5483514841799593,-0.08241263265227115,0.5421231485388603,0.05588903923539907,0.12611107059129054,FusionVI
fusionvi,2028,calibrated,ADT_IsotypeCtrlRatIgG2b_k_A0095,0.5082696045950219,0.05583989677072593,0.5051929303581091,0.04436056462840255,0.11932615844947445,FusionVI
fusionvi,2028,calibrated,ADT_IsotypeCtrlRatIgG2c_k_A0240,0.5375225288468748,0.01070547641158691,0.5374159113691565,0.010318200211766531,0.09821318057260607,FusionVI
fusionvi,2029,log_mean,ADT_4-1BBLigand(CD137L)_A0890,1.087462550744218,0.9503801868001202,0.5285378887164588,0.07018628858320887,0.13677516418086216,FusionVI
fusionvi,2029,log_mean,ADT_CD105_A0812,1.1065071413147662,0.9683375615253929,0.5354254576685524,0.13282677604794585,0.22330849775978098,FusionVI
fusionvi,2029,log_mean,ADT_CD107a(LAMP-1)_A0905,1.099983637265701,0.9521028490710206,0.550875818168743,0.2017103366699797,0.3343510397591304,FusionVI
fusionvi,2029,log_mean,ADT_CD11b_A0014,1.199258601922666,1.0386522360278032,0.5995187460621174,0.3255244932966622,0.7823872058809355,FusionVI
fusionvi,2029,log_mean,ADT_CD120b(TNFRTypeII-p75)_A0893,1.2235406687397012,1.1135730577257328,0.506958393921327,0.24923406871321324,0.4221712777393257,FusionVI
fusionvi,2029,log_mean,ADT_CD124(IL-4Ra)_A0916,1.2437674590121839,1.1420500700320249,0.49262473510511345,0.32122584195363946,0.32269210289630945,FusionVI
fusionvi,2029,log_mean,ADT_CD138(Syndecan-1)_A0810,1.2031603039675862,1.0712225934851534,0.547792727452862,0.2812676491344758,0.38448887590982955,FusionVI
fusionvi,2029,log_mean,ADT_CD152_A0388,1.0492013654081058,0.9930162752427744,0.33873615436974086,0.011903718126201914,0.02908693170843489,FusionVI
fusionvi,2029,log_mean,ADT_CD155(PVR)_A1011,1.240866598003309,1.1192725154036267,0.5357041630436268,0.5961637962070901,0.6289428880393804,FusionVI
fusionvi,2029,log_mean,ADT_CD159a(NKG2AB6)_A0927,1.0595960568049139,0.9151909711793853,0.5340124435518445,0.0705991514345034,0.21255968092441063,FusionVI
fusionvi,2029,log_mean,ADT_CD160_A1006,0.9763744877350341,0.8212752909216565,0.5280284431935143,0.06998693706021043,0.1364566260530649,FusionVI
fusionvi,2029,log_mean,ADT_CD163_A0417,1.0288891164258416,0.8524126903681611,0.5761991141947534,0.07412908785081124,0.32002230606292287,FusionVI
fusionvi,2029,log_mean,ADT_CD170(Singlec-F)_A0431,1.040349199613915,0.9090019968851802,0.5060057576708198,0.06798384824405336,0.15717339541062714,FusionVI
fusionvi,2029,log_mean,ADT_CD178(FasL)_A1012,0.9272300961324647,0.7572740972836556,0.535062232601988,0.06891598303997434,0.10311341221755757,FusionVI
fusionvi,2029,log_mean,ADT_CD182(CXCR2)_A0909,1.0202198382024166,0.9656082205102301,0.3293163869970973,0.1453751930106974,0.3207143718399084,FusionVI
fusionvi,2029,log_mean,ADT_CD185(CXCR5)_A0846,1.3382341341366912,1.247599575532805,0.4841135165422345,0.5375342157727497,0.5450364265762819,FusionVI
fusionvi,2029,log_mean,ADT_CD186(CXCR6)_A0926,1.1800152378616524,1.0504684268870825,0.5375425989621689,0.07246310420703353,0.19682634849831362,FusionVI
fusionvi,2029,log_mean,ADT_CD193(CCR3)_A0808,1.080262361362013,0.9795685378149774,0.4554253496440538,0.19558831524441161,0.31029768333389907,FusionVI
fusionvi,2029,log_mean,ADT_CD194(CCR4)_A0833,1.0065611579177012,0.839193898184725,0.5558047911615346,0.09593824241465124,0.128940767038724,FusionVI
fusionvi,2029,log_mean,ADT_CD198(CCR8)_A0907,1.00150201189824,0.8247383273698748,0.5681663235385724,0.11004179607533565,0.2019404971490316,FusionVI
fusionvi,2029,log_mean,ADT_CD199(CCR9)_A0854,1.4635735177209024,1.3637121190398145,0.5313536469789114,0.29750876060016446,0.4506662177784205,FusionVI
fusionvi,2029,log_mean,ADT_CD1d(CD1.1_Ly-38)_A0851,1.4669040292057898,1.3868154755574058,0.4780693126050169,0.7475583831491249,0.7781141582168499,FusionVI
fusionvi,2029,log_mean,ADT_CD2_A0892,1.2705156065027325,1.2245772092784881,0.33855659036961694,0.7679405486577896,0.8620784514796122,FusionVI
fusionvi,2029,log_mean,ADT_CD200R(OX2R)_A0807,1.0827292184790815,0.99582491771637,0.4250121101844709,0.15358502581526795,0.240288188626049,FusionVI
fusionvi,2029,log_mean,ADT_CD200R3_A0809,1.014145030426989,0.8681527654580194,0.5242145730207382,0.04386043521129151,0.14309667803172443,FusionVI
fusionvi,2029,log_mean,ADT_CD207(Langerin)_A0437,1.0544672899583947,0.9439011005415223,0.470055292480192,0.04564911773108476,0.10333137682806884,FusionVI
fusionvi,2029,log_mean,ADT_CD22_A0827,1.0116104805666768,0.810844156808019,0.6048863676448663,0.6742719065994778,0.697231357019634,FusionVI
fusionvi,2029,log_mean,ADT_CD226(DNAM-1)_A0852,1.2295252079786285,1.1060125251282111,0.5370926654818123,0.7302366354442753,0.8032785700726397,FusionVI
fusionvi,2029,log_mean,ADT_CD252(OX40Ligand)_A0924,0.9703216514328823,0.8032501188053534,0.5443467221161468,0.05671422078966792,0.12322086256335163,FusionVI
fusionvi,2029,log_mean,ADT_CD253(TRAIL)_A0925,1.0485488894313237,0.9066988420294811,0.5266421777545188,0.057543140190231414,0.12356925043881219,FusionVI
fusionvi,2029,log_mean,ADT_CD26(DPP-4)_A0883,1.243299672929642,1.2084534510311584,0.2922915212555426,0.5938039675426542,0.6260964291129079,FusionVI
fusionvi,2029,log_mean,ADT_CD27_A0191,1.4548635217596486,1.3473772890959606,0.5488190118566127,0.7578402321535157,0.8768157951420339,FusionVI
fusionvi,2029,log_mean,ADT_CD270(HVEM)_A0885,1.2850625820050712,1.202796190988544,0.45240155018849887,0.7820864821769818,0.7677248310069112,FusionVI
fusionvi,2029,log_mean,ADT_CD272(BTLA)_A0881,1.2600720095604783,1.1767735212812143,0.4505391757540321,0.6786779646042068,0.6632010619511121,FusionVI
fusionvi,2029,log_mean,ADT_CD273(B7-DC_PD-L2)_A0914,1.0390773053173719,0.8826401709202432,0.5482955180406464,0.056577489422464496,0.2185307874561863,FusionVI
fusionvi,2029,log_mean,ADT_CD278(ICOS)_A0847,1.1363916199692465,1.0373514074603285,0.4639913483852087,0.13846826449404112,0.2598759004662314,FusionVI
fusionvi,2029,log_mean,ADT_CD3_A0182,1.192390820522196,1.0538716158525392,0.557808646549953,0.5657802536603191,0.6147357407442247,FusionVI
fusionvi,2029,log_mean,ADT_CD300c-d_A0876,1.028658872065603,0.8851059812278982,0.5241435653271338,0.05876573242572201,0.10715743969263886,FusionVI
fusionvi,2029,log_mean,ADT_CD309(VEGFR2_Flk-1)_A0554,1.4673838363840472,1.3694245887046055,0.5271542650233246,0.0514341914480662,0.10459836720273563,FusionVI
fusionvi,2029,log_mean,ADT_CD309(VEGFR2_Flk-1)_A0553,1.9706935784335406,1.9348373113073736,0.37421619266409933,0.02774327019538451,0.06654108643048377,FusionVI
fusionvi,2029,log_mean,ADT_CD31_A0904,1.284002754286343,1.2353604502425715,0.35006803766041333,0.6675902765051711,0.724835886771083,FusionVI
fusionvi,2029,log_mean,ADT_CD314(NKG2D)_A0835,1.1749793288643158,1.0488605101217001,0.5295923465889769,0.14044807339673912,0.19309396365809556,FusionVI
fusionvi,2029,log_mean,ADT_CD317(BST2_PDCA-1)_A0811,1.1319860562656063,0.9995466469029961,0.5313181083349967,0.13902237427733993,0.32703013753861915,FusionVI
fusionvi,2029,log_mean,ADT_CD339(Jagged1)_A0887,0.9948921369517616,0.931217965192716,0.35020489070079475,0.12267188824665719,0.23083281198128952,FusionVI
fusionvi,2029,log_mean,ADT_CD34_A0857,1.0631992175529144,0.9534549092945994,0.4704426767918668,0.06611972093010432,0.18173939313654675,FusionVI
fusionvi,2029,log_mean,ADT_CD34_A0823,1.0435365303499446,0.9847348193908938,0.34534884631911983,0.07715609984340718,0.2219626894520564,FusionVI
fusionvi,2029,log_mean,ADT_CD365(Tim-1)_A1013,1.0987057878622388,0.9469714956735668,0.5571349878294312,0.04678077008616231,0.08503134440606959,FusionVI
fusionvi,2029,log_mean,ADT_CD371(CLEC12A)_A0825,1.3706746770701483,1.249032971998199,0.5645048318859746,0.4495178958925622,0.527101757361634,FusionVI
fusionvi,2029,log_mean,ADT_CD39_A0834,1.197618073798048,1.1432655574482338,0.35669723273430504,0.5318519604353643,0.7469311340227432,FusionVI
fusionvi,2029,log_mean,ADT_CD3e_A0094,1.1755013104445695,1.023163875325211,0.5787391598002812,0.5698747238094761,0.611442114019558,FusionVI
fusionvi,2029,log_mean,ADT_CD40_A0903,1.2387802035578472,1.1307596269784388,0.505923965356787,0.6147811354231894,0.6242427737303072,FusionVI
fusionvi,2029,log_mean,ADT_CD44_A0073,1.4326346608817244,1.3219992047358093,0.5520508801166718,0.8242201660398917,0.8644988378492142,FusionVI
fusionvi,2029,log_mean,ADT_CD49a_A0850,1.0986464331592432,1.0328668046729814,0.37444645665052045,0.2565864496818825,0.4832033978008117,FusionVI
fusionvi,2029,log_mean,ADT_CD49b_A0421,1.1817568006541588,1.01408326529951,0.6067818940375419,0.2316612564440981,0.6462224611798317,FusionVI
fusionvi,2029,log_mean,ADT_CD51_A1008,1.2479680085539395,1.1652920746870012,0.4466749724863383,0.31915053682639016,0.3675423233753597,FusionVI
fusionvi,2029,log_mean,ADT_CD61_A0910,1.2061556386682764,1.080965475254768,0.5350935114523945,0.5760433935976355,0.6137230403558979,FusionVI
fusionvi,2029,log_mean,ADT_CD80_A0849,1.0471358964259154,0.9402977137158547,0.4607969131454777,0.3133063119929311,0.4602555371467722,FusionVI
fusionvi,2029,log_mean,ADT_CD85k(gp49Receptor)_A1007,1.1362166819368478,0.9998271905903705,0.5397535893976917,0.11047700187702461,0.20449020102628704,FusionVI
fusionvi,2029,log_mean,ADT_CD9_A0813,1.6585752536855458,1.5367272009115152,0.6239722606948942,0.6072152040480338,0.7299362093547894,FusionVI
fusionvi,2029,log_mean,ADT_CD94_A1009,1.1110678308139166,0.9574280240532428,0.5637404575041542,0.09570859754604585,0.39592004811120984,FusionVI
fusionvi,2029,log_mean,ADT_CD95(Fas)_A0917,1.1196840726062285,0.9753162792570816,0.5499550689503127,0.22592780596947556,0.2608248332559112,FusionVI
fusionvi,2029,log_mean,ADT_D62E(E-selectin)_A0379,1.105134649023338,1.0154850601564998,0.43601913383570157,0.0867874046563078,0.197203818216995,FusionVI
fusionvi,2029,log_mean,ADT_DLL1_A0884,0.8625173855785161,0.6820312622422452,0.52798636132899,0.05963016703716565,0.14955422179478955,FusionVI
fusionvi,2029,log_mean,ADT_DR3(TNFRSF25)_A0836,1.0350263163665112,0.8798985443167976,0.5450302994149644,0.08449077763715236,0.1156299038240086,FusionVI
fusionvi,2029,log_mean,ADT_ENPP1_A0891,1.080337987568975,0.9997231258542627,0.40949217210677163,0.05532423540500752,0.16865413326942652,FusionVI
fusionvi,2029,log_mean,ADT_GABRB3_A0435,1.0941831354605838,0.9551951786929175,0.5337030115411618,0.07030757103794587,0.12766766889120124,FusionVI
fusionvi,2029,log_mean,ADT_GITRLigand_A0880,1.0897182745965606,1.001953520829722,0.4284566023374807,0.07332563236915919,0.1786093165763344,FusionVI
fusionvi,2029,log_mean,ADT_IL-21Receptor_A0879,1.103157158489537,0.9742207192486745,0.5175419852661765,0.06606974546784623,0.08412985491625105,FusionVI
fusionvi,2029,log_mean,ADT_IL-33Ra(IL1RL1_ST2)_A0837,0.9572762139693989,0.8920662530071997,0.34726870011167266,0.09078829656198105,0.2180085372075574,FusionVI
fusionvi,2029,log_mean,ADT_JAML_A0877,1.110755297760904,0.9933645745594856,0.49699512423574105,0.14044631326917084,0.19946942005855087,FusionVI
fusionvi,2029,log_mean,ADT_KCC2_A0438,0.9465400493956255,0.7844262230417828,0.529729710054334,0.07634027938368006,0.11644951874497331,FusionVI
fusionvi,2029,log_mean,ADT_KLRG1(MAFA)_A0250,1.0462509571962093,0.894906756335997,0.5420174931661663,0.056592488240099395,0.1613280184541288,FusionVI
fusionvi,2029,log_mean,ADT_Ly-49A_A0842,1.2929559435712477,1.0782074954391883,0.713585081679054,0.3550205562733602,0.48854759388002,FusionVI
fusionvi,2029,log_mean,ADT_Ly-6G_A0015,1.0389238466783497,0.8859828996768326,0.5425836900212966,0.10434632319337706,0.3518802541814502,FusionVI
fusionvi,2029,log_mean,ADT_Ly-6G-Ly-6C(Gr-1)_A0116,1.397373843661672,1.270376199138484,0.5820635460258342,0.09498512884556237,0.6493590818020974,FusionVI
fusionvi,2029,log_mean,ADT_Ly108_A0930,1.3611552332117063,1.2867862181601641,0.44376209578178605,0.6827288811369395,0.6854687381751446,FusionVI
fusionvi,2029,log_mean,ADT_Ly49D_A0841,1.10548251522108,0.946028419946188,0.5719456443698079,0.0624430939360857,0.3547406086521866,FusionVI
fusionvi,2029,log_mean,ADT_Ly49G_A0840,1.1454731262753348,1.0797418320382424,0.382447720826838,0.08890826555381663,0.19881336006840125,FusionVI
fusionvi,2029,log_mean,ADT_Ly49H_A0839,1.068554565343289,0.9640540333501092,0.46087816166241574,0.09876959885754734,0.32883673604360364,FusionVI
fusionvi,2029,log_mean,ADT_Mac-2(Galectin-3)_A0895,1.1570706369204549,1.0304108932059266,0.5263704493852364,0.07559376307148956,0.1400882266703205,FusionVI
fusionvi,2029,log_mean,ADT_Notch4_A0888,1.049505152819867,1.0045204528217073,0.3039732318121676,0.13142663316588976,0.2846216835757169,FusionVI
fusionvi,2029,log_mean,ADT_P2X7R_A0824,1.140434681397688,1.0153795412707587,0.5192260102338639,0.1251099219782782,0.18745253911096732,FusionVI
fusionvi,2029,log_mean,ADT_PIR-A-B_A0882,1.2632078894209677,1.1754312251482326,0.46266143868042314,0.6788687278638873,0.7690649349097376,FusionVI
fusionvi,2029,log_mean,ADT_PLZF_A0878,1.0877907696433662,0.9568499146137501,0.5174234237304322,0.03550450638032214,0.14137101486298942,FusionVI
fusionvi,2029,log_mean,ADT_Slc7a1(Cat-1_ERR)_A0889,1.0591799328541731,0.9396148568914157,0.4888619957307401,0.054582187312109336,0.1706372184148306,FusionVI
fusionvi,2029,log_mean,ADT_TCRVb13.1_A0908,1.0417807031515096,0.8927628160840705,0.5369186043307204,0.02956209128056245,0.0895195851785003,FusionVI
fusionvi,2029,log_mean,ADT_TIGIT(Vstm3)_A0848,1.0390297561165571,0.9703067650358093,0.3716014206395753,0.09884949430389434,0.2163997721291588,FusionVI
fusionvi,2029,log_mean,ADT_TLR4(CD284)-MD2Complex_A0875,1.1305481954738874,1.0004854854370078,0.5264674878082046,0.0644314853032476,0.11931794494151468,FusionVI
fusionvi,2029,log_mean,ADT_IsotypeCtrlAPCRatIgG1_l_A0237,1.0755911751624185,0.9507011570969257,0.5030543568858036,0.046461064806755055,0.12947045095997634,FusionVI
fusionvi,2029,log_mean,ADT_IsotypeCtrlArm.HamsterIgG_A0241,1.353131247581292,1.2252018272071796,0.5743210389573229,0.005265046544133254,0.00472468099139203,FusionVI
fusionvi,2029,log_mean,ADT_IsotypeCtrlMouseIgG1_k(FC)_A0090,1.0713085985489945,0.9351030260144478,0.5227661466311593,0.06940443525517458,0.13443853124535837,FusionVI
fusionvi,2029,log_mean,ADT_IsotypeCtrlMouseIgG2a_k_A0091,0.9579554951155935,0.8049511240082547,0.5193576981040918,0.02942449056844187,0.09569425482784362,FusionVI
fusionvi,2029,log_mean,ADT_IsotypeCtrlMouseIgG2b_k_A0092,1.1003911259474541,0.9732395382155263,0.5134836232226594,0.03782729364780947,0.09335826139696042,FusionVI
fusionvi,2029,log_mean,ADT_IsotypeCtrlRatIgG1_k_A0236,0.9241438671589434,0.8088628919931161,0.4469705909385879,0.09433667275105008,0.16852509160048318,FusionVI
fusionvi,2029,log_mean,ADT_IsotypeCtrlRatIgG2a_k_A0238,1.0057193698304856,0.8498548012355439,0.5377901706698284,0.0712747004802407,0.1437615799439305,FusionVI
fusionvi,2029,log_mean,ADT_IsotypeCtrlRatIgG2b_k_A0095,1.1045632278257211,0.984414348886315,0.5009873391328836,0.05954048522083952,0.137172338355451,FusionVI
fusionvi,2029,log_mean,ADT_IsotypeCtrlRatIgG2c_k_A0240,0.9876878928266567,0.8332051746574007,0.5303739346540886,0.03508943616604308,0.11859333890345823,FusionVI
fusionvi,2029,pred_log,ADT_4-1BBLigand(CD137L)_A0890,1.0259094941611937,0.8752804169353426,0.5351396845119387,0.050501537933789004,0.10169947284292839,FusionVI
fusionvi,2029,pred_log,ADT_CD105_A0812,1.0297375938001785,0.8757209352754202,0.5417308885467799,0.10025826571330591,0.19674672964493242,FusionVI
fusionvi,2029,pred_log,ADT_CD107a(LAMP-1)_A0905,0.9841992190210332,0.8092618435972497,0.5601279953895928,0.12984728702861592,0.2990336003212475,FusionVI
fusionvi,2029,pred_log,ADT_CD11b_A0014,1.0368911459928258,0.8391067906247549,0.6091330253448013,0.25883641126399004,0.7726544082375222,FusionVI
fusionvi,2029,pred_log,ADT_CD120b(TNFRTypeII-p75)_A0893,1.1580605975673672,1.0385165430512044,0.5124331541254856,0.2336747994987797,0.40616629991548714,FusionVI
fusionvi,2029,pred_log,ADT_CD124(IL-4Ra)_A0916,1.18295949229724,1.0724125426964506,0.49932404176386724,0.29379611984258397,0.2970650920004914,FusionVI
fusionvi,2029,pred_log,ADT_CD138(Syndecan-1)_A0810,1.0681017160998298,0.9117163472695724,0.5564302095112915,0.22779675241250535,0.3400827078419119,FusionVI
fusionvi,2029,pred_log,ADT_CD152_A0388,0.9882751008569229,0.9270433193606119,0.34245928079498805,-0.007623804789069763,-0.0006922934455313535,FusionVI
fusionvi,2029,pred_log,ADT_CD155(PVR)_A1011,1.1653385645380516,1.0307618715852191,0.5436395258677282,0.5803897751363033,0.6197446153339412,FusionVI
fusionvi,2029,pred_log,ADT_CD159a(NKG2AB6)_A0927,0.9733780385909859,0.8099727889497864,0.5398230146743572,0.04658598791748966,0.18087817554135474,FusionVI
fusionvi,2029,pred_log,ADT_CD160_A1006,0.9039476201537273,0.7282333959573869,0.5355347056857709,0.0431662525364329,0.1021679034724059,FusionVI
fusionvi,2029,pred_log,ADT_CD163_A0417,0.8629275190326137,0.6460946851783792,0.5720188466195986,0.06119248585978369,0.2706758789738374,FusionVI
fusionvi,2029,pred_log,ADT_CD170(Singlec-F)_A0431,0.9819693615278657,0.8390489552558387,0.5101575028003548,0.06205068077502628,0.12766650522362466,FusionVI
fusionvi,2029,pred_log,ADT_CD178(FasL)_A1012,0.8492082857356611,0.6515533075670339,0.5446402482010967,0.04135514903744591,0.06721143795245217,FusionVI
fusionvi,2029,pred_log,ADT_CD182(CXCR2)_A0909,0.9923443780020879,0.9351457559811369,0.3320388224632781,0.11335131648659186,0.30326201083363863,FusionVI
fusionvi,2029,pred_log,ADT_CD185(CXCR5)_A0846,1.287099313368549,1.1893454651144388,0.49201829954328014,0.5257722674075009,0.5397636575489831,FusionVI
fusionvi,2029,pred_log,ADT_CD186(CXCR6)_A0926,1.0864763236657764,0.9399711080019301,0.5448716527842893,0.04449866564690364,0.15345802391780008,FusionVI
fusionvi,2029,pred_log,ADT_CD193(CCR3)_A0808,1.029237542137728,0.920806919979271,0.4598309844540228,0.1554349927094786,0.28990603286693284,FusionVI
fusionvi,2029,pred_log,ADT_CD194(CCR4)_A0833,0.9280387114279184,0.7374469252339321,0.5634073857980515,0.06381149109413006,0.08909252022098575,FusionVI
fusionvi,2029,pred_log,ADT_CD198(CCR8)_A0907,0.9168845269872316,0.7131125159721429,0.5763226313380997,0.0561196900706321,0.14853888955484154,FusionVI
fusionvi,2029,pred_log,ADT_CD199(CCR9)_A0854,1.3849321363024727,1.2758416338807348,0.5387626076666614,0.2682240963032902,0.43081511276647394,FusionVI
fusionvi,2029,pred_log,ADT_CD1d(CD1.1_Ly-38)_A0851,1.39150290987198,1.3044062873006037,0.4845663894997353,0.7355085946573166,0.7692133224346227,FusionVI
fusionvi,2029,pred_log,ADT_CD2_A0892,1.2204360298459096,1.1721303773760958,0.3399624705437517,0.7595447352859226,0.8579655691585915,FusionVI
fusionvi,2029,pred_log,ADT_CD200R(OX2R)_A0807,1.041940222610967,0.949888075997289,0.4281962991114096,0.12055064588789835,0.21847276639845714,FusionVI
fusionvi,2029,pred_log,ADT_CD200R3_A0809,0.9433774766592339,0.7797377484602777,0.5310085753488528,0.03130710211135899,0.10311656993128773,FusionVI
fusionvi,2029,pred_log,ADT_CD207(Langerin)_A0437,0.913090673438014,0.776479594231263,0.48043107482956987,0.03541660262880465,0.07149616417143838,FusionVI
fusionvi,2029,pred_log,ADT_CD22_A0827,0.9240244542738953,0.6811224298083071,0.6244144678882577,0.6675588196554226,0.6934805882260736,FusionVI
fusionvi,2029,pred_log,ADT_CD226(DNAM-1)_A0852,1.1270139485551525,0.9897612195769584,0.5390112878775064,0.7276417072846004,0.8048752046933555,FusionVI
fusionvi,2029,pred_log,ADT_CD252(OX40Ligand)_A0924,0.8994676104561945,0.7111391471506208,0.5507477604581339,0.05103459745344179,0.09012290411879352,FusionVI
fusionvi,2029,pred_log,ADT_CD253(TRAIL)_A0925,0.9626873269446071,0.7995668329705422,0.5361527478929761,0.023282116221067507,0.06130164673823207,FusionVI
fusionvi,2029,pred_log,ADT_CD26(DPP-4)_A0883,1.2136515503046095,1.1765224546535167,0.2979009890095806,0.5770888196335481,0.6118636045232592,FusionVI
fusionvi,2029,pred_log,ADT_CD27_A0191,1.3578459760825663,1.2371166090184889,0.5597215293824025,0.7405007685086672,0.8744406418769345,FusionVI
fusionvi,2029,pred_log,ADT_CD270(HVEM)_A0885,1.229357906632453,1.1391302338103066,0.46228040518603153,0.764202654431787,0.7594368261014586,FusionVI
fusionvi,2029,pred_log,ADT_CD272(BTLA)_A0881,1.2092517624579127,1.1188053350692826,0.4588730186315238,0.667634062261356,0.655850406075088,FusionVI
fusionvi,2029,pred_log,ADT_CD273(B7-DC_PD-L2)_A0914,0.9402853066146026,0.7566432653870436,0.5582359955966042,0.03532012954546513,0.15807888072565246,FusionVI
fusionvi,2029,pred_log,ADT_CD278(ICOS)_A0847,1.0882259294980188,0.9824694501494865,0.46796308952172505,0.11631209232324204,0.2373716397241251,FusionVI
fusionvi,2029,pred_log,ADT_CD3_A0182,1.113464603618224,0.9587513179753427,0.5662149183756862,0.562642562101283,0.6096111641760309,FusionVI
fusionvi,2029,pred_log,ADT_CD300c-d_A0876,0.966609825343333,0.8084969786693071,0.5297803223344977,0.028673101111430607,0.0775709128258768,FusionVI
fusionvi,2029,pred_log,ADT_CD309(VEGFR2_Flk-1)_A0554,1.3265275129578167,1.213340000012402,0.5361728144953531,0.04319009713760652,0.0752803902270369,FusionVI
fusionvi,2029,pred_log,ADT_CD309(VEGFR2_Flk-1)_A0553,1.5060303265224138,1.4554859642686684,0.3868952729384213,0.017468920623257753,0.04065976254969796,FusionVI
fusionvi,2029,pred_log,ADT_CD31_A0904,1.232789033461159,1.180760739398301,0.3543626353295633,0.6479472464398564,0.7099287423948019,FusionVI
fusionvi,2029,pred_log,ADT_CD314(NKG2D)_A0835,1.1129652989074867,0.975273162533112,0.5362219829649252,0.09384444016360477,0.15257869850169997,FusionVI
fusionvi,2029,pred_log,ADT_CD317(BST2_PDCA-1)_A0811,1.056353757742053,0.9083362852685635,0.5392665893231494,0.09612146994277647,0.30520249966979884,FusionVI
fusionvi,2029,pred_log,ADT_CD339(Jagged1)_A0887,0.9665446990422257,0.8995531247606278,0.35357153587357015,0.0777352212438013,0.1986553583151715,FusionVI
fusionvi,2029,pred_log,ADT_CD34_A0857,1.0203147171553852,0.903366361633078,0.47431143641455176,0.062060762543177585,0.14708365501254791,FusionVI
fusionvi,2029,pred_log,ADT_CD34_A0823,1.0116084954727567,0.9499546566138974,0.3477612665179848,0.05848991575461976,0.20213737394781897,FusionVI
fusionvi,2029,pred_log,ADT_CD365(Tim-1)_A1013,1.0280586504524192,0.8600517934235873,0.5632188752153883,0.04250815462457136,0.06472309126666233,FusionVI
fusionvi,2029,pred_log,ADT_CD371(CLEC12A)_A0825,1.266203799502538,1.1287027699821863,0.5738485156460003,0.4372676451171563,0.5145089170488156,FusionVI
fusionvi,2029,pred_log,ADT_CD39_A0834,1.1474357490586948,1.0884211532568042,0.3632467362014398,0.4996751340286445,0.7360019035769759,FusionVI
fusionvi,2029,pred_log,ADT_CD3e_A0094,1.088452749432217,0.9124978807783612,0.5933607716402445,0.5565889940727046,0.6049391379963022,FusionVI
fusionvi,2029,pred_log,ADT_CD40_A0903,1.174301227538924,1.0548047693520946,0.5161107163695049,0.6088450518999309,0.6183306136163971,FusionVI
fusionvi,2029,pred_log,ADT_CD44_A0073,1.315046454463157,1.1918276054205696,0.5557824541613448,0.8136091743923547,0.8570616701607618,FusionVI
fusionvi,2029,pred_log,ADT_CD49a_A0850,1.043951334953034,0.9733993144535382,0.37726405125797163,0.20403258700922391,0.46866463011698384,FusionVI
fusionvi,2029,pred_log,ADT_CD49b_A0421,1.0337140988343936,0.8398441641143277,0.6026828503716364,0.22262623239536974,0.6461602731016914,FusionVI
fusionvi,2029,pred_log,ADT_CD51_A1008,1.2092906773333927,1.122138372503384,0.45076536606181067,0.3035687794833342,0.34945049886968044,FusionVI
fusionvi,2029,pred_log,ADT_CD61_A0910,1.116026838207704,0.9744230749370444,0.5440731335308415,0.5574027087383014,0.599306500139749,FusionVI
fusionvi,2029,pred_log,ADT_CD80_A0849,0.9958603962235626,0.8798416842924952,0.46649387921800795,0.28152092516083316,0.4413902346669023,FusionVI
fusionvi,2029,pred_log,ADT_CD85k(gp49Receptor)_A1007,1.0550731103643396,0.9023684181004562,0.5467270856915006,0.09713484744012525,0.17866679609179034,FusionVI
fusionvi,2029,pred_log,ADT_CD9_A0813,1.4750791092367175,1.3328624999141605,0.6319303243468368,0.5711381649837806,0.7202009241605428,FusionVI
fusionvi,2029,pred_log,ADT_CD94_A1009,1.004019300452406,0.8290393322511005,0.5663466617378041,0.079023776073236,0.36665600943773435,FusionVI
fusionvi,2029,pred_log,ADT_CD95(Fas)_A0917,1.0203791852665438,0.8516310853112256,0.5620481974500097,0.20310977928004736,0.2394117053380023,FusionVI
fusionvi,2029,pred_log,ADT_D62E(E-selectin)_A0379,1.065313456575797,0.9699267637067087,0.4406073465193893,0.048420743185407726,0.15417841657506678,FusionVI
fusionvi,2029,pred_log,ADT_DLL1_A0884,0.7703114838302698,0.5519293702975818,0.5373581229717294,0.04304886488337637,0.10308026761621482,FusionVI
fusionvi,2029,pred_log,ADT_DR3(TNFRSF25)_A0836,0.9521315226396029,0.775288179380999,0.5527048718041784,0.06493845919005031,0.0910463603198063,FusionVI
fusionvi,2029,pred_log,ADT_ENPP1_A0891,1.0403064529330932,0.9545030283858766,0.41371667215182956,0.04265532073265482,0.12498144972098528,FusionVI
fusionvi,2029,pred_log,ADT_GABRB3_A0435,1.0365731928613429,0.8851964846801208,0.5393618151748171,0.04879617769519315,0.09579558476121076,FusionVI
fusionvi,2029,pred_log,ADT_GITRLigand_A0880,1.0557088487241677,0.9629800956102311,0.43265518456730434,0.05031317228722446,0.14113374833129097,FusionVI
fusionvi,2029,pred_log,ADT_IL-21Receptor_A0879,1.0198762326820507,0.8755117833505948,0.5230933446374139,0.061686762328423954,0.08123739727358717,FusionVI
fusionvi,2029,pred_log,ADT_IL-33Ra(IL1RL1_ST2)_A0837,0.9313381570147845,0.8622415818301096,0.3520372384773817,0.045104137930508034,0.16635202479992275,FusionVI
fusionvi,2029,pred_log,ADT_JAML_A0877,1.05505512047615,0.9274554459223132,0.5029589477004417,0.09973394869544483,0.15577715730544242,FusionVI
fusionvi,2029,pred_log,ADT_KCC2_A0438,0.8681836862475566,0.6809170491100254,0.5386045722955581,0.04080335963170789,0.07043052085664833,FusionVI
fusionvi,2029,pred_log,ADT_KLRG1(MAFA)_A0250,0.9489247317256994,0.7755051669836893,0.5468545350111651,0.04937875591234369,0.12580366230421317,FusionVI
fusionvi,2029,pred_log,ADT_Ly-49A_A0842,0.9832622619038363,0.6963766352747414,0.6941644311887867,0.3141337658132892,0.46947913402902647,FusionVI
fusionvi,2029,pred_log,ADT_Ly-6G_A0015,0.9580702688763638,0.7864229432370503,0.5472089129895247,0.09277968720433805,0.3390821083850832,FusionVI
fusionvi,2029,pred_log,ADT_Ly-6G-Ly-6C(Gr-1)_A0116,1.2584821871437908,1.1127249316123768,0.5878950943207237,0.0655572489890507,0.6403832964389735,FusionVI
fusionvi,2029,pred_log,ADT_Ly108_A0930,1.307404282234548,1.2270159955281355,0.4513731315921313,0.6741222250868409,0.6750978498888105,FusionVI
fusionvi,2029,pred_log,ADT_Ly49D_A0841,1.0069140818467102,0.8302420112733436,0.5697141133392855,0.04156105605019678,0.33037915920270655,FusionVI
fusionvi,2029,pred_log,ADT_Ly49G_A0840,1.1097353218367418,1.0406491300796186,0.3854372485847503,0.07101234697234911,0.1731125178718871,FusionVI
fusionvi,2029,pred_log,ADT_Ly49H_A0839,1.0153345282671682,0.9038066806485183,0.4626420736450417,0.08433314500175026,0.2994295997226902,FusionVI
fusionvi,2029,pred_log,ADT_Mac-2(Galectin-3)_A0895,1.0945913092425987,0.9564038841935479,0.532373688839779,0.04307573982858321,0.10275620370915076,FusionVI
fusionvi,2029,pred_log,ADT_Notch4_A0888,1.0280873216672377,0.9812292482299061,0.30684312505105593,0.09829885766484688,0.2527043260260457,FusionVI
fusionvi,2029,pred_log,ADT_P2X7R_A0824,1.0759066125395313,0.9389396145330924,0.5253260313050336,0.1079741528475449,0.16427228773685526,FusionVI
fusionvi,2029,pred_log,ADT_PIR-A-B_A0882,1.1913201272979344,1.0940243856125764,0.4715445783699894,0.6662191574870149,0.7621479907787981,FusionVI
fusionvi,2029,pred_log,ADT_PLZF_A0878,1.0122434402140552,0.8665613915321129,0.523171231015508,0.04717373834677218,0.0999142073747238,FusionVI
fusionvi,2029,pred_log,ADT_Slc7a1(Cat-1_ERR)_A0889,1.006499772157964,0.8771217379802582,0.49365904034716324,0.052995188245166455,0.13900268136480096,FusionVI
fusionvi,2029,pred_log,ADT_TCRVb13.1_A0908,0.9483072469273661,0.7768465988029817,0.5438713050926377,0.04692775865049338,0.06667917594700465,FusionVI
fusionvi,2029,pred_log,ADT_TIGIT(Vstm3)_A0848,1.0101437238938618,0.9380344656126246,0.37480886361581184,0.0762933625577676,0.18998739173861687,FusionVI
fusionvi,2029,pred_log,ADT_TLR4(CD284)-MD2Complex_A0875,1.0636977902180913,0.9211769924305716,0.531870226212535,0.04893258442625822,0.09027647098799578,FusionVI
fusionvi,2029,pred_log,ADT_IsotypeCtrlAPCRatIgG1_l_A0237,1.0056356974413327,0.8662671304771818,0.510768455000017,0.030998728909167494,0.05531087354744322,FusionVI
fusionvi,2029,pred_log,ADT_IsotypeCtrlArm.HamsterIgG_A0241,1.1472862381682547,1.0006621810880625,0.5611959654437109,-0.01264609395613554,-0.014364334907936292,FusionVI
fusionvi,2029,pred_log,ADT_IsotypeCtrlMouseIgG1_k(FC)_A0090,1.0032240736729234,0.8524691312329854,0.5289186348501502,0.04889116246375379,0.09850861622388436,FusionVI
fusionvi,2029,pred_log,ADT_IsotypeCtrlMouseIgG2a_k_A0091,0.8758678983328592,0.6982043161155944,0.52882445885904,0.016165814901895982,0.05553013582189591,FusionVI
fusionvi,2029,pred_log,ADT_IsotypeCtrlMouseIgG2b_k_A0092,1.001481144792091,0.8544147790636732,0.5224364733549974,0.02977389393161298,0.05851779483423075,FusionVI
fusionvi,2029,pred_log,ADT_IsotypeCtrlRatIgG1_k_A0236,0.8789839504646811,0.754032967428308,0.45171569510670195,0.06851474321762617,0.13590740169233792,FusionVI
fusionvi,2029,pred_log,ADT_IsotypeCtrlRatIgG2a_k_A0238,0.9444682216229151,0.7722628111910249,0.5437190194455852,0.054193637736548755,0.1041032125895611,FusionVI
fusionvi,2029,pred_log,ADT_IsotypeCtrlRatIgG2b_k_A0095,1.0519584003978495,0.9216270283824572,0.5071687063714334,0.03700974201279123,0.089309694456353,FusionVI
fusionvi,2029,pred_log,ADT_IsotypeCtrlRatIgG2c_k_A0240,0.8796897565406543,0.6933834409547875,0.5413626063667839,0.02838275727396274,0.05906098632743905,FusionVI
fusionvi,2029,calibrated,ADT_4-1BBLigand(CD137L)_A0890,0.5319787168682669,0.0427813045010445,0.5302557073582483,0.07018628858320887,0.13677516355646566,FusionVI
fusionvi,2029,calibrated,ADT_CD105_A0812,0.5366982904013646,0.0364168134552005,0.5354613623946345,0.13282677604794585,0.2233084981287895,FusionVI
fusionvi,2029,calibrated,ADT_CD107a(LAMP-1)_A0905,0.5504486450097199,0.016935164350238712,0.5501880687560075,0.2017103366699797,0.33435103952113393,FusionVI
fusionvi,2029,calibrated,ADT_CD11b_A0014,0.5987909197452909,0.02744965244125702,0.5981614181391717,0.3255244932966622,0.7823872057305223,FusionVI
fusionvi,2029,calibrated,ADT_CD120b(TNFRTypeII-p75)_A0893,0.5328556459764362,0.16413659370939215,0.5069460701637223,0.24923406871321324,0.4221712776563724,FusionVI
fusionvi,2029,calibrated,ADT_CD124(IL-4Ra)_A0916,0.5147251294447197,0.14313460669941425,0.49442334415648903,0.32122584195363946,0.3226921030666696,FusionVI
fusionvi,2029,calibrated,ADT_CD138(Syndecan-1)_A0810,0.5510964711568254,0.057041356484725206,0.5481364831607985,0.2812676491344758,0.3844888748386674,FusionVI
fusionvi,2029,calibrated,ADT_CD152_A0388,0.33964741801227694,-0.04457596606002344,0.3367095956640118,0.011903718126201914,0.029086931974907835,FusionVI
fusionvi,2029,calibrated,ADT_CD155(PVR)_A1011,0.5486371879404286,0.12505464793114243,0.5341948137355884,0.5961637962070901,0.6289428879733832,FusionVI
fusionvi,2029,calibrated,ADT_CD159a(NKG2AB6)_A0927,0.532262409584031,0.03620186971572535,0.5310298459458617,0.0705991514345034,0.212559680900313,FusionVI
fusionvi,2029,calibrated,ADT_CD160_A1006,0.5313154509495982,-0.05068822205413168,0.5288920613535115,0.06998693706021043,0.13645662626284574,FusionVI
fusionvi,2029,calibrated,ADT_CD163_A0417,0.5613945540032004,0.0360408905929209,0.5602364674579132,0.07412908785081124,0.320022305380602,FusionVI
fusionvi,2029,calibrated,ADT_CD170(Singlec-F)_A0431,0.5065889023998422,-0.024778268332603964,0.5059825624002424,0.06798384824405336,0.1571733951784145,FusionVI
fusionvi,2029,calibrated,ADT_CD178(FasL)_A1012,0.5447004445151127,-0.08861572793384578,0.5374437896354533,0.06891598303997434,0.10311341226898448,FusionVI
fusionvi,2029,calibrated,ADT_CD182(CXCR2)_A0909,0.33299099295167645,-0.01571288281638933,0.33262006358688295,0.1453751930106974,0.3207143718144381,FusionVI
fusionvi,2029,calibrated,ADT_CD185(CXCR5)_A0846,0.5332395605303151,0.24043393110871605,0.47595793268541475,0.5375342157727497,0.5450364265909161,FusionVI
fusionvi,2029,calibrated,ADT_CD186(CXCR6)_A0926,0.5469333296558029,0.10301357049977838,0.5371445535247199,0.07246310420703353,0.19682634820807132,FusionVI
fusionvi,2029,calibrated,ADT_CD193(CCR3)_A0808,0.4570185528524128,0.013797567591202159,0.4568102284098725,0.19558831524441161,0.3102976839191632,FusionVI
fusionvi,2029,calibrated,ADT_CD194(CCR4)_A0833,0.5653646197183114,-0.09814524542004797,0.5567806246904335,0.09593824241465124,0.12894076689001308,FusionVI
fusionvi,2029,calibrated,ADT_CD198(CCR8)_A0907,0.5830837883213429,-0.1168375756010212,0.571257984741433,0.11004179607533565,0.20194049699123243,FusionVI
fusionvi,2029,calibrated,ADT_CD199(CCR9)_A0854,0.6634484199657319,0.39757251393300896,0.5311307768525659,0.29750876060016446,0.4506662176316983,FusionVI
fusionvi,2029,calibrated,ADT_CD1d(CD1.1_Ly-38)_A0851,0.5786840943326661,0.3276084617441771,0.47701989143769735,0.7475583831491249,0.7781141584971784,FusionVI
fusionvi,2029,calibrated,ADT_CD2_A0892,0.3671717596121973,0.1483723276815488,0.3358582341332088,0.7679405486577896,0.8620784516815115,FusionVI
fusionvi,2029,calibrated,ADT_CD200R(OX2R)_A0807,0.42665687745733144,0.011917778363325927,0.4264903957189679,0.15358502581526795,0.24028818855667633,FusionVI
fusionvi,2029,calibrated,ADT_CD200R3_A0809,0.5263938698670197,-0.020709206640566663,0.525986344873986,0.04386043521129151,0.14309667811800195,FusionVI
fusionvi,2029,calibrated,ADT_CD207(Langerin)_A0437,0.5041917925763858,0.18155295378741826,0.4703699487344574,0.04564911773108476,0.10333137703607369,FusionVI
fusionvi,2029,calibrated,ADT_CD22_A0827,0.5366402190878065,-0.013427575848603095,0.5364722033334439,0.6742719065994778,0.6972313570798389,FusionVI
fusionvi,2029,calibrated,ADT_CD226(DNAM-1)_A0852,0.5445303844448612,0.13679134171593715,0.5270687511276136,0.7302366354442753,0.8032785699975198,FusionVI
fusionvi,2029,calibrated,ADT_CD252(OX40Ligand)_A0924,0.553164348206225,-0.08124126662442731,0.5471660193430097,0.05671422078966792,0.12322086267310361,FusionVI
fusionvi,2029,calibrated,ADT_CD253(TRAIL)_A0925,0.5299303254058558,-0.006961800791893947,0.529884594147151,0.057543140190231414,0.12356925097641808,FusionVI
fusionvi,2029,calibrated,ADT_CD26(DPP-4)_A0883,0.34895774348151354,0.18234061901283136,0.29752883119746093,0.5938039675426542,0.6260964292561713,FusionVI
fusionvi,2029,calibrated,ADT_CD27_A0191,0.6189071895606988,0.3127940720506971,0.5340467936237983,0.7578402321535157,0.876815794981369,FusionVI
fusionvi,2029,calibrated,ADT_CD270(HVEM)_A0885,0.48842879700852754,0.18203416748642437,0.4532397286367614,0.7820864821769818,0.7677248308605954,FusionVI
fusionvi,2029,calibrated,ADT_CD272(BTLA)_A0881,0.4720477584858558,0.1500213708148838,0.4475742112659569,0.6786779646042068,0.6632010619749644,FusionVI
fusionvi,2029,calibrated,ADT_CD273(B7-DC_PD-L2)_A0914,0.5491209303645893,-0.0010911438216559043,0.5491198462718603,0.056577489422464496,0.21853078726854216,FusionVI
fusionvi,2029,calibrated,ADT_CD278(ICOS)_A0847,0.47036826178949437,0.07542912901550337,0.4642808936353425,0.13846826449404112,0.2598759007271902,FusionVI
fusionvi,2029,calibrated,ADT_CD3_A0182,0.5578943188326768,0.08332161246461073,0.5516371813810906,0.5657802536603191,0.614735740884735,FusionVI
fusionvi,2029,calibrated,ADT_CD300c-d_A0876,0.5258242483586698,-0.02530146419504239,0.5252151712122823,0.05876573242572201,0.10715743939159317,FusionVI
fusionvi,2029,calibrated,ADT_CD309(VEGFR2_Flk-1)_A0554,0.679918523023984,0.42686356246317914,0.5292227290965046,0.0514341914480662,0.10459836730830623,FusionVI
fusionvi,2029,calibrated,ADT_CD309(VEGFR2_Flk-1)_A0553,0.6186745104805549,0.5067590982212437,0.35489909310727547,0.02774327019538451,0.06654108670182131,FusionVI
fusionvi,2029,calibrated,ADT_CD31_A0904,0.38330371789301615,0.1643936129215758,0.34626071128731817,0.6675902765051711,0.7248358868305527,FusionVI
fusionvi,2029,calibrated,ADT_CD314(NKG2D)_A0835,0.5383631835701194,0.09579890861338419,0.5297711643079852,0.14044807339673912,0.19309396349323424,FusionVI
fusionvi,2029,calibrated,ADT_CD317(BST2_PDCA-1)_A0811,0.5374099871358406,0.08436306037247668,0.5307469908703532,0.13902237427733993,0.3270301378199061,FusionVI
fusionvi,2029,calibrated,ADT_CD339(Jagged1)_A0887,0.3580753093355397,-0.056215372424593194,0.35363506480396784,0.12267188824665719,0.23083281193614177,FusionVI
fusionvi,2029,calibrated,ADT_CD34_A0857,0.4719560302668879,0.011141226261186202,0.4718245093068784,0.06611972093010432,0.1817393934106105,FusionVI
fusionvi,2029,calibrated,ADT_CD34_A0823,0.3492105190273926,-0.00261402313004533,0.34920073522611117,0.07715609984340718,0.2219626897334451,FusionVI
fusionvi,2029,calibrated,ADT_CD365(Tim-1)_A1013,0.5610993887314806,0.04031047405918414,0.559649524002266,0.04678077008616231,0.08503134394375379,FusionVI
fusionvi,2029,calibrated,ADT_CD371(CLEC12A)_A0825,0.6133724540626105,0.25382852287533847,0.5583877222662732,0.4495178958925622,0.5271017571625878,FusionVI
fusionvi,2029,calibrated,ADT_CD39_A0834,0.37853791551882815,0.12661997634234953,0.35673286234436274,0.5318519604353643,0.7469311344782241,FusionVI
fusionvi,2029,calibrated,ADT_CD3e_A0094,0.5719601439179025,0.07384284046307953,0.5671733783799564,0.5698747238094761,0.6114421141234296,FusionVI
fusionvi,2029,calibrated,ADT_CD40_A0903,0.5146974603784167,0.14369508189161875,0.4942319285114568,0.6147811354231894,0.6242427739284919,FusionVI
fusionvi,2029,calibrated,ADT_CD44_A0073,0.5639972805187513,0.17922738634614896,0.5347620745865163,0.8242201660398917,0.8644988377067423,FusionVI
fusionvi,2029,calibrated,ADT_CD49a_A0850,0.3770690612850154,0.0318307716214921,0.37572314136388085,0.2565864496818825,0.48320339795315576,FusionVI
fusionvi,2029,calibrated,ADT_CD49b_A0421,0.6037965632325837,0.02573977091087576,0.6032476721587346,0.2316612564440981,0.6462224613393925,FusionVI
fusionvi,2029,calibrated,ADT_CD51_A1008,0.48122714032698616,0.17812324663372153,0.44704772630665507,0.31915053682639016,0.3675423234339458,FusionVI
fusionvi,2029,calibrated,ADT_CD61_A0910,0.5376625910701225,0.030397140071897488,0.5368026413046855,0.5760433935976355,0.6137230405552684,FusionVI
fusionvi,2029,calibrated,ADT_CD80_A0849,0.4615849628105394,-0.01773776592610535,0.4612440238667137,0.3133063119929311,0.46025553710294775,FusionVI
fusionvi,2029,calibrated,ADT_CD85k(gp49Receptor)_A1007,0.5539954529316027,0.12410984870227204,0.5399145370556278,0.11047700187702461,0.204490200916339,FusionVI
fusionvi,2029,calibrated,ADT_CD9_A0813,0.7544065097723751,0.43056714011730135,0.6194684171433934,0.6072152040480338,0.7299362093073837,FusionVI
fusionvi,2029,calibrated,ADT_CD94_A1009,0.5583206913739195,0.029515134049694795,0.5575399997114825,0.09570859754604585,0.39592004852079626,FusionVI
fusionvi,2029,calibrated,ADT_CD95(Fas)_A0917,0.5529445068797185,0.1158034159621285,0.5406821585182533,0.22592780596947556,0.260824832487822,FusionVI
fusionvi,2029,calibrated,ADT_D62E(E-selectin)_A0379,0.44085924650851793,0.04793785144148744,0.43824517981517186,0.0867874046563078,0.1972038180712638,FusionVI
fusionvi,2029,calibrated,ADT_DLL1_A0884,0.5336966304056328,-0.06562695839333578,0.5296462929525386,0.05963016703716565,0.14955422219567108,FusionVI
fusionvi,2029,calibrated,ADT_DR3(TNFRSF25)_A0836,0.5441973622068182,-0.004668483752161254,0.5441773371726494,0.08449077763715236,0.11562990393131199,FusionVI
fusionvi,2029,calibrated,ADT_ENPP1_A0891,0.4120092176508779,0.028863879407321203,0.41099692443478025,0.05532423540500752,0.16865413356326098,FusionVI
fusionvi,2029,calibrated,ADT_GABRB3_A0435,0.5366161843916519,0.0131788183428883,0.5364543299276645,0.07030757103794587,0.12766766888762643,FusionVI
fusionvi,2029,calibrated,ADT_GITRLigand_A0880,0.4331223054680553,0.04359558315157733,0.43092268056304267,0.07332563236915919,0.17860931621730855,FusionVI
fusionvi,2029,calibrated,ADT_IL-21Receptor_A0879,0.5343735276157461,0.12504462963796828,0.5195372052271128,0.06606974546784623,0.08412985446677783,FusionVI
fusionvi,2029,calibrated,ADT_IL-33Ra(IL1RL1_ST2)_A0837,0.3612071138709154,-0.0880178431398611,0.35031905229371063,0.09078829656198105,0.21800853665282455,FusionVI
fusionvi,2029,calibrated,ADT_JAML_A0877,0.4981985607354507,0.020717923211284472,0.4977675899219295,0.14044631326917084,0.199469419625004,FusionVI
fusionvi,2029,calibrated,ADT_KCC2_A0438,0.5323312925296433,-0.035299113755792345,0.5311596535641018,0.07634027938368006,0.1164495186495649,FusionVI
fusionvi,2029,calibrated,ADT_KLRG1(MAFA)_A0250,0.541422610848552,-0.010309884551107335,0.5413244404408561,0.056592488240099395,0.16132801762614496,FusionVI
fusionvi,2029,calibrated,ADT_Ly-49A_A0842,0.6789237400062496,0.06618813238899308,0.6756897038396609,0.3550205562733602,0.4885475935032911,FusionVI
fusionvi,2029,calibrated,ADT_Ly-6G_A0015,0.548015119304011,-0.0235311124871481,0.5475096873397816,0.10434632319337706,0.3518802541946261,FusionVI
fusionvi,2029,calibrated,ADT_Ly-6G-Ly-6C(Gr-1)_A0116,0.6353955483945356,0.25392057569037874,0.5824532978365284,0.09498512884556237,0.6493590820437976,FusionVI
fusionvi,2029,calibrated,ADT_Ly108_A0930,0.5178160826368775,0.26564271804187894,0.4444855923297414,0.6827288811369395,0.685468738144746,FusionVI
fusionvi,2029,calibrated,ADT_Ly49D_A0841,0.5659529271268001,0.02785618483605831,0.5652669711647527,0.0624430939360857,0.3547406092435647,FusionVI
fusionvi,2029,calibrated,ADT_Ly49G_A0840,0.4021429831293461,0.09972931193596479,0.3895805991331553,0.08890826555381663,0.19881336003338038,FusionVI
fusionvi,2029,calibrated,ADT_Ly49H_A0839,0.45743992422420565,-0.018780038343968814,0.45705425764787083,0.09876959885754734,0.32883673668941177,FusionVI
fusionvi,2029,calibrated,ADT_Mac-2(Galectin-3)_A0895,0.544334653998101,0.13080853657634192,0.528383707453198,0.07559376307148956,0.1400882264882743,FusionVI
fusionvi,2029,calibrated,ADT_Notch4_A0888,0.3047844295829314,0.011080590447783376,0.3045829427783533,0.13142663316588976,0.2846216832102059,FusionVI
fusionvi,2029,calibrated,ADT_P2X7R_A0824,0.5310000529594202,0.10959732759382365,0.5195666290546362,0.1251099219782782,0.18745253880875135,FusionVI
fusionvi,2029,calibrated,ADT_PIR-A-B_A0882,0.48929380451438437,0.1630040384711744,0.46134380951547205,0.6788687278638873,0.7690649349031058,FusionVI
fusionvi,2029,calibrated,ADT_PLZF_A0878,0.5206440406630033,0.023136305741719713,0.5201297226986008,0.03550450638032214,0.14137101459928852,FusionVI
fusionvi,2029,calibrated,ADT_Slc7a1(Cat-1_ERR)_A0889,0.4935907190194818,-0.006269396931075214,0.4935509016953464,0.054582187312109336,0.1706372185641539,FusionVI
fusionvi,2029,calibrated,ADT_TCRVb13.1_A0908,0.5414191052898323,0.05031209286257588,0.5390763775984159,0.02956209128056245,0.08951958568122523,FusionVI
fusionvi,2029,calibrated,ADT_TIGIT(Vstm3)_A0848,0.3755295784722931,-0.011189458308061217,0.37536283823835,0.09884949430389434,0.21639977227524465,FusionVI
fusionvi,2029,calibrated,ADT_TLR4(CD284)-MD2Complex_A0875,0.5325707605683883,0.07638837302031065,0.5270639728531081,0.0644314853032476,0.11931794482907782,FusionVI
fusionvi,2029,calibrated,ADT_IsotypeCtrlAPCRatIgG1_l_A0237,0.5039584636519312,-0.005998060197175912,0.5039227682495482,0.046461064806755055,0.12947045069093374,FusionVI
fusionvi,2029,calibrated,ADT_IsotypeCtrlArm.HamsterIgG_A0241,0.5789853461301595,0.18699295112534178,0.5479577239741195,0.005265046544133254,0.004724680408644895,FusionVI
fusionvi,2029,calibrated,ADT_IsotypeCtrlMouseIgG1_k(FC)_A0090,0.5263081190743226,0.04856266861389159,0.5240628811704268,0.06940443525517458,0.1344385311716454,FusionVI
fusionvi,2029,calibrated,ADT_IsotypeCtrlMouseIgG2a_k_A0091,0.5212383478622985,-0.01435217379195441,0.5210407185524615,0.02942449056844187,0.09569425485086214,FusionVI
fusionvi,2029,calibrated,ADT_IsotypeCtrlMouseIgG2b_k_A0092,0.5410051620232226,0.15288504500024586,0.5189535127071091,0.03782729364780947,0.09335826125851912,FusionVI
fusionvi,2029,calibrated,ADT_IsotypeCtrlRatIgG1_k_A0236,0.483114029281816,-0.17782659282289706,0.4491958015987119,0.09433667275105008,0.16852509146525765,FusionVI
fusionvi,2029,calibrated,ADT_IsotypeCtrlRatIgG2a_k_A0238,0.5456210014254409,-0.07954262197764926,0.5397918566312588,0.0712747004802407,0.1437615802328481,FusionVI
fusionvi,2029,calibrated,ADT_IsotypeCtrlRatIgG2b_k_A0095,0.5076928374784069,0.0626192903674606,0.503816277725076,0.05954048522083952,0.137172338416705,FusionVI
fusionvi,2029,calibrated,ADT_IsotypeCtrlRatIgG2c_k_A0240,0.5327789662816627,0.008789902896990654,0.5327064524850603,0.03508943616604308,0.11859333864238406,FusionVI
totalvi_w128,2026,log_mean,ADT_4-1BBLigand(CD137L)_A0890,1.0796546417764572,0.9417570425426371,0.5279657359438709,0.07890763095079877,0.13659995551113663,totalvi_w128
totalvi_w128,2026,log_mean,ADT_CD105_A0812,1.1048797735960263,0.967583133237635,0.5334249660220248,0.15068972319183838,0.22931403619705454,totalvi_w128
totalvi_w128,2026,log_mean,ADT_CD107a(LAMP-1)_A0905,1.105368733337299,0.9579572824022656,0.5515051058078446,0.1926618484729364,0.3299811353452713,totalvi_w128
totalvi_w128,2026,log_mean,ADT_CD11b_A0014,1.2033017377078639,1.0424624065796246,0.6010051604095584,0.319223788514465,0.7818984189146717,totalvi_w128
totalvi_w128,2026,log_mean,ADT_CD120b(TNFRTypeII-p75)_A0893,1.2178731725975942,1.1072846705596864,0.5070855183067038,0.2444822476171302,0.4177223634335698,totalvi_w128
totalvi_w128,2026,log_mean,ADT_CD124(IL-4Ra)_A0916,1.251488384142567,1.1500627739864389,0.4935370214424668,0.3150403391124993,0.3163051357760101,totalvi_w128
totalvi_w128,2026,log_mean,ADT_CD138(Syndecan-1)_A0810,1.197373134864374,1.0647987016629155,0.547636876983131,0.27092445367858653,0.37945946831078875,totalvi_w128
totalvi_w128,2026,log_mean,ADT_CD152_A0388,1.020127547213045,0.9655147126920801,0.3293046494631291,0.06375328894511587,0.21718224408572637,totalvi_w128
totalvi_w128,2026,log_mean,ADT_CD155(PVR)_A1011,1.2282709583054296,1.1053526337265527,0.5355792211524345,0.5931973683029464,0.6276845439660563,totalvi_w128
totalvi_w128,2026,log_mean,ADT_CD159a(NKG2AB6)_A0927,1.0627644923964206,0.9166583808140226,0.5377785596153737,0.0695203626636435,0.19775362770734187,totalvi_w128
totalvi_w128,2026,log_mean,ADT_CD160_A1006,0.9761705678082694,0.8215938725686359,0.5271550872492468,0.0852738992045582,0.1424834145925702,totalvi_w128
totalvi_w128,2026,log_mean,ADT_CD163_A0417,1.0273733775169993,0.8458298455776887,0.5831534353501315,0.06813014547272883,0.3054792637687016,totalvi_w128
totalvi_w128,2026,log_mean,ADT_CD170(Singlec-F)_A0431,1.043585239724788,0.9124337099297727,0.5064927221147291,0.040851499559894706,0.15080791349474676,totalvi_w128
totalvi_w128,2026,log_mean,ADT_CD178(FasL)_A1012,0.9224490286569442,0.7522265406666003,0.5339170740731907,0.06841495293885758,0.10972130747299953,totalvi_w128
totalvi_w128,2026,log_mean,ADT_CD182(CXCR2)_A0909,1.021248597207371,0.9660766289002028,0.3311263269370587,0.13158674303059412,0.30950840161257437,totalvi_w128
totalvi_w128,2026,log_mean,ADT_CD185(CXCR5)_A0846,1.354104497992763,1.2622757401417952,0.49016216432285525,0.5353852042193966,0.540457638754294,totalvi_w128
totalvi_w128,2026,log_mean,ADT_CD186(CXCR6)_A0926,1.1767426419913307,1.047608923392358,0.535946628974729,0.09336315435174819,0.20371627459868208,totalvi_w128
totalvi_w128,2026,log_mean,ADT_CD193(CCR3)_A0808,1.0809589275429856,0.9794661236060721,0.4572945612435479,0.154636428691826,0.3017952363317369,totalvi_w128
totalvi_w128,2026,log_mean,ADT_CD194(CCR4)_A0833,0.9981692898236872,0.8288469574015511,0.5561965950572574,0.09337034220866845,0.12027515979589737,totalvi_w128
totalvi_w128,2026,log_mean,ADT_CD198(CCR8)_A0907,1.0060949005169677,0.8285889494160807,0.5706726747898251,0.10336362598239406,0.1847913945499071,totalvi_w128
totalvi_w128,2026,log_mean,ADT_CD199(CCR9)_A0854,1.464139091146279,1.3634303344965872,0.5336300227658595,0.29458205809047533,0.4456080467593205,totalvi_w128
totalvi_w128,2026,log_mean,ADT_CD1d(CD1.1_Ly-38)_A0851,1.4994799304669668,1.417937195362066,0.48774396139976667,0.7400666072033368,0.7713027179157839,totalvi_w128
totalvi_w128,2026,log_mean,ADT_CD2_A0892,1.285874717756862,1.236926793783993,0.3514056012438023,0.7547174096457072,0.852350100460593,totalvi_w128
totalvi_w128,2026,log_mean,ADT_CD200R(OX2R)_A0807,1.080298204358848,0.9927142299573548,0.4261017108403507,0.15490304154466686,0.22937305748927025,totalvi_w128
totalvi_w128,2026,log_mean,ADT_CD200R3_A0809,1.016550971670039,0.8708167241312832,0.5244560143391652,0.06369075197239582,0.13793424140047356,totalvi_w128
totalvi_w128,2026,log_mean,ADT_CD207(Langerin)_A0437,1.0506372554585692,0.9392983404734353,0.470698704206103,0.05382279268744983,0.09436787054749902,totalvi_w128
totalvi_w128,2026,log_mean,ADT_CD22_A0827,1.0299710462678675,0.8296034330503728,0.6104084698143715,0.6737948610685375,0.6953478251154247,totalvi_w128
totalvi_w128,2026,log_mean,ADT_CD226(DNAM-1)_A0852,1.2432754911974266,1.1161260464630884,0.5477194495531719,0.7292209993299242,0.7961695962268823,totalvi_w128
totalvi_w128,2026,log_mean,ADT_CD252(OX40Ligand)_A0924,0.969455990642863,0.8022983508759424,0.5442079326645748,0.04683720814098884,0.12184742252803019,totalvi_w128
totalvi_w128,2026,log_mean,ADT_CD253(TRAIL)_A0925,1.0507782675074,0.9088030927926947,0.5274579660942194,0.054455760084036735,0.10391670107732774,totalvi_w128
totalvi_w128,2026,log_mean,ADT_CD26(DPP-4)_A0883,1.2344441116421951,1.198378674368727,0.2962107654802294,0.5803037757524785,0.612232899935206,totalvi_w128
totalvi_w128,2026,log_mean,ADT_CD27_A0191,1.4522835204468707,1.3427056923777478,0.5534156190585099,0.7583243314061489,0.875505226640127,totalvi_w128
totalvi_w128,2026,log_mean,ADT_CD270(HVEM)_A0885,1.2711433832098689,1.1861562832836252,0.4569888098246661,0.7785710493518816,0.7626903139914175,totalvi_w128
totalvi_w128,2026,log_mean,ADT_CD272(BTLA)_A0881,1.2632673250279394,1.178998822346505,0.45365858460821634,0.6754494090177268,0.659461692762325,totalvi_w128
totalvi_w128,2026,log_mean,ADT_CD273(B7-DC_PD-L2)_A0914,1.0403053799303341,0.8816526038979395,0.5521992118356853,0.061092446270380116,0.20955043604098259,totalvi_w128
totalvi_w128,2026,log_mean,ADT_CD278(ICOS)_A0847,1.1325370198426647,1.033223825456085,0.4637764847681719,0.13069126590566407,0.2573023801100496,totalvi_w128
totalvi_w128,2026,log_mean,ADT_CD3_A0182,1.1924574996838497,1.0533687236533746,0.5589000094659586,0.5660208382305741,0.6117946026397402,totalvi_w128
totalvi_w128,2026,log_mean,ADT_CD300c-d_A0876,1.0218955653647726,0.8776511253094192,0.523449184501474,0.049535939867930576,0.11207969021351752,totalvi_w128
totalvi_w128,2026,log_mean,ADT_CD309(VEGFR2_Flk-1)_A0554,1.4694191202057874,1.3717258667797838,0.5268402957571691,0.0482511746178301,0.10341521700476024,totalvi_w128
totalvi_w128,2026,log_mean,ADT_CD309(VEGFR2_Flk-1)_A0553,1.9978829320940772,1.9625002006702732,0.3743383131899839,0.007754439853865285,0.024222187132524595,totalvi_w128
totalvi_w128,2026,log_mean,ADT_CD31_A0904,1.2900809065801508,1.2393020214860562,0.3583842143053306,0.651837816442048,0.7113677883595115,totalvi_w128
totalvi_w128,2026,log_mean,ADT_CD314(NKG2D)_A0835,1.1702231564540402,1.043364476668319,0.5299177339246472,0.1444452539497085,0.1906370033380674,totalvi_w128
totalvi_w128,2026,log_mean,ADT_CD317(BST2_PDCA-1)_A0811,1.1250177905128327,0.993381745140985,0.5280698224581368,0.12697998721012607,0.3314191742283786,totalvi_w128
totalvi_w128,2026,log_mean,ADT_CD339(Jagged1)_A0887,0.9945604986764199,0.9305293501166473,0.3510921732237157,0.09658953565144916,0.2203631735166221,totalvi_w128
totalvi_w128,2026,log_mean,ADT_CD34_A0857,1.0650344254003425,0.9541974025493877,0.47308101236022904,0.07982455747929884,0.14936256794985392,totalvi_w128
totalvi_w128,2026,log_mean,ADT_CD34_A0823,1.0438950201301453,0.9845432204711486,0.34697472541495256,0.07563257977564095,0.2025180267932528,totalvi_w128
totalvi_w128,2026,log_mean,ADT_CD365(Tim-1)_A1013,1.101235706018799,0.9501778838944198,0.5566705211959707,0.048622863083232486,0.09001388276641725,totalvi_w128
totalvi_w128,2026,log_mean,ADT_CD371(CLEC12A)_A0825,1.383148329367102,1.2608375337576039,0.5686721502754964,0.448863360300134,0.518672106128141,totalvi_w128
totalvi_w128,2026,log_mean,ADT_CD39_A0834,1.1751803432386352,1.1183316624105712,0.3610860451256267,0.5215958678614676,0.7396203117323095,totalvi_w128
totalvi_w128,2026,log_mean,ADT_CD3e_A0094,1.4701404679265417,1.2953931276983077,0.6951759778266221,0.11574885899970488,0.11706786616131658,totalvi_w128
totalvi_w128,2026,log_mean,ADT_CD40_A0903,1.2471534817243166,1.1379282399161386,0.5104029072981205,0.6137502155532112,0.6185437037077589,totalvi_w128
totalvi_w128,2026,log_mean,ADT_CD44_A0073,1.44728507400017,1.3323828015488486,0.565146136464302,0.8207831889072504,0.861047409551155,totalvi_w128
totalvi_w128,2026,log_mean,ADT_CD49a_A0850,1.0953717453760858,1.0297259479884282,0.3735019847438045,0.2558861536693428,0.4821200630507978,totalvi_w128
totalvi_w128,2026,log_mean,ADT_CD49b_A0421,1.2259564762976995,1.0497029080590055,0.6333191032873393,0.2495336822866592,0.614794079747514,totalvi_w128
totalvi_w128,2026,log_mean,ADT_CD51_A1008,1.249083046579468,1.1659449190131728,0.44808582110968753,0.3093940800997495,0.36004392969612203,totalvi_w128
totalvi_w128,2026,log_mean,ADT_CD61_A0910,1.1937700422037694,1.0657873510998752,0.5377585293592618,0.5693039349953776,0.6086983232044647,totalvi_w128
totalvi_w128,2026,log_mean,ADT_CD80_A0849,1.0437323801833556,0.9356614853782282,0.4625093147418542,0.30607277101849134,0.4533746343679896,totalvi_w128
totalvi_w128,2026,log_mean,ADT_CD85k(gp49Receptor)_A1007,1.1395537264811129,1.0028394761589814,0.5411983745301857,0.11598371686090578,0.19409794371312974,totalvi_w128
totalvi_w128,2026,log_mean,ADT_CD9_A0813,1.664745707433003,1.5381287339338818,0.6368188661334724,0.602569654013552,0.719142588618911,totalvi_w128
totalvi_w128,2026,log_mean,ADT_CD94_A1009,1.1144651495705622,0.9577305932067992,0.5698988335161187,0.08381056025898008,0.38176530494555455,totalvi_w128
totalvi_w128,2026,log_mean,ADT_CD95(Fas)_A0917,1.1267701287803953,0.9824968574771509,0.551643769256266,0.22455259590911053,0.2568346282780385,totalvi_w128
totalvi_w128,2026,log_mean,ADT_D62E(E-selectin)_A0379,1.0996433922353521,1.0089471793521052,0.4373113071534443,0.06605739225733484,0.18417388660336848,totalvi_w128
totalvi_w128,2026,log_mean,ADT_DLL1_A0884,0.8636202698888021,0.6817560516881239,0.5301402234780971,0.054009142089083424,0.1283468669043022,totalvi_w128
totalvi_w128,2026,log_mean,ADT_DR3(TNFRSF25)_A0836,1.027344452316576,0.8722358847589061,0.5428086081156529,0.08233730567420111,0.11674580073814199,totalvi_w128
totalvi_w128,2026,log_mean,ADT_ENPP1_A0891,1.0788623630142862,0.9978384921416128,0.4101979301864878,0.05597056615345696,0.15791571105934474,totalvi_w128
totalvi_w128,2026,log_mean,ADT_GABRB3_A0435,1.0966557120384255,0.9578642314628911,0.5339942554283337,0.05779432198507904,0.11926667759362086,totalvi_w128
totalvi_w128,2026,log_mean,ADT_GITRLigand_A0880,1.0873883025475979,0.9992237452500577,0.42891167790786555,0.082909917243222,0.1728748021662106,totalvi_w128
totalvi_w128,2026,log_mean,ADT_IL-21Receptor_A0879,1.1024202166063042,0.974646600070452,0.5151643805168837,0.07266891690897408,0.10148935324627163,totalvi_w128
totalvi_w128,2026,log_mean,ADT_IL-33Ra(IL1RL1_ST2)_A0837,0.9550987194391479,0.8899133717034068,0.34679641684675916,0.10087044392005956,0.22726724516917848,totalvi_w128
totalvi_w128,2026,log_mean,ADT_JAML_A0877,1.1048431949456847,0.9862263147093112,0.4980322696298089,0.13953040029590597,0.18899078959408555,totalvi_w128
totalvi_w128,2026,log_mean,ADT_KCC2_A0438,0.9528960834123226,0.7912943490913316,0.5309088423436162,0.04291106041771392,0.09515035702904284,totalvi_w128
totalvi_w128,2026,log_mean,ADT_KLRG1(MAFA)_A0250,1.0583162068476009,0.9061975574034405,0.5466618521831371,0.044676375515455634,0.1347110558935114,totalvi_w128
totalvi_w128,2026,log_mean,ADT_Ly-49A_A0842,1.299779517773913,1.0816223342620688,0.7207773032289451,0.3410008440527295,0.47588338043151146,totalvi_w128
totalvi_w128,2026,log_mean,ADT_Ly-6G_A0015,1.0440064279476962,0.8912552536848478,0.543703498586521,0.09735193447052169,0.34794219428499584,totalvi_w128
totalvi_w128,2026,log_mean,ADT_Ly-6G-Ly-6C(Gr-1)_A0116,1.4020067849018207,1.275088403372524,0.5829001531099172,0.0932927552986409,0.6481769677011773,totalvi_w128
totalvi_w128,2026,log_mean,ADT_Ly108_A0930,1.3513949158944756,1.275270187960331,0.44716234904675645,0.6777894850405942,0.679246731451336,totalvi_w128
totalvi_w128,2026,log_mean,ADT_Ly49D_A0841,1.1093295369502942,0.9487305279540243,0.5749107816682438,0.06512383962066229,0.33952044187991437,totalvi_w128
totalvi_w128,2026,log_mean,ADT_Ly49G_A0840,1.1438678692707411,1.0777846198433196,0.38316317095870495,0.07375844429058179,0.18888319151654387,totalvi_w128
totalvi_w128,2026,log_mean,ADT_Ly49H_A0839,1.0670137649288267,0.9627368396347874,0.46006103090521516,0.09615867133129583,0.3254985274748411,totalvi_w128
totalvi_w128,2026,log_mean,ADT_Mac-2(Galectin-3)_A0895,1.1590045993101028,1.0320360964284438,0.5274401927144491,0.07171026772859747,0.1268776649543474,totalvi_w128
totalvi_w128,2026,log_mean,ADT_Notch4_A0888,1.0483650995470715,1.0029990452929363,0.30506113664281365,0.12978189184089237,0.2774379309988639,totalvi_w128
totalvi_w128,2026,log_mean,ADT_P2X7R_A0824,1.137847269475765,1.012782390142202,0.5186214793770563,0.11119447563660537,0.18258267184331983,totalvi_w128
totalvi_w128,2026,log_mean,ADT_PIR-A-B_A0882,1.2544559787871563,1.1649976929370827,0.46523131683717667,0.6741543543360655,0.7659920094597694,totalvi_w128
totalvi_w128,2026,log_mean,ADT_PLZF_A0878,1.086115654110749,0.9542397264326935,0.5187232003699361,0.04446769609956536,0.12271946543130988,totalvi_w128
totalvi_w128,2026,log_mean,ADT_Slc7a1(Cat-1_ERR)_A0889,1.0543390170060378,0.9340885777839585,0.4889880281098364,0.051841125596096875,0.16633047551849556,totalvi_w128
totalvi_w128,2026,log_mean,ADT_TCRVb13.1_A0908,1.040924009011364,0.8917830786961872,0.5368852140703768,0.03632841993310659,0.0836240872708478,totalvi_w128
totalvi_w128,2026,log_mean,ADT_TIGIT(Vstm3)_A0848,1.0373067337194068,0.9679641083128753,0.3728950855638381,0.10951978352100775,0.20070907738693913,totalvi_w128
totalvi_w128,2026,log_mean,ADT_TLR4(CD284)-MD2Complex_A0875,1.1234031122251908,0.9927728604171884,0.5257723843796475,0.06931155192366412,0.12197630926521251,totalvi_w128
totalvi_w128,2026,log_mean,ADT_IsotypeCtrlAPCRatIgG1_l_A0237,1.078930473933407,0.9538646944538551,0.504215343138787,0.04912605168848833,0.11055261368793694,totalvi_w128
totalvi_w128,2026,log_mean,ADT_IsotypeCtrlArm.HamsterIgG_A0241,1.328607768867947,1.203344649464976,0.563169830601928,0.006923258617130351,-0.0010332053282865548,totalvi_w128
totalvi_w128,2026,log_mean,ADT_IsotypeCtrlMouseIgG1_k(FC)_A0090,1.0749702623251618,0.938881542957019,0.5235098023705256,0.05625101424698353,0.12563472475484763,totalvi_w128
totalvi_w128,2026,log_mean,ADT_IsotypeCtrlMouseIgG2a_k_A0091,0.953050975860438,0.7985106750515669,0.5202757580525856,0.02706529281577966,0.08554186484944436,totalvi_w128
totalvi_w128,2026,log_mean,ADT_IsotypeCtrlMouseIgG2b_k_A0092,1.1026232446708049,0.9756400051342016,0.5137164588272776,0.03212166274628959,0.08037315661686044,totalvi_w128
totalvi_w128,2026,log_mean,ADT_IsotypeCtrlRatIgG1_k_A0236,0.9195659921694562,0.8036646397346753,0.44690576276739147,0.10492526782882743,0.16777025191552591,totalvi_w128
totalvi_w128,2026,log_mean,ADT_IsotypeCtrlRatIgG2a_k_A0238,1.000861499847197,0.8441779140294415,0.53766847716901,0.07532737705798896,0.14545268821593074,totalvi_w128
totalvi_w128,2026,log_mean,ADT_IsotypeCtrlRatIgG2b_k_A0095,1.1047792962070606,0.98432087139261,0.5016470028502106,0.059994464627598436,0.12685201757989778,totalvi_w128
totalvi_w128,2026,log_mean,ADT_IsotypeCtrlRatIgG2c_k_A0240,0.9876269737530421,0.8326319030550001,0.5311601955150259,0.04133309910954346,0.10585401456099082,totalvi_w128
totalvi_w128,2026,pred_log,ADT_4-1BBLigand(CD137L)_A0890,1.0182852226019563,0.8672311706773324,0.5336805141422253,0.06732146309192341,0.10159934112851365,totalvi_w128
totalvi_w128,2026,pred_log,ADT_CD105_A0812,1.027279947030143,0.8730396122322007,0.5413925794131865,0.09857049854913515,0.1905088953274686,totalvi_w128
totalvi_w128,2026,pred_log,ADT_CD107a(LAMP-1)_A0905,0.9833025492300098,0.8066409975725889,0.5623292668511136,0.11902735513233996,0.2873377857495181,totalvi_w128
totalvi_w128,2026,pred_log,ADT_CD11b_A0014,1.031122608158161,0.8313018249015433,0.6100418911601266,0.24947986800959293,0.7714811754466849,totalvi_w128
totalvi_w128,2026,pred_log,ADT_CD120b(TNFRTypeII-p75)_A0893,1.1488573844172343,1.0275910920196425,0.5137410216556838,0.21809975192787645,0.3943626460691322,totalvi_w128
totalvi_w128,2026,pred_log,ADT_CD124(IL-4Ra)_A0916,1.1899298629633992,1.079546016410058,0.5005132138367531,0.2810848435372105,0.28723571373297463,totalvi_w128
totalvi_w128,2026,pred_log,ADT_CD138(Syndecan-1)_A0810,1.054979493297014,0.8989797378778632,0.5521024924434113,0.2369132166908939,0.3526581173392994,totalvi_w128
totalvi_w128,2026,pred_log,ADT_CD152_A0388,0.9836622951024453,0.9245987558021342,0.3357210919429301,0.018453492742635143,0.11971087812311781,totalvi_w128
totalvi_w128,2026,pred_log,ADT_CD155(PVR)_A1011,1.1452426781250267,1.010529790914267,0.5388973311064925,0.587254942233154,0.6245046627983001,totalvi_w128
totalvi_w128,2026,pred_log,ADT_CD159a(NKG2AB6)_A0927,0.9746791169435,0.8092778787763135,0.5432022606074473,0.0413168617422395,0.1610187271240758,totalvi_w128
totalvi_w128,2026,pred_log,ADT_CD160_A1006,0.9039729489353082,0.7292236775807003,0.5342283411262081,0.05178083366883183,0.10358481863932087,totalvi_w128
totalvi_w128,2026,pred_log,ADT_CD163_A0417,0.8649878904028198,0.6434166362910104,0.5781168417261874,0.02415101653562429,0.2496653157888249,totalvi_w128
totalvi_w128,2026,pred_log,ADT_CD170(Singlec-F)_A0431,0.985742746587847,0.8421212571681053,0.5123675933118012,0.04381242827697394,0.09772561192468862,totalvi_w128
totalvi_w128,2026,pred_log,ADT_CD178(FasL)_A1012,0.8449408688460693,0.6483554420174545,0.541812045503509,0.045808907237715926,0.08084172512516688,totalvi_w128
totalvi_w128,2026,pred_log,ADT_CD182(CXCR2)_A0909,0.9920160931471322,0.9341484049061624,0.3338602801684526,0.10463093311332275,0.2906278197056527,totalvi_w128
totalvi_w128,2026,pred_log,ADT_CD185(CXCR5)_A0846,1.3020035882344703,1.2025186877912148,0.4991614461156557,0.5222268267733258,0.5347252706642098,totalvi_w128
totalvi_w128,2026,pred_log,ADT_CD186(CXCR6)_A0926,1.0839214399006782,0.9384575055942628,0.5423865762259501,0.07544382740553483,0.16806802248693611,totalvi_w128
totalvi_w128,2026,pred_log,ADT_CD193(CCR3)_A0808,1.026327416509905,0.9165725226050405,0.4617821744992826,0.13570095125306397,0.2808355672031342,totalvi_w128
totalvi_w128,2026,pred_log,ADT_CD194(CCR4)_A0833,0.9191811904305173,0.7252348649242755,0.5647375067582405,0.04993695000389465,0.06848600186822086,totalvi_w128
totalvi_w128,2026,pred_log,ADT_CD198(CCR8)_A0907,0.9130804969288797,0.708930814688139,0.575441651131973,0.07990770513663913,0.14528218442508506,totalvi_w128
totalvi_w128,2026,pred_log,ADT_CD199(CCR9)_A0854,1.382911821177741,1.2734098845448256,0.5393258487191048,0.2827187832457845,0.43159707021943783,totalvi_w128
totalvi_w128,2026,pred_log,ADT_CD1d(CD1.1_Ly-38)_A0851,1.4205753703750135,1.3317973633548128,0.49431787938252875,0.7266279971566697,0.7607818179884609,totalvi_w128
totalvi_w128,2026,pred_log,ADT_CD2_A0892,1.2338621715181872,1.1826671798558372,0.35173029439530773,0.7449355388533353,0.8478988158050819,totalvi_w128
totalvi_w128,2026,pred_log,ADT_CD200R(OX2R)_A0807,1.0405799653835275,0.9475665845074952,0.4300281761493451,0.10670003789656822,0.20002192426666057,totalvi_w128
totalvi_w128,2026,pred_log,ADT_CD200R3_A0809,0.9443211436811401,0.781518945608554,0.5300665619128678,0.04535759957186335,0.10128716960019252,totalvi_w128
totalvi_w128,2026,pred_log,ADT_CD207(Langerin)_A0437,0.9171666548577998,0.7796878643173591,0.48299224322885315,0.018282851813092055,0.04920369814922581,totalvi_w128
totalvi_w128,2026,pred_log,ADT_CD22_A0827,0.9446710505678653,0.7012752409074436,0.6329426753436473,0.6635665262377047,0.6892443774735637,totalvi_w128
totalvi_w128,2026,pred_log,ADT_CD226(DNAM-1)_A0852,1.1343832686236932,0.9912464366770485,0.5515939647135248,0.7183231712701985,0.7952831240512508,totalvi_w128
totalvi_w128,2026,pred_log,ADT_CD252(OX40Ligand)_A0924,0.8935863436595555,0.7022330506522364,0.5525986754838438,0.027272812641119658,0.06577950163466387,totalvi_w128
totalvi_w128,2026,pred_log,ADT_CD253(TRAIL)_A0925,0.9663624017004572,0.8049103908761597,0.5347668221569506,0.027175203456136658,0.053267393372656346,totalvi_w128
totalvi_w128,2026,pred_log,ADT_CD26(DPP-4)_A0883,1.2040224810586295,1.1660277991529,0.30008216624328976,0.5708668556229254,0.6030078930815764,totalvi_w128
totalvi_w128,2026,pred_log,ADT_CD27_A0191,1.3532940505939692,1.2318694809007196,0.560269907632369,0.7467467263835197,0.8742306476969061,totalvi_w128
totalvi_w128,2026,pred_log,ADT_CD270(HVEM)_A0885,1.2150634361412738,1.1211785509297232,0.4683351479256288,0.7570669924068357,0.7525250625835208,totalvi_w128
totalvi_w128,2026,pred_log,ADT_CD272(BTLA)_A0881,1.209020782378089,1.1174974174765324,0.4614442264839133,0.6650416743876508,0.6535976035216461,totalvi_w128
totalvi_w128,2026,pred_log,ADT_CD273(B7-DC_PD-L2)_A0914,0.9429816744637918,0.7587341152445524,0.5599437299752437,0.030891540251994646,0.15948180312474783,totalvi_w128
totalvi_w128,2026,pred_log,ADT_CD278(ICOS)_A0847,1.082732976496986,0.9763051978132314,0.4681226966478128,0.10779468239998935,0.22721386755294654,totalvi_w128
totalvi_w128,2026,pred_log,ADT_CD3_A0182,1.1110381694168783,0.955251867583952,0.5673620390707622,0.5609990763645682,0.6054102813187633,totalvi_w128
totalvi_w128,2026,pred_log,ADT_CD300c-d_A0876,0.9633562165645301,0.8037080857293888,0.5311388828985356,0.01625108135163616,0.06304401953929067,totalvi_w128
totalvi_w128,2026,pred_log,ADT_CD309(VEGFR2_Flk-1)_A0554,1.3300416932247734,1.216811250270453,0.5370114402239445,0.0358903036276611,0.06520047715972813,totalvi_w128
totalvi_w128,2026,pred_log,ADT_CD309(VEGFR2_Flk-1)_A0553,1.5127876818833077,1.4625773053602276,0.3865154541581285,0.008538431597137566,0.032946622974959074,totalvi_w128
totalvi_w128,2026,pred_log,ADT_CD31_A0904,1.2342052934507712,1.1795998300400885,0.36305226531633883,0.6276435087240534,0.6927620143099211,totalvi_w128
totalvi_w128,2026,pred_log,ADT_CD314(NKG2D)_A0835,1.1051082797398237,0.9663370807481811,0.5361501247976569,0.10547954671008487,0.1531740416117555,totalvi_w128
totalvi_w128,2026,pred_log,ADT_CD317(BST2_PDCA-1)_A0811,1.0480668048421633,0.9007622402043056,0.5357904572070539,0.10829666428555955,0.30594796216698666,totalvi_w128
totalvi_w128,2026,pred_log,ADT_CD339(Jagged1)_A0887,0.9657638383617617,0.8984363289130479,0.3542766636069381,0.07966606858563544,0.18592799347187616,totalvi_w128
totalvi_w128,2026,pred_log,ADT_CD34_A0857,1.0218610148742215,0.9038700230071549,0.47667485273377824,0.05604058028337805,0.12057828827963347,totalvi_w128
totalvi_w128,2026,pred_log,ADT_CD34_A0823,1.0130660287801998,0.950409391802958,0.3507488654880893,0.041035869433184824,0.16499929325583987,totalvi_w128
totalvi_w128,2026,pred_log,ADT_CD365(Tim-1)_A1013,1.0281204957048344,0.860606593693348,0.562483817171531,0.04295741197822206,0.07112422679804606,totalvi_w128
totalvi_w128,2026,pred_log,ADT_CD371(CLEC12A)_A0825,1.2759862629037435,1.1371635618327955,0.5787918250621117,0.4331833080125621,0.5043157761665564,totalvi_w128
totalvi_w128,2026,pred_log,ADT_CD39_A0834,1.1204638454507405,1.058976743348675,0.3660703293205767,0.4857128766416926,0.7310040186189724,totalvi_w128
totalvi_w128,2026,pred_log,ADT_CD3e_A0094,1.186121149434826,0.9434814412510114,0.7188366651412985,-0.003615589315689231,0.004437345495827334,totalvi_w128
totalvi_w128,2026,pred_log,ADT_CD40_A0903,1.1844550483154663,1.0628277104253367,0.5228106917728161,0.5966905393234283,0.6094396745805202,totalvi_w128
totalvi_w128,2026,pred_log,ADT_CD44_A0073,1.3144360786094211,1.1859679858947494,0.5667646259099698,0.8081247192444876,0.8538975545078017,totalvi_w128
totalvi_w128,2026,pred_log,ADT_CD49a_A0850,1.0382956467655962,0.9665313935026775,0.37930847006906615,0.1955699564191549,0.4552743151041793,totalvi_w128
totalvi_w128,2026,pred_log,ADT_CD49b_A0421,1.047854831722621,0.8465797157853939,0.6174969904259725,0.20569400702972504,0.623683782644986,totalvi_w128
totalvi_w128,2026,pred_log,ADT_CD51_A1008,1.2087483004980297,1.1205532744845812,0.4532469668940851,0.28830798585788836,0.33563844634245776,totalvi_w128
totalvi_w128,2026,pred_log,ADT_CD61_A0910,1.1045114960359164,0.9603242213134445,0.5456400231234645,0.5535370008543248,0.5959613334082852,totalvi_w128
totalvi_w128,2026,pred_log,ADT_CD80_A0849,0.9925404580286757,0.8754493903508349,0.46768036708642624,0.26365039757761943,0.43575480797878463,totalvi_w128
totalvi_w128,2026,pred_log,ADT_CD85k(gp49Receptor)_A1007,1.0603918158267887,0.9081157725899519,0.5475002709092932,0.09644903488320786,0.1718480328605467,totalvi_w128
totalvi_w128,2026,pred_log,ADT_CD9_A0813,1.4712199281279856,1.3212498507032433,0.6471374729819839,0.5562521190621827,0.7052629767234055,totalvi_w128
totalvi_w128,2026,pred_log,ADT_CD94_A1009,1.00384698827806,0.8251188594153956,0.5717408886129579,0.06675989381073408,0.34935047263926866,totalvi_w128
totalvi_w128,2026,pred_log,ADT_CD95(Fas)_A0917,1.0250783152956302,0.8570399145374508,0.5623772198257397,0.20122630198847463,0.23594028426845196,totalvi_w128
totalvi_w128,2026,pred_log,ADT_D62E(E-selectin)_A0379,1.0602444525838508,0.9638515320968194,0.44171090467566615,0.03865700687815382,0.13488541652763245,totalvi_w128
totalvi_w128,2026,pred_log,ADT_DLL1_A0884,0.7696195277955564,0.5483833004951594,0.5399907159408258,0.03188591784766521,0.07867652289371392,totalvi_w128
totalvi_w128,2026,pred_log,ADT_DR3(TNFRSF25)_A0836,0.9486865499791709,0.7715779422499155,0.5519725075986475,0.04904138471889479,0.07623187627744342,totalvi_w128
totalvi_w128,2026,pred_log,ADT_ENPP1_A0891,1.0402718667704418,0.9534380991403913,0.4160785357376414,0.01588767502005328,0.09529279896311572,totalvi_w128
totalvi_w128,2026,pred_log,ADT_GABRB3_A0435,1.0378353263637126,0.8872911747604616,0.5383461115682282,0.05419308020036878,0.09799844845357943,totalvi_w128
totalvi_w128,2026,pred_log,ADT_GITRLigand_A0880,1.0523757462650962,0.9594721828270444,0.4323283956763369,0.04958513714250431,0.13752856622170156,totalvi_w128
totalvi_w128,2026,pred_log,ADT_IL-21Receptor_A0879,1.0188765522807768,0.8748089804457947,0.5223204730038034,0.055373070354651874,0.07863686380024675,totalvi_w128
totalvi_w128,2026,pred_log,ADT_IL-33Ra(IL1RL1_ST2)_A0837,0.9287296991186947,0.8599816994759671,0.3506712571504861,0.05910015416751077,0.17664308328822198,totalvi_w128
totalvi_w128,2026,pred_log,ADT_JAML_A0877,1.0479445985229128,0.9192124417337433,0.5032259617062602,0.09883132155500322,0.14714607781533678,totalvi_w128
totalvi_w128,2026,pred_log,ADT_KCC2_A0438,0.8712294452181271,0.6853457879431061,0.5379051005184052,0.04284260054469821,0.0657723668385088,totalvi_w128
totalvi_w128,2026,pred_log,ADT_KLRG1(MAFA)_A0250,0.9598876629421564,0.7867966342127526,0.5498503267799596,0.026189505475550767,0.08422301791770034,totalvi_w128
totalvi_w128,2026,pred_log,ADT_Ly-49A_A0842,0.9745279093275917,0.6859935048558153,0.6921831819352569,0.3172803904022171,0.4670644924378866,totalvi_w128
totalvi_w128,2026,pred_log,ADT_Ly-6G_A0015,0.9576105999911417,0.7823211574246138,0.5522605072438043,0.0530430046967033,0.3199186016667907,totalvi_w128
totalvi_w128,2026,pred_log,ADT_Ly-6G-Ly-6C(Gr-1)_A0116,1.2540696324424678,1.1089590961864197,0.585576951390421,0.048944595741383386,0.6439318457888916,totalvi_w128
totalvi_w128,2026,pred_log,ADT_Ly108_A0930,1.29110507265369,1.208014103758567,0.4556909410471486,0.6674174140763083,0.6667099246408508,totalvi_w128
totalvi_w128,2026,pred_log,ADT_Ly49D_A0841,1.005106918510175,0.8250990564353818,0.5739786273951635,0.046057203201097206,0.30554391248851726,totalvi_w128
totalvi_w128,2026,pred_log,ADT_Ly49G_A0840,1.1096252066431813,1.039905082076559,0.38712468209766665,0.054774397347135025,0.14659869372347667,totalvi_w128
totalvi_w128,2026,pred_log,ADT_Ly49H_A0839,1.013395600985721,0.9009202588661683,0.4640186755527058,0.07549830161414633,0.286303331470353,totalvi_w128
totalvi_w128,2026,pred_log,ADT_Mac-2(Galectin-3)_A0895,1.096595314429699,0.9575600908414517,0.5344155275222015,0.02622620954509144,0.08122370821463194,totalvi_w128
totalvi_w128,2026,pred_log,ADT_Notch4_A0888,1.0261834686012794,0.979005265046424,0.3075730843912417,0.09681301232263448,0.24180155976468,totalvi_w128
totalvi_w128,2026,pred_log,ADT_P2X7R_A0824,1.0743133051095037,0.9376083477781709,0.5244422405870369,0.0969517607382401,0.15624093658457835,totalvi_w128
totalvi_w128,2026,pred_log,ADT_PIR-A-B_A0882,1.1805232993106773,1.08155101887764,0.47316239683648564,0.6651522251026623,0.7597318533408569,totalvi_w128
totalvi_w128,2026,pred_log,ADT_PLZF_A0878,1.007548899076211,0.8596108377756009,0.5255701585976696,0.03428565618539011,0.0673073852813103,totalvi_w128
totalvi_w128,2026,pred_log,ADT_Slc7a1(Cat-1_ERR)_A0889,1.0009401946494034,0.8704107072686493,0.49423321816409366,0.04876322866592102,0.12305725069356147,totalvi_w128
totalvi_w128,2026,pred_log,ADT_TCRVb13.1_A0908,0.9501008344319206,0.7767980891587749,0.5470615360884753,0.015731010094351013,0.033404993751098705,totalvi_w128
totalvi_w128,2026,pred_log,ADT_TIGIT(Vstm3)_A0848,1.006205414379529,0.9340147668344663,0.37425359218291726,0.10390281673936096,0.1917806336208603,totalvi_w128
totalvi_w128,2026,pred_log,ADT_TLR4(CD284)-MD2Complex_A0875,1.0613026142364512,0.9177496521871943,0.5330092071393975,0.03862316275350181,0.07559119751538655,totalvi_w128
totalvi_w128,2026,pred_log,ADT_IsotypeCtrlAPCRatIgG1_l_A0237,1.0069940808876634,0.8675249241909045,0.5113096760773407,0.031973197971925216,0.043287824557574565,totalvi_w128
totalvi_w128,2026,pred_log,ADT_IsotypeCtrlArm.HamsterIgG_A0241,1.1452412339164444,1.000287363445681,0.557676137550548,0.002001999437817656,0.007344778178825878,totalvi_w128
totalvi_w128,2026,pred_log,ADT_IsotypeCtrlMouseIgG1_k(FC)_A0090,1.007896324763599,0.8574250885521728,0.5297897875509112,0.034606418047861076,0.0886738379347039,totalvi_w128
totalvi_w128,2026,pred_log,ADT_IsotypeCtrlMouseIgG2a_k_A0091,0.8678131067168101,0.6885574091434277,0.5281934139149762,0.03189944551901377,0.060436559417963207,totalvi_w128
totalvi_w128,2026,pred_log,ADT_IsotypeCtrlMouseIgG2b_k_A0092,1.0022817714202166,0.8540648902668225,0.5245397149260695,0.014158709599715769,0.03268721460094575,totalvi_w128
totalvi_w128,2026,pred_log,ADT_IsotypeCtrlRatIgG1_k_A0236,0.8764880704345196,0.7501983585334874,0.45324801209455223,0.045798132979006076,0.10750804169252644,totalvi_w128
totalvi_w128,2026,pred_log,ADT_IsotypeCtrlRatIgG2a_k_A0238,0.9406272085023333,0.7676276156012987,0.5436243088210234,0.05215993908023076,0.09314535845230179,totalvi_w128
totalvi_w128,2026,pred_log,ADT_IsotypeCtrlRatIgG2b_k_A0095,1.0540112199587905,0.9236615672031089,0.5077292202255667,0.022766612936098878,0.07546296566714546,totalvi_w128
totalvi_w128,2026,pred_log,ADT_IsotypeCtrlRatIgG2c_k_A0240,0.8775314758653354,0.6891363870749491,0.5432794227132705,0.0198375730670942,0.04562694588975997,totalvi_w128
totalvi_w128,2026,calibrated,ADT_4-1BBLigand(CD137L)_A0890,0.5306400169927152,0.037465602707939805,0.5293157434346344,0.07890763095079877,0.1365999559403014,totalvi_w128
totalvi_w128,2026,calibrated,ADT_CD105_A0812,0.534946470782204,0.02755211847744413,0.5342364713960838,0.15068972319183838,0.22931403619537602,totalvi_w128
totalvi_w128,2026,calibrated,ADT_CD107a(LAMP-1)_A0905,0.5509832284843074,0.011277389913915754,0.5508678049656915,0.1926618484729364,0.3299811351953491,totalvi_w128
totalvi_w128,2026,calibrated,ADT_CD11b_A0014,0.5968326665110066,0.005070902426925316,0.5968111240277071,0.319223788514465,0.7818984192079451,totalvi_w128
totalvi_w128,2026,calibrated,ADT_CD120b(TNFRTypeII-p75)_A0893,0.5302552795255119,0.15564413305609542,0.5068979831385159,0.2444822476171302,0.4177223628906254,totalvi_w128
totalvi_w128,2026,calibrated,ADT_CD124(IL-4Ra)_A0916,0.506903129996836,0.11345845816469712,0.4940424692994299,0.3150403391124993,0.3163051357955423,totalvi_w128
totalvi_w128,2026,calibrated,ADT_CD138(Syndecan-1)_A0810,0.5544784951200569,0.06886035534190986,0.5501860167368736,0.27092445367858653,0.37945946785477125,totalvi_w128
totalvi_w128,2026,calibrated,ADT_CD152_A0388,0.3313202765913695,-0.04120327659721392,0.32874825577976086,0.06375328894511587,0.2171822442385234,totalvi_w128
totalvi_w128,2026,calibrated,ADT_CD155(PVR)_A1011,0.54494460964427,0.1080034634957827,0.5341347015999428,0.5931973683029464,0.6276845440810854,totalvi_w128
totalvi_w128,2026,calibrated,ADT_CD159a(NKG2AB6)_A0927,0.5347740420968773,0.03609941165809039,0.5335542227164657,0.0695203626636435,0.1977536273989746,totalvi_w128
totalvi_w128,2026,calibrated,ADT_CD160_A1006,0.5306197969035773,-0.057188438654748486,0.527529005221729,0.0852738992045582,0.1424834143673725,totalvi_w128
totalvi_w128,2026,calibrated,ADT_CD163_A0417,0.5665969445275651,0.03588529211604344,0.5654594091159125,0.06813014547272883,0.3054792620498776,totalvi_w128
totalvi_w128,2026,calibrated,ADT_CD170(Singlec-F)_A0431,0.5069955236975532,-0.026855593420493637,0.5062837526045941,0.040851499559894706,0.15080791311627043,totalvi_w128
totalvi_w128,2026,calibrated,ADT_CD178(FasL)_A1012,0.5440998117521844,-0.09807166070821008,0.5351883355555296,0.06841495293885758,0.1097213073361024,totalvi_w128
totalvi_w128,2026,calibrated,ADT_CD182(CXCR2)_A0909,0.3351973158247971,-0.01869081801007157,0.3346758041123733,0.13158674303059412,0.30950840103870403,totalvi_w128
totalvi_w128,2026,calibrated,ADT_CD185(CXCR5)_A0846,0.5299919052296107,0.23273729560242581,0.4761562462517773,0.5353852042193966,0.5404576388367726,totalvi_w128
totalvi_w128,2026,calibrated,ADT_CD186(CXCR6)_A0926,0.5468448303148113,0.10358661087689079,0.5369442079854049,0.09336315435174819,0.2037162744733733,totalvi_w128
totalvi_w128,2026,calibrated,ADT_CD193(CCR3)_A0808,0.4583544123199886,0.009820567321725966,0.4582491939443888,0.154636428691826,0.30179523618057413,totalvi_w128
totalvi_w128,2026,calibrated,ADT_CD194(CCR4)_A0833,0.5664508811789459,-0.10338152858652722,0.5569370344442148,0.09337034220866845,0.1202751595287625,totalvi_w128
totalvi_w128,2026,calibrated,ADT_CD198(CCR8)_A0907,0.585744714772728,-0.11751827095843635,0.5738347557225197,0.10336362598239406,0.18479139478630452,totalvi_w128
totalvi_w128,2026,calibrated,ADT_CD199(CCR9)_A0854,0.669688275406423,0.4037306282054285,0.5343069960852805,0.29458205809047533,0.44560804706413176,totalvi_w128
totalvi_w128,2026,calibrated,ADT_CD1d(CD1.1_Ly-38)_A0851,0.5715860373063381,0.3050003412317661,0.48341016734453135,0.7400666072033368,0.7713027181894377,totalvi_w128
totalvi_w128,2026,calibrated,ADT_CD2_A0892,0.3596270730045549,0.09703609590959726,0.34628835921590867,0.7547174096457072,0.8523501001903543,totalvi_w128
totalvi_w128,2026,calibrated,ADT_CD200R(OX2R)_A0807,0.4277390372009166,0.005369106389391456,0.42770533857101517,0.15490304154466686,0.22937305767695484,totalvi_w128
totalvi_w128,2026,calibrated,ADT_CD200R3_A0809,0.5254260317592182,-0.027712007794509528,0.5246947297946067,0.06369075197239582,0.13793424140183,totalvi_w128
totalvi_w128,2026,calibrated,ADT_CD207(Langerin)_A0437,0.503197254673624,0.1735584706004624,0.47231867885348466,0.05382279268744983,0.09436787037358275,totalvi_w128
totalvi_w128,2026,calibrated,ADT_CD22_A0827,0.538011071112442,-0.013395204566935246,0.5378442907888542,0.6737948320347673,0.6953478253915196,totalvi_w128
totalvi_w128,2026,calibrated,ADT_CD226(DNAM-1)_A0852,0.5463124795198334,0.1182319847369291,0.5333652810825562,0.7292209993299242,0.7961695962923924,totalvi_w128
totalvi_w128,2026,calibrated,ADT_CD252(OX40Ligand)_A0924,0.5526526365926085,-0.09080015448032776,0.5451424297182443,0.04683720814098884,0.12184742230455295,totalvi_w128
totalvi_w128,2026,calibrated,ADT_CD253(TRAIL)_A0925,0.5300641293713458,-0.01613984356814116,0.5298183525471717,0.054455760084036735,0.10391670142975484,totalvi_w128
totalvi_w128,2026,calibrated,ADT_CD26(DPP-4)_A0883,0.33809437964603456,0.15581142389890668,0.300051011881033,0.5803037757524785,0.6122329002816325,totalvi_w128
totalvi_w128,2026,calibrated,ADT_CD27_A0191,0.6126811302228734,0.3002299081866152,0.5340788046360068,0.7583243314061489,0.8755052264374255,totalvi_w128
totalvi_w128,2026,calibrated,ADT_CD270(HVEM)_A0885,0.484671837465629,0.16218288769783712,0.4567313225193791,0.7785710493518816,0.76269031371526,totalvi_w128
totalvi_w128,2026,calibrated,ADT_CD272(BTLA)_A0881,0.46982453090905274,0.13220613197175562,0.4508399145073313,0.6754494090177268,0.659461692714801,totalvi_w128
totalvi_w128,2026,calibrated,ADT_CD273(B7-DC_PD-L2)_A0914,0.5510288893740278,-0.005066534691341416,0.5510055962973469,0.061092446270380116,0.2095504363379109,totalvi_w128
totalvi_w128,2026,calibrated,ADT_CD278(ICOS)_A0847,0.46790379237813656,0.061492014206465336,0.46384554661080113,0.13069126590566407,0.25730238020741597,totalvi_w128
totalvi_w128,2026,calibrated,ADT_CD3_A0182,0.5589812227402424,0.08056143618783322,0.5531454260640057,0.5660208382305741,0.6117946025036065,totalvi_w128
totalvi_w128,2026,calibrated,ADT_CD300c-d_A0876,0.5250454900311367,-0.030213626462881563,0.5241754509493914,0.049535939867930576,0.11207968996263992,totalvi_w128
totalvi_w128,2026,calibrated,ADT_CD309(VEGFR2_Flk-1)_A0554,0.6758420062085405,0.4217337486884309,0.5281127366132928,0.0482511746178301,0.10341521693413953,totalvi_w128
totalvi_w128,2026,calibrated,ADT_CD309(VEGFR2_Flk-1)_A0553,0.6233396562999982,0.5095932312714594,0.3589805924538713,0.007754439853865285,0.0242221868360178,totalvi_w128
totalvi_w128,2026,calibrated,ADT_CD31_A0904,0.37609935743116857,0.12894937975826026,0.35330268060134823,0.651837816442048,0.7113677883475478,totalvi_w128
totalvi_w128,2026,calibrated,ADT_CD314(NKG2D)_A0835,0.537062207627567,0.08838811033302708,0.5297389515728967,0.1444452539497085,0.1906370029565291,totalvi_w128
totalvi_w128,2026,calibrated,ADT_CD317(BST2_PDCA-1)_A0811,0.534422082530792,0.07790884251155719,0.5287127524044201,0.12697998721012607,0.3314191740633599,totalvi_w128
totalvi_w128,2026,calibrated,ADT_CD339(Jagged1)_A0887,0.3578894608330663,-0.06476964794398557,0.3519797705559159,0.09658953565144916,0.22036317375097156,totalvi_w128
totalvi_w128,2026,calibrated,ADT_CD34_A0857,0.47390874691421003,0.006829003046337562,0.4738595415512805,0.07982455747929884,0.14936256783479782,totalvi_w128
totalvi_w128,2026,calibrated,ADT_CD34_A0823,0.3493490057463777,-0.008858273492040767,0.3492366802137533,0.07563257977564095,0.20251802700602062,totalvi_w128
totalvi_w128,2026,calibrated,ADT_CD365(Tim-1)_A1013,0.5583457580603347,0.030579568341952634,0.5575077358602216,0.048622863083232486,0.09001388274712374,totalvi_w128
totalvi_w128,2026,calibrated,ADT_CD371(CLEC12A)_A0825,0.6065817480188179,0.2332948397825748,0.5599240437420002,0.448863360300134,0.518672106286537,totalvi_w128
totalvi_w128,2026,calibrated,ADT_CD39_A0834,0.37851667204632516,0.1127815452776597,0.36132422291040456,0.5215958678614676,0.7396203114551734,totalvi_w128
totalvi_w128,2026,calibrated,ADT_CD3e_A0094,0.7040076217325043,0.12287489474145001,0.6932016241323532,0.11574885899970488,0.11706786635794225,totalvi_w128
totalvi_w128,2026,calibrated,ADT_CD40_A0903,0.511818776067432,0.12823404522347087,0.49549418682845253,0.6137502155532112,0.6185437035187829,totalvi_w128
totalvi_w128,2026,calibrated,ADT_CD44_A0073,0.5583940080097034,0.13995754628119295,0.5405698413897015,0.8207831889072504,0.8610474095928928,totalvi_w128
totalvi_w128,2026,calibrated,ADT_CD49a_A0850,0.37486914672265254,0.022464186440690002,0.37419545359628137,0.2558861536693428,0.4821200629119099,totalvi_w128
totalvi_w128,2026,calibrated,ADT_CD49b_A0421,0.6247525096321372,0.02510629755140552,0.6242478451023377,0.2495336822866592,0.6147940799620047,totalvi_w128
totalvi_w128,2026,calibrated,ADT_CD51_A1008,0.47769865431185277,0.16450748016674946,0.44847886605785564,0.3093940800997495,0.3600439297845155,totalvi_w128
totalvi_w128,2026,calibrated,ADT_CD61_A0910,0.5406860345530922,-0.003116362136745488,0.5406770535613465,0.5693039349953776,0.6086983227006699,totalvi_w128
totalvi_w128,2026,calibrated,ADT_CD80_A0849,0.46379887322779284,-0.022972520465940185,0.46322959546083986,0.30607277101849134,0.45337463409994494,totalvi_w128
totalvi_w128,2026,calibrated,ADT_CD85k(gp49Receptor)_A1007,0.5537781885664321,0.11781707831656607,0.5411001923755584,0.11598371686090578,0.19409794361487503,totalvi_w128
totalvi_w128,2026,calibrated,ADT_CD9_A0813,0.74650146148033,0.40009390894005553,0.6302295581939426,0.602569654013552,0.7191425887034643,totalvi_w128
totalvi_w128,2026,calibrated,ADT_CD94_A1009,0.562400291912031,0.03196544032371872,0.5614911388148934,0.08381056025898008,0.3817653057149946,totalvi_w128
totalvi_w128,2026,calibrated,ADT_CD95(Fas)_A0917,0.5483017987779646,0.1056245757534985,0.5380318871034006,0.22455259590911053,0.25683462805455987,totalvi_w128
totalvi_w128,2026,calibrated,ADT_D62E(E-selectin)_A0379,0.4393067094977905,0.037146327839047366,0.4377334066961877,0.06605739225733484,0.18417388647465116,totalvi_w128
totalvi_w128,2026,calibrated,ADT_DLL1_A0884,0.535155612109237,-0.07113938527041654,0.5304061811813298,0.054009142089083424,0.1283468671910938,totalvi_w128
totalvi_w128,2026,calibrated,ADT_DR3(TNFRSF25)_A0836,0.543266852742211,-0.016755997178036497,0.5430083883762714,0.08233730567420111,0.11674580060911334,totalvi_w128
totalvi_w128,2026,calibrated,ADT_ENPP1_A0891,0.4121541633062788,0.024858384426308548,0.4114038345159321,0.05597056615345696,0.15791571130219467,totalvi_w128
totalvi_w128,2026,calibrated,ADT_GABRB3_A0435,0.535200044484986,-5.410764237668253e-05,0.5352000417498998,0.05779432198507904,0.11926667794947794,totalvi_w128
totalvi_w128,2026,calibrated,ADT_GITRLigand_A0880,0.43146586048957974,0.03474009245941395,0.4300650122294594,0.082909917243222,0.17287480216196136,totalvi_w128
totalvi_w128,2026,calibrated,ADT_IL-21Receptor_A0879,0.5298630432508556,0.12210213665933328,0.5156024755819942,0.07266891690897408,0.10148935334578621,totalvi_w128
totalvi_w128,2026,calibrated,ADT_IL-33Ra(IL1RL1_ST2)_A0837,0.3602232187744034,-0.09614367744594646,0.3471558160701922,0.10087044392005956,0.2272672451701076,totalvi_w128
totalvi_w128,2026,calibrated,ADT_JAML_A0877,0.49865649331676626,0.002064777933847528,0.4986522185041004,0.13953040029590597,0.18899078955908966,totalvi_w128
totalvi_w128,2026,calibrated,ADT_KCC2_A0438,0.5327168316312763,-0.03736178441405742,0.5314050430402997,0.04291106041771392,0.09515035625699374,totalvi_w128
totalvi_w128,2026,calibrated,ADT_KLRG1(MAFA)_A0250,0.5436081816302044,-0.012534289683525374,0.5434636572186088,0.044676375515455634,0.1347110567320547,totalvi_w128
totalvi_w128,2026,calibrated,ADT_Ly-49A_A0842,0.6834836752777594,0.06175180246000904,0.6806883642784942,0.3410008440527295,0.4758833803936785,totalvi_w128
totalvi_w128,2026,calibrated,ADT_Ly-6G_A0015,0.5465594286660568,-0.030281034504780185,0.5457199538344607,0.09735193447052169,0.34794219420737843,totalvi_w128
totalvi_w128,2026,calibrated,ADT_Ly-6G-Ly-6C(Gr-1)_A0116,0.6381120318047578,0.2573212145075156,0.5839287265569015,0.0932927552986409,0.6481769679597688,totalvi_w128
totalvi_w128,2026,calibrated,ADT_Ly108_A0930,0.5052843914496152,0.23378751156125255,0.4479461080092137,0.6777894850405942,0.6792467317608765,totalvi_w128
totalvi_w128,2026,calibrated,ADT_Ly49D_A0841,0.5687293663122425,0.025126624857735855,0.568174044487411,0.06512383962066229,0.33952044337459986,totalvi_w128
totalvi_w128,2026,calibrated,ADT_Ly49G_A0840,0.39549071059278484,0.09037538400393848,0.3850262226541534,0.07375844429058179,0.18888319145198415,totalvi_w128
totalvi_w128,2026,calibrated,ADT_Ly49H_A0839,0.45813447941500207,-0.022855300092360618,0.45756402446711464,0.09615867133129583,0.3254985272941779,totalvi_w128
totalvi_w128,2026,calibrated,ADT_Mac-2(Galectin-3)_A0895,0.5415914453690176,0.1197426208209897,0.5281884118908906,0.07171026772859747,0.12687766491493807,totalvi_w128
totalvi_w128,2026,calibrated,ADT_Notch4_A0888,0.30487007753421813,0.00505515138999017,0.30482816408616875,0.12978189184089237,0.2774379310834204,totalvi_w128
totalvi_w128,2026,calibrated,ADT_P2X7R_A0824,0.5304928366779382,0.10729122080103018,0.5195298294666352,0.11119447563660537,0.18258267197904182,totalvi_w128
totalvi_w128,2026,calibrated,ADT_PIR-A-B_A0882,0.48008576019152027,0.1287634104314324,0.46249575270778037,0.6741543543360655,0.7659920094126764,totalvi_w128
totalvi_w128,2026,calibrated,ADT_PLZF_A0878,0.5213561403066309,0.019125846366694715,0.5210052082620529,0.04446769609956536,0.12271946482467877,totalvi_w128
totalvi_w128,2026,calibrated,ADT_Slc7a1(Cat-1_ERR)_A0889,0.4908523985373289,-0.015853528950918065,0.49059631344889965,0.051841125596096875,0.16633047583403934,totalvi_w128
totalvi_w128,2026,calibrated,ADT_TCRVb13.1_A0908,0.5391486985372838,0.03742467091222336,0.5378482250054913,0.03632841993310659,0.08362408707177481,totalvi_w128
totalvi_w128,2026,calibrated,ADT_TIGIT(Vstm3)_A0848,0.37507470874792664,-0.020287044265127924,0.3745256639768851,0.10951978352100775,0.2007090768438654,totalvi_w128
totalvi_w128,2026,calibrated,ADT_TLR4(CD284)-MD2Complex_A0875,0.5311723996917789,0.06863640014824582,0.526719244730067,0.06931155192366412,0.12197630878280552,totalvi_w128
totalvi_w128,2026,calibrated,ADT_IsotypeCtrlAPCRatIgG1_l_A0237,0.5044731632213321,-0.011075408178037285,0.5043515715691055,0.04912605168848833,0.11055261397819827,totalvi_w128
totalvi_w128,2026,calibrated,ADT_IsotypeCtrlArm.HamsterIgG_A0241,0.5767833575397757,0.17876294864160708,0.5483820289978665,0.006923258617130351,-0.0010332052358898768,totalvi_w128
totalvi_w128,2026,calibrated,ADT_IsotypeCtrlMouseIgG1_k(FC)_A0090,0.5262070819739315,0.04554848165486919,0.5242320373064366,0.05625101424698353,0.12563472501880515,totalvi_w128
totalvi_w128,2026,calibrated,ADT_IsotypeCtrlMouseIgG2a_k_A0091,0.5213333769687535,-0.020636892541638897,0.5209247629052279,0.02706529281577966,0.08554186457403813,totalvi_w128
totalvi_w128,2026,calibrated,ADT_IsotypeCtrlMouseIgG2b_k_A0092,0.5338220573170531,0.13756183872109984,0.5157933010478946,0.03212166274628959,0.08037315597813818,totalvi_w128
totalvi_w128,2026,calibrated,ADT_IsotypeCtrlRatIgG1_k_A0236,0.48468627427099226,-0.18636138920165082,0.44742621411974215,0.10492526782882743,0.16777025194830178,totalvi_w128
totalvi_w128,2026,calibrated,ADT_IsotypeCtrlRatIgG2a_k_A0238,0.5457481952944864,-0.08749737078274863,0.5386885025441845,0.07532737705798896,0.1454526881840188,totalvi_w128
totalvi_w128,2026,calibrated,ADT_IsotypeCtrlRatIgG2b_k_A0095,0.5065917343599392,0.05813810972210091,0.503244617973956,0.059994464627598436,0.12685201756612813,totalvi_w128
totalvi_w128,2026,calibrated,ADT_IsotypeCtrlRatIgG2c_k_A0240,0.532950477489219,0.0032502271906041076,0.5329405665542789,0.04133309910954346,0.10585401444157849,totalvi_w128
totalvi_w128,2027,log_mean,ADT_4-1BBLigand(CD137L)_A0890,1.0827763562829598,0.9454797757630349,0.5277050609463991,0.0847440158068457,0.1386120636968104,totalvi_w128
totalvi_w128,2027,log_mean,ADT_CD105_A0812,1.1002686583848127,0.9618462001133102,0.5342686664511125,0.14190581188288223,0.219736342040956,totalvi_w128
totalvi_w128,2027,log_mean,ADT_CD107a(LAMP-1)_A0905,1.1003605200713396,0.9531019035937685,0.5499000231838078,0.18686408982610997,0.3293911398240658,totalvi_w128
totalvi_w128,2027,log_mean,ADT_CD11b_A0014,1.1933480658936433,1.0299154021779247,0.6027884129018438,0.333094120178686,0.7799779910297784,totalvi_w128
totalvi_w128,2027,log_mean,ADT_CD120b(TNFRTypeII-p75)_A0893,1.2336479109719045,1.124045192658157,0.5083400172201249,0.24662492411106776,0.4174079822689503,totalvi_w128
totalvi_w128,2027,log_mean,ADT_CD124(IL-4Ra)_A0916,1.2451707615677123,1.1435927265407397,0.4925910081052511,0.31869833077272935,0.3218721375263447,totalvi_w128
totalvi_w128,2027,log_mean,ADT_CD138(Syndecan-1)_A0810,1.1940050079557663,1.0616660355304635,0.5463636042274452,0.28245241776030033,0.38518056378896953,totalvi_w128
totalvi_w128,2027,log_mean,ADT_CD152_A0388,1.0511267435830418,0.9937021691550801,0.3426710231285672,-0.050412842273875096,-0.027928420730767328,totalvi_w128
totalvi_w128,2027,log_mean,ADT_CD155(PVR)_A1011,1.2323015481871624,1.1082869262884936,0.5387645076305754,0.5941868292426156,0.6246410839757819,totalvi_w128
totalvi_w128,2027,log_mean,ADT_CD159a(NKG2AB6)_A0927,1.061460258514673,0.9144364052425201,0.5389841752529718,0.05891579714691345,0.19042177751772496,totalvi_w128
totalvi_w128,2027,log_mean,ADT_CD160_A1006,0.9761114094176608,0.8211190148143834,0.5277850387284172,0.06937871724005407,0.13544996970641057,totalvi_w128
totalvi_w128,2027,log_mean,ADT_CD163_A0417,1.024423966911457,0.8454737089048887,0.5784623337203301,0.07817395816291552,0.30090380243380865,totalvi_w128
totalvi_w128,2027,log_mean,ADT_CD170(Singlec-F)_A0431,1.036896460040694,0.9055858277129473,0.5050431441870382,0.051810620375257424,0.16594608628848803,totalvi_w128
totalvi_w128,2027,log_mean,ADT_CD178(FasL)_A1012,0.91760162536709,0.7454121847043592,0.535120003149366,0.06740243081921364,0.09634775050680752,totalvi_w128
totalvi_w128,2027,log_mean,ADT_CD182(CXCR2)_A0909,1.019423923042653,0.9643887266526314,0.3304232418837609,0.1355754609918147,0.31027277077466703,totalvi_w128
totalvi_w128,2027,log_mean,ADT_CD185(CXCR5)_A0846,1.3503149344643839,1.2580472103075069,0.49057888139931677,0.5345761428003745,0.5411165464237228,totalvi_w128
totalvi_w128,2027,log_mean,ADT_CD186(CXCR6)_A0926,1.1820461445369428,1.0528909577143064,0.5372650360650985,0.0862562508904043,0.19617097721019738,totalvi_w128
totalvi_w128,2027,log_mean,ADT_CD193(CCR3)_A0808,1.0843212388262735,0.9830707021662863,0.45751999247243647,0.15560203488681829,0.2952267094178669,totalvi_w128
totalvi_w128,2027,log_mean,ADT_CD194(CCR4)_A0833,0.9981285506686558,0.8288216716029851,0.5561611639993519,0.09700093021148624,0.1211561347925437,totalvi_w128
totalvi_w128,2027,log_mean,ADT_CD198(CCR8)_A0907,1.0017178160429254,0.8241688481952434,0.5693718404015994,0.1143937756472736,0.1834184994413149,totalvi_w128
totalvi_w128,2027,log_mean,ADT_CD199(CCR9)_A0854,1.4674297014539406,1.3670739595146666,0.5333467145544277,0.28938397445312103,0.4458758388551729,totalvi_w128
totalvi_w128,2027,log_mean,ADT_CD1d(CD1.1_Ly-38)_A0851,1.483699395669962,1.402614843218048,0.48377215535392915,0.7423900517327343,0.7727230670691807,totalvi_w128
totalvi_w128,2027,log_mean,ADT_CD2_A0892,1.2923779571916882,1.2437258480377789,0.35126457145241397,0.7520388762543544,0.8522409056080218,totalvi_w128
totalvi_w128,2027,log_mean,ADT_CD200R(OX2R)_A0807,1.0800813900698605,0.9926830001939836,0.42562456496431555,0.14569617852661157,0.2343588452996674,totalvi_w128
totalvi_w128,2027,log_mean,ADT_CD200R3_A0809,1.0142774067901936,0.8684681778351026,0.5239481672959466,0.06051442103517211,0.1441793978396577,totalvi_w128
totalvi_w128,2027,log_mean,ADT_CD207(Langerin)_A0437,1.0571224380474296,0.946618155295537,0.4705549033727676,0.03944164631867146,0.08563288917845634,totalvi_w128
totalvi_w128,2027,log_mean,ADT_CD22_A0827,1.0280568283151799,0.8251074157570878,0.6132687785205473,0.6698953785994608,0.6934914459260959,totalvi_w128
totalvi_w128,2027,log_mean,ADT_CD226(DNAM-1)_A0852,1.2530687736908401,1.1256120010373944,0.5506169037721255,0.7274859037146416,0.794663698914745,totalvi_w128
totalvi_w128,2027,log_mean,ADT_CD252(OX40Ligand)_A0924,0.9697019421329809,0.8020616693006963,0.5449944359486882,0.04329870811911239,0.11026417383685079,totalvi_w128
totalvi_w128,2027,log_mean,ADT_CD253(TRAIL)_A0925,1.0490666975787608,0.9075724513312774,0.5261683965740539,0.05681051465369356,0.12506330771429075,totalvi_w128
totalvi_w128,2027,log_mean,ADT_CD26(DPP-4)_A0883,1.2411502448814917,1.2052763118706717,0.29624810955152137,0.5852567765935228,0.6138039285767934,totalvi_w128
totalvi_w128,2027,log_mean,ADT_CD27_A0191,1.4679571357105423,1.3583670419321032,0.5565403234951439,0.7531174573426677,0.8741716842299296,totalvi_w128
totalvi_w128,2027,log_mean,ADT_CD270(HVEM)_A0885,1.2722263208257296,1.1869686442830967,0.45789218042076707,0.7777764044406485,0.7617005695081974,totalvi_w128
totalvi_w128,2027,log_mean,ADT_CD272(BTLA)_A0881,1.2598914008092976,1.1758296128475942,0.452494268896115,0.6771234561622179,0.6602734070120808,totalvi_w128
totalvi_w128,2027,log_mean,ADT_CD273(B7-DC_PD-L2)_A0914,1.0362243354586946,0.8783770599151993,0.5497404969724462,0.06093553054510305,0.21623079271256218,totalvi_w128
totalvi_w128,2027,log_mean,ADT_CD278(ICOS)_A0847,1.14170090076636,1.0433456288504486,0.4635847771112571,0.13925133773695686,0.25995029022511895,totalvi_w128
totalvi_w128,2027,log_mean,ADT_CD3_A0182,1.1831222511452995,1.0427100001679828,0.5590475084505303,0.5728997056676218,0.6109165195448528,totalvi_w128
totalvi_w128,2027,log_mean,ADT_CD300c-d_A0876,1.023102652136391,0.8792538671972293,0.5231172658469564,0.04401229878284466,0.11503102442278937,totalvi_w128
totalvi_w128,2027,log_mean,ADT_CD309(VEGFR2_Flk-1)_A0554,1.4618827018296425,1.3633502477396091,0.527614571346336,0.04004341509253081,0.09266989820488296,totalvi_w128
totalvi_w128,2027,log_mean,ADT_CD309(VEGFR2_Flk-1)_A0553,1.9878525435839707,1.9526482237743537,0.3724548955566,0.020859294217620027,0.04044954664703193,totalvi_w128
totalvi_w128,2027,log_mean,ADT_CD31_A0904,1.2920758095053921,1.2416678453686398,0.3573805524740238,0.6530659629345661,0.7154070945769317,totalvi_w128
totalvi_w128,2027,log_mean,ADT_CD314(NKG2D)_A0835,1.168247935021873,1.0413834480566988,0.5294560905272049,0.14274939181151064,0.19288472361058706,totalvi_w128
totalvi_w128,2027,log_mean,ADT_CD317(BST2_PDCA-1)_A0811,1.1184652842623395,0.9856757808600832,0.528590434198203,0.1300655493492808,0.32664591364337764,totalvi_w128
totalvi_w128,2027,log_mean,ADT_CD339(Jagged1)_A0887,0.9949838579648149,0.931093877365059,0.35079491037331495,0.1228082585484121,0.22384190030400675,totalvi_w128
totalvi_w128,2027,log_mean,ADT_CD34_A0857,1.0703836704821839,0.960197276848742,0.47301415577878136,0.059266620590383276,0.15034440470794236,totalvi_w128
totalvi_w128,2027,log_mean,ADT_CD34_A0823,1.0438859837423737,0.9847142796944133,0.346461735866541,0.06847396976034277,0.20782847747134364,totalvi_w128
totalvi_w128,2027,log_mean,ADT_CD365(Tim-1)_A1013,1.0974529285687535,0.9457022613940509,0.5568214823606062,0.04673368162431979,0.08562804757250171,totalvi_w128
totalvi_w128,2027,log_mean,ADT_CD371(CLEC12A)_A0825,1.3652989118092067,1.2422452900676957,0.5664519025406698,0.44677652043794197,0.5177009013746912,totalvi_w128
totalvi_w128,2027,log_mean,ADT_CD39_A0834,1.1854155286175776,1.1287735644770087,0.36205001812670407,0.5250315200864006,0.7382813710861316,totalvi_w128
totalvi_w128,2027,log_mean,ADT_CD3e_A0094,1.1667279945258557,1.0133242444019552,0.5782976646308298,0.569771896537978,0.6108984256414927,totalvi_w128
totalvi_w128,2027,log_mean,ADT_CD40_A0903,1.2311547811499073,1.12237173893033,0.5059879196173723,0.6145864817773705,0.620482160760853,totalvi_w128
totalvi_w128,2027,log_mean,ADT_CD44_A0073,1.4374441644645441,1.3204125360764127,0.5681165906092195,0.819834313036965,0.8601612268308649,totalvi_w128
totalvi_w128,2027,log_mean,ADT_CD49a_A0850,1.092600561946398,1.0265540457362328,0.37411599691557157,0.24754316855810332,0.4788118407997753,totalvi_w128
totalvi_w128,2027,log_mean,ADT_CD49b_A0421,1.2191905651954495,1.0412083634629101,0.6342797317559723,0.2356027698099051,0.614935293363489,totalvi_w128
totalvi_w128,2027,log_mean,ADT_CD51_A1008,1.2397065477530531,1.1565391064182053,0.44641865985540957,0.31486523813207506,0.3684782013565278,totalvi_w128
totalvi_w128,2027,log_mean,ADT_CD61_A0910,1.2047330251291497,1.0788490283318677,0.5361589651438806,0.5710155724612136,0.6116607173661031,totalvi_w128
totalvi_w128,2027,log_mean,ADT_CD80_A0849,1.0448533399659339,0.9368562816219018,0.4626216700755721,0.3038688471969262,0.45296582315191974,totalvi_w128
totalvi_w128,2027,log_mean,ADT_CD85k(gp49Receptor)_A1007,1.1349570735123595,0.9988439660523992,0.5389232693031549,0.12138515293795317,0.20588163538574647,totalvi_w128
totalvi_w128,2027,log_mean,ADT_CD9_A0813,1.6730487872164237,1.5460373174648019,0.6394222841069435,0.598624749175408,0.7173555194571183,totalvi_w128
totalvi_w128,2027,log_mean,ADT_CD94_A1009,1.1185942605902959,0.9611346558371985,0.5722528227752163,0.07590237802692591,0.38099723817303,totalvi_w128
totalvi_w128,2027,log_mean,ADT_CD95(Fas)_A0917,1.1246163773000593,0.97879704825712,0.5538215727241089,0.21667972035319824,0.24996851268049183,totalvi_w128
totalvi_w128,2027,log_mean,ADT_D62E(E-selectin)_A0379,1.103093503640225,1.0126738305529943,0.4373865460737687,0.08847277621756881,0.18144240142260426,totalvi_w128
totalvi_w128,2027,log_mean,ADT_DLL1_A0884,0.8626910279718354,0.6804116057608249,0.5303544630613146,0.04106799086737386,0.11860765834094243,totalvi_w128
totalvi_w128,2027,log_mean,ADT_DR3(TNFRSF25)_A0836,1.0253515535184545,0.8692006326923055,0.5439081433752988,0.07021214742135463,0.10875420091992917,totalvi_w128
totalvi_w128,2027,log_mean,ADT_ENPP1_A0891,1.0775090679248125,0.9962723037933722,0.4104476679850931,0.05287973941088214,0.15434186805713027,totalvi_w128
totalvi_w128,2027,log_mean,ADT_GABRB3_A0435,1.0877697184098074,0.9480111550949372,0.53340210920549,0.07464696939406477,0.1265868560191289,totalvi_w128
totalvi_w128,2027,log_mean,ADT_GITRLigand_A0880,1.0833839712239535,0.994822781422255,0.42900869766034094,0.07845700748085462,0.1713472395417215,totalvi_w128
totalvi_w128,2027,log_mean,ADT_IL-21Receptor_A0879,1.092025894891409,0.9633455635712628,0.5142819073824143,0.08368693775028206,0.10421796308132308,totalvi_w128
totalvi_w128,2027,log_mean,ADT_IL-33Ra(IL1RL1_ST2)_A0837,0.9548868201820833,0.8893108016091057,0.34775729683041,0.10036009840136634,0.21184263069368128,totalvi_w128
totalvi_w128,2027,log_mean,ADT_JAML_A0877,1.101908834086629,0.9836197629345818,0.49668424638055,0.1569966184853649,0.20242549867039622,totalvi_w128
totalvi_w128,2027,log_mean,ADT_KCC2_A0438,0.9455522510495095,0.7824310195413585,0.5309150206240524,0.0469087316043687,0.09699514395068391,totalvi_w128
totalvi_w128,2027,log_mean,ADT_KLRG1(MAFA)_A0250,1.0560285324709515,0.904529767564821,0.5449973953899699,0.05823067329681914,0.14660496010145388,totalvi_w128
totalvi_w128,2027,log_mean,ADT_Ly-49A_A0842,1.3210078482048608,1.1067536300137906,0.7212198953648404,0.3416682740818831,0.47256616877476154,totalvi_w128
totalvi_w128,2027,log_mean,ADT_Ly-6G_A0015,1.040003511004003,0.8871977454856137,0.5426669911703257,0.10298097071397184,0.348537486198898,totalvi_w128
totalvi_w128,2027,log_mean,ADT_Ly-6G-Ly-6C(Gr-1)_A0116,1.4029512305137712,1.2738936363828708,0.5877645433192197,0.09500810937962054,0.6408031531689462,totalvi_w128
totalvi_w128,2027,log_mean,ADT_Ly108_A0930,1.3556144055978472,1.2798595824671035,0.44682196211857544,0.6768457309011416,0.679761666348313,totalvi_w128
totalvi_w128,2027,log_mean,ADT_Ly49D_A0841,1.1873434200849542,1.0328395586032242,0.5856849352708937,0.024870471817511026,0.2588713091065717,totalvi_w128
totalvi_w128,2027,log_mean,ADT_Ly49G_A0840,1.1442106092884483,1.07789633197191,0.38387161386289476,0.08124881580043224,0.1795404256207867,totalvi_w128
totalvi_w128,2027,log_mean,ADT_Ly49H_A0839,1.068585649120992,0.9641318308238518,0.4607874806236968,0.10212864084152318,0.33032062108878535,totalvi_w128
totalvi_w128,2027,log_mean,ADT_Mac-2(Galectin-3)_A0895,1.1582233954760315,1.0313111918919176,0.5271419726282868,0.06057117255346184,0.1283524539945866,totalvi_w128
totalvi_w128,2027,log_mean,ADT_Notch4_A0888,1.0524489895935505,1.007267988223599,0.30505749555859146,0.11805978869532124,0.27245478576887466,totalvi_w128
totalvi_w128,2027,log_mean,ADT_P2X7R_A0824,1.1347139415044896,1.0093081655904448,0.5185294166361781,0.11801890500463447,0.1843455135889969,totalvi_w128
totalvi_w128,2027,log_mean,ADT_PIR-A-B_A0882,1.2401393772228901,1.1510664626571139,0.4615102095130186,0.6763653487504397,0.767898119634764,totalvi_w128
totalvi_w128,2027,log_mean,ADT_PLZF_A0878,1.0915656860062526,0.9585920950136947,0.522127228023504,0.011252155847828342,0.048692241668022974,totalvi_w128
totalvi_w128,2027,log_mean,ADT_Slc7a1(Cat-1_ERR)_A0889,1.0571508810028065,0.9366924341060712,0.49007679917885766,0.06289188739222686,0.15304695226040987,totalvi_w128
totalvi_w128,2027,log_mean,ADT_TCRVb13.1_A0908,1.036047193354772,0.8853290509477557,0.5381321941737047,0.013770256024294504,0.06870576224657268,totalvi_w128
totalvi_w128,2027,log_mean,ADT_TIGIT(Vstm3)_A0848,1.0354499219900863,0.9663881915013511,0.37182039249616217,0.08963563678565836,0.212139206439599,totalvi_w128
totalvi_w128,2027,log_mean,ADT_TLR4(CD284)-MD2Complex_A0875,1.1254558267450254,0.995061799268036,0.5258353673838706,0.04711918204334097,0.12224648976592108,totalvi_w128
totalvi_w128,2027,log_mean,ADT_IsotypeCtrlAPCRatIgG1_l_A0237,1.0769706485145978,0.9518747469088905,0.5037859108381599,0.052722417180305264,0.11855094788213054,totalvi_w128
totalvi_w128,2027,log_mean,ADT_IsotypeCtrlArm.HamsterIgG_A0241,1.3457441257803135,1.2185181095100208,0.5711749897082875,0.009351740695317379,0.002672147579160218,totalvi_w128
totalvi_w128,2027,log_mean,ADT_IsotypeCtrlMouseIgG1_k(FC)_A0090,1.0705747143459974,0.933724502426335,0.5237258563081097,0.06701706281268952,0.11757360488182149,totalvi_w128
totalvi_w128,2027,log_mean,ADT_IsotypeCtrlMouseIgG2a_k_A0091,0.9555290771726184,0.8008580909346094,0.5212121789702332,0.013864690570009308,0.07310319352927348,totalvi_w128
totalvi_w128,2027,log_mean,ADT_IsotypeCtrlMouseIgG2b_k_A0092,1.0992605669194837,0.9718095181376023,0.5137704297069274,0.030754795084880528,0.08053580944686357,totalvi_w128
totalvi_w128,2027,log_mean,ADT_IsotypeCtrlRatIgG1_k_A0236,0.9172744590023186,0.800692317249901,0.4475312796162428,0.09346236568485498,0.15975555564549987,totalvi_w128
totalvi_w128,2027,log_mean,ADT_IsotypeCtrlRatIgG2a_k_A0238,0.9985813046639084,0.8409790339018471,0.5384411635097683,0.0711068458300505,0.13497575392114705,totalvi_w128
totalvi_w128,2027,log_mean,ADT_IsotypeCtrlRatIgG2b_k_A0095,1.0973097259836597,0.9759840935597737,0.5015413082255328,0.04905267122603844,0.12847276135715646,totalvi_w128
totalvi_w128,2027,log_mean,ADT_IsotypeCtrlRatIgG2c_k_A0240,0.9970742375345779,0.841820354938039,0.5343178128858495,0.0035569603962804135,0.003163706877732692,totalvi_w128
totalvi_w128,2027,pred_log,ADT_4-1BBLigand(CD137L)_A0890,1.02236292628111,0.872212156919818,0.5333590782534059,0.057412073705125674,0.10374050356143014,totalvi_w128
totalvi_w128,2027,pred_log,ADT_CD105_A0812,1.0242181999617481,0.8686374882817265,0.5426710192045066,0.09406490097582675,0.17919704355079685,totalvi_w128
totalvi_w128,2027,pred_log,ADT_CD107a(LAMP-1)_A0905,0.982426590839475,0.8074200990284384,0.5596738247170006,0.1152838984048898,0.29184843385043274,totalvi_w128
totalvi_w128,2027,pred_log,ADT_CD11b_A0014,1.0293566472296776,0.8249822046317012,0.615613084036486,0.2467738266209031,0.7669068541376135,totalvi_w128
totalvi_w128,2027,pred_log,ADT_CD120b(TNFRTypeII-p75)_A0893,1.1641536308537737,1.044644647000888,0.5137813131307404,0.23075482528873958,0.40046195472958207,totalvi_w128
totalvi_w128,2027,pred_log,ADT_CD124(IL-4Ra)_A0916,1.1839517061591027,1.0738054384439908,0.4986817851948165,0.29465940231020094,0.2962949278687803,totalvi_w128
totalvi_w128,2027,pred_log,ADT_CD138(Syndecan-1)_A0810,1.0570393416207313,0.8998215714087244,0.554665042490943,0.21768496688051395,0.34384382642077466,totalvi_w128
totalvi_w128,2027,pred_log,ADT_CD152_A0388,0.9874271215331374,0.9263304399810327,0.3419418609994423,0.012975714370195169,0.006851170973449919,totalvi_w128
totalvi_w128,2027,pred_log,ADT_CD155(PVR)_A1011,1.1508945534923092,1.0145791096242627,0.5433116081699784,0.5821508235401675,0.6198313589198925,totalvi_w128
totalvi_w128,2027,pred_log,ADT_CD159a(NKG2AB6)_A0927,0.9757604871478223,0.8103629567873909,0.5435259023687165,0.04235801736916763,0.16254186521318942,totalvi_w128
totalvi_w128,2027,pred_log,ADT_CD160_A1006,0.9051590150995522,0.728662871193994,0.5369946580360957,0.026307296247143293,0.0807961854803287,totalvi_w128
totalvi_w128,2027,pred_log,ADT_CD163_A0417,0.861208027074265,0.6411649229364831,0.5749667881651802,0.06726839344082462,0.25072360045813413,totalvi_w128
totalvi_w128,2027,pred_log,ADT_CD170(Singlec-F)_A0431,0.9785878754440269,0.8339373841781904,0.5120377615333221,0.025447711034682064,0.10489623171497327,totalvi_w128
totalvi_w128,2027,pred_log,ADT_CD178(FasL)_A1012,0.8385386512023855,0.6380732970505265,0.5440675850952541,0.03740994775837669,0.06162102052081557,totalvi_w128
totalvi_w128,2027,pred_log,ADT_CD182(CXCR2)_A0909,0.9904515856917644,0.9331070284537745,0.3321228944976237,0.11097148174624401,0.296539368455841,totalvi_w128
totalvi_w128,2027,pred_log,ADT_CD185(CXCR5)_A0846,1.2999500999162594,1.199780116975136,0.5003977749584531,0.5193748676442709,0.5342169041256847,totalvi_w128
totalvi_w128,2027,pred_log,ADT_CD186(CXCR6)_A0926,1.0853522854185371,0.9384792705179501,0.5452029367779435,0.0514708063836353,0.1469731382196656,totalvi_w128
totalvi_w128,2027,pred_log,ADT_CD193(CCR3)_A0808,1.0276502003366947,0.9169147211880154,0.4640391452460787,0.11083053137985183,0.2610708617401749,totalvi_w128
totalvi_w128,2027,pred_log,ADT_CD194(CCR4)_A0833,0.9212398645307341,0.7271126783336914,0.5656766222913895,0.04513072601449878,0.06111234545850203,totalvi_w128
totalvi_w128,2027,pred_log,ADT_CD198(CCR8)_A0907,0.9159718235955693,0.711158369409604,0.5772851593793604,0.05610994978151683,0.12377469943354741,totalvi_w128
totalvi_w128,2027,pred_log,ADT_CD199(CCR9)_A0854,1.3853338974254015,1.2759972001478075,0.5394266887823833,0.2653502183849757,0.42989891105878,totalvi_w128
totalvi_w128,2027,pred_log,ADT_CD1d(CD1.1_Ly-38)_A0851,1.4025251154468106,1.3134087850413911,0.49196957511126543,0.7264114710819036,0.7611988446810722,totalvi_w128
totalvi_w128,2027,pred_log,ADT_CD2_A0892,1.2408674547780272,1.1896302374791157,0.35289083071491517,0.741419316160652,0.8462562356731014,totalvi_w128
totalvi_w128,2027,pred_log,ADT_CD200R(OX2R)_A0807,1.0427741420140384,0.9503671340991252,0.4291622323519195,0.11669217685342637,0.207666691612272,totalvi_w128
totalvi_w128,2027,pred_log,ADT_CD200R3_A0809,0.9436967337282229,0.7791710246803245,0.5324058973639453,0.012970365072253052,0.084833625870166,totalvi_w128
totalvi_w128,2027,pred_log,ADT_CD207(Langerin)_A0437,0.9161585922228197,0.7784373644795226,0.48309609363544853,0.011091482503003073,0.0409059110318307,totalvi_w128
totalvi_w128,2027,pred_log,ADT_CD22_A0827,0.9450351547631558,0.6956656593889572,0.6396410978706175,0.6559301765836812,0.6855546349662395,totalvi_w128
totalvi_w128,2027,pred_log,ADT_CD226(DNAM-1)_A0852,1.1403910959278705,0.9981674609631173,0.5515011981364816,0.7256002048419017,0.7965547404593865,totalvi_w128
totalvi_w128,2027,pred_log,ADT_CD252(OX40Ligand)_A0924,0.8915950818363544,0.698653002094245,0.5539185613603023,0.02263520456883363,0.052755543448026944,totalvi_w128
totalvi_w128,2027,pred_log,ADT_CD253(TRAIL)_A0925,0.9606437800544901,0.7981941922410858,0.5345301709257934,0.027203705395841493,0.07515439041371678,totalvi_w128
totalvi_w128,2027,pred_log,ADT_CD26(DPP-4)_A0883,1.208950517998649,1.170944955198005,0.3007478459866087,0.573410239189235,0.6030840305845014,totalvi_w128
totalvi_w128,2027,pred_log,ADT_CD27_A0191,1.360653539899506,1.2395064489165681,0.5612502282718946,0.7425276943681777,0.874272426125655,totalvi_w128
totalvi_w128,2027,pred_log,ADT_CD270(HVEM)_A0885,1.2156002250008846,1.1221024972903633,0.4675145907850348,0.7576089030793087,0.7534409484244705,totalvi_w128
totalvi_w128,2027,pred_log,ADT_CD272(BTLA)_A0881,1.2092018932183093,1.1185329384684928,0.45940535926751447,0.6650475456340852,0.6554165008590119,totalvi_w128
totalvi_w128,2027,pred_log,ADT_CD273(B7-DC_PD-L2)_A0914,0.9361806669960165,0.7526040042733679,0.5567957022183072,0.03359196260363519,0.16936246029017227,totalvi_w128
totalvi_w128,2027,pred_log,ADT_CD278(ICOS)_A0847,1.091306903305576,0.9853417221636994,0.4690974821567554,0.09917414818475394,0.2263724534352492,totalvi_w128
totalvi_w128,2027,pred_log,ADT_CD3_A0182,1.104406551537453,0.9464938850006055,0.5690897615800736,0.5591606407543077,0.6031173035613718,totalvi_w128
totalvi_w128,2027,pred_log,ADT_CD300c-d_A0876,0.9629102054090013,0.8051030654800296,0.528209350196908,0.03970331088923024,0.08539349829197923,totalvi_w128
totalvi_w128,2027,pred_log,ADT_CD309(VEGFR2_Flk-1)_A0554,1.3243491025291754,1.2111462755072768,0.5357473702171534,0.04398483314268208,0.07544009791758459,totalvi_w128
totalvi_w128,2027,pred_log,ADT_CD309(VEGFR2_Flk-1)_A0553,1.5057064978761914,1.455575659727036,0.38529411695064053,0.026294129416876484,0.03350047077623935,totalvi_w128
totalvi_w128,2027,pred_log,ADT_CD31_A0904,1.2377221405627725,1.1836991860311372,0.36167987810844165,0.6264409524747514,0.6971437053822558,totalvi_w128
totalvi_w128,2027,pred_log,ADT_CD314(NKG2D)_A0835,1.1050772797894395,0.9669970974718225,0.5348947632832499,0.10094931440954594,0.16064192461387905,totalvi_w128
totalvi_w128,2027,pred_log,ADT_CD317(BST2_PDCA-1)_A0811,1.0411163118144848,0.8939754445828918,0.5336019857618368,0.12295723271786407,0.31184042393329664,totalvi_w128
totalvi_w128,2027,pred_log,ADT_CD339(Jagged1)_A0887,0.9673198113979743,0.8998346051902614,0.3549722535988929,0.07932770109035459,0.1836097840986817,totalvi_w128
totalvi_w128,2027,pred_log,ADT_CD34_A0857,1.0262357815451209,0.9088028348119681,0.47669412285154134,0.05408440331794,0.11961337551882563,totalvi_w128
totalvi_w128,2027,pred_log,ADT_CD34_A0823,1.0119510420710218,0.9497410036044274,0.34933785598049,0.05406252700624758,0.17928738076598344,totalvi_w128
totalvi_w128,2027,pred_log,ADT_CD365(Tim-1)_A1013,1.025146653484859,0.8568241540633245,0.5628303742379621,0.039079774932311816,0.06473672860515667,totalvi_w128
totalvi_w128,2027,pred_log,ADT_CD371(CLEC12A)_A0825,1.2605961807353498,1.1202602731134237,0.5780308394612818,0.42538107217446525,0.5004548789727412,totalvi_w128
totalvi_w128,2027,pred_log,ADT_CD39_A0834,1.1321939418964888,1.0706992861138611,0.36805727921392895,0.4944804942902096,0.7276363536322553,totalvi_w128
totalvi_w128,2027,pred_log,ADT_CD3e_A0094,1.079987596439154,0.9032246837098334,0.5920797067960127,0.557745995674033,0.6038880772057043,totalvi_w128
totalvi_w128,2027,pred_log,ADT_CD40_A0903,1.1650508100575625,1.0449647846981314,0.51516209949541,0.6045682067687104,0.6143169324903005,totalvi_w128
totalvi_w128,2027,pred_log,ADT_CD44_A0073,1.3072056365766527,1.1780387769635297,0.5665785173019335,0.8098063999545401,0.8546380703242307,totalvi_w128
totalvi_w128,2027,pred_log,ADT_CD49a_A0850,1.0395797239739044,0.967543296310201,0.3802446216093384,0.18385970282293682,0.4525110744828987,totalvi_w128
totalvi_w128,2027,pred_log,ADT_CD49b_A0421,1.047342330972837,0.8456076453802529,0.6179592772360093,0.20505274604875004,0.6240963248190431,totalvi_w128
totalvi_w128,2027,pred_log,ADT_CD51_A1008,1.200477477418844,1.112677142840007,0.4506614578497179,0.2862964971190377,0.34789464655802427,totalvi_w128
totalvi_w128,2027,pred_log,ADT_CD61_A0910,1.1116066168989043,0.9690470526437961,0.5446256333443625,0.5577964941039584,0.5983193959526556,totalvi_w128
totalvi_w128,2027,pred_log,ADT_CD80_A0849,0.9928165221628447,0.8751624572349855,0.4688020052494636,0.2607922125086494,0.4318875269401904,totalvi_w128
totalvi_w128,2027,pred_log,ADT_CD85k(gp49Receptor)_A1007,1.0553476214903204,0.90242350581651,0.5471658051587982,0.08974882273225625,0.17139631802507632,totalvi_w128
totalvi_w128,2027,pred_log,ADT_CD9_A0813,1.476603793413947,1.3258902634792609,0.6499028942351964,0.5589899359160582,0.7043940820555711,totalvi_w128
totalvi_w128,2027,pred_log,ADT_CD94_A1009,1.011923803848026,0.8346768482864598,0.5721051858957455,0.04921954162922999,0.35753412232910414,totalvi_w128
totalvi_w128,2027,pred_log,ADT_CD95(Fas)_A0917,1.0224257630024705,0.8529986375703943,0.563691196626483,0.20658317041908794,0.23330647383429182,totalvi_w128
totalvi_w128,2027,pred_log,ADT_D62E(E-selectin)_A0379,1.0634351504790625,0.9676529960178291,0.44106915395671903,0.0675578813103954,0.14522223128049858,totalvi_w128
totalvi_w128,2027,pred_log,ADT_DLL1_A0884,0.769873977301402,0.5480438630513804,0.5406975726758876,0.02287894581923626,0.06345591324245858,totalvi_w128
totalvi_w128,2027,pred_log,ADT_DR3(TNFRSF25)_A0836,0.9442175501789741,0.7670717865152908,0.5505884637351205,0.06555543617858242,0.08824103529881065,totalvi_w128
totalvi_w128,2027,pred_log,ADT_ENPP1_A0891,1.0387798289583565,0.9521839629890176,0.4152219089562138,0.03134671007451642,0.10769634477231117,totalvi_w128
totalvi_w128,2027,pred_log,ADT_GABRB3_A0435,1.0294440649154213,0.876934214289725,0.5392044756839586,0.04604448647915487,0.08958542748891557,totalvi_w128
totalvi_w128,2027,pred_log,ADT_GITRLigand_A0880,1.0493590456760165,0.9560857044610079,0.4324980144085388,0.06164497415226567,0.13960566202699992,totalvi_w128
totalvi_w128,2027,pred_log,ADT_IL-21Receptor_A0879,1.0084103137573261,0.8620888171615979,0.5231579419420394,0.045158363541968845,0.06667313942984036,totalvi_w128
totalvi_w128,2027,pred_log,ADT_IL-33Ra(IL1RL1_ST2)_A0837,0.9286368301066653,0.8597126973875343,0.35108466241232705,0.062350557005583944,0.17583828514422967,totalvi_w128
totalvi_w128,2027,pred_log,ADT_JAML_A0877,1.0449883739948291,0.9174291639902741,0.5003243256572799,0.12053702992691924,0.17351619984183178,totalvi_w128
totalvi_w128,2027,pred_log,ADT_KCC2_A0438,0.8665332392625903,0.6784875989646627,0.5390124607076086,0.035247886665292695,0.05751268103396911,totalvi_w128
totalvi_w128,2027,pred_log,ADT_KLRG1(MAFA)_A0250,0.9557486504181174,0.7832173584737727,0.5477463392496638,0.038815721533436695,0.11298926488646466,totalvi_w128
totalvi_w128,2027,pred_log,ADT_Ly-49A_A0842,0.9913924530791557,0.7057189679866911,0.6962899785621514,0.3199089056790351,0.462722107933746,totalvi_w128
totalvi_w128,2027,pred_log,ADT_Ly-6G_A0015,0.9555128310255153,0.7825853258176078,0.5482380669648159,0.08672270553918178,0.3307458515787113,totalvi_w128
totalvi_w128,2027,pred_log,ADT_Ly-6G-Ly-6C(Gr-1)_A0116,1.2599632109429217,1.1137607134442502,0.589104715748969,0.0675280208957489,0.6384168651031155,totalvi_w128
totalvi_w128,2027,pred_log,ADT_Ly108_A0930,1.2975784999960327,1.2153166576626475,0.45465963671697107,0.6669461752514101,0.6681674640347072,totalvi_w128
totalvi_w128,2027,pred_log,ADT_Ly49D_A0841,0.9686188110223722,0.756757702974811,0.6045991895914736,0.02281547671076536,0.12064025956227943,totalvi_w128
totalvi_w128,2027,pred_log,ADT_Ly49G_A0840,1.1105319449850006,1.0406255912218274,0.38778806031947693,0.055371525296595135,0.14354325229731293,totalvi_w128
totalvi_w128,2027,pred_log,ADT_Ly49H_A0839,1.013519248039942,0.9018852589761066,0.46241133830066317,0.07689396523658909,0.30087657085085356,totalvi_w128
totalvi_w128,2027,pred_log,ADT_Mac-2(Galectin-3)_A0895,1.097016835676487,0.9590771418156175,0.5325570146044367,0.050513382116571665,0.09380237121725422,totalvi_w128
totalvi_w128,2027,pred_log,ADT_Notch4_A0888,1.0304881595701976,0.9831933498984685,0.3086044130109097,0.08035860280996482,0.2324744153873486,totalvi_w128
totalvi_w128,2027,pred_log,ADT_P2X7R_A0824,1.0729387163317625,0.9359352502243836,0.5246167137930586,0.10490075700916286,0.15760476357012898,totalvi_w128
totalvi_w128,2027,pred_log,ADT_PIR-A-B_A0882,1.1667736331815717,1.0680747697128303,0.4696562544995574,0.6660040766660759,0.7611951308097296,totalvi_w128
totalvi_w128,2027,pred_log,ADT_PLZF_A0878,1.0132497905503097,0.8634154019816805,0.5302725541370489,-0.0013472947858271934,-0.0009537423439240443,totalvi_w128
totalvi_w128,2027,pred_log,ADT_Slc7a1(Cat-1_ERR)_A0889,1.0045099055102802,0.8738674376294083,0.49537445606252,0.04645666977475342,0.11094617858633839,totalvi_w128
totalvi_w128,2027,pred_log,ADT_TCRVb13.1_A0908,0.9461066684116125,0.7714931272092306,0.5476460377669295,0.009691875664669235,0.029630255463316938,totalvi_w128
totalvi_w128,2027,pred_log,ADT_TIGIT(Vstm3)_A0848,1.0054435170437959,0.9324701444015944,0.3760533150565818,0.06245218012893653,0.17237540457569697,totalvi_w128
totalvi_w128,2027,pred_log,ADT_TLR4(CD284)-MD2Complex_A0875,1.0624318776312773,0.9188848312848068,0.5333030671595367,0.025539615435577073,0.07568620182045664,totalvi_w128
totalvi_w128,2027,pred_log,ADT_IsotypeCtrlAPCRatIgG1_l_A0237,1.005416513963057,0.8677269498576151,0.5078506739587786,0.05696461846292354,0.08029612953553887,totalvi_w128
totalvi_w128,2027,pred_log,ADT_IsotypeCtrlArm.HamsterIgG_A0241,1.1463754046306787,1.0009492366861423,0.5588176750242695,0.0014112656927646352,0.0020866225306239742,totalvi_w128
totalvi_w128,2027,pred_log,ADT_IsotypeCtrlMouseIgG1_k(FC)_A0090,0.9996994195481469,0.8483531452086275,0.5288628087316235,0.055142525966225715,0.08933601899069626,totalvi_w128
totalvi_w128,2027,pred_log,ADT_IsotypeCtrlMouseIgG2a_k_A0091,0.8756567729325232,0.6973838927654641,0.5295568808861515,0.01892348536609564,0.05124375947096524,totalvi_w128
totalvi_w128,2027,pred_log,ADT_IsotypeCtrlMouseIgG2b_k_A0092,0.9999704333367629,0.8522296279435397,0.5231113923466844,0.030787360142046298,0.04814078299843687,totalvi_w128
totalvi_w128,2027,pred_log,ADT_IsotypeCtrlRatIgG1_k_A0236,0.8729253291325686,0.7457410854065231,0.4537277419090475,0.0509751976722766,0.11075572577736612,totalvi_w128
totalvi_w128,2027,pred_log,ADT_IsotypeCtrlRatIgG2a_k_A0238,0.9374063973335716,0.7641732825180955,0.5429272032670747,0.05969195238968235,0.10639548485839499,totalvi_w128
totalvi_w128,2027,pred_log,ADT_IsotypeCtrlRatIgG2b_k_A0095,1.0447560427118199,0.9137211608696979,0.5065854606695155,0.030464740322386094,0.08687942678503524,totalvi_w128
totalvi_w128,2027,pred_log,ADT_IsotypeCtrlRatIgG2c_k_A0240,0.8920239935982167,0.7051428376193761,0.5463335828127247,-0.010723290776898528,-0.011612730052323359,totalvi_w128
totalvi_w128,2027,calibrated,ADT_4-1BBLigand(CD137L)_A0890,0.5300154816623519,0.03440320266283869,0.5288977504663022,0.0847440158068457,0.1386120634978337,totalvi_w128
totalvi_w128,2027,calibrated,ADT_CD105_A0812,0.5374827690264387,0.02919224804193346,0.5366894256966376,0.14190581188288223,0.21973634196244343,totalvi_w128
totalvi_w128,2027,calibrated,ADT_CD107a(LAMP-1)_A0905,0.5508661593059129,0.009964687381263184,0.5507760256890643,0.18686408982610997,0.32939113966734906,totalvi_w128
totalvi_w128,2027,calibrated,ADT_CD11b_A0014,0.5991198296386919,-0.0014440053245671474,0.5991180894572614,0.333094120178686,0.7799779907836892,totalvi_w128
totalvi_w128,2027,calibrated,ADT_CD120b(TNFRTypeII-p75)_A0893,0.5274885657012259,0.14587404245717986,0.5069171043501444,0.24662492411106776,0.4174079825690753,totalvi_w128
totalvi_w128,2027,calibrated,ADT_CD124(IL-4Ra)_A0916,0.5075829635567286,0.1203659188034098,0.4931049690315849,0.31869833077272935,0.32187213778903856,totalvi_w128
totalvi_w128,2027,calibrated,ADT_CD138(Syndecan-1)_A0810,0.5555573115121185,0.07284708247766848,0.5507605913181015,0.28245241776030033,0.3851805634185339,totalvi_w128
totalvi_w128,2027,calibrated,ADT_CD152_A0388,0.34144576972789803,-0.05104480881059931,0.3376087101343303,0.050412842273875096,0.027928421191061557,totalvi_w128
totalvi_w128,2027,calibrated,ADT_CD155(PVR)_A1011,0.5489138470327315,0.11483567445176318,0.5367673419066044,0.5941868292426156,0.6246410840373295,totalvi_w128
totalvi_w128,2027,calibrated,ADT_CD159a(NKG2AB6)_A0927,0.5349683667056923,0.033607848925455396,0.5339116648532417,0.05891579714691345,0.19042177751089345,totalvi_w128
totalvi_w128,2027,calibrated,ADT_CD160_A1006,0.5311393411303339,-0.056053717036147,0.5281732485679265,0.06937871724005407,0.1354499695556356,totalvi_w128
totalvi_w128,2027,calibrated,ADT_CD163_A0417,0.5665739232637956,0.034286033585649744,0.5655355677793336,0.07817395816291552,0.3009038023970774,totalvi_w128
totalvi_w128,2027,calibrated,ADT_CD170(Singlec-F)_A0431,0.5058160031275822,-0.024582137767703936,0.5052183166936165,0.051810620375257424,0.16594608582291795,totalvi_w128
totalvi_w128,2027,calibrated,ADT_CD178(FasL)_A1012,0.5456551102574024,-0.10069468665050055,0.5362835811680015,0.06740243081921364,0.09634775028038546,totalvi_w128
totalvi_w128,2027,calibrated,ADT_CD182(CXCR2)_A0909,0.3340389387175104,-0.01961019005234257,0.3334628210545086,0.1355754609918147,0.31027277059958686,totalvi_w128
totalvi_w128,2027,calibrated,ADT_CD185(CXCR5)_A0846,0.5231739756236541,0.22455482434222587,0.47253162818428734,0.5345761428003745,0.5411165465776792,totalvi_w128
totalvi_w128,2027,calibrated,ADT_CD186(CXCR6)_A0926,0.5458983110058834,0.09913095412085142,0.5368221492209192,0.0862562508904043,0.19617097710977255,totalvi_w128
totalvi_w128,2027,calibrated,ADT_CD193(CCR3)_A0808,0.4598329858585308,0.011150766505937212,0.4596977651565238,0.15560203488681829,0.29522670982899074,totalvi_w128
totalvi_w128,2027,calibrated,ADT_CD194(CCR4)_A0833,0.5667457422044154,-0.10477435417788182,0.5569767239422501,0.09700093021148624,0.12115613535063174,totalvi_w128
totalvi_w128,2027,calibrated,ADT_CD198(CCR8)_A0907,0.5850468463789449,-0.12039189532980658,0.5725256361044858,0.1143937756472736,0.18341849866600107,totalvi_w128
totalvi_w128,2027,calibrated,ADT_CD199(CCR9)_A0854,0.6595806095621826,0.3878035638890266,0.5335306704823897,0.28938397445312103,0.44587583909644063,totalvi_w128
totalvi_w128,2027,calibrated,ADT_CD1d(CD1.1_Ly-38)_A0851,0.5741968304339017,0.31043766086252933,0.4830429161042937,0.7423900517327343,0.7727230671350515,totalvi_w128
totalvi_w128,2027,calibrated,ADT_CD2_A0892,0.3618124375984702,0.10596026159965585,0.3459489311483411,0.7520388762543544,0.8522409058840112,totalvi_w128
totalvi_w128,2027,calibrated,ADT_CD200R(OX2R)_A0807,0.4265755871610165,-0.0011642945739563707,0.42657399824638953,0.14569617852661157,0.23435884530563927,totalvi_w128
totalvi_w128,2027,calibrated,ADT_CD200R3_A0809,0.5249001193369378,-0.029225368305701695,0.5240858833505507,0.06051442103517211,0.14417939777799443,totalvi_w128
totalvi_w128,2027,calibrated,ADT_CD207(Langerin)_A0437,0.503362598173629,0.17548197801048956,0.47178382828752613,0.03944164631867146,0.08563288906318585,totalvi_w128
totalvi_w128,2027,calibrated,ADT_CD22_A0827,0.539246792994228,-0.016419212941473055,0.5389967654828204,0.6698953786165502,0.693491445843275,totalvi_w128
totalvi_w128,2027,calibrated,ADT_CD226(DNAM-1)_A0852,0.5426522513195017,0.10252883318519124,0.5328783202831645,0.7274859037146416,0.7946636989123514,totalvi_w128
totalvi_w128,2027,calibrated,ADT_CD252(OX40Ligand)_A0924,0.5532071236852485,-0.08783495329482899,0.5461896581552987,0.04329870811911239,0.11026417394340968,totalvi_w128
totalvi_w128,2027,calibrated,ADT_CD253(TRAIL)_A0925,0.5285431912934089,-0.012261131657471176,0.5284009554430218,0.05681051465369356,0.12506330777704844,totalvi_w128
totalvi_w128,2027,calibrated,ADT_CD26(DPP-4)_A0883,0.33195129690083486,0.14429788016564823,0.2989477969376022,0.5852567765935228,0.6138039283862172,totalvi_w128
totalvi_w128,2027,calibrated,ADT_CD27_A0191,0.6185097783776526,0.30618376799722175,0.5374065929664325,0.7531174573426677,0.8741716844582699,totalvi_w128
totalvi_w128,2027,calibrated,ADT_CD270(HVEM)_A0885,0.4842535901370288,0.16012902827062497,0.4570122907162417,0.7777764044406485,0.7617005696719275,totalvi_w128
totalvi_w128,2027,calibrated,ADT_CD272(BTLA)_A0881,0.4684490341714744,0.13235698756797468,0.4493619092203062,0.6771234561622179,0.6602734073193478,totalvi_w128
totalvi_w128,2027,calibrated,ADT_CD273(B7-DC_PD-L2)_A0914,0.5496483937444956,-0.004532067840047663,0.5496297090833046,0.06093553054510305,0.21623079173557228,totalvi_w128
totalvi_w128,2027,calibrated,ADT_CD278(ICOS)_A0847,0.4676760647166261,0.060420143098439155,0.4637567334463114,0.13925133773695686,0.25995029013608417,totalvi_w128
totalvi_w128,2027,calibrated,ADT_CD3_A0182,0.562595614109323,0.09048125388533387,0.5552719763416697,0.5728997056676218,0.6109165197110032,totalvi_w128
totalvi_w128,2027,calibrated,ADT_CD300c-d_A0876,0.5247243283681516,-0.024783455413642307,0.5241387231632185,0.04401229878284466,0.11503102427212619,totalvi_w128
totalvi_w128,2027,calibrated,ADT_CD309(VEGFR2_Flk-1)_A0554,0.6760985090978785,0.42133925938914457,0.5287555413437991,0.04004341509253081,0.092669898004206,totalvi_w128
totalvi_w128,2027,calibrated,ADT_CD309(VEGFR2_Flk-1)_A0553,0.6235743537736428,0.5115437232860713,0.35660621678660925,0.020859294217620027,0.04044954704426237,totalvi_w128
totalvi_w128,2027,calibrated,ADT_CD31_A0904,0.37197174153251317,0.12266282464753707,0.35116492983812914,0.6530659629345661,0.7154070947796398,totalvi_w128
totalvi_w128,2027,calibrated,ADT_CD314(NKG2D)_A0835,0.5381097093844699,0.09345565300789667,0.5299321657105793,0.14274939181151064,0.19288472308922092,totalvi_w128
totalvi_w128,2027,calibrated,ADT_CD317(BST2_PDCA-1)_A0811,0.5362016874301201,0.07804599514225291,0.530491349830669,0.1300655493492808,0.32664591365990775,totalvi_w128
totalvi_w128,2027,calibrated,ADT_CD339(Jagged1)_A0887,0.3576032842450688,-0.06306293407044336,0.3519988284771502,0.1228082585484121,0.2238419007129533,totalvi_w128
totalvi_w128,2027,calibrated,ADT_CD34_A0857,0.4738430197004266,0.007307366960792639,0.47378667109461675,0.059266620590383276,0.1503444050931656,totalvi_w128
totalvi_w128,2027,calibrated,ADT_CD34_A0823,0.3490752467047734,-0.0065384003117203646,0.349014007144932,0.06847396976034277,0.20782847681091676,totalvi_w128
totalvi_w128,2027,calibrated,ADT_CD365(Tim-1)_A1013,0.5585933846472636,0.031368810918840966,0.5577119032916756,0.04673368162431979,0.08562804786916932,totalvi_w128
totalvi_w128,2027,calibrated,ADT_CD371(CLEC12A)_A0825,0.6058190291169886,0.2316679144457533,0.5597737698897743,0.44677652043794197,0.5177009009633938,totalvi_w128
totalvi_w128,2027,calibrated,ADT_CD39_A0834,0.3790690484944232,0.11289737942529243,0.36186672304229445,0.5250315200864006,0.7382813708619074,totalvi_w128
totalvi_w128,2027,calibrated,ADT_CD3e_A0094,0.5736348596516033,0.0706276548849566,0.5692703106371942,0.569771896537978,0.6108984257019707,totalvi_w128
totalvi_w128,2027,calibrated,ADT_CD40_A0903,0.508107957489854,0.12111785386726279,0.49346140876374406,0.6145864817773705,0.6204821607547881,totalvi_w128
totalvi_w128,2027,calibrated,ADT_CD44_A0073,0.559030134095474,0.13229058712357802,0.5431518124661867,0.819834313036965,0.8601612266774973,totalvi_w128
totalvi_w128,2027,calibrated,ADT_CD49a_A0850,0.37683497961763146,0.024782930897110637,0.3760191593517146,0.24754316855810332,0.4788118409156778,totalvi_w128
totalvi_w128,2027,calibrated,ADT_CD49b_A0421,0.625036666307256,0.02629087452147245,0.6244834858868439,0.2356027698099051,0.6149352936580152,totalvi_w128
totalvi_w128,2027,calibrated,ADT_CD51_A1008,0.47729235155250527,0.16786576144274762,0.4467986962668585,0.31486523813207506,0.36847820164136913,totalvi_w128
totalvi_w128,2027,calibrated,ADT_CD61_A0910,0.5381481461041698,0.011389048759623151,0.5380276170641292,0.5710155724612136,0.6116607171917928,totalvi_w128
totalvi_w128,2027,calibrated,ADT_CD80_A0849,0.4641032290988269,-0.027359512663494446,0.46329608710496784,0.3038688471969262,0.4529658229883347,totalvi_w128
totalvi_w128,2027,calibrated,ADT_CD85k(gp49Receptor)_A1007,0.5509284890365678,0.11365529721161641,0.5390776135658525,0.12138515293795317,0.20588163527999095,totalvi_w128
totalvi_w128,2027,calibrated,ADT_CD9_A0813,0.7401585825821919,0.38676834700954693,0.6310665362080133,0.598624749175408,0.7173555195539733,totalvi_w128
totalvi_w128,2027,calibrated,ADT_CD94_A1009,0.5626204653083064,0.03297393818771777,0.5616533694229278,0.07590237802692591,0.38099723783316936,totalvi_w128
totalvi_w128,2027,calibrated,ADT_CD95(Fas)_A0917,0.5518960965252587,0.10408619250866318,0.5419920348943049,0.21667972035319824,0.24996851277196666,totalvi_w128
totalvi_w128,2027,calibrated,ADT_D62E(E-selectin)_A0379,0.4407111473215158,0.041412728809512724,0.4387610981684651,0.08847277621756881,0.18144240170770948,totalvi_w128
totalvi_w128,2027,calibrated,ADT_DLL1_A0884,0.5361466945903286,-0.07243568375748585,0.5312309759781714,0.04106799086737386,0.11860765854660327,totalvi_w128
totalvi_w128,2027,calibrated,ADT_DR3(TNFRSF25)_A0836,0.5439071433195662,-0.014340905895112638,0.5437180509898119,0.07021214742135463,0.10875420118222605,totalvi_w128
totalvi_w128,2027,calibrated,ADT_ENPP1_A0891,0.41186969438180304,0.021263375277942177,0.41132045174285786,0.05287973941088214,0.15434186806499964,totalvi_w128
totalvi_w128,2027,calibrated,ADT_GABRB3_A0435,0.5351213754560508,0.00028504282809063903,0.535121299539237,0.07464696939406477,0.12658685595311436,totalvi_w128
totalvi_w128,2027,calibrated,ADT_GITRLigand_A0880,0.431371826990224,0.033971545931736034,0.4300320769290258,0.07845700748085462,0.171347239428898,totalvi_w128
totalvi_w128,2027,calibrated,ADT_IL-21Receptor_A0879,0.5288229979853474,0.11993022085940913,0.515044178030219,0.08368693775028206,0.10421796283816578,totalvi_w128
totalvi_w128,2027,calibrated,ADT_IL-33Ra(IL1RL1_ST2)_A0837,0.3615595611622711,-0.09035441305240088,0.3500876980269516,0.10036009840136634,0.2118426307858767,totalvi_w128
totalvi_w128,2027,calibrated,ADT_JAML_A0877,0.4973340299932512,0.003705204576473777,0.49732022766862694,0.1569966184853649,0.20242549831588333,totalvi_w128
totalvi_w128,2027,calibrated,ADT_KCC2_A0438,0.5330814591982009,-0.04014253403225289,0.5315678875763223,0.0469087316043687,0.09699514422506436,totalvi_w128
totalvi_w128,2027,calibrated,ADT_KLRG1(MAFA)_A0250,0.5427439133552416,-0.012187655530905311,0.5426070553695587,0.05823067329681914,0.1466049586548185,totalvi_w128
totalvi_w128,2027,calibrated,ADT_Ly-49A_A0842,0.6866904779531864,0.07514223879105413,0.6825668146497033,0.3416682740818831,0.47256616883572067,totalvi_w128
totalvi_w128,2027,calibrated,ADT_Ly-6G_A0015,0.5455079959920611,-0.03309619445189711,0.5445030905367538,0.10298097071397184,0.3485374863684902,totalvi_w128
totalvi_w128,2027,calibrated,ADT_Ly-6G-Ly-6C(Gr-1)_A0116,0.6379595372166778,0.24715322759842973,0.5881391444321564,0.09500810937962054,0.6408031531478394,totalvi_w128
totalvi_w128,2027,calibrated,ADT_Ly108_A0930,0.504799510780072,0.23399325850613992,0.44729151686285895,0.6768457309011416,0.6797616661014727,totalvi_w128
totalvi_w128,2027,calibrated,ADT_Ly49D_A0841,0.5822333558693703,0.021078936089491962,0.5818516642068194,0.024870471817511026,0.25887130980283035,totalvi_w128
totalvi_w128,2027,calibrated,ADT_Ly49G_A0840,0.3977311769014103,0.09249035802672352,0.38682763959090355,0.08124881580043224,0.17954042525464683,totalvi_w128
totalvi_w128,2027,calibrated,ADT_Ly49H_A0839,0.457283290102002,-0.02312869593900254,0.45669800834979907,0.10212864084152318,0.3303206208405011,totalvi_w128
totalvi_w128,2027,calibrated,ADT_Mac-2(Galectin-3)_A0895,0.5429348108539601,0.12416285612144266,0.528546870198652,0.06057117255346184,0.12835245376023,totalvi_w128
totalvi_w128,2027,calibrated,ADT_Notch4_A0888,0.3054271739153193,-0.0001342201423885135,0.30542714442375957,0.11805978869532124,0.27245478558789316,totalvi_w128
totalvi_w128,2027,calibrated,ADT_P2X7R_A0824,0.53011134407771,0.10722626298137224,0.5191537013707282,0.11801890500463447,0.18434551309949967,totalvi_w128
totalvi_w128,2027,calibrated,ADT_PIR-A-B_A0882,0.47492901618921846,0.12046083571148865,0.45939825585013677,0.6763653487504397,0.7678981195579874,totalvi_w128
totalvi_w128,2027,calibrated,ADT_PLZF_A0878,0.5230337789722275,0.012312713720447881,0.5228888323791269,0.011252155847828342,0.04869224160244296,totalvi_w128
totalvi_w128,2027,calibrated,ADT_Slc7a1(Cat-1_ERR)_A0889,0.4931025930607403,-0.01768146488459292,0.4927854838393293,0.06289188739222686,0.15304695236976076,totalvi_w128
totalvi_w128,2027,calibrated,ADT_TCRVb13.1_A0908,0.5405726155106862,0.03911781036283725,0.5391554038980612,0.013770256024294504,0.068705762293594,totalvi_w128
totalvi_w128,2027,calibrated,ADT_TIGIT(Vstm3)_A0848,0.3742419495350909,-0.021277746052424277,0.3736365805361594,0.08963563678565836,0.2121392058324245,totalvi_w128
totalvi_w128,2027,calibrated,ADT_TLR4(CD284)-MD2Complex_A0875,0.5318187428842746,0.07087367789984166,0.5270750393103071,0.04711918204334097,0.12224648974452107,totalvi_w128
totalvi_w128,2027,calibrated,ADT_IsotypeCtrlAPCRatIgG1_l_A0237,0.5041694130642216,-0.010509601905140888,0.5040598628509487,0.052722417180305264,0.11855094787464003,totalvi_w128
totalvi_w128,2027,calibrated,ADT_IsotypeCtrlArm.HamsterIgG_A0241,0.5752179612229701,0.17380188744343947,0.5483325695548364,0.009351740695317379,0.0026721482351855716,totalvi_w128
totalvi_w128,2027,calibrated,ADT_IsotypeCtrlMouseIgG1_k(FC)_A0090,0.526822493721863,0.04769037756532403,0.5246594779273505,0.06701706281268952,0.11757360484141119,totalvi_w128
totalvi_w128,2027,calibrated,ADT_IsotypeCtrlMouseIgG2a_k_A0091,0.5220392193239662,-0.02003461589406265,0.5216546373591959,0.013864690570009308,0.07310319336290604,totalvi_w128
totalvi_w128,2027,calibrated,ADT_IsotypeCtrlMouseIgG2b_k_A0092,0.5337006225735135,0.13744480075723006,0.5156988280771665,0.030754795084880528,0.08053580947211395,totalvi_w128
totalvi_w128,2027,calibrated,ADT_IsotypeCtrlRatIgG1_k_A0236,0.48632574312252685,-0.18743768242697423,0.44875365584035193,0.09346236568485498,0.15975555517798604,totalvi_w128
totalvi_w128,2027,calibrated,ADT_IsotypeCtrlRatIgG2a_k_A0238,0.5475806488851805,-0.08719455317666072,0.5405938188046896,0.0711068458300505,0.13497575351561658,totalvi_w128
totalvi_w128,2027,calibrated,ADT_IsotypeCtrlRatIgG2b_k_A0095,0.5057169093161019,0.0528354740930122,0.5029493066359644,0.04905267122603844,0.12847276115118345,totalvi_w128
totalvi_w128,2027,calibrated,ADT_IsotypeCtrlRatIgG2c_k_A0240,0.5338968416015337,-0.004394248654009577,0.5338787578194697,-0.0035569603962804135,-0.003163706859918246,totalvi_w128
totalvi_w128,2028,log_mean,ADT_4-1BBLigand(CD137L)_A0890,1.0823070760220872,0.9444812548984031,0.5285298155761669,0.06971903346920494,0.1299110174679108,totalvi_w128
totalvi_w128,2028,log_mean,ADT_CD105_A0812,1.0959440045606619,0.9564607061645626,0.5350478284187258,0.1519672904187248,0.21399482797351765,totalvi_w128
totalvi_w128,2028,log_mean,ADT_CD107a(LAMP-1)_A0905,1.1056756398309273,0.9588556741613946,0.5505582772459009,0.1975208479670633,0.33096645396368035,totalvi_w128
totalvi_w128,2028,log_mean,ADT_CD11b_A0014,1.2018184179947826,1.0380193070424104,0.6057090291869648,0.3236864192899432,0.7779245345773261,totalvi_w128
totalvi_w128,2028,log_mean,ADT_CD120b(TNFRTypeII-p75)_A0893,1.2313534908920274,1.1208291830363115,0.5098758299684849,0.23814431489051294,0.4135318269267241,totalvi_w128
totalvi_w128,2028,log_mean,ADT_CD124(IL-4Ra)_A0916,1.269860195408963,1.1700388454030117,0.4935119209623875,0.3208225574209755,0.3185772211086657,totalvi_w128
totalvi_w128,2028,log_mean,ADT_CD138(Syndecan-1)_A0810,1.2045466400550155,1.0716493355122247,0.5500002816035282,0.27018151424336573,0.36957160846180104,totalvi_w128
totalvi_w128,2028,log_mean,ADT_CD152_A0388,1.0522556544705757,0.9951356756745178,0.3419750712626913,-0.03208405603336674,-0.026523615139377548,totalvi_w128
totalvi_w128,2028,log_mean,ADT_CD155(PVR)_A1011,1.2358247016897133,1.1129551437118386,0.5372090295143658,0.5973561406891325,0.6272671865613362,totalvi_w128
totalvi_w128,2028,log_mean,ADT_CD159a(NKG2AB6)_A0927,1.0599949250966019,0.9137845680374566,0.5372029453075485,0.08761844118984477,0.19560926514592705,totalvi_w128
totalvi_w128,2028,log_mean,ADT_CD160_A1006,0.9737402995166702,0.8179403827372199,0.5283405163249091,0.08383005741535315,0.1302925756501944,totalvi_w128
totalvi_w128,2028,log_mean,ADT_CD163_A0417,1.0262975389428584,0.848538017316357,0.5772953071080259,0.08619859945315439,0.31521915167727105,totalvi_w128
totalvi_w128,2028,log_mean,ADT_CD170(Singlec-F)_A0431,1.042110134223482,0.9100006122939472,0.507831091482076,0.05566477889105543,0.1370435119580128,totalvi_w128
totalvi_w128,2028,log_mean,ADT_CD178(FasL)_A1012,0.9263236451988902,0.7561865017228707,0.5350303451830255,0.0768431508191796,0.09277018791765237,totalvi_w128
totalvi_w128,2028,log_mean,ADT_CD182(CXCR2)_A0909,1.020420092807713,0.9645241124706916,0.3330921828387966,0.13906621900257843,0.30040421494329067,totalvi_w128
totalvi_w128,2028,log_mean,ADT_CD185(CXCR5)_A0846,1.3553579195685608,1.2632856673075634,0.4910238414908727,0.5322869129362663,0.5379584109401304,totalvi_w128
totalvi_w128,2028,log_mean,ADT_CD186(CXCR6)_A0926,1.1779771714019351,1.0480715062844985,0.5377511822939848,0.07490526910283551,0.19254560800601955,totalvi_w128
totalvi_w128,2028,log_mean,ADT_CD193(CCR3)_A0808,1.0827504879286403,0.9814262506418936,0.45733044252559196,0.1567890836779819,0.2971156616493447,totalvi_w128
totalvi_w128,2028,log_mean,ADT_CD194(CCR4)_A0833,0.9997182442620439,0.830361955161882,0.5567185925852417,0.08764174355522963,0.11278345528036404,totalvi_w128
totalvi_w128,2028,log_mean,ADT_CD198(CCR8)_A0907,1.0045891414037398,0.8264948462888102,0.5710565752045116,0.09621370305208506,0.17402579237908056,totalvi_w128
totalvi_w128,2028,log_mean,ADT_CD199(CCR9)_A0854,1.4575043708056161,1.35679849510988,0.5323690774124259,0.28372795720685406,0.4451851578156415,totalvi_w128
totalvi_w128,2028,log_mean,ADT_CD1d(CD1.1_Ly-38)_A0851,1.4778549174128546,1.3955385837718302,0.48634064001009797,0.741085547371707,0.770284704918234,totalvi_w128
totalvi_w128,2028,log_mean,ADT_CD2_A0892,1.2931007169025461,1.2459126153497495,0.34613757231224196,0.7517203571937773,0.8555109509957888,totalvi_w128
totalvi_w128,2028,log_mean,ADT_CD200R(OX2R)_A0807,1.0800562495003512,0.9919701645773393,0.427219726455974,0.15302848652893675,0.2186001677862131,totalvi_w128
totalvi_w128,2028,log_mean,ADT_CD200R3_A0809,1.0135512630513062,0.8666700829977886,0.5255179636030278,0.04288354569895329,0.12560830181538837,totalvi_w128
totalvi_w128,2028,log_mean,ADT_CD207(Langerin)_A0437,1.0555671388937995,0.9445812094628604,0.4711563683556225,0.05532122725589846,0.08788642366344232,totalvi_w128
totalvi_w128,2028,log_mean,ADT_CD22_A0827,1.0277896135869968,0.825041786125343,0.6129090804877779,0.672160195768387,0.6946937267999946,totalvi_w128
totalvi_w128,2028,log_mean,ADT_CD226(DNAM-1)_A0852,1.2404847226785092,1.1135583769930406,0.5466169483535505,0.7270334856447447,0.7959551323618088,totalvi_w128
totalvi_w128,2028,log_mean,ADT_CD252(OX40Ligand)_A0924,0.970229994958721,0.8021677646573717,0.5457775375207087,0.038695672103285415,0.0979275768269435,totalvi_w128
totalvi_w128,2028,log_mean,ADT_CD253(TRAIL)_A0925,1.0453085552221515,0.9030137628498089,0.5265321639979965,0.055826116316971874,0.11819695645954766,totalvi_w128
totalvi_w128,2028,log_mean,ADT_CD26(DPP-4)_A0883,1.2384245908054394,1.2025665631479772,0.29585322088853805,0.5828037913889363,0.6130052069071266,totalvi_w128
totalvi_w128,2028,log_mean,ADT_CD27_A0191,1.4763810538276676,1.3642827872024468,0.5642991162888502,0.7492778816640655,0.8704678001318961,totalvi_w128
totalvi_w128,2028,log_mean,ADT_CD270(HVEM)_A0885,1.267924876739876,1.1822088154823696,0.4582748189149793,0.7748104106386869,0.7604084829823463,totalvi_w128
totalvi_w128,2028,log_mean,ADT_CD272(BTLA)_A0881,1.2616970400888765,1.1769445693697307,0.4546217126359697,0.6718981319457372,0.6584750341231843,totalvi_w128
totalvi_w128,2028,log_mean,ADT_CD273(B7-DC_PD-L2)_A0914,1.0390938648429087,0.8805466634851326,0.5516825476479575,0.06271976167167617,0.21188796889270034,totalvi_w128
totalvi_w128,2028,log_mean,ADT_CD278(ICOS)_A0847,1.141027820137892,1.0418932754874224,0.465191238978811,0.125274022149835,0.24813712960342763,totalvi_w128
totalvi_w128,2028,log_mean,ADT_CD3_A0182,1.178063330661302,1.0378118110192973,0.5574763277105002,0.5676002294921111,0.6112047706583142,totalvi_w128
totalvi_w128,2028,log_mean,ADT_CD300c-d_A0876,1.0262814902326227,0.8822611637912763,0.5242794446282603,0.042680089517140356,0.09995349483658565,totalvi_w128
totalvi_w128,2028,log_mean,ADT_CD309(VEGFR2_Flk-1)_A0554,1.4659190142625196,1.3678666347388846,0.5271237292556799,0.038165978995575785,0.08876516303279897,totalvi_w128
totalvi_w128,2028,log_mean,ADT_CD309(VEGFR2_Flk-1)_A0553,1.9882071435860915,1.9525073514271911,0.37507691001912313,0.011371941242775624,0.019487567264547263,totalvi_w128
totalvi_w128,2028,log_mean,ADT_CD31_A0904,1.2792662928094267,1.228985048595601,0.35513095929088373,0.6568843281043221,0.7174492906798052,totalvi_w128
totalvi_w128,2028,log_mean,ADT_CD314(NKG2D)_A0835,1.171775680750761,1.045247212614968,0.5296380939089261,0.14215724577792577,0.18986453271130702,totalvi_w128
totalvi_w128,2028,log_mean,ADT_CD317(BST2_PDCA-1)_A0811,1.120660295515899,0.9886227244530474,0.5277353566331889,0.15246494300544283,0.33015337747122936,totalvi_w128
totalvi_w128,2028,log_mean,ADT_CD339(Jagged1)_A0887,0.9954662963628238,0.9311906239533656,0.35190505687704826,0.0969661274681207,0.21003083945856768,totalvi_w128
totalvi_w128,2028,log_mean,ADT_CD34_A0857,1.0673338552360105,0.9561879573767735,0.4742427107510867,0.063062486700074,0.13275900947896563,totalvi_w128
totalvi_w128,2028,log_mean,ADT_CD34_A0823,1.0403869308420215,0.980838703057789,0.3469299705282906,0.07464442832283598,0.19887071343229565,totalvi_w128
totalvi_w128,2028,log_mean,ADT_CD365(Tim-1)_A1013,1.0906239445799935,0.9379697916210086,0.556482936393938,0.04214405130028975,0.08193832951808096,totalvi_w128
totalvi_w128,2028,log_mean,ADT_CD371(CLEC12A)_A0825,1.3640153347699053,1.241155871563044,0.5657472368221986,0.4447799511927853,0.520556279745285,totalvi_w128
totalvi_w128,2028,log_mean,ADT_CD39_A0834,1.171866798933742,1.1146547291765236,0.3616858155465972,0.5200511588609148,0.7387209490590928,totalvi_w128
totalvi_w128,2028,log_mean,ADT_CD3e_A0094,1.1715564683736381,1.0186247248346516,0.5787471196849122,0.5671123504870313,0.6103691916653358,totalvi_w128
totalvi_w128,2028,log_mean,ADT_CD40_A0903,1.2364640741275,1.1276564830113602,0.5071826721511354,0.6165247833233081,0.6198948108059361,totalvi_w128
totalvi_w128,2028,log_mean,ADT_CD44_A0073,1.470802738975258,1.3570400351746932,0.5671887163107192,0.8204779569586531,0.8612039740011571,totalvi_w128
totalvi_w128,2028,log_mean,ADT_CD49a_A0850,1.095037907558647,1.0293551965705268,0.37354504184054227,0.26543180344361084,0.48065239931295206,totalvi_w128
totalvi_w128,2028,log_mean,ADT_CD49b_A0421,1.2173208453435818,1.0412865795357031,0.6305492048895017,0.24984628830792832,0.6187160330459958,totalvi_w128
totalvi_w128,2028,log_mean,ADT_CD51_A1008,1.253055213060595,1.1700117183500194,0.4485754628843355,0.30706009942487295,0.35804385441264425,totalvi_w128
totalvi_w128,2028,log_mean,ADT_CD61_A0910,1.1971223096575077,1.0696335529547032,0.5375740755218377,0.570609710740734,0.6090463680194212,totalvi_w128
totalvi_w128,2028,log_mean,ADT_CD80_A0849,1.0409630964798187,0.9323645396333017,0.4629260561549718,0.3061327116743198,0.45151555370659874,totalvi_w128
totalvi_w128,2028,log_mean,ADT_CD85k(gp49Receptor)_A1007,1.1318060960005998,0.9943831432183069,0.5405434334328263,0.10425815423891648,0.19701360089019124,totalvi_w128
totalvi_w128,2028,log_mean,ADT_CD9_A0813,1.6646802832035237,1.5360584057210647,0.6416268537866779,0.6023996519544265,0.7172351979592265,totalvi_w128
totalvi_w128,2028,log_mean,ADT_CD94_A1009,1.1144511170493625,0.9588083542205169,0.5680561875109409,0.07429944764347249,0.38747999408308514,totalvi_w128
totalvi_w128,2028,log_mean,ADT_CD95(Fas)_A0917,1.1320982932148451,0.9872534161878972,0.5540552659484798,0.21908273453909238,0.2472189359598523,totalvi_w128
totalvi_w128,2028,log_mean,ADT_D62E(E-selectin)_A0379,1.1032573519117996,1.0125193509361257,0.43815676250318636,0.08854993449467619,0.17136905420743437,totalvi_w128
totalvi_w128,2028,log_mean,ADT_DLL1_A0884,0.8639437512600039,0.6820432253651478,0.5302978823969559,0.06592892156093298,0.12572165051048695,totalvi_w128
totalvi_w128,2028,log_mean,ADT_DR3(TNFRSF25)_A0836,1.0377765838716886,0.883575799800582,0.5443106135646367,0.08479434800361219,0.10874218765259333,totalvi_w128
totalvi_w128,2028,log_mean,ADT_ENPP1_A0891,1.0796452848056672,0.9983242668922994,0.4110749312923646,0.05380010554047561,0.14501849925719024,totalvi_w128
totalvi_w128,2028,log_mean,ADT_GABRB3_A0435,1.097243834825788,0.9579420636230611,0.535061712146122,0.06508382222036684,0.10736577098327466,totalvi_w128
totalvi_w128,2028,log_mean,ADT_GITRLigand_A0880,1.0835786924778892,0.9942737813778217,0.4307695793074123,0.07120290810694319,0.1471283363430964,totalvi_w128
totalvi_w128,2028,log_mean,ADT_IL-21Receptor_A0879,1.0938141307523042,0.9648267847138823,0.51530440336954,0.07184613213203639,0.09459495194118467,totalvi_w128
totalvi_w128,2028,log_mean,ADT_IL-33Ra(IL1RL1_ST2)_A0837,0.9575540784715597,0.8915700966221488,0.34930298596872056,0.08305507994618624,0.19060326733369828,totalvi_w128
totalvi_w128,2028,log_mean,ADT_JAML_A0877,1.1069850160003534,0.9882694268305995,0.4987377724227072,0.16013113038725135,0.1820248649719828,totalvi_w128
totalvi_w128,2028,log_mean,ADT_KCC2_A0438,0.9492815558716565,0.7871134262105842,0.53064859049763,0.04546855384180098,0.09834494796769677,totalvi_w128
totalvi_w128,2028,log_mean,ADT_KLRG1(MAFA)_A0250,1.0410714085473398,0.8885368185268622,0.5425237320310247,0.05092207746944137,0.14564332830914206,totalvi_w128
totalvi_w128,2028,log_mean,ADT_Ly-49A_A0842,1.320455371497282,1.1079214886358668,0.7184096067946437,0.34446361288295185,0.4818091395668008,totalvi_w128
totalvi_w128,2028,log_mean,ADT_Ly-6G_A0015,1.0423355715822524,0.8896595545421738,0.5431107813305458,0.10653504125769751,0.35181835391056065,totalvi_w128
totalvi_w128,2028,log_mean,ADT_Ly-6G-Ly-6C(Gr-1)_A0116,1.3860604923319717,1.2597689238248437,0.5780535848592745,0.1069879588639904,0.6557888710743722,totalvi_w128
totalvi_w128,2028,log_mean,ADT_Ly108_A0930,1.3656279689281783,1.2907697474969546,0.44592960034685636,0.6764096098266658,0.6813919198539167,totalvi_w128
totalvi_w128,2028,log_mean,ADT_Ly49D_A0841,1.1153612571632254,0.954465346353465,0.5770846008957786,0.060061827327792305,0.3321005219178911,totalvi_w128
totalvi_w128,2028,log_mean,ADT_Ly49G_A0840,1.1468112846666145,1.0806059759604885,0.38401412390317935,0.0760204576329155,0.1775397141598918,totalvi_w128
totalvi_w128,2028,log_mean,ADT_Ly49H_A0839,1.0671859772063599,0.9614110211459242,0.46322214796466543,0.0897358227175329,0.32111398649649897,totalvi_w128
totalvi_w128,2028,log_mean,ADT_Mac-2(Galectin-3)_A0895,1.1538090780060883,1.0259095385554247,0.5280009537777343,0.07152642653164802,0.11656046233703703,totalvi_w128
totalvi_w128,2028,log_mean,ADT_Notch4_A0888,1.050631930261672,1.0049298020008606,0.30650211408061934,0.12327317652969788,0.2563818209218977,totalvi_w128
totalvi_w128,2028,log_mean,ADT_P2X7R_A0824,1.1434027498974066,1.0179664041956114,0.5206863243853793,0.10669113192782549,0.17272697638465404,totalvi_w128
totalvi_w128,2028,log_mean,ADT_PIR-A-B_A0882,1.2489563797175978,1.1598802480772847,0.4632168483090797,0.6752228087151858,0.7674045034915803,totalvi_w128
totalvi_w128,2028,log_mean,ADT_PLZF_A0878,1.0880227243216913,0.9561544854429133,0.5191936523184196,0.03944158707621672,0.1158955030329183,totalvi_w128
totalvi_w128,2028,log_mean,ADT_Slc7a1(Cat-1_ERR)_A0889,1.055632056568358,0.9347453942797292,0.49052022050830973,0.07140093929338108,0.14705351526285518,totalvi_w128
totalvi_w128,2028,log_mean,ADT_TCRVb13.1_A0908,1.040792271178659,0.8901272207019502,0.5393719335584769,0.023605761628831108,0.05148654039425009,totalvi_w128
totalvi_w128,2028,log_mean,ADT_TIGIT(Vstm3)_A0848,1.0354130827023988,0.965123627455795,0.3749888472445927,0.10053737905387475,0.17536482947385193,totalvi_w128
totalvi_w128,2028,log_mean,ADT_TLR4(CD284)-MD2Complex_A0875,1.123971331528449,0.9933327592206876,0.5259292571789435,0.05482481048014241,0.11978919672067971,totalvi_w128
totalvi_w128,2028,log_mean,ADT_IsotypeCtrlAPCRatIgG1_l_A0237,1.0738094650014298,0.9479017334982763,0.5045285628758469,0.03888568001212284,0.10687804093325563,totalvi_w128
totalvi_w128,2028,log_mean,ADT_IsotypeCtrlArm.HamsterIgG_A0241,1.3262105708532481,1.2044592658374242,0.5550786927825688,0.03975346046970123,0.048472605225132706,totalvi_w128
totalvi_w128,2028,log_mean,ADT_IsotypeCtrlMouseIgG1_k(FC)_A0090,1.065995095909111,0.9279808687479323,0.5245922719027253,0.05820329583640572,0.1107990711600217,totalvi_w128
totalvi_w128,2028,log_mean,ADT_IsotypeCtrlMouseIgG2a_k_A0091,0.9524946358015711,0.797859174959442,0.5202564446153213,0.012255440856852179,0.0745092771424143,totalvi_w128
totalvi_w128,2028,log_mean,ADT_IsotypeCtrlMouseIgG2b_k_A0092,1.0987500432340265,0.971448555529946,0.5133608491748183,0.03658469271970437,0.08151540610629078,totalvi_w128
totalvi_w128,2028,log_mean,ADT_IsotypeCtrlRatIgG1_k_A0236,0.9179841417053015,0.8008952326842216,0.44862201315369765,0.07132149527577435,0.14488574399309787,totalvi_w128
totalvi_w128,2028,log_mean,ADT_IsotypeCtrlRatIgG2a_k_A0238,1.0031439271031688,0.845795155906963,0.5393776902396398,0.04881581423429848,0.12155783978380415,totalvi_w128
totalvi_w128,2028,log_mean,ADT_IsotypeCtrlRatIgG2b_k_A0095,1.0982140909177132,0.9765287511198742,0.5024597374182511,0.04525115269287263,0.1138437781514149,totalvi_w128
totalvi_w128,2028,log_mean,ADT_IsotypeCtrlRatIgG2c_k_A0240,0.9946425532469511,0.8391235547465954,0.5340275916083488,-0.0008630617929605327,0.022313694385036685,totalvi_w128
totalvi_w128,2028,pred_log,ADT_4-1BBLigand(CD137L)_A0890,1.0203832195724631,0.8691789456332499,0.5345183582000813,0.0524073045957172,0.09412215308448613,totalvi_w128
totalvi_w128,2028,pred_log,ADT_CD105_A0812,1.0217954790119717,0.8658791148051471,0.5425120823295287,0.09075066182341382,0.1770746134216965,totalvi_w128
totalvi_w128,2028,pred_log,ADT_CD107a(LAMP-1)_A0905,0.9860687671939012,0.8116194902219467,0.5600048363426346,0.12367992016256481,0.29323793443351714,totalvi_w128
totalvi_w128,2028,pred_log,ADT_CD11b_A0014,1.029368315248287,0.8231177200895438,0.6181232460534564,0.23848042055478041,0.7645176230659232,totalvi_w128
totalvi_w128,2028,pred_log,ADT_CD120b(TNFRTypeII-p75)_A0893,1.1619534309009156,1.041644644729805,0.5148904831981834,0.22440706896013946,0.39725510073133663,totalvi_w128
totalvi_w128,2028,pred_log,ADT_CD124(IL-4Ra)_A0916,1.2064564851729904,1.0987630677711455,0.4982539227322074,0.3025500299505646,0.3027039049116163,totalvi_w128
totalvi_w128,2028,pred_log,ADT_CD138(Syndecan-1)_A0810,1.0631505782187336,0.9028861831071155,0.5613249436120262,0.20615191237555047,0.31305875689037355,totalvi_w128
totalvi_w128,2028,pred_log,ADT_CD152_A0388,0.9876283691478792,0.9263086437788253,0.3425815114776806,-0.008367279293420158,-0.006034856349037757,totalvi_w128
totalvi_w128,2028,pred_log,ADT_CD155(PVR)_A1011,1.1544404919110565,1.018616254241618,0.5432805683609234,0.5865527817639347,0.6203224244716846,totalvi_w128
totalvi_w128,2028,pred_log,ADT_CD159a(NKG2AB6)_A0927,0.9691672730599022,0.804220467805836,0.5408462279913748,0.05166469311721792,0.1721708506084359,totalvi_w128
totalvi_w128,2028,pred_log,ADT_CD160_A1006,0.9031149779841339,0.7276187028553209,0.5349651266338844,0.051631534493368776,0.09724393981694766,totalvi_w128
totalvi_w128,2028,pred_log,ADT_CD163_A0417,0.8641401961780513,0.6492737291906155,0.5702472299218424,0.06184565822267136,0.2752856225032708,totalvi_w128
totalvi_w128,2028,pred_log,ADT_CD170(Singlec-F)_A0431,0.9831886610338249,0.8386934677894743,0.5130820697244424,0.04142525222753206,0.09363973960783363,totalvi_w128
totalvi_w128,2028,pred_log,ADT_CD178(FasL)_A1012,0.8487100474612724,0.6510418147027454,0.5444752521191972,0.03718603942382197,0.05100616812715892,totalvi_w128
totalvi_w128,2028,pred_log,ADT_CD182(CXCR2)_A0909,0.992593062335484,0.9340075245284845,0.33596269364423503,0.11095911280106517,0.28223414817953024,totalvi_w128
totalvi_w128,2028,pred_log,ADT_CD185(CXCR5)_A0846,1.3006600280959446,1.2013490998752527,0.49847452183176594,0.5255380853970014,0.5343538070921571,totalvi_w128
totalvi_w128,2028,pred_log,ADT_CD186(CXCR6)_A0926,1.080112369757007,0.9328091250644938,0.544527196289098,0.0565572973255018,0.1531888566518515,totalvi_w128
totalvi_w128,2028,pred_log,ADT_CD193(CCR3)_A0808,1.0243263364269521,0.9135734431177824,0.46327962131712525,0.12892140983850017,0.2655901963512768,totalvi_w128
totalvi_w128,2028,pred_log,ADT_CD194(CCR4)_A0833,0.9214043171997589,0.7271743208398458,0.5658651984929356,0.03459938208501299,0.055697027443292156,totalvi_w128
totalvi_w128,2028,pred_log,ADT_CD198(CCR8)_A0907,0.9136817984333734,0.7070927386814579,0.5786486738016298,0.05555594909828087,0.11417847108464863,totalvi_w128
totalvi_w128,2028,pred_log,ADT_CD199(CCR9)_A0854,1.3767559023329055,1.266871017016157,0.5389755475463179,0.2671232035887059,0.4270762651283628,totalvi_w128
totalvi_w128,2028,pred_log,ADT_CD1d(CD1.1_Ly-38)_A0851,1.3966107055862456,1.3071446236796194,0.49182760774842854,0.7318899973176213,0.7616538719576771,totalvi_w128
totalvi_w128,2028,pred_log,ADT_CD2_A0892,1.243533264309887,1.1931490150772566,0.3503860831502347,0.7392191371828316,0.8483209464857971,totalvi_w128
totalvi_w128,2028,pred_log,ADT_CD200R(OX2R)_A0807,1.0405030570129632,0.9469030780525285,0.4313017185543341,0.09612489374963223,0.18544976314479583,totalvi_w128
totalvi_w128,2028,pred_log,ADT_CD200R3_A0809,0.9435362613149203,0.7786256913759719,0.5329190455832888,0.016523559900423757,0.07820268845061917,totalvi_w128
totalvi_w128,2028,pred_log,ADT_CD207(Langerin)_A0437,0.9127000871017398,0.7740436735993405,0.4836091814226833,0.018263761064391915,0.0508233625099646,totalvi_w128
totalvi_w128,2028,pred_log,ADT_CD22_A0827,0.9444635242016037,0.6971494110022314,0.6371766217357098,0.6606733913439665,0.6874993085357968,totalvi_w128
totalvi_w128,2028,pred_log,ADT_CD226(DNAM-1)_A0852,1.1294735097770923,0.9851535926791212,0.5524335327616928,0.7165882802815392,0.7939385397611732,totalvi_w128
totalvi_w128,2028,pred_log,ADT_CD252(OX40Ligand)_A0924,0.8936267275153105,0.7009671297869943,0.5542687173996887,0.017361219646268362,0.04659457909521637,totalvi_w128
totalvi_w128,2028,pred_log,ADT_CD253(TRAIL)_A0925,0.9593672245843561,0.7962190086468492,0.5351829237523371,0.02501342634535611,0.06004310900678979,totalvi_w128
totalvi_w128,2028,pred_log,ADT_CD26(DPP-4)_A0883,1.2071577238025664,1.1690949212646369,0.30074380327691597,0.5691094883699046,0.6006488764233436,totalvi_w128
totalvi_w128,2028,pred_log,ADT_CD27_A0191,1.3633810755662483,1.241893321286144,0.5625912688240134,0.7442557479943124,0.8738566794123787,totalvi_w128
totalvi_w128,2028,pred_log,ADT_CD270(HVEM)_A0885,1.2093771005131826,1.1149859551592922,0.46840078036138305,0.7560488074810446,0.7515127092540193,totalvi_w128
totalvi_w128,2028,pred_log,ADT_CD272(BTLA)_A0881,1.2099609338712682,1.1177935330481017,0.4631879520998014,0.6599193381820799,0.6518251734642574,totalvi_w128
totalvi_w128,2028,pred_log,ADT_CD273(B7-DC_PD-L2)_A0914,0.9271724472704802,0.7411825028224428,0.5570433057558246,0.06774599545285763,0.18006688826897405,totalvi_w128
totalvi_w128,2028,pred_log,ADT_CD278(ICOS)_A0847,1.089708793770241,0.9836192664304054,0.4689972216623821,0.109519503056928,0.22446892760262044,totalvi_w128
totalvi_w128,2028,pred_log,ADT_CD3_A0182,1.0986107088447168,0.9403831979903855,0.5680008191240741,0.5540355242684107,0.6016848972708747,totalvi_w128
totalvi_w128,2028,pred_log,ADT_CD300c-d_A0876,0.9659618909934994,0.8075859853275593,0.5299879726505372,0.040645267763618674,0.06936690528362376,totalvi_w128
totalvi_w128,2028,pred_log,ADT_CD309(VEGFR2_Flk-1)_A0554,1.326697572139711,1.2127472784848283,0.5379316745172735,0.03428087323706045,0.044843178477927015,totalvi_w128
totalvi_w128,2028,pred_log,ADT_CD309(VEGFR2_Flk-1)_A0553,1.5038052604740237,1.4529853389398575,0.3876388348129618,0.010467820541391082,0.014400773679142763,totalvi_w128
totalvi_w128,2028,pred_log,ADT_CD31_A0904,1.2254872133301395,1.1713384565199219,0.36025703367627726,0.6340988366131146,0.6988407652081653,totalvi_w128
totalvi_w128,2028,pred_log,ADT_CD314(NKG2D)_A0835,1.1067267725342909,0.9693741946627839,0.5340017038980236,0.12293641428943367,0.163072921725441,totalvi_w128
totalvi_w128,2028,pred_log,ADT_CD317(BST2_PDCA-1)_A0811,1.043799913404096,0.8973862355198853,0.5331193145270635,0.1317378474357654,0.31544596590473334,totalvi_w128
totalvi_w128,2028,pred_log,ADT_CD339(Jagged1)_A0887,0.9669157579084006,0.8990237109745505,0.3559247813753645,0.06080489252113885,0.16919434170896608,totalvi_w128
totalvi_w128,2028,pred_log,ADT_CD34_A0857,1.021782438037096,0.9035206627902996,0.47716848449154325,0.06717506109091115,0.11161086003380358,totalvi_w128
totalvi_w128,2028,pred_log,ADT_CD34_A0823,1.0103140462300861,0.9471182165232143,0.3517123198576706,0.033196242044735466,0.14122281829101554,totalvi_w128
totalvi_w128,2028,pred_log,ADT_CD365(Tim-1)_A1013,1.0192781878518908,0.8504080099844945,0.5619023409675548,0.04681762240320531,0.06514448859600129,totalvi_w128
totalvi_w128,2028,pred_log,ADT_CD371(CLEC12A)_A0825,1.2568277084370818,1.1166752820768773,0.5767600914536803,0.4308545017938057,0.5042515017851061,totalvi_w128
totalvi_w128,2028,pred_log,ADT_CD39_A0834,1.1190037336645198,1.056302641172822,0.3693156999186966,0.475993336524674,0.7253134477254245,totalvi_w128
totalvi_w128,2028,pred_log,ADT_CD3e_A0094,1.0847397246848884,0.9082815001184964,0.5930303422691747,0.5536946606366555,0.6019568606190459,totalvi_w128
totalvi_w128,2028,pred_log,ADT_CD40_A0903,1.169272180154936,1.0488283701050494,0.51687182293776,0.6048381804340337,0.6138481241648724,totalvi_w128
totalvi_w128,2028,pred_log,ADT_CD44_A0073,1.3415177658496642,1.2161449430618927,0.5662697180277922,0.8104909982309053,0.8552135425406292,totalvi_w128
totalvi_w128,2028,pred_log,ADT_CD49a_A0850,1.0407299831160284,0.9694485740148063,0.3785344899706363,0.1939429063830071,0.4585395257613393,totalvi_w128
totalvi_w128,2028,pred_log,ADT_CD49b_A0421,1.047902374696624,0.8452652687425308,0.6193755018988178,0.20176884610640575,0.6218608773911884,totalvi_w128
totalvi_w128,2028,pred_log,ADT_CD51_A1008,1.213552488652617,1.1259100187158084,0.45280931137759733,0.2860145809047404,0.33898935175142014,totalvi_w128
totalvi_w128,2028,pred_log,ADT_CD61_A0910,1.102032614191157,0.9567298129117323,0.546940534086502,0.551994692269247,0.5942585320526033,totalvi_w128
totalvi_w128,2028,pred_log,ADT_CD80_A0849,0.989366625758388,0.8710317233209298,0.4692015101564369,0.26134126672466657,0.42941263464377055,totalvi_w128
totalvi_w128,2028,pred_log,ADT_CD85k(gp49Receptor)_A1007,1.049875389171475,0.8962992928371171,0.5467045915735498,0.10377021225581463,0.17533536135136907,totalvi_w128
totalvi_w128,2028,pred_log,ADT_CD9_A0813,1.4685281825388328,1.3167238275578694,0.6502410205855196,0.5605107574509178,0.7044705981378767,totalvi_w128
totalvi_w128,2028,pred_log,ADT_CD94_A1009,1.0039403004575316,0.827292164766125,0.5687563634802723,0.06814260527481127,0.3564962607573945,totalvi_w128
totalvi_w128,2028,pred_log,ADT_CD95(Fas)_A0917,1.0325818379976297,0.8643214810438168,0.5649545376123168,0.19697024368135913,0.22821769777496348,totalvi_w128
totalvi_w128,2028,pred_log,ADT_D62E(E-selectin)_A0379,1.0644821736156198,0.9686641799929991,0.4413751288234098,0.06354862698804929,0.14007970363715846,totalvi_w128
totalvi_w128,2028,pred_log,ADT_DLL1_A0884,0.7709534630660385,0.5499307505720418,0.5403197310748373,0.03429978756004582,0.06931432057567098,totalvi_w128
totalvi_w128,2028,pred_log,ADT_DR3(TNFRSF25)_A0836,0.9557776809865427,0.7798537890532689,0.5525749208670673,0.05512681314332486,0.07675537037628148,totalvi_w128
totalvi_w128,2028,pred_log,ADT_ENPP1_A0891,1.0413847243733827,0.9550519960045732,0.4151600041982187,0.03356981720456363,0.1042317144409704,totalvi_w128
totalvi_w128,2028,pred_log,ADT_GABRB3_A0435,1.0381129830192461,0.8873474603054933,0.5387885022923794,0.06790333860059017,0.09057353244700858,totalvi_w128
totalvi_w128,2028,pred_log,ADT_GITRLigand_A0880,1.0501278998762316,0.9557843369661079,0.4350228813622036,0.04026745735212359,0.10867471518504901,totalvi_w128
totalvi_w128,2028,pred_log,ADT_IL-21Receptor_A0879,1.0103085674151258,0.8635510618926491,0.5244072509952996,0.03861020339114038,0.0572699806135594,totalvi_w128
totalvi_w128,2028,pred_log,ADT_IL-33Ra(IL1RL1_ST2)_A0837,0.9306922239889611,0.8610832617732472,0.3531623310709084,0.05392999965590885,0.14384133728480533,totalvi_w128
totalvi_w128,2028,pred_log,ADT_JAML_A0877,1.0530953288849147,0.9248771161117786,0.5035991380174694,0.1086509305687325,0.1465579875007713,totalvi_w128
totalvi_w128,2028,pred_log,ADT_KCC2_A0438,0.8670897699670935,0.6787864024475876,0.5395309898734604,0.02781525320088337,0.05104710096732625,totalvi_w128
totalvi_w128,2028,pred_log,ADT_KLRG1(MAFA)_A0250,0.9459532167463088,0.7704146912095882,0.5488977061722057,0.04109728580198981,0.08819303998061323,totalvi_w128
totalvi_w128,2028,pred_log,ADT_Ly-49A_A0842,0.9918707243702602,0.7069715853668396,0.6957001590819571,0.315999166448654,0.46788646815987794,totalvi_w128
totalvi_w128,2028,pred_log,ADT_Ly-6G_A0015,0.9579128355879105,0.7841914446552402,0.5501279657621245,0.08564660056602755,0.3306509409886741,totalvi_w128
totalvi_w128,2028,pred_log,ADT_Ly-6G-Ly-6C(Gr-1)_A0116,1.2619270246855068,1.1183337823855948,0.5846275453711204,0.05416546337845961,0.6456368865245998,totalvi_w128
totalvi_w128,2028,pred_log,ADT_Ly108_A0930,1.3055278132485446,1.2244418038286904,0.4529295090874829,0.6673734649021568,0.6714041505477588,totalvi_w128
totalvi_w128,2028,pred_log,ADT_Ly49D_A0841,1.0101244225156647,0.8307736276475907,0.5746011908862001,0.035019359649682544,0.3010679774127961,totalvi_w128
totalvi_w128,2028,pred_log,ADT_Ly49G_A0840,1.1127780212333325,1.0430520410755342,0.3877078334881721,0.05414698742410984,0.14176956080494757,totalvi_w128
totalvi_w128,2028,pred_log,ADT_Ly49H_A0839,1.0114763092759904,0.8991627946408487,0.46323923944350537,0.08650769948488256,0.2949986750692392,totalvi_w128
totalvi_w128,2028,pred_log,ADT_Mac-2(Galectin-3)_A0895,1.0915943586937802,0.9509779010441091,0.5359284240062087,0.027447448686452876,0.058994363216250706,totalvi_w128
totalvi_w128,2028,pred_log,ADT_Notch4_A0888,1.0297686238817108,0.9820336198788032,0.3098925429225032,0.0784826893285011,0.21456200124049776,totalvi_w128
totalvi_w128,2028,pred_log,ADT_P2X7R_A0824,1.079577291574092,0.9418138084217235,0.527706242855418,0.08830336056995644,0.1407062053085947,totalvi_w128
totalvi_w128,2028,pred_log,ADT_PIR-A-B_A0882,1.1751782691299282,1.0761089167967075,0.4722642940407107,0.6632060841478844,0.7601908987209163,totalvi_w128
totalvi_w128,2028,pred_log,ADT_PLZF_A0878,1.0143530190156271,0.8661800452831601,0.5278675746239276,0.019684982977822122,0.03787662199015605,totalvi_w128
totalvi_w128,2028,pred_log,ADT_Slc7a1(Cat-1_ERR)_A0889,1.002284890671841,0.8708017093857015,0.4962654380469857,0.030467426659627823,0.0987897366550437,totalvi_w128
totalvi_w128,2028,pred_log,ADT_TCRVb13.1_A0908,0.9509958708602183,0.7767519972564414,0.5486797619297505,0.01774939567248379,0.021500047798554845,totalvi_w128
totalvi_w128,2028,pred_log,ADT_TIGIT(Vstm3)_A0848,1.0063060528515482,0.9320066098933788,0.3794938090676727,0.04445086983854359,0.13434804350880836,totalvi_w128
totalvi_w128,2028,pred_log,ADT_TLR4(CD284)-MD2Complex_A0875,1.0607828976032463,0.918042271177881,0.531468479007041,0.05426084682185534,0.08847702273380632,totalvi_w128
totalvi_w128,2028,pred_log,ADT_IsotypeCtrlAPCRatIgG1_l_A0237,1.0048082983690771,0.8645267774581326,0.5120870702616664,0.017545923228179564,0.04378733271698229,totalvi_w128
totalvi_w128,2028,pred_log,ADT_IsotypeCtrlArm.HamsterIgG_A0241,1.1448752774945685,0.9999708696483519,0.5574922966938101,0.003924566097875297,0.011133019019806088,totalvi_w128
totalvi_w128,2028,pred_log,ADT_IsotypeCtrlMouseIgG1_k(FC)_A0090,0.9994911468865392,0.8466943295721939,0.5311226458877768,0.03662602325437074,0.07500582681961981,totalvi_w128
totalvi_w128,2028,pred_log,ADT_IsotypeCtrlMouseIgG2a_k_A0091,0.868163858346657,0.6890332005800621,0.5281493476638336,0.026061050888209765,0.04992584855827958,totalvi_w128
totalvi_w128,2028,pred_log,ADT_IsotypeCtrlMouseIgG2b_k_A0092,0.9994527871082726,0.8528096080124375,0.5211733359834526,0.032530436066032974,0.054810651434329886,totalvi_w128
totalvi_w128,2028,pred_log,ADT_IsotypeCtrlRatIgG1_k_A0236,0.8727672250970951,0.7452775382451843,0.4541850065676531,0.05334126392817519,0.10001461521281854,totalvi_w128
totalvi_w128,2028,pred_log,ADT_IsotypeCtrlRatIgG2a_k_A0238,0.9415653380176109,0.7684564314811151,0.5440771991836355,0.056681618931575806,0.09016564586650348,totalvi_w128
totalvi_w128,2028,pred_log,ADT_IsotypeCtrlRatIgG2b_k_A0095,1.045478751303307,0.9144200870263172,0.5068152758840827,0.047113938889177406,0.08264514926296733,totalvi_w128
totalvi_w128,2028,pred_log,ADT_IsotypeCtrlRatIgG2c_k_A0240,0.8858835530723741,0.6987696596322434,0.544527898625549,0.0028450168384700314,0.003616534624993459,totalvi_w128
totalvi_w128,2028,calibrated,ADT_4-1BBLigand(CD137L)_A0890,0.5309867096760557,0.034692859940162364,0.5298521409995204,0.06971903346920494,0.12991101756837875,totalvi_w128
totalvi_w128,2028,calibrated,ADT_CD105_A0812,0.5396170384669368,0.029600919227390998,0.5388045413549526,0.1519672904187248,0.2139948282717516,totalvi_w128
totalvi_w128,2028,calibrated,ADT_CD107a(LAMP-1)_A0905,0.5534722448493933,0.019130590735497832,0.5531415246722458,0.1975208479670633,0.3309664535997129,totalvi_w128
totalvi_w128,2028,calibrated,ADT_CD11b_A0014,0.603136670105415,0.013418810625218021,0.6029873782652927,0.3236864192899432,0.7779245350171251,totalvi_w128
totalvi_w128,2028,calibrated,ADT_CD120b(TNFRTypeII-p75)_A0893,0.5296477816062981,0.149147693650107,0.5082142639077787,0.23814431489051294,0.4135318264742186,totalvi_w128
totalvi_w128,2028,calibrated,ADT_CD124(IL-4Ra)_A0916,0.51265722687497,0.1368292760522909,0.4940598966543835,0.3208225574209755,0.3185772204791503,totalvi_w128
totalvi_w128,2028,calibrated,ADT_CD138(Syndecan-1)_A0810,0.5598954172148166,0.07303580420763665,0.5551113847885811,0.27018151424336573,0.3695716085246369,totalvi_w128
totalvi_w128,2028,calibrated,ADT_CD152_A0388,0.3400785782311496,-0.04804243059498404,0.33666803268835427,0.03208405603336674,0.02652361470407484,totalvi_w128
totalvi_w128,2028,calibrated,ADT_CD155(PVR)_A1011,0.5508135340886434,0.1267288981867868,0.536036692493699,0.5973561406891325,0.627267186712226,totalvi_w128
totalvi_w128,2028,calibrated,ADT_CD159a(NKG2AB6)_A0927,0.535152902363618,0.033973964220185275,0.5340734019433744,0.08761844118984477,0.19560926511418295,totalvi_w128
totalvi_w128,2028,calibrated,ADT_CD160_A1006,0.5317839233116998,-0.05521184351674478,0.5289100050370263,0.08383005741535315,0.1302925760720142,totalvi_w128
totalvi_w128,2028,calibrated,ADT_CD163_A0417,0.5637128404414841,0.035570119100187474,0.5625894889755817,0.08619859945315439,0.31521915053911514,totalvi_w128
totalvi_w128,2028,calibrated,ADT_CD170(Singlec-F)_A0431,0.508213021543162,-0.028705577503206174,0.5074016802162151,0.05566477889105543,0.1370435118181631,totalvi_w128
totalvi_w128,2028,calibrated,ADT_CD178(FasL)_A1012,0.5451469422815898,-0.09825144387861386,0.536219957158194,0.0768431508191796,0.09277018743694976,totalvi_w128
totalvi_w128,2028,calibrated,ADT_CD182(CXCR2)_A0909,0.337181229977105,-0.019694219134094252,0.33660558459652956,0.13906621900257843,0.3004042144849152,totalvi_w128
totalvi_w128,2028,calibrated,ADT_CD185(CXCR5)_A0846,0.5319657300459759,0.23345944305961028,0.47800023680919496,0.5322869129362663,0.537958411096748,totalvi_w128
totalvi_w128,2028,calibrated,ADT_CD186(CXCR6)_A0926,0.547418839810908,0.10057413939836095,0.5381005748595702,0.07490526910283551,0.19254560783378755,totalvi_w128
totalvi_w128,2028,calibrated,ADT_CD193(CCR3)_A0808,0.46044901671513777,0.012821903626199053,0.4602704593837602,0.1567890836779819,0.29711566196384587,totalvi_w128
totalvi_w128,2028,calibrated,ADT_CD194(CCR4)_A0833,0.5672944075497645,-0.10390855236204208,0.5576970123492353,0.08764174355522963,0.11278345543943723,totalvi_w128
totalvi_w128,2028,calibrated,ADT_CD198(CCR8)_A0907,0.5878227805374355,-0.11329566810376684,0.5768012767909626,0.09621370305208506,0.17402579217768255,totalvi_w128
totalvi_w128,2028,calibrated,ADT_CD199(CCR9)_A0854,0.66975991648702,0.40301785376687327,0.5349345336373792,0.28372795720685406,0.445185157726127,totalvi_w128
totalvi_w128,2028,calibrated,ADT_CD1d(CD1.1_Ly-38)_A0851,0.5755004409757379,0.30877676978103163,0.4856517929616447,0.741085547371707,0.7702847047674933,totalvi_w128
totalvi_w128,2028,calibrated,ADT_CD2_A0892,0.3638136749337001,0.12204098317590326,0.34273369909336776,0.7517203571937773,0.8555109503980728,totalvi_w128
totalvi_w128,2028,calibrated,ADT_CD200R(OX2R)_A0807,0.428690333357732,0.004772591019867089,0.42866376600935174,0.15302848652893675,0.2186001680270932,totalvi_w128
totalvi_w128,2028,calibrated,ADT_CD200R3_A0809,0.5268897036341856,-0.03191892166275428,0.5259219925384427,0.04288354569895329,0.12560830122069203,totalvi_w128
totalvi_w128,2028,calibrated,ADT_CD207(Langerin)_A0437,0.5043743922159252,0.17752017726308633,0.472101804897703,0.05532122725589846,0.08788642356958024,totalvi_w128
totalvi_w128,2028,calibrated,ADT_CD22_A0827,0.5385563023917992,-0.010456380137808195,0.538454784508727,0.6721602248364933,0.6946937265655553,totalvi_w128
totalvi_w128,2028,calibrated,ADT_CD226(DNAM-1)_A0852,0.5436239668635162,0.11103058794738532,0.5321646605031963,0.7270334856447447,0.795955132541338,totalvi_w128
totalvi_w128,2028,calibrated,ADT_CD252(OX40Ligand)_A0924,0.5545757849702346,-0.09408081510977541,0.5465373742971583,0.038695672103285415,0.09792757693493294,totalvi_w128
totalvi_w128,2028,calibrated,ADT_CD253(TRAIL)_A0925,0.5281173003996752,-0.016277861460339972,0.5278663791223286,0.055826116316971874,0.11819695618255589,totalvi_w128
totalvi_w128,2028,calibrated,ADT_CD26(DPP-4)_A0883,0.3377063698062864,0.1535178173589028,0.3007953988363151,0.5828037913889363,0.6130052070978229,totalvi_w128
totalvi_w128,2028,calibrated,ADT_CD27_A0191,0.634703814739801,0.3211469683320994,0.5474610097316064,0.7492778816640655,0.8704678001053812,totalvi_w128
totalvi_w128,2028,calibrated,ADT_CD270(HVEM)_A0885,0.49531043504230354,0.18427539062749354,0.45975537785966464,0.7748104106386869,0.7604084830154045,totalvi_w128
totalvi_w128,2028,calibrated,ADT_CD272(BTLA)_A0881,0.47388929200014185,0.14572095445685204,0.45092844721150527,0.6718981319457372,0.6584750337869153,totalvi_w128
totalvi_w128,2028,calibrated,ADT_CD273(B7-DC_PD-L2)_A0914,0.5507149192917717,-0.006262799770522965,0.5506793074644952,0.06271976167167617,0.21188796777242055,totalvi_w128
totalvi_w128,2028,calibrated,ADT_CD278(ICOS)_A0847,0.468522075760876,0.056512215529032586,0.4651013921407664,0.125274022149835,0.24813712929179157,totalvi_w128
totalvi_w128,2028,calibrated,ADT_CD3_A0182,0.563175699211862,0.09145849700540089,0.5556997494225488,0.5676002294921111,0.6112047704488042,totalvi_w128
totalvi_w128,2028,calibrated,ADT_CD300c-d_A0876,0.5260404447322042,-0.02893502092897943,0.525244051901489,0.042680089517140356,0.0999534944550952,totalvi_w128
totalvi_w128,2028,calibrated,ADT_CD309(VEGFR2_Flk-1)_A0554,0.6736705946186184,0.41680840958531723,0.5292474088295136,0.038165978995575785,0.0887651633690482,totalvi_w128
totalvi_w128,2028,calibrated,ADT_CD309(VEGFR2_Flk-1)_A0553,0.6378865605426772,0.5251393315659708,0.36211592972891027,0.011371941242775624,0.019487566956053408,totalvi_w128
totalvi_w128,2028,calibrated,ADT_CD31_A0904,0.3835456368065584,0.1566032168562427,0.35011810576379004,0.6568843281043221,0.7174492906514105,totalvi_w128
totalvi_w128,2028,calibrated,ADT_CD314(NKG2D)_A0835,0.5375254579162485,0.09128155909988964,0.5297181277588715,0.14215724577792577,0.18986453316246774,totalvi_w128
totalvi_w128,2028,calibrated,ADT_CD317(BST2_PDCA-1)_A0811,0.5354946535712402,0.07846375410858655,0.5297149830754003,0.15246494300544283,0.33015337741801826,totalvi_w128
totalvi_w128,2028,calibrated,ADT_CD339(Jagged1)_A0887,0.3588159697392636,-0.06424838810430189,0.3530170601627165,0.0969661274681207,0.21003083917378368,totalvi_w128
totalvi_w128,2028,calibrated,ADT_CD34_A0857,0.47561293240842917,0.0055505564337002804,0.47558054291299734,0.063062486700074,0.1327590094534045,totalvi_w128
totalvi_w128,2028,calibrated,ADT_CD34_A0823,0.3477749982369454,-0.012390131156071455,0.3475542174231858,0.07464442832283598,0.198870713021784,totalvi_w128
totalvi_w128,2028,calibrated,ADT_CD365(Tim-1)_A1013,0.5589013058446886,0.034645662639330534,0.5578264494761589,0.04214405130028975,0.0819383297489984,totalvi_w128
totalvi_w128,2028,calibrated,ADT_CD371(CLEC12A)_A0825,0.60984393357189,0.24135056812230837,0.5600531462115714,0.4447799511927853,0.5205562798909871,totalvi_w128
totalvi_w128,2028,calibrated,ADT_CD39_A0834,0.38073455427511016,0.117438490852996,0.3621698519827913,0.5200511588609148,0.7387209491205733,totalvi_w128
totalvi_w128,2028,calibrated,ADT_CD3e_A0094,0.576344232711469,0.07939908128657788,0.57084889460401,0.5671123504870313,0.6103691915551404,totalvi_w128
totalvi_w128,2028,calibrated,ADT_CD40_A0903,0.5108573897933498,0.126271275981643,0.4950058964986594,0.6165247833233081,0.6198948105388878,totalvi_w128
totalvi_w128,2028,calibrated,ADT_CD44_A0073,0.5578696655711203,0.13825712672409896,0.540466031008823,0.8204779569586531,0.861203974056718,totalvi_w128
totalvi_w128,2028,calibrated,ADT_CD49a_A0850,0.37706606552774913,0.026289036817438372,0.37614851364293284,0.26543180344361084,0.48065239928746084,totalvi_w128
totalvi_w128,2028,calibrated,ADT_CD49b_A0421,0.6232861735126453,0.02652729072268786,0.6227214119804678,0.24984628830792832,0.61871603286161,totalvi_w128
totalvi_w128,2028,calibrated,ADT_CD51_A1008,0.4795520751669567,0.16922834920217122,0.4487002993349143,0.30706009942487295,0.35804385474005646,totalvi_w128
totalvi_w128,2028,calibrated,ADT_CD61_A0910,0.5401134077453896,0.018783123056790797,0.539786705574129,0.570609710740734,0.609046367808203,totalvi_w128
totalvi_w128,2028,calibrated,ADT_CD80_A0849,0.4644503357656031,-0.026710690214398584,0.4636816293762909,0.3061327116743198,0.45151555330871046,totalvi_w128
totalvi_w128,2028,calibrated,ADT_CD85k(gp49Receptor)_A1007,0.5534224242245559,0.11771989641820907,0.5407572520289218,0.10425815423891648,0.1970136012335181,totalvi_w128
totalvi_w128,2028,calibrated,ADT_CD9_A0813,0.7630350818713305,0.4255992513608332,0.6333149401423269,0.6023996519544265,0.7172351982561118,totalvi_w128
totalvi_w128,2028,calibrated,ADT_CD94_A1009,0.5612205881819998,0.03370625656706907,0.5602074944764518,0.07429944764347249,0.38747999345978795,totalvi_w128
totalvi_w128,2028,calibrated,ADT_CD95(Fas)_A0917,0.5560630866870131,0.1168716779095306,0.5436424995146166,0.21908273453909238,0.24721893663051664,totalvi_w128
totalvi_w128,2028,calibrated,ADT_D62E(E-selectin)_A0379,0.44009512255390354,0.034248327747537916,0.43876049154662067,0.08854993449467619,0.1713690540501732,totalvi_w128
totalvi_w128,2028,calibrated,ADT_DLL1_A0884,0.5361201042414663,-0.06542734898280175,0.5321127964792454,0.06592892156093298,0.12572165008534314,totalvi_w128
totalvi_w128,2028,calibrated,ADT_DR3(TNFRSF25)_A0836,0.5442080628791746,-0.016263079563918686,0.5439650061776046,0.08479434800361219,0.10874218764997802,totalvi_w128
totalvi_w128,2028,calibrated,ADT_ENPP1_A0891,0.4125892845181774,0.01997044401059692,0.41210568919300383,0.05380010554047561,0.14501849938530134,totalvi_w128
totalvi_w128,2028,calibrated,ADT_GABRB3_A0435,0.5364613051230661,0.0011309332241677703,0.5364601130413954,0.06508382222036684,0.10736577101086717,totalvi_w128
totalvi_w128,2028,calibrated,ADT_GITRLigand_A0880,0.4331573319283532,0.03127786786709066,0.4320265838868929,0.07120290810694319,0.1471283360283887,totalvi_w128
totalvi_w128,2028,calibrated,ADT_IL-21Receptor_A0879,0.5300837160481402,0.12028784109649401,0.5162553450607055,0.07184613213203639,0.09459495196887678,totalvi_w128
totalvi_w128,2028,calibrated,ADT_IL-33Ra(IL1RL1_ST2)_A0837,0.363104914041696,-0.09722196907630175,0.34984720569150496,0.08305507994618624,0.19060326735144476,totalvi_w128
totalvi_w128,2028,calibrated,ADT_JAML_A0877,0.49942263266322995,-0.00758811806556448,0.4993649832342017,0.16013113038725135,0.18202486474021004,totalvi_w128
totalvi_w128,2028,calibrated,ADT_KCC2_A0438,0.5327239887822632,-0.03894400586171812,0.5312986096645905,0.04546855384180098,0.09834494873663852,totalvi_w128
totalvi_w128,2028,calibrated,ADT_KLRG1(MAFA)_A0250,0.5434821653701377,-0.017310589233694718,0.5432064134155583,0.05092207746944137,0.1456433287812782,totalvi_w128
totalvi_w128,2028,calibrated,ADT_Ly-49A_A0842,0.6809354024286205,0.06363004805875759,0.6779559272288032,0.34446361288295185,0.48180914025140714,totalvi_w128
totalvi_w128,2028,calibrated,ADT_Ly-6G_A0015,0.5476092513369226,-0.026751065636398817,0.5469554576353562,0.10653504125769751,0.3518183537146823,totalvi_w128
totalvi_w128,2028,calibrated,ADT_Ly-6G-Ly-6C(Gr-1)_A0116,0.633814447357355,0.2576800771220744,0.579069712153263,0.1069879588639904,0.6557888708173428,totalvi_w128
totalvi_w128,2028,calibrated,ADT_Ly108_A0930,0.5038427026010475,0.23325295156057688,0.4465988463404324,0.6764096098266658,0.6813919194697334,totalvi_w128
totalvi_w128,2028,calibrated,ADT_Ly49D_A0841,0.5697240741420911,0.025298351539194963,0.5691621158039788,0.060061827327792305,0.33210052161269193,totalvi_w128
totalvi_w128,2028,calibrated,ADT_Ly49G_A0840,0.3965025003532064,0.09008840063269838,0.38613250686491846,0.0760204576329155,0.17753971424584974,totalvi_w128
totalvi_w128,2028,calibrated,ADT_Ly49H_A0839,0.4590610287960574,-0.02304474203215544,0.4584822439571302,0.0897358227175329,0.321113985877155,totalvi_w128
totalvi_w128,2028,calibrated,ADT_Mac-2(Galectin-3)_A0895,0.5411992137548743,0.11533474077603628,0.5287669491742243,0.07152642653164802,0.11656046237985045,totalvi_w128
totalvi_w128,2028,calibrated,ADT_Notch4_A0888,0.30685230159911725,0.005334181142838887,0.30680593460396316,0.12327317652969788,0.2563818208180428,totalvi_w128
totalvi_w128,2028,calibrated,ADT_P2X7R_A0824,0.53136996304104,0.10472130853693092,0.5209486396570673,0.10669113192782549,0.17272697593379518,totalvi_w128
totalvi_w128,2028,calibrated,ADT_PIR-A-B_A0882,0.477269959474248,0.12497665330621395,0.46061638089078977,0.6752228087151858,0.7674045035474848,totalvi_w128
totalvi_w128,2028,calibrated,ADT_PLZF_A0878,0.5193686798361666,0.010508973161930325,0.5192623489892608,0.03944158707621672,0.11589550311202237,totalvi_w128
totalvi_w128,2028,calibrated,ADT_Slc7a1(Cat-1_ERR)_A0889,0.4931021027001498,-0.015533842182856797,0.49285736621698867,0.07140093929338108,0.1470535153573774,totalvi_w128
totalvi_w128,2028,calibrated,ADT_TCRVb13.1_A0908,0.5424768549096146,0.039781497903055706,0.5410162387001122,0.023605761628831108,0.051486540311047276,totalvi_w128
totalvi_w128,2028,calibrated,ADT_TIGIT(Vstm3)_A0848,0.37754218081748003,-0.02291028667160818,0.3768464104393767,0.10053737905387475,0.17536482925035024,totalvi_w128
totalvi_w128,2028,calibrated,ADT_TLR4(CD284)-MD2Complex_A0875,0.5309853391302705,0.06859453349858383,0.5265360579726722,0.05482481048014241,0.11978919688261655,totalvi_w128
totalvi_w128,2028,calibrated,ADT_IsotypeCtrlAPCRatIgG1_l_A0237,0.5052834259543736,-0.013420433959689618,0.505105169738463,0.03888568001212284,0.10687804053774931,totalvi_w128
totalvi_w128,2028,calibrated,ADT_IsotypeCtrlArm.HamsterIgG_A0241,0.5744164648353375,0.17308513661023656,0.5477187330724991,0.03975346046970123,0.04847260516798564,totalvi_w128
totalvi_w128,2028,calibrated,ADT_IsotypeCtrlMouseIgG1_k(FC)_A0090,0.5283382165795512,0.046560939310896575,0.5262825762163785,0.05820329583640572,0.11079907109116713,totalvi_w128
totalvi_w128,2028,calibrated,ADT_IsotypeCtrlMouseIgG2a_k_A0091,0.5217930794658564,-0.02273054583195052,0.521297746076696,0.012255440856852179,0.07450927731816254,totalvi_w128
totalvi_w128,2028,calibrated,ADT_IsotypeCtrlMouseIgG2b_k_A0092,0.5341422514877122,0.13917295047530254,0.5156925776859326,0.03658469271970437,0.08151540619429958,totalvi_w128
totalvi_w128,2028,calibrated,ADT_IsotypeCtrlRatIgG1_k_A0236,0.48559099220615337,-0.183019102151363,0.44978063537625035,0.07132149527577435,0.14488574409554938,totalvi_w128
totalvi_w128,2028,calibrated,ADT_IsotypeCtrlRatIgG2a_k_A0238,0.5489836695838972,-0.09362786217130438,0.5409407480445834,0.04881581423429848,0.1215578403022193,totalvi_w128
totalvi_w128,2028,calibrated,ADT_IsotypeCtrlRatIgG2b_k_A0095,0.5054080257222994,0.0468584949230378,0.5032311138215337,0.04525115269287263,0.11384377766756865,totalvi_w128
totalvi_w128,2028,calibrated,ADT_IsotypeCtrlRatIgG2c_k_A0240,0.5338099385874469,-0.004481588261161999,0.5337911257237152,-0.0008630617929605327,0.022313694560275855,totalvi_w128
totalvi_w128,2029,log_mean,ADT_4-1BBLigand(CD137L)_A0890,1.0870368053116457,0.9500132909068948,0.5283216474860316,0.07548660113163437,0.13517153519378677,totalvi_w128
totalvi_w128,2029,log_mean,ADT_CD105_A0812,1.1046763034099485,0.9671118984436576,0.5338579503989052,0.1368585944737326,0.22624267446698154,totalvi_w128
totalvi_w128,2029,log_mean,ADT_CD107a(LAMP-1)_A0905,1.096107590299309,0.9486467802998864,0.5491094023401609,0.1936529173521129,0.33654930975206665,totalvi_w128
totalvi_w128,2029,log_mean,ADT_CD11b_A0014,1.205568419479912,1.043404002798417,0.6039066989125575,0.32563287408151675,0.77964274583907,totalvi_w128
totalvi_w128,2029,log_mean,ADT_CD120b(TNFRTypeII-p75)_A0893,1.2272509808985792,1.1175727248218639,0.5071254034759858,0.24619729456058198,0.4207432500150117,totalvi_w128
totalvi_w128,2029,log_mean,ADT_CD124(IL-4Ra)_A0916,1.2560504592888793,1.1556964978133504,0.4919637803961497,0.3221612277536967,0.3249688286663401,totalvi_w128
totalvi_w128,2029,log_mean,ADT_CD138(Syndecan-1)_A0810,1.1932039447997218,1.0607876795867148,0.5463196433614502,0.28151793912999334,0.38161439316463563,totalvi_w128
totalvi_w128,2029,log_mean,ADT_CD152_A0388,1.050577503797576,0.9937468192593536,0.34085238842857396,-0.024164449689384235,-0.034456287199745673,totalvi_w128
totalvi_w128,2029,log_mean,ADT_CD155(PVR)_A1011,1.2474247355920722,1.1248604669798332,0.5392192511333335,0.5976047616941632,0.624678691650727,totalvi_w128
totalvi_w128,2029,log_mean,ADT_CD159a(NKG2AB6)_A0927,1.0604249295506774,0.9143413933298944,0.5371041311105903,0.06337420553495726,0.20169335955391457,totalvi_w128
totalvi_w128,2029,log_mean,ADT_CD160_A1006,0.9737651794892005,0.8179235618610744,0.5284124068737419,0.07777267390427554,0.13164159349078428,totalvi_w128
totalvi_w128,2029,log_mean,ADT_CD163_A0417,1.0290889516480566,0.8497166445727822,0.5805219154691948,0.08216261044029641,0.30612040558437786,totalvi_w128
totalvi_w128,2029,log_mean,ADT_CD170(Singlec-F)_A0431,1.0399190626763926,0.9084002825806362,0.5062021172665296,0.06429342251073605,0.15383910861182623,totalvi_w128
totalvi_w128,2029,log_mean,ADT_CD178(FasL)_A1012,0.9275818839130803,0.7575674175610319,0.5352567227168921,0.06951714900004574,0.09938825805945647,totalvi_w128
totalvi_w128,2029,log_mean,ADT_CD182(CXCR2)_A0909,1.020244487551452,0.9652112715603315,0.330554103940641,0.13980388708824198,0.3146456058319747,totalvi_w128
totalvi_w128,2029,log_mean,ADT_CD185(CXCR5)_A0846,1.358441159780558,1.26598500892094,0.4925894251537962,0.5321758444447844,0.5402149695919342,totalvi_w128
totalvi_w128,2029,log_mean,ADT_CD186(CXCR6)_A0926,1.178444214971356,1.04832645844637,0.538277255994236,0.07092648052771115,0.18786214906771143,totalvi_w128
totalvi_w128,2029,log_mean,ADT_CD193(CCR3)_A0808,1.0765561892173006,0.975632893699209,0.4550974459103647,0.1814505282575403,0.3083703388294722,totalvi_w128
totalvi_w128,2029,log_mean,ADT_CD194(CCR4)_A0833,1.0034684160809015,0.8357856343800713,0.5553478508428583,0.0975213682818724,0.1329797206520815,totalvi_w128
totalvi_w128,2029,log_mean,ADT_CD198(CCR8)_A0907,1.005130389393821,0.8268738450460287,0.5714601858937662,0.11283723209268168,0.17859414033000912,totalvi_w128
totalvi_w128,2029,log_mean,ADT_CD199(CCR9)_A0854,1.4670284515013132,1.3664712861033983,0.5337871315132859,0.29235537807976353,0.44475451165929053,totalvi_w128
totalvi_w128,2029,log_mean,ADT_CD1d(CD1.1_Ly-38)_A0851,1.4748822980290464,1.3946212940336242,0.4799054482576538,0.7464083256792786,0.7766696845852884,totalvi_w128
totalvi_w128,2029,log_mean,ADT_CD2_A0892,1.2966552200840282,1.2493952485765778,0.3468807757795216,0.7547464283534657,0.8552999601386249,totalvi_w128
totalvi_w128,2029,log_mean,ADT_CD200R(OX2R)_A0807,1.0812608721908399,0.9940987964914366,0.42531477348561464,0.14065102957504266,0.23703364244160785,totalvi_w128
totalvi_w128,2029,log_mean,ADT_CD200R3_A0809,1.0104058273078398,0.8636927092344726,0.524361363825387,0.054312963241247535,0.1385548967900449,totalvi_w128
totalvi_w128,2029,log_mean,ADT_CD207(Langerin)_A0437,1.0529801523034557,0.9426523097272687,0.469226836520241,0.050009642873775496,0.10897065203403626,totalvi_w128
totalvi_w128,2029,log_mean,ADT_CD22_A0827,1.0286256454093208,0.8258345363953189,0.6132438641278263,0.6735080943783607,0.696213839886972,totalvi_w128
totalvi_w128,2029,log_mean,ADT_CD226(DNAM-1)_A0852,1.2501481372393108,1.1246581537443614,0.5459069538476217,0.7302214066382652,0.7973158846993655,totalvi_w128
totalvi_w128,2029,log_mean,ADT_CD252(OX40Ligand)_A0924,0.9688382256647816,0.8011882524444656,0.5447429592516485,0.04330688353206697,0.11716745263534102,totalvi_w128
totalvi_w128,2029,log_mean,ADT_CD253(TRAIL)_A0925,1.0469449289773018,0.9049873679585153,0.5263948595368024,0.05642704753052559,0.1215558305093029,totalvi_w128
totalvi_w128,2029,log_mean,ADT_CD26(DPP-4)_A0883,1.2476638066983592,1.2119396750455866,0.2964240182499768,0.5822270075934427,0.6126779895050265,totalvi_w128
totalvi_w128,2029,log_mean,ADT_CD27_A0191,1.4643711781393836,1.354405411878296,0.5567485317807968,0.753229510979493,0.8739301906918201,totalvi_w128
totalvi_w128,2029,log_mean,ADT_CD270(HVEM)_A0885,1.279756994294927,1.1961246677302468,0.45504257349610766,0.7799465249370323,0.7647122463673685,totalvi_w128
totalvi_w128,2029,log_mean,ADT_CD272(BTLA)_A0881,1.2594628126605802,1.1746461196555733,0.45437107088033296,0.6741194797012904,0.6580966162254226,totalvi_w128
totalvi_w128,2029,log_mean,ADT_CD273(B7-DC_PD-L2)_A0914,1.0416220790175563,0.8838356580413037,0.5511906068426045,0.05601025838777262,0.20859482558849934,totalvi_w128
totalvi_w128,2029,log_mean,ADT_CD278(ICOS)_A0847,1.135209828719657,1.0362179581795974,0.4636309937522973,0.12858415179537763,0.2594286475946996,totalvi_w128
totalvi_w128,2029,log_mean,ADT_CD3_A0182,1.1966171053229055,1.0579402699010256,0.559155507951988,0.5707318184628848,0.6133657201787015,totalvi_w128
totalvi_w128,2029,log_mean,ADT_CD300c-d_A0876,1.0286331215495663,0.8852598399813273,0.5238330979090574,0.05508863194626154,0.10933955875151836,totalvi_w128
totalvi_w128,2029,log_mean,ADT_CD309(VEGFR2_Flk-1)_A0554,1.4644117891461501,1.3665867897697361,0.526253203521824,0.06104972855034817,0.10976561237977128,totalvi_w128
totalvi_w128,2029,log_mean,ADT_CD309(VEGFR2_Flk-1)_A0553,1.9784931653840094,1.9428268907515975,0.3739771089835298,0.017108578661947652,0.04484894728303783,totalvi_w128
totalvi_w128,2029,log_mean,ADT_CD31_A0904,1.2897525123003968,1.2395871999680321,0.3562093719438389,0.6555919350845532,0.7155387965678494,totalvi_w128
totalvi_w128,2029,log_mean,ADT_CD314(NKG2D)_A0835,1.1753512003291222,1.0492762601952366,0.5295939707981412,0.1358534680876631,0.19280046474938786,totalvi_w128
totalvi_w128,2029,log_mean,ADT_CD317(BST2_PDCA-1)_A0811,1.1258438761235616,0.9935022903978753,0.5296013900841265,0.13264244580691334,0.3264048786862028,totalvi_w128
totalvi_w128,2029,log_mean,ADT_CD339(Jagged1)_A0887,0.9934382243805239,0.9297191240195727,0.3500597893111754,0.11394695613617582,0.2325518342646938,totalvi_w128
totalvi_w128,2029,log_mean,ADT_CD34_A0857,1.063144474161176,0.9524473757960293,0.4723559772868772,0.05768147300070208,0.15856290398942768,totalvi_w128
totalvi_w128,2029,log_mean,ADT_CD34_A0823,1.0464434783253798,0.9877769640691081,0.3454571211946473,0.06603761770564932,0.21838855135721594,totalvi_w128
totalvi_w128,2029,log_mean,ADT_CD365(Tim-1)_A1013,1.097593822640222,0.9458862517716115,0.5567866720813092,0.045785013751808656,0.08440553689590796,totalvi_w128
totalvi_w128,2029,log_mean,ADT_CD371(CLEC12A)_A0825,1.3712457020703117,1.2485765112268354,0.5668963494844845,0.44527178836348813,0.5207555775583982,totalvi_w128
totalvi_w128,2029,log_mean,ADT_CD39_A0834,1.1845636763466363,1.1288741665225082,0.3589348401561969,0.5282798125222509,0.7432228424092407,totalvi_w128
totalvi_w128,2029,log_mean,ADT_CD3e_A0094,1.176762658671724,1.023530104702529,0.5806517713842944,0.5711173752592389,0.6116338751520832,totalvi_w128
totalvi_w128,2029,log_mean,ADT_CD40_A0903,1.242927766646231,1.1344415190220047,0.507850246646746,0.6125636593850639,0.6211380852290427,totalvi_w128
totalvi_w128,2029,log_mean,ADT_CD44_A0073,1.453977858741082,1.3423970283950875,0.5585891440632815,0.8191016720206925,0.8623882710638997,totalvi_w128
totalvi_w128,2029,log_mean,ADT_CD49a_A0850,1.0980633726731812,1.032361542830682,0.3741294098178206,0.2551310965814198,0.48251094330924194,totalvi_w128
totalvi_w128,2029,log_mean,ADT_CD49b_A0421,1.207276809314365,1.0354002214303464,0.620857210451974,0.22440426784339867,0.6307145459050849,totalvi_w128
totalvi_w128,2029,log_mean,ADT_CD51_A1008,1.2449452671289638,1.1620116959628306,0.4467857837849346,0.31710684032666014,0.3666100507553926,totalvi_w128
totalvi_w128,2029,log_mean,ADT_CD61_A0910,1.2140997706455199,1.0884734410374668,0.5378325215506166,0.572230124678245,0.6084806922334911,totalvi_w128
totalvi_w128,2029,log_mean,ADT_CD80_A0849,1.0453717364087354,0.9377141306998059,0.46205440845000045,0.3123129556305266,0.4553994814752887,totalvi_w128
totalvi_w128,2029,log_mean,ADT_CD85k(gp49Receptor)_A1007,1.1367502064438098,1.0002955827168625,0.5400090545973467,0.10449495047288654,0.20366538503515644,totalvi_w128
totalvi_w128,2029,log_mean,ADT_CD9_A0813,1.6725408440311549,1.5457903965269062,0.6386900069341935,0.5964736886036585,0.7185961903982012,totalvi_w128
totalvi_w128,2029,log_mean,ADT_CD94_A1009,1.115895897311216,0.959856953463546,0.5691206221212034,0.08767042096473042,0.384162858787347,totalvi_w128
totalvi_w128,2029,log_mean,ADT_CD95(Fas)_A0917,1.1230199633083857,0.9791364995602863,0.5499686838520381,0.22564918871128856,0.25587226143300884,totalvi_w128
totalvi_w128,2029,log_mean,ADT_D62E(E-selectin)_A0379,1.1019006486472815,1.0115823324485285,0.4369052805440211,0.07190618754556267,0.1879232349178991,totalvi_w128
totalvi_w128,2029,log_mean,ADT_DLL1_A0884,0.8647487756686032,0.6830416735839828,0.5303249166010572,0.06944945483254904,0.12522613078376685,totalvi_w128
totalvi_w128,2029,log_mean,ADT_DR3(TNFRSF25)_A0836,1.024623977924941,0.8688631027743032,0.543075689730355,0.08242271305903284,0.11867834601127149,totalvi_w128
totalvi_w128,2029,log_mean,ADT_ENPP1_A0891,1.0775674740033045,0.9966354204855596,0.40971880560134244,0.05381896677556286,0.16523828630093398,totalvi_w128
totalvi_w128,2029,log_mean,ADT_GABRB3_A0435,1.0913402125482903,0.9519952697820684,0.5335995369539417,0.07300872329171354,0.12510458463103472,totalvi_w128
totalvi_w128,2029,log_mean,ADT_GITRLigand_A0880,1.0848475285519794,0.9965797384766629,0.4286291929664556,0.05176581775420201,0.17628765776428623,totalvi_w128
totalvi_w128,2029,log_mean,ADT_IL-21Receptor_A0879,1.099253147187954,0.9714516217610929,0.5144309751369155,0.07468187378140859,0.10422143071907812,totalvi_w128
totalvi_w128,2029,log_mean,ADT_IL-33Ra(IL1RL1_ST2)_A0837,0.9531893270469247,0.8878603390612981,0.3468052933824655,0.09540589014589562,0.22567425391445112,totalvi_w128
totalvi_w128,2029,log_mean,ADT_JAML_A0877,1.1090401707567048,0.9910137478668639,0.4978572605585596,0.1325967949605037,0.19090495162682497,totalvi_w128
totalvi_w128,2029,log_mean,ADT_KCC2_A0438,0.9461065725380431,0.7836988026426323,0.5300319172806107,0.05761598351603561,0.10808460269708164,totalvi_w128
totalvi_w128,2029,log_mean,ADT_KLRG1(MAFA)_A0250,1.0444859039502272,0.8933213814331213,0.5412279677040991,0.06132347157568486,0.1583296027267812,totalvi_w128
totalvi_w128,2029,log_mean,ADT_Ly-49A_A0842,1.308096191525616,1.0933310513646453,0.7181523921881996,0.3477842980505403,0.4773221466680694,totalvi_w128
totalvi_w128,2029,log_mean,ADT_Ly-6G_A0015,1.0385678640811091,0.8859604416994211,0.5419384688742105,0.09739075269144627,0.3553781243029039,totalvi_w128
totalvi_w128,2029,log_mean,ADT_Ly-6G-Ly-6C(Gr-1)_A0116,1.388409854712889,1.261569830877794,0.579761577273586,0.10109931758195394,0.6528743110021865,totalvi_w128
totalvi_w128,2029,log_mean,ADT_Ly108_A0930,1.3599536288451881,1.2843807379391865,0.4470346660158982,0.6760130691000785,0.6795797531745325,totalvi_w128
totalvi_w128,2029,log_mean,ADT_Ly49D_A0841,1.1058894496364216,0.9453724460303136,0.5738139185343637,0.06499444568073616,0.3480249275021556,totalvi_w128
totalvi_w128,2029,log_mean,ADT_Ly49G_A0840,1.1448074064293425,1.0790354201253443,0.38244811403685935,0.07901956448227204,0.19820597634138845,totalvi_w128
totalvi_w128,2029,log_mean,ADT_Ly49H_A0839,1.0656269889297336,0.9603087831043922,0.46191765567898185,0.09274691671416034,0.32346502551194434,totalvi_w128
totalvi_w128,2029,log_mean,ADT_Mac-2(Galectin-3)_A0895,1.153331247005588,1.0264343465035028,0.5259329782751246,0.08848158121748846,0.1434750933120044,totalvi_w128
totalvi_w128,2029,log_mean,ADT_Notch4_A0888,1.0493997570793352,1.0041993785094956,0.3046694247201695,0.12682353495085394,0.27747220003585266,totalvi_w128
totalvi_w128,2029,log_mean,ADT_P2X7R_A0824,1.1381438029461297,1.0132538365301378,0.5183512119611338,0.11778270206521632,0.18848652864361046,totalvi_w128
totalvi_w128,2029,log_mean,ADT_PIR-A-B_A0882,1.2507952896459806,1.1625985233515446,0.46136052074415235,0.6807780147062745,0.7694580298003227,totalvi_w128
totalvi_w128,2029,log_mean,ADT_PLZF_A0878,1.0866009125181832,0.9549982015940885,0.518343494255842,0.0376241802552272,0.12839922289919103,totalvi_w128
totalvi_w128,2029,log_mean,ADT_Slc7a1(Cat-1_ERR)_A0889,1.0575463316896876,0.9369751450266107,0.4903894587698795,0.05276041966047728,0.14954619536714978,totalvi_w128
totalvi_w128,2029,log_mean,ADT_TCRVb13.1_A0908,1.0409175871432657,0.8919558997402993,0.5365855906960154,0.027882780739355777,0.09207658301135214,totalvi_w128
totalvi_w128,2029,log_mean,ADT_TIGIT(Vstm3)_A0848,1.0363892063641957,0.9673455248309974,0.3719478762644397,0.09787628986038022,0.21107482636993272,totalvi_w128
totalvi_w128,2029,log_mean,ADT_TLR4(CD284)-MD2Complex_A0875,1.1276019264558925,0.9976513937322123,0.5255262135528135,0.05883509052872546,0.12706239934517605,totalvi_w128
totalvi_w128,2029,log_mean,ADT_IsotypeCtrlAPCRatIgG1_l_A0237,1.0752965851688725,0.9500216805786753,0.503707804690627,0.03439205397283905,0.11920436477581602,totalvi_w128
totalvi_w128,2029,log_mean,ADT_IsotypeCtrlArm.HamsterIgG_A0241,1.3634410345591057,1.2322908142105093,0.5834644838650602,-0.0225561891894489,-0.0035049733536589105,totalvi_w128
totalvi_w128,2029,log_mean,ADT_IsotypeCtrlMouseIgG1_k(FC)_A0090,1.07144735711122,0.9349325305974735,0.5233551397389494,0.06330462548655885,0.12528481983844542,totalvi_w128
totalvi_w128,2029,log_mean,ADT_IsotypeCtrlMouseIgG2a_k_A0091,0.958199859879394,0.8046106383207182,0.5203351729164474,0.010798198488889256,0.08421028116155994,totalvi_w128
totalvi_w128,2029,log_mean,ADT_IsotypeCtrlMouseIgG2b_k_A0092,1.097891362311666,0.9704710726755204,0.5133725163451239,0.04455406958336154,0.09090416830919666,totalvi_w128
totalvi_w128,2029,log_mean,ADT_IsotypeCtrlRatIgG1_k_A0236,0.9166273340816095,0.8006467209957018,0.4462852201724326,0.100145946110412,0.17544781720921696,totalvi_w128
totalvi_w128,2029,log_mean,ADT_IsotypeCtrlRatIgG2a_k_A0238,1.0015204771486228,0.8446190797394566,0.5382024491657802,0.06592528387319484,0.13810824879218825,totalvi_w128
totalvi_w128,2029,log_mean,ADT_IsotypeCtrlRatIgG2b_k_A0095,1.1022437385695807,0.9815586613710391,0.5014816581922824,0.045283687143300465,0.12945575815123017,totalvi_w128
totalvi_w128,2029,log_mean,ADT_IsotypeCtrlRatIgG2c_k_A0240,0.9900162041687596,0.8348064476525967,0.532193836373871,0.02651830463513875,0.07884510892504332,totalvi_w128
totalvi_w128,2029,pred_log,ADT_4-1BBLigand(CD137L)_A0890,1.0255349653104455,0.8749141104077162,0.5350208075241001,0.04847792187612312,0.09762315704203997,totalvi_w128
totalvi_w128,2029,pred_log,ADT_CD105_A0812,1.026892170827599,0.8727246697752353,0.5411646526452796,0.09374264198330848,0.19219478850053098,totalvi_w128
totalvi_w128,2029,pred_log,ADT_CD107a(LAMP-1)_A0905,0.9818038747070653,0.8069038863130766,0.5593254568161861,0.12871021965850724,0.2963372881781813,totalvi_w128
totalvi_w128,2029,pred_log,ADT_CD11b_A0014,1.036430560014659,0.8354697248169342,0.6133340400194603,0.25253439621850743,0.7691957625427315,totalvi_w128
totalvi_w128,2029,pred_log,ADT_CD120b(TNFRTypeII-p75)_A0893,1.159235439784992,1.0398766750888362,0.5123312458357602,0.23307604308824836,0.40507870243704863,totalvi_w128
totalvi_w128,2029,pred_log,ADT_CD124(IL-4Ra)_A0916,1.194191367463876,1.0846192037498128,0.4996941114144641,0.2872995232585085,0.2923506525395798,totalvi_w128
totalvi_w128,2029,pred_log,ADT_CD138(Syndecan-1)_A0810,1.0617087070719922,0.9029566096980651,0.5584753706968726,0.21470025249963223,0.3247640471460569,totalvi_w128
totalvi_w128,2029,pred_log,ADT_CD152_A0388,0.9885040230274494,0.9271948964860295,0.3427095380518518,-0.010625727672128816,-0.0061274767323306716,totalvi_w128
totalvi_w128,2029,pred_log,ADT_CD155(PVR)_A1011,1.168663372640059,1.0323211112432045,0.5478021557387129,0.5791007725299142,0.6146945005236976,totalvi_w128
totalvi_w128,2029,pred_log,ADT_CD159a(NKG2AB6)_A0927,0.9725166401806098,0.8075836410088274,0.5418461757760071,0.04667378130413602,0.1725721212346623,totalvi_w128
totalvi_w128,2029,pred_log,ADT_CD160_A1006,0.9038883043104187,0.7272911691406853,0.5367137243998192,0.03801973678880502,0.09090533332375042,totalvi_w128
totalvi_w128,2029,pred_log,ADT_CD163_A0417,0.8636417188541682,0.6452157176754543,0.5740850949205276,0.06038287004818819,0.26164000921191044,totalvi_w128
totalvi_w128,2029,pred_log,ADT_CD170(Singlec-F)_A0431,0.98095799334031,0.8375754135466343,0.5106329516594074,0.061994329063045556,0.12016635647285198,totalvi_w128
totalvi_w128,2029,pred_log,ADT_CD178(FasL)_A1012,0.8487515522521794,0.6514751892607047,0.5440213922523693,0.04353177436152662,0.06866435349280582,totalvi_w128
totalvi_w128,2029,pred_log,ADT_CD182(CXCR2)_A0909,0.9924037337567108,0.9347070764242134,0.3334484248826779,0.10846895034826856,0.29618908224327894,totalvi_w128
totalvi_w128,2029,pred_log,ADT_CD185(CXCR5)_A0846,1.306292356375365,1.2062892438105617,0.501264381929935,0.5216932100451178,0.5346826490706622,totalvi_w128
totalvi_w128,2029,pred_log,ADT_CD186(CXCR6)_A0926,1.084877012799555,0.9375751681007333,0.5458121811225213,0.042294549538930075,0.14027485079466623,totalvi_w128
totalvi_w128,2029,pred_log,ADT_CD193(CCR3)_A0808,1.0253537825288552,0.9161393974991835,0.46047690897158,0.14535625314132125,0.2805134836777115,totalvi_w128
totalvi_w128,2029,pred_log,ADT_CD194(CCR4)_A0833,0.9253121233738032,0.7339945651100224,0.5634310109068124,0.05647624263399279,0.0858511778905648,totalvi_w128
totalvi_w128,2029,pred_log,ADT_CD198(CCR8)_A0907,0.9161168681516441,0.7097481437929569,0.5792475191957404,0.04489014097576119,0.12123784182271172,totalvi_w128
totalvi_w128,2029,pred_log,ADT_CD199(CCR9)_A0854,1.3863613309226912,1.276224176001649,0.541525246379671,0.2616145792333599,0.4248692558396852,totalvi_w128
totalvi_w128,2029,pred_log,ADT_CD1d(CD1.1_Ly-38)_A0851,1.3941868224888487,1.3067912617017285,0.48585336711967425,0.7350885939846389,0.7681239893182817,totalvi_w128
totalvi_w128,2029,pred_log,ADT_CD2_A0892,1.2445018561902912,1.1950617397352303,0.34729282785867766,0.7443503735259751,0.8514845677752595,totalvi_w128
totalvi_w128,2029,pred_log,ADT_CD200R(OX2R)_A0807,1.040287055736458,0.9477056505623007,0.42901183925978736,0.10711549634155162,0.20957271394878224,totalvi_w128
totalvi_w128,2029,pred_log,ADT_CD200R3_A0809,0.9402853250438766,0.7760092512193546,0.5309860021835079,0.032222881617086745,0.09452762206756218,totalvi_w128
totalvi_w128,2029,pred_log,ADT_CD207(Langerin)_A0437,0.9117405857970753,0.7749481393298957,0.48033975177855553,0.033984019426672916,0.07199237656886613,totalvi_w128
totalvi_w128,2029,pred_log,ADT_CD22_A0827,0.9414219401614522,0.6967329811734032,0.6331180161411879,0.6663270820407347,0.6921798278931549,totalvi_w128
totalvi_w128,2029,pred_log,ADT_CD226(DNAM-1)_A0852,1.1366552117489557,0.9962935929492921,0.5471600744244888,0.72701167028165,0.7989500361496131,totalvi_w128
totalvi_w128,2029,pred_log,ADT_CD252(OX40Ligand)_A0924,0.8969469269929203,0.7076028092109545,0.5511914859999181,0.04325113861967636,0.08459442026853904,totalvi_w128
totalvi_w128,2029,pred_log,ADT_CD253(TRAIL)_A0925,0.9628368208838286,0.7996330668901357,0.5363223862431388,0.022862026604116518,0.05424010816984874,totalvi_w128
totalvi_w128,2029,pred_log,ADT_CD26(DPP-4)_A0883,1.216243584185308,1.1779731150624266,0.3027008362427897,0.5636707682565172,0.5963289242063972,totalvi_w128
totalvi_w128,2029,pred_log,ADT_CD27_A0191,1.3608253162563444,1.2386485855321994,0.5635558738255005,0.7368942739962762,0.8733306668625521,totalvi_w128
totalvi_w128,2029,pred_log,ADT_CD270(HVEM)_A0885,1.2224056975876911,1.1302853113151081,0.46554355813405424,0.7598160882240396,0.7556504137626949,totalvi_w128
totalvi_w128,2029,pred_log,ADT_CD272(BTLA)_A0881,1.206854437059893,1.1144781132712025,0.46307252919013564,0.661220771604456,0.651029927938321,totalvi_w128
totalvi_w128,2029,pred_log,ADT_CD273(B7-DC_PD-L2)_A0914,0.9428887850853184,0.7597071663342094,0.5584660083300471,0.032334962209122596,0.1580500435836785,totalvi_w128
totalvi_w128,2029,pred_log,ADT_CD278(ICOS)_A0847,1.0855874316409244,0.9796972914665497,0.46764654262570454,0.10698851705532124,0.23372978923489737,totalvi_w128
totalvi_w128,2029,pred_log,ADT_CD3_A0182,1.1148013075344398,0.9598344036931548,0.5670095878972911,0.5617261315818112,0.6088514570888519,totalvi_w128
totalvi_w128,2029,pred_log,ADT_CD300c-d_A0876,0.966636575746189,0.8085462900659999,0.5297538734080184,0.027848109408107162,0.07724529053440457,totalvi_w128
totalvi_w128,2029,pred_log,ADT_CD309(VEGFR2_Flk-1)_A0554,1.3237338920043311,1.21060390144785,0.5354527155968932,0.049694671002518453,0.07738587968028734,totalvi_w128
totalvi_w128,2029,pred_log,ADT_CD309(VEGFR2_Flk-1)_A0553,1.505934707788376,1.4547503751988842,0.3892822754510435,0.007604186892853578,0.018954080097845626,totalvi_w128
totalvi_w128,2029,pred_log,ADT_CD31_A0904,1.2346114864575506,1.1814709247761548,0.3583182613285676,0.6346741479183958,0.7032760641259364,totalvi_w128
totalvi_w128,2029,pred_log,ADT_CD314(NKG2D)_A0835,1.1132048723790895,0.9754959632612619,0.5363140064826515,0.08523002787520896,0.15105660408827293,totalvi_w128
totalvi_w128,2029,pred_log,ADT_CD317(BST2_PDCA-1)_A0811,1.0489107113882354,0.9002519283993891,0.5382937356853741,0.09308294090350626,0.3004479781347247,totalvi_w128
totalvi_w128,2029,pred_log,ADT_CD339(Jagged1)_A0887,0.9651568154969956,0.8980432871800502,0.35361834348790133,0.07883997288382298,0.19669723348219625,totalvi_w128
totalvi_w128,2029,pred_log,ADT_CD34_A0857,1.0203629426448961,0.9025361751838485,0.4759926335642301,0.0557465258599088,0.12803208383370993,totalvi_w128
totalvi_w128,2029,pred_log,ADT_CD34_A0823,1.0017210517002657,0.9383557567250808,0.350618794761992,0.05545202861003764,0.1693202992161016,totalvi_w128
totalvi_w128,2029,pred_log,ADT_CD365(Tim-1)_A1013,1.027430130498132,0.8594283567435907,0.5630235986887117,0.043206847165975476,0.06294552353736282,totalvi_w128
totalvi_w128,2029,pred_log,ADT_CD371(CLEC12A)_A0825,1.2647003787423794,1.1255912237846943,0.5766380536609731,0.4306235795793521,0.5075231996757233,totalvi_w128
totalvi_w128,2029,pred_log,ADT_CD39_A0834,1.132420987558624,1.072107496408559,0.36464065764503273,0.4907500778207861,0.7334914007655806,totalvi_w128
totalvi_w128,2029,pred_log,ADT_CD3e_A0094,1.0891464804147453,0.9118273537296592,0.5956600815818953,0.5528924048087863,0.6044787636036658,totalvi_w128
totalvi_w128,2029,pred_log,ADT_CD40_A0903,1.1762687814778845,1.056046673746329,0.5180479409752747,0.6048669218015069,0.6147932749493213,totalvi_w128
totalvi_w128,2029,pred_log,ADT_CD44_A0073,1.3244132686240206,1.1993509243677574,0.5618076773466018,0.8083829563156933,0.8549269368322541,totalvi_w128
totalvi_w128,2029,pred_log,ADT_CD49a_A0850,1.0417922842490819,0.9705045409351704,0.3787507089697835,0.19543026293722124,0.4606193060267722,totalvi_w128
totalvi_w128,2029,pred_log,ADT_CD49b_A0421,1.0413573695669862,0.8449942459672246,0.608613091737045,0.2139486475347642,0.6379445170007779,totalvi_w128
totalvi_w128,2029,pred_log,ADT_CD51_A1008,1.2051810792349769,1.1177189659896118,0.4507391116965913,0.3022129775199264,0.34817848727909645,totalvi_w128
totalvi_w128,2029,pred_log,ADT_CD61_A0910,1.1221367346430284,0.9797193623778386,0.5471204823594441,0.5486202372487987,0.5931403280356857,totalvi_w128
totalvi_w128,2029,pred_log,ADT_CD80_A0849,0.9930889154860618,0.8759117118800664,0.46797891731634456,0.27391219640365494,0.4355220709793497,totalvi_w128
totalvi_w128,2029,pred_log,ADT_CD85k(gp49Receptor)_A1007,1.0555954973159696,0.9028297804554809,0.5469737118696056,0.09816947651264725,0.17713275191907138,totalvi_w128
totalvi_w128,2029,pred_log,ADT_CD9_A0813,1.4802495446207835,1.3328102965365436,0.6440150835160208,0.5632492127977449,0.7099891764342496,totalvi_w128
totalvi_w128,2029,pred_log,ADT_CD94_A1009,1.005011547798672,0.8282538685688121,0.5692483995668725,0.07109658984439561,0.3583570157016859,totalvi_w128
totalvi_w128,2029,pred_log,ADT_CD95(Fas)_A0917,1.0208405181559024,0.8525606603377164,0.5614763431822349,0.20130736396999888,0.23355928096147713,totalvi_w128
totalvi_w128,2029,pred_log,ADT_D62E(E-selectin)_A0379,1.0633807622085905,0.9674299258456426,0.4414272125884087,0.04055652517776003,0.14106934964321666,totalvi_w128
totalvi_w128,2029,pred_log,ADT_DLL1_A0884,0.7706553738782645,0.5501378730685367,0.5396832644274485,0.03699670963864012,0.07928570227790624,totalvi_w128
totalvi_w128,2029,pred_log,ADT_DR3(TNFRSF25)_A0836,0.943270081456493,0.765382801379711,0.5513144419685229,0.05792883395532153,0.08496890339123334,totalvi_w128
totalvi_w128,2029,pred_log,ADT_ENPP1_A0891,1.0387119277301502,0.9524956338713693,0.41433625989626827,0.03972641499401829,0.11851858378164755,totalvi_w128
totalvi_w128,2029,pred_log,ADT_GABRB3_A0435,1.0342696026926805,0.8822386615102252,0.5397856567107756,0.04354540541692561,0.08563008077188983,totalvi_w128
totalvi_w128,2029,pred_log,ADT_GITRLigand_A0880,1.0517391561932883,0.9585767161494089,0.4327654467795866,0.040192992642183685,0.1352006947564992,totalvi_w128
totalvi_w128,2029,pred_log,ADT_IL-21Receptor_A0879,1.0158742529551745,0.8724589775052223,0.5203996833086479,0.06600380585544754,0.09062644211947507,totalvi_w128
totalvi_w128,2029,pred_log,ADT_IL-33Ra(IL1RL1_ST2)_A0837,0.9273325969809271,0.8581457695570435,0.3514706013519708,0.03857682255039426,0.1697420370637965,totalvi_w128
totalvi_w128,2029,pred_log,ADT_JAML_A0877,1.0538962122320878,0.925387403605828,0.5043365735347329,0.0894674704666646,0.14246685274441795,totalvi_w128
totalvi_w128,2029,pred_log,ADT_KCC2_A0438,0.8655670207004779,0.6765567342665515,0.5398863330765744,0.024208610869464884,0.05055461932893149,totalvi_w128
totalvi_w128,2029,pred_log,ADT_KLRG1(MAFA)_A0250,0.9476570037690112,0.7733964417893765,0.5476419821562041,0.04546541156619899,0.10480967613184701,totalvi_w128
totalvi_w128,2029,pred_log,ADT_Ly-49A_A0842,0.9820936061395923,0.6933119637355135,0.6955762878084978,0.30601425943755234,0.4590657706355248,totalvi_w128
totalvi_w128,2029,pred_log,ADT_Ly-6G_A0015,0.9565486987433129,0.7844922701240923,0.5473182722904915,0.08883642985855164,0.3405487738955984,totalvi_w128
totalvi_w128,2029,pred_log,ADT_Ly-6G-Ly-6C(Gr-1)_A0116,1.2554121022147011,1.1118746607091619,0.5829187638598892,0.06463229706561181,0.6480366000779486,totalvi_w128
totalvi_w128,2029,pred_log,ADT_Ly108_A0930,1.3023808018052896,1.2205459863623507,0.4543822708752093,0.6657121351179666,0.6692823209222444,totalvi_w128
totalvi_w128,2029,pred_log,ADT_Ly49D_A0841,1.004563960781611,0.8264342168767977,0.5711000231802166,0.03809557495777351,0.32486988363608105,totalvi_w128
totalvi_w128,2029,pred_log,ADT_Ly49G_A0840,1.1091576237482241,1.040039670208003,0.38541940624778737,0.07000218491263278,0.17080553896545506,totalvi_w128
totalvi_w128,2029,pred_log,ADT_Ly49H_A0839,1.0114457172501332,0.8989290213437485,0.46362598452801307,0.08675000642150908,0.29051996176387457,totalvi_w128
totalvi_w128,2029,pred_log,ADT_Mac-2(Galectin-3)_A0895,1.0901328504908279,0.9513282437844011,0.5323196448538229,0.04229616486926735,0.09760103992421852,totalvi_w128
totalvi_w128,2029,pred_log,ADT_Notch4_A0888,1.0281028135077541,0.9809226832032333,0.30787348817320187,0.09065140503027469,0.24064847317562488,totalvi_w128
totalvi_w128,2029,pred_log,ADT_P2X7R_A0824,1.0734397227777968,0.9370134318279097,0.523716208467248,0.11110490157798028,0.16666851320245293,totalvi_w128
totalvi_w128,2029,pred_log,ADT_PIR-A-B_A0882,1.1776675680591024,1.0792411878986592,0.4713166230903297,0.6647259528453872,0.7612706005606441,totalvi_w128
totalvi_w128,2029,pred_log,ADT_PLZF_A0878,1.0112611010791768,0.8648500716267974,0.524102440523757,0.04504153612539303,0.08466235442786066,totalvi_w128
totalvi_w128,2029,pred_log,ADT_Slc7a1(Cat-1_ERR)_A0889,1.0044595464616488,0.8737098131547353,0.49555034343144216,0.04492368876465323,0.1099009893911565,totalvi_w128
totalvi_w128,2029,pred_log,ADT_TCRVb13.1_A0908,0.9468653745919583,0.7754235947805398,0.5433896265652897,0.050989832215181836,0.06930562562928681,totalvi_w128
totalvi_w128,2029,pred_log,ADT_TIGIT(Vstm3)_A0848,1.0077329421608388,0.935301815749538,0.37514823226524247,0.06875296426191992,0.18237558362503611,totalvi_w128
totalvi_w128,2029,pred_log,ADT_TLR4(CD284)-MD2Complex_A0875,1.0615309319861808,0.9190391515904215,0.5312390774475881,0.046285806088870375,0.09414976896058608,totalvi_w128
totalvi_w128,2029,pred_log,ADT_IsotypeCtrlAPCRatIgG1_l_A0237,1.0050432832524572,0.8654070976052132,0.5110602279823375,0.027940570360198536,0.04690484435751336,totalvi_w128
totalvi_w128,2029,pred_log,ADT_IsotypeCtrlArm.HamsterIgG_A0241,1.1484461105960322,1.0017658025883223,0.5615992750241773,-0.015598907329340977,-0.013681801008086022,totalvi_w128
totalvi_w128,2029,pred_log,ADT_IsotypeCtrlMouseIgG1_k(FC)_A0090,1.003539251807846,0.8520535634825163,0.5301846422481197,0.04069891458190184,0.08384545280461228,totalvi_w128
totalvi_w128,2029,pred_log,ADT_IsotypeCtrlMouseIgG2a_k_A0091,0.8769103984622196,0.6987961579474441,0.5297695504358844,0.013293603286495228,0.04801309112543102,totalvi_w128
totalvi_w128,2029,pred_log,ADT_IsotypeCtrlMouseIgG2b_k_A0092,0.9983908106653298,0.8503831176518666,0.5230991913907156,0.028110440205092155,0.05059461154693018,totalvi_w128
totalvi_w128,2029,pred_log,ADT_IsotypeCtrlRatIgG1_k_A0236,0.8717556929141651,0.745784434904718,0.45140177755751604,0.06383876685443149,0.13083376134303648,totalvi_w128
totalvi_w128,2029,pred_log,ADT_IsotypeCtrlRatIgG2a_k_A0238,0.9403918879565223,0.7669493182528875,0.5441742792211364,0.04703025945399488,0.09682686338534746,totalvi_w128
totalvi_w128,2029,pred_log,ADT_IsotypeCtrlRatIgG2b_k_A0095,1.0501532170418117,0.9191549150949039,0.5079133994295694,0.028991245855124772,0.07734526082569523,totalvi_w128
totalvi_w128,2029,pred_log,ADT_IsotypeCtrlRatIgG2c_k_A0240,0.8837807463378591,0.6964004136450597,0.5441460019815236,0.006496734292536026,0.012276050408686711,totalvi_w128
totalvi_w128,2029,calibrated,ADT_4-1BBLigand(CD137L)_A0890,0.5315401461540322,0.03893524526801119,0.5301122274097904,0.07548660113163437,0.1351715350972486,totalvi_w128
totalvi_w128,2029,calibrated,ADT_CD105_A0812,0.5353240042623322,0.027267483229019472,0.5346290993743354,0.1368585944737326,0.2262426753085024,totalvi_w128
totalvi_w128,2029,calibrated,ADT_CD107a(LAMP-1)_A0905,0.550821903290051,0.01150946474193815,0.550701644600258,0.1936529173521129,0.3365493095884111,totalvi_w128
totalvi_w128,2029,calibrated,ADT_CD11b_A0014,0.6003984856751893,0.01060205362663955,0.6003048709280615,0.32563287408151675,0.7796427459485383,totalvi_w128
totalvi_w128,2029,calibrated,ADT_CD120b(TNFRTypeII-p75)_A0893,0.526688308286208,0.1461550370815116,0.5060032403266688,0.24619729456058198,0.42074324993288137,totalvi_w128
totalvi_w128,2029,calibrated,ADT_CD124(IL-4Ra)_A0916,0.508240216077889,0.12649475319129952,0.49224708699389025,0.3221612277536967,0.32496882888128115,totalvi_w128
totalvi_w128,2029,calibrated,ADT_CD138(Syndecan-1)_A0810,0.5542776107927853,0.06655582755618797,0.5502672002259172,0.28151793912999334,0.38161439304993716,totalvi_w128
totalvi_w128,2029,calibrated,ADT_CD152_A0388,0.3399616045542776,-0.047775055380892474,0.3365879330196968,0.024164449689384235,0.034456286787497716,totalvi_w128
totalvi_w128,2029,calibrated,ADT_CD155(PVR)_A1011,0.546150614642821,0.10019443245877653,0.5368813365903072,0.5976047616941632,0.6246786918437449,totalvi_w128
totalvi_w128,2029,calibrated,ADT_CD159a(NKG2AB6)_A0927,0.5338800804578505,0.0361001667648735,0.5326581626796212,0.06337420553495726,0.20169335961263224,totalvi_w128
totalvi_w128,2029,calibrated,ADT_CD160_A1006,0.5325387252723125,-0.058632897996198925,0.5293011214679482,0.07777267390427554,0.1316415936302044,totalvi_w128
totalvi_w128,2029,calibrated,ADT_CD163_A0417,0.566650428304999,0.03667446832163068,0.5654623694566832,0.08216261044029641,0.306120406074547,totalvi_w128
totalvi_w128,2029,calibrated,ADT_CD170(Singlec-F)_A0431,0.5067649895633729,-0.02655405802609969,0.5060688062403306,0.06429342251073605,0.15383910900999562,totalvi_w128
totalvi_w128,2029,calibrated,ADT_CD178(FasL)_A1012,0.5465716407643451,-0.1022958030825992,0.5369135192556761,0.06951714900004574,0.0993882577058112,totalvi_w128
totalvi_w128,2029,calibrated,ADT_CD182(CXCR2)_A0909,0.3345751075610141,-0.018630709800974712,0.3340559822122277,0.13980388708824198,0.31464560626106175,totalvi_w128
totalvi_w128,2029,calibrated,ADT_CD185(CXCR5)_A0846,0.5217949682586661,0.2216583219230592,0.47237440364854194,0.5321758444447844,0.5402149693465405,totalvi_w128
totalvi_w128,2029,calibrated,ADT_CD186(CXCR6)_A0926,0.5473133388184858,0.10072550558831482,0.5379649276417731,0.07092648052771115,0.1878621487499874,totalvi_w128
totalvi_w128,2029,calibrated,ADT_CD193(CCR3)_A0808,0.456406117487982,0.010461894833178137,0.4562861961937408,0.1814505282575403,0.30837033896040383,totalvi_w128
totalvi_w128,2029,calibrated,ADT_CD194(CCR4)_A0833,0.5658453376000518,-0.10507403912892896,0.5560039499723453,0.0975213682818724,0.1329797203349768,totalvi_w128
totalvi_w128,2029,calibrated,ADT_CD198(CCR8)_A0907,0.5879665373780228,-0.11388469255155992,0.5768318003358861,0.11283723209268168,0.17859414040577343,totalvi_w128
totalvi_w128,2029,calibrated,ADT_CD199(CCR9)_A0854,0.668688080708338,0.4016754746217497,0.5346031821536346,0.29235537807976353,0.4447545115165446,totalvi_w128
totalvi_w128,2029,calibrated,ADT_CD1d(CD1.1_Ly-38)_A0851,0.5707377545947839,0.30801401866689015,0.4804882400481487,0.7464083256792786,0.7766696845851045,totalvi_w128
totalvi_w128,2029,calibrated,ADT_CD2_A0892,0.35677486208661724,0.09832829107332787,0.3429575037690873,0.7547464283534657,0.8552999602944455,totalvi_w128
totalvi_w128,2029,calibrated,ADT_CD200R(OX2R)_A0807,0.42638893240681797,0.006186341229577206,0.42634405221747596,0.14065102957504266,0.23703364213473416,totalvi_w128
totalvi_w128,2029,calibrated,ADT_CD200R3_A0809,0.525577885337815,-0.028383448501034903,0.524810912050577,0.054312963241247535,0.13855489759260953,totalvi_w128
totalvi_w128,2029,calibrated,ADT_CD207(Langerin)_A0437,0.5031451309770849,0.1779082358928496,0.47064177718031336,0.050009642873775496,0.10897065125114773,totalvi_w128
totalvi_w128,2029,calibrated,ADT_CD22_A0827,0.5368729816660659,-0.02274384408380635,0.5363910103639917,0.6735079996461913,0.6962138397112916,totalvi_w128
totalvi_w128,2029,calibrated,ADT_CD226(DNAM-1)_A0852,0.544636093489134,0.11934655536258316,0.5313989782208742,0.7302214066382652,0.7973158847312458,totalvi_w128
totalvi_w128,2029,calibrated,ADT_CD252(OX40Ligand)_A0924,0.5537783375137959,-0.08147035435385319,0.5477527073972361,0.04330688353206697,0.11716745304379114,totalvi_w128
totalvi_w128,2029,calibrated,ADT_CD253(TRAIL)_A0925,0.5282241370106343,-0.012866881903055368,0.5280674031510767,0.05642704753052559,0.1215558307050625,totalvi_w128
totalvi_w128,2029,calibrated,ADT_CD26(DPP-4)_A0883,0.3381204294568293,0.1550066277095651,0.3004968721670479,0.5822270075934427,0.6126779899012221,totalvi_w128
totalvi_w128,2029,calibrated,ADT_CD27_A0191,0.6160835006463077,0.30209245121446726,0.5369348477123057,0.753229510979493,0.8739301906143119,totalvi_w128
totalvi_w128,2029,calibrated,ADT_CD270(HVEM)_A0885,0.48269487679156853,0.15933013225384993,0.4556404866084658,0.7799465249370323,0.7647122466995651,totalvi_w128
totalvi_w128,2029,calibrated,ADT_CD272(BTLA)_A0881,0.47078613896268484,0.13279375112150255,0.45166957867723856,0.6741194797012904,0.6580966162004579,totalvi_w128
totalvi_w128,2029,calibrated,ADT_CD273(B7-DC_PD-L2)_A0914,0.5506269932146091,-0.004609407023173768,0.5506076997495183,0.05601025838777262,0.20859482660276954,totalvi_w128
totalvi_w128,2029,calibrated,ADT_CD278(ICOS)_A0847,0.46774105064104493,0.06251027929107121,0.4635452032302142,0.12858415179537763,0.25942864716522196,totalvi_w128
totalvi_w128,2029,calibrated,ADT_CD3_A0182,0.5583557800548201,0.08214335817955572,0.5522804050730155,0.5707318184628848,0.6133657199645843,totalvi_w128
totalvi_w128,2029,calibrated,ADT_CD300c-d_A0876,0.525602195475194,-0.027655435646987834,0.5248741227832806,0.05508863194626154,0.109339557996031,totalvi_w128
totalvi_w128,2029,calibrated,ADT_CD309(VEGFR2_Flk-1)_A0554,0.6732885150175764,0.418307857951363,0.5275755495004564,0.06104972855034817,0.10976561269755805,totalvi_w128
totalvi_w128,2029,calibrated,ADT_CD309(VEGFR2_Flk-1)_A0553,0.6312360729605854,0.5197875539563903,0.3581618049970623,0.017108578661947652,0.04484894667622587,totalvi_w128
totalvi_w128,2029,calibrated,ADT_CD31_A0904,0.3697065701731746,0.11564207542518094,0.3511550347361815,0.6555919350845532,0.7155387967814856,totalvi_w128
totalvi_w128,2029,calibrated,ADT_CD314(NKG2D)_A0835,0.5373144186013087,0.09189600089810614,0.5293976855406496,0.1358534680876631,0.19280046443055887,totalvi_w128
totalvi_w128,2029,calibrated,ADT_CD317(BST2_PDCA-1)_A0811,0.5349774754116495,0.07643750525697307,0.5294886278173622,0.13264244580691334,0.3264048784088132,totalvi_w128
totalvi_w128,2029,calibrated,ADT_CD339(Jagged1)_A0887,0.35715849839870717,-0.06389771647149764,0.3513961792736894,0.11394695613617582,0.232551834308582,totalvi_w128
totalvi_w128,2029,calibrated,ADT_CD34_A0857,0.4736980129246064,0.007365476171290113,0.4736407469902592,0.05768147300070208,0.1585629044731076,totalvi_w128
totalvi_w128,2029,calibrated,ADT_CD34_A0823,0.35013225621081223,-0.0033943394802974,0.3501158026978595,0.06603761770564932,0.21838855088302234,totalvi_w128
totalvi_w128,2029,calibrated,ADT_CD365(Tim-1)_A1013,0.5593759193915827,0.0313618616648033,0.5584960633953443,0.045785013751808656,0.08440553636077082,totalvi_w128
totalvi_w128,2029,calibrated,ADT_CD371(CLEC12A)_A0825,0.6055058756738925,0.2328026483370752,0.558963587725402,0.44527178836348813,0.5207555774621475,totalvi_w128
totalvi_w128,2029,calibrated,ADT_CD39_A0834,0.3766684996146417,0.1141030685534452,0.35897026109224256,0.5282798125222509,0.7432228420074243,totalvi_w128
totalvi_w128,2029,calibrated,ADT_CD3e_A0094,0.5697139531262482,0.06533122852363642,0.5659556687288584,0.5711173752592389,0.6116338747332701,totalvi_w128
totalvi_w128,2029,calibrated,ADT_CD40_A0903,0.5094564043646581,0.12555880491438504,0.49374164748037763,0.6125636593850639,0.6211380857337617,totalvi_w128
totalvi_w128,2029,calibrated,ADT_CD44_A0073,0.5455753725967262,0.09067449632375596,0.5379875676077367,0.8191016720206925,0.8623882706830147,totalvi_w128
totalvi_w128,2029,calibrated,ADT_CD49a_A0850,0.3759229452310307,0.02355926669170546,0.3751839838054413,0.2551310965814198,0.4825109433912709,totalvi_w128
totalvi_w128,2029,calibrated,ADT_CD49b_A0421,0.6158817930159217,0.030891790314807682,0.6151065600850419,0.22440426784339867,0.630714545521828,totalvi_w128
totalvi_w128,2029,calibrated,ADT_CD51_A1008,0.47768567829546194,0.16786075291848895,0.44722072277370173,0.31710684032666014,0.3666100514172279,totalvi_w128
totalvi_w128,2029,calibrated,ADT_CD61_A0910,0.5402253778795365,-0.0028300539276883436,0.5402179649917765,0.572230124678245,0.6084806918906869,totalvi_w128
totalvi_w128,2029,calibrated,ADT_CD80_A0849,0.463237957848679,-0.031097509368237262,0.4621929797204919,0.3123129556305266,0.4553994816097715,totalvi_w128
totalvi_w128,2029,calibrated,ADT_CD85k(gp49Receptor)_A1007,0.5525124591777983,0.11895717556542224,0.5395546385012332,0.10449495047288654,0.20366538517480717,totalvi_w128
totalvi_w128,2029,calibrated,ADT_CD9_A0813,0.7359806289696731,0.3792430423606031,0.6307473353409166,0.5964736886036585,0.7185961902128161,totalvi_w128
totalvi_w128,2029,calibrated,ADT_CD94_A1009,0.561680932844966,0.03121083520366949,0.5608131186834704,0.08767042096473042,0.3841628572381959,totalvi_w128
totalvi_w128,2029,calibrated,ADT_CD95(Fas)_A0917,0.5507544532604349,0.10491849767146876,0.5406686384769911,0.22564918871128856,0.25587226086299825,totalvi_w128
totalvi_w128,2029,calibrated,ADT_D62E(E-selectin)_A0379,0.43968541530431615,0.03760323388393905,0.4380744927895246,0.07190618754556267,0.18792323512587852,totalvi_w128
totalvi_w128,2029,calibrated,ADT_DLL1_A0884,0.5364729867713702,-0.06089343900707767,0.5330058673422705,0.06944945483254904,0.12522613076039982,totalvi_w128
totalvi_w128,2029,calibrated,ADT_DR3(TNFRSF25)_A0836,0.5436146693916913,-0.015463498379692383,0.5433946898854454,0.08242271305903284,0.11867834602366688,totalvi_w128
totalvi_w128,2029,calibrated,ADT_ENPP1_A0891,0.4113491562667127,0.023713153079139494,0.41066508828043913,0.05381896677556286,0.16523828688667902,totalvi_w128
totalvi_w128,2029,calibrated,ADT_GABRB3_A0435,0.5354553682417095,0.00019036438154667123,0.5354553344026616,0.07300872329171354,0.12510458449522902,totalvi_w128
totalvi_w128,2029,calibrated,ADT_GITRLigand_A0880,0.43235948573685407,0.0392205485620094,0.43057690773790086,0.05176581775420201,0.17628765767280252,totalvi_w128
totalvi_w128,2029,calibrated,ADT_IL-21Receptor_A0879,0.5302778636837832,0.12198632890684578,0.5160561483723133,0.07468187378140859,0.10422143017403333,totalvi_w128
totalvi_w128,2029,calibrated,ADT_IL-33Ra(IL1RL1_ST2)_A0837,0.36112149634810065,-0.09389072383185215,0.34870226139648375,0.09540589014589562,0.22567425356581416,totalvi_w128
totalvi_w128,2029,calibrated,ADT_JAML_A0877,0.4987800271433843,0.007790736639482335,0.49871917939835636,0.1325967949605037,0.19090495208323893,totalvi_w128
totalvi_w128,2029,calibrated,ADT_KCC2_A0438,0.5324095845568839,-0.04229430627451926,0.5307270083430761,0.05761598351603561,0.1080846027341057,totalvi_w128
totalvi_w128,2029,calibrated,ADT_KLRG1(MAFA)_A0250,0.5399899272064088,-0.01708093809964858,0.5397197078465986,0.06132347157568486,0.15832960206115085,totalvi_w128
totalvi_w128,2029,calibrated,ADT_Ly-49A_A0842,0.6854317935695267,0.07542030763901894,0.6812697856441106,0.3477842980505403,0.4773221464279951,totalvi_w128
totalvi_w128,2029,calibrated,ADT_Ly-6G_A0015,0.5464592617388478,-0.026113513336770724,0.545834965132665,0.09739075269144627,0.3553781242781729,totalvi_w128
totalvi_w128,2029,calibrated,ADT_Ly-6G-Ly-6C(Gr-1)_A0116,0.6341281948737223,0.25410497241133856,0.5809898712797237,0.10109931758195394,0.6528743109949078,totalvi_w128
totalvi_w128,2029,calibrated,ADT_Ly108_A0930,0.4999380271678353,0.22246532357524665,0.44771331319833035,0.6760130691000785,0.6795797530817854,totalvi_w128
totalvi_w128,2029,calibrated,ADT_Ly49D_A0841,0.5662790574209418,0.028339440425451543,0.5655694890903522,0.06499444568073616,0.348024927589429,totalvi_w128
totalvi_w128,2029,calibrated,ADT_Ly49G_A0840,0.3968926358387738,0.09423536214586536,0.3855430726965365,0.07901956448227204,0.19820597653016456,totalvi_w128
totalvi_w128,2029,calibrated,ADT_Ly49H_A0839,0.45861117268153906,-0.02039928928024251,0.458157261980204,0.09274691671416034,0.32346502518187686,totalvi_w128
totalvi_w128,2029,calibrated,ADT_Mac-2(Galectin-3)_A0895,0.5412605130463571,0.12414520870090807,0.5268310071928316,0.08848158121748846,0.14347509362798203,totalvi_w128
totalvi_w128,2029,calibrated,ADT_Notch4_A0888,0.30520344073369077,0.005118323691557795,0.305160520051778,0.12682353495085394,0.2774722000927595,totalvi_w128
totalvi_w128,2029,calibrated,ADT_P2X7R_A0824,0.5300851631990787,0.10748820197847471,0.5190727951638662,0.11778270206521632,0.1884865283843466,totalvi_w128
totalvi_w128,2029,calibrated,ADT_PIR-A-B_A0882,0.47408443336048156,0.12077579014168839,0.4584422084302223,0.6807780147062745,0.7694580294589708,totalvi_w128
totalvi_w128,2029,calibrated,ADT_PLZF_A0878,0.5197584243637807,0.016205318954880178,0.5195057336879819,0.0376241802552272,0.12839922278860996,totalvi_w128
totalvi_w128,2029,calibrated,ADT_Slc7a1(Cat-1_ERR)_A0889,0.4935493753662115,-0.014149249089226242,0.4933465158228933,0.05276041966047728,0.1495461950434781,totalvi_w128
totalvi_w128,2029,calibrated,ADT_TCRVb13.1_A0908,0.5389069855024182,0.03964989698512984,0.5374463923893914,0.027882780739355777,0.09207658261404238,totalvi_w128
totalvi_w128,2029,calibrated,ADT_TIGIT(Vstm3)_A0848,0.3742970624023023,-0.019137823259373393,0.3738074833973849,0.09787628986038022,0.2110748267314993,totalvi_w128
totalvi_w128,2029,calibrated,ADT_TLR4(CD284)-MD2Complex_A0875,0.5313623335397505,0.071397440841739,0.5265437635620245,0.05883509052872546,0.12706239966778576,totalvi_w128
totalvi_w128,2029,calibrated,ADT_IsotypeCtrlAPCRatIgG1_l_A0237,0.5061158088020099,-0.0038788878061429837,0.5061009446234009,0.03439205397283905,0.11920436441435246,totalvi_w128
totalvi_w128,2029,calibrated,ADT_IsotypeCtrlArm.HamsterIgG_A0241,0.5764420631942393,0.18168446146431178,0.5470614304463948,-0.0225561891894489,-0.0035049732200012917,totalvi_w128
totalvi_w128,2029,calibrated,ADT_IsotypeCtrlMouseIgG1_k(FC)_A0090,0.5260212001733227,0.04595850319649456,0.5240096554603939,0.06330462548655885,0.12528481978133563,totalvi_w128
totalvi_w128,2029,calibrated,ADT_IsotypeCtrlMouseIgG2a_k_A0091,0.5212870371636453,-0.017603633459094256,0.5209897189042123,0.010798198488889256,0.08421028116369686,totalvi_w128
totalvi_w128,2029,calibrated,ADT_IsotypeCtrlMouseIgG2b_k_A0092,0.5350339983805388,0.14053420863377727,0.5162475332887769,0.04455406958336154,0.09090416877671928,totalvi_w128
totalvi_w128,2029,calibrated,ADT_IsotypeCtrlRatIgG1_k_A0236,0.48472602359167644,-0.1863993675077721,0.4474534542717251,0.100145946110412,0.1754478170875536,totalvi_w128
totalvi_w128,2029,calibrated,ADT_IsotypeCtrlRatIgG2a_k_A0238,0.5481092951624569,-0.09391714474229043,0.5400031197751929,0.06592528387319484,0.13810824855310208,totalvi_w128
totalvi_w128,2029,calibrated,ADT_IsotypeCtrlRatIgG2b_k_A0095,0.5060682640419563,0.05491272521863396,0.5030801928912543,0.045283687143300465,0.12945575842722534,totalvi_w128
totalvi_w128,2029,calibrated,ADT_IsotypeCtrlRatIgG2c_k_A0240,0.5324383678264317,-0.0030866797091944342,0.5324294206202806,0.02651830463513875,0.07884510872367635,totalvi_w128
