model,donor,analysis,target,metric,value
totalvi,202937150091_R01C01,heldout_marker,CD25_T,n_cells,581.0
totalvi,202937150091_R01C01,heldout_marker,CD25_T,pred_auc,0.9984263983596395
totalvi,202937150091_R01C01,heldout_marker,CD25_T,pred_ap,0.9987285760709872
totalvi,202937150091_R01C01,heldout_marker,CD25_T,true_auc,0.9592770969433981
totalvi,202937150091_R01C01,heldout_marker,CD25_T,effect_concordance,0.9608506985837586
totalvi,202937150091_R01C01,heldout_marker,CD25_T,spearman_true_pred,0.8179080473886541
totalvi,202937150091_R01C01,heldout_marker,CD25_T,discordant_n,19.0
totalvi,202937150091_R01C01,heldout_marker,CD25_T,discordant_spearman,0.7389452941915592
totalvi,202937150091_R01C01,heldout_marker,CD69_T,n_cells,581.0
totalvi,202937150091_R01C01,heldout_marker,CD69_T,pred_auc,0.9997258118353918
totalvi,202937150091_R01C01,heldout_marker,CD69_T,pred_ap,0.9997683771195034
totalvi,202937150091_R01C01,heldout_marker,CD69_T,true_auc,0.9957977683467646
totalvi,202937150091_R01C01,heldout_marker,CD69_T,effect_concordance,0.9960719565113728
totalvi,202937150091_R01C01,heldout_marker,CD69_T,spearman_true_pred,0.819462096163259
totalvi,202937150091_R01C01,heldout_marker,CD69_T,discordant_n,34.0
totalvi,202937150091_R01C01,heldout_marker,CD69_T,discordant_spearman,0.5352177234530175
totalvi,202937150091_R01C01,heldout_marker,HLA_DR_Monocyte,n_cells,138.0
totalvi,202937150091_R01C01,heldout_marker,HLA_DR_Monocyte,pred_auc,0.43265993265993263
totalvi,202937150091_R01C01,heldout_marker,HLA_DR_Monocyte,pred_ap,0.45277561138658334
totalvi,202937150091_R01C01,heldout_marker,HLA_DR_Monocyte,true_auc,0.38489057239057234
totalvi,202937150091_R01C01,heldout_marker,HLA_DR_Monocyte,effect_concordance,0.9522306397306397
totalvi,202937150091_R01C01,heldout_marker,HLA_DR_Monocyte,spearman_true_pred,0.46418574285236786
totalvi,202937150091_R01C01,heldout_marker,HLA_DR_Monocyte,discordant_n,10.0
totalvi,202937150091_R01C01,heldout_marker,HLA_DR_Monocyte,discordant_spearman,0.5151515151515151
totalvi,202937150091_R01C01,latent_response,T_cell_direct,n_cells,581.0
totalvi,202937150091_R01C01,latent_response,T_cell_direct,auc,0.9997854179581327
totalvi,202937150091_R01C01,latent_response,T_cell_direct,balanced_accuracy,0.9912080968957131
totalvi,202937150091_R01C01,latent_response,Monocyte_direct,n_cells,138.0
totalvi,202937150091_R01C01,latent_response,Monocyte_direct,auc,1.0
totalvi,202937150091_R01C01,latent_response,Monocyte_direct,balanced_accuracy,1.0
totalvi,202937150091_R01C01,latent_response,NK_indirect,n_cells,153.0
totalvi,202937150091_R01C01,latent_response,NK_indirect,auc,0.9990113692535838
totalvi,202937150091_R01C01,latent_response,NK_indirect,balanced_accuracy,0.9852941176470589
totalvi,202937150091_R01C01,latent_response,B_cell_indirect,n_cells,72.0
totalvi,202937150091_R01C01,latent_response,B_cell_indirect,auc,0.9990069513406158
totalvi,202937150091_R01C01,latent_response,B_cell_indirect,balanced_accuracy,0.9736842105263157
totalvi,202937150091_R02C01,heldout_marker,CD25_T,n_cells,366.0
totalvi,202937150091_R02C01,heldout_marker,CD25_T,pred_auc,0.9964060019766988
totalvi,202937150091_R02C01,heldout_marker,CD25_T,pred_ap,0.9971156410390485
totalvi,202937150091_R02C01,heldout_marker,CD25_T,true_auc,0.9365210099134444
totalvi,202937150091_R02C01,heldout_marker,CD25_T,effect_concordance,0.9401150079367456
totalvi,202937150091_R02C01,heldout_marker,CD25_T,spearman_true_pred,0.786180509635295
totalvi,202937150091_R02C01,heldout_marker,CD25_T,discordant_n,15.0
totalvi,202937150091_R02C01,heldout_marker,CD25_T,discordant_spearman,0.5560594025839857
totalvi,202937150091_R02C01,heldout_marker,CD69_T,n_cells,366.0
totalvi,202937150091_R02C01,heldout_marker,CD69_T,pred_auc,0.9977238012519093
totalvi,202937150091_R02C01,heldout_marker,CD69_T,pred_ap,0.9982458831851909
totalvi,202937150091_R02C01,heldout_marker,CD69_T,true_auc,0.9940249782862619
totalvi,202937150091_R02C01,heldout_marker,CD69_T,effect_concordance,0.9963011770343526
totalvi,202937150091_R02C01,heldout_marker,CD69_T,spearman_true_pred,0.8102472711075785
totalvi,202937150091_R02C01,heldout_marker,CD69_T,discordant_n,28.0
totalvi,202937150091_R02C01,heldout_marker,CD69_T,discordant_spearman,0.4138497370081727
totalvi,202937150091_R02C01,heldout_marker,HLA_DR_Monocyte,n_cells,123.0
totalvi,202937150091_R02C01,heldout_marker,HLA_DR_Monocyte,pred_auc,0.2635927505330491
totalvi,202937150091_R02C01,heldout_marker,HLA_DR_Monocyte,pred_ap,0.4058519722614442
totalvi,202937150091_R02C01,heldout_marker,HLA_DR_Monocyte,true_auc,0.3406183368869936
totalvi,202937150091_R02C01,heldout_marker,HLA_DR_Monocyte,effect_concordance,0.9229744136460555
totalvi,202937150091_R02C01,heldout_marker,HLA_DR_Monocyte,spearman_true_pred,0.4044808678609216
totalvi,202937150091_R02C01,heldout_marker,HLA_DR_Monocyte,discordant_n,13.0
totalvi,202937150091_R02C01,heldout_marker,HLA_DR_Monocyte,discordant_spearman,-0.13186813186813187
totalvi,202937150091_R02C01,latent_response,T_cell_direct,n_cells,366.0
totalvi,202937150091_R02C01,latent_response,T_cell_direct,auc,0.9993411003623949
totalvi,202937150091_R02C01,latent_response,T_cell_direct,balanced_accuracy,0.9864476324538021
totalvi,202937150091_R02C01,latent_response,Monocyte_direct,n_cells,123.0
totalvi,202937150091_R02C01,latent_response,Monocyte_direct,auc,1.0
totalvi,202937150091_R02C01,latent_response,Monocyte_direct,balanced_accuracy,1.0
totalvi,202937150091_R02C01,latent_response,NK_indirect,n_cells,102.0
totalvi,202937150091_R02C01,latent_response,NK_indirect,auc,0.9984233346472211
totalvi,202937150091_R02C01,latent_response,NK_indirect,balanced_accuracy,0.9629483642096965
totalvi,202937150091_R02C01,latent_response,B_cell_indirect,n_cells,48.0
totalvi,202937150091_R02C01,latent_response,B_cell_indirect,auc,1.0
totalvi,202937150091_R02C01,latent_response,B_cell_indirect,balanced_accuracy,0.9838709677419355
totalvi,202937150118_R01C01,heldout_marker,CD25_T,n_cells,732.0
totalvi,202937150118_R01C01,heldout_marker,CD25_T,pred_auc,0.993046586369507
totalvi,202937150118_R01C01,heldout_marker,CD25_T,pred_ap,0.9948194583711032
totalvi,202937150118_R01C01,heldout_marker,CD25_T,true_auc,0.8898905175262067
totalvi,202937150118_R01C01,heldout_marker,CD25_T,effect_concordance,0.8968439311566997
totalvi,202937150118_R01C01,heldout_marker,CD25_T,spearman_true_pred,0.7626046879560958
totalvi,202937150118_R01C01,heldout_marker,CD25_T,discordant_n,27.0
totalvi,202937150118_R01C01,heldout_marker,CD25_T,discordant_spearman,0.7362137453996908
totalvi,202937150118_R01C01,heldout_marker,CD69_T,n_cells,732.0
totalvi,202937150118_R01C01,heldout_marker,CD69_T,pred_auc,0.9974394016760281
totalvi,202937150118_R01C01,heldout_marker,CD69_T,pred_ap,0.9980153081246211
totalvi,202937150118_R01C01,heldout_marker,CD69_T,true_auc,0.9940565584357072
totalvi,202937150118_R01C01,heldout_marker,CD69_T,effect_concordance,0.9966171567596791
totalvi,202937150118_R01C01,heldout_marker,CD69_T,spearman_true_pred,0.8309908780521028
totalvi,202937150118_R01C01,heldout_marker,CD69_T,discordant_n,49.0
totalvi,202937150118_R01C01,heldout_marker,CD69_T,discordant_spearman,0.4121128634376049
totalvi,202937150118_R01C01,heldout_marker,HLA_DR_Monocyte,n_cells,99.0
totalvi,202937150118_R01C01,heldout_marker,HLA_DR_Monocyte,pred_auc,0.16041848299912817
totalvi,202937150118_R01C01,heldout_marker,HLA_DR_Monocyte,pred_ap,0.24162641118535674
totalvi,202937150118_R01C01,heldout_marker,HLA_DR_Monocyte,true_auc,0.24324324324324326
totalvi,202937150118_R01C01,heldout_marker,HLA_DR_Monocyte,effect_concordance,0.9171752397558849
totalvi,202937150118_R01C01,heldout_marker,HLA_DR_Monocyte,spearman_true_pred,0.5841754382071856
totalvi,202937150118_R01C01,heldout_marker,HLA_DR_Monocyte,discordant_n,8.0
totalvi,202937150118_R01C01,heldout_marker,HLA_DR_Monocyte,discordant_spearman,
totalvi,202937150118_R01C01,latent_response,T_cell_direct,n_cells,732.0
totalvi,202937150118_R01C01,latent_response,T_cell_direct,auc,0.9996320547862914
totalvi,202937150118_R01C01,latent_response,T_cell_direct,balanced_accuracy,0.9919652779863635
totalvi,202937150118_R01C01,latent_response,Monocyte_direct,n_cells,99.0
totalvi,202937150118_R01C01,latent_response,Monocyte_direct,auc,1.0
totalvi,202937150118_R01C01,latent_response,Monocyte_direct,balanced_accuracy,1.0
totalvi,202937150118_R01C01,latent_response,NK_indirect,n_cells,212.0
totalvi,202937150118_R01C01,latent_response,NK_indirect,auc,0.998172198172198
totalvi,202937150118_R01C01,latent_response,NK_indirect,balanced_accuracy,0.9860990860990861
totalvi,202937150118_R01C01,latent_response,B_cell_indirect,n_cells,70.0
totalvi,202937150118_R01C01,latent_response,B_cell_indirect,auc,0.9991496598639455
totalvi,202937150118_R01C01,latent_response,B_cell_indirect,balanced_accuracy,0.9880952380952381
totalvi,202937150118_R02C01,heldout_marker,CD25_T,n_cells,740.0
totalvi,202937150118_R02C01,heldout_marker,CD25_T,pred_auc,0.9799173022413138
totalvi,202937150118_R02C01,heldout_marker,CD25_T,pred_ap,0.9838913644606299
totalvi,202937150118_R02C01,heldout_marker,CD25_T,true_auc,0.8933220829315333
totalvi,202937150118_R02C01,heldout_marker,CD25_T,effect_concordance,0.9134047806902195
totalvi,202937150118_R02C01,heldout_marker,CD25_T,spearman_true_pred,0.751379046790049
totalvi,202937150118_R02C01,heldout_marker,CD25_T,discordant_n,36.0
totalvi,202937150118_R02C01,heldout_marker,CD25_T,discordant_spearman,0.4631250180438645
totalvi,202937150118_R02C01,heldout_marker,CD69_T,n_cells,740.0
totalvi,202937150118_R02C01,heldout_marker,CD69_T,pred_auc,0.9976987814499869
totalvi,202937150118_R02C01,heldout_marker,CD69_T,pred_ap,0.9978589541513119
totalvi,202937150118_R02C01,heldout_marker,CD69_T,true_auc,0.9879752198942171
totalvi,202937150118_R02C01,heldout_marker,CD69_T,effect_concordance,0.9902764384442302
totalvi,202937150118_R02C01,heldout_marker,CD69_T,spearman_true_pred,0.8087347031219617
totalvi,202937150118_R02C01,heldout_marker,CD69_T,discordant_n,55.0
totalvi,202937150118_R02C01,heldout_marker,CD69_T,discordant_spearman,0.5506765379168592
totalvi,202937150118_R02C01,heldout_marker,HLA_DR_Monocyte,n_cells,177.0
totalvi,202937150118_R02C01,heldout_marker,HLA_DR_Monocyte,pred_auc,0.3400534045393858
totalvi,202937150118_R02C01,heldout_marker,HLA_DR_Monocyte,pred_ap,0.30660521035702826
totalvi,202937150118_R02C01,heldout_marker,HLA_DR_Monocyte,true_auc,0.4567423230974633
totalvi,202937150118_R02C01,heldout_marker,HLA_DR_Monocyte,effect_concordance,0.8833110814419225
totalvi,202937150118_R02C01,heldout_marker,HLA_DR_Monocyte,spearman_true_pred,0.3811923427244351
totalvi,202937150118_R02C01,heldout_marker,HLA_DR_Monocyte,discordant_n,27.0
totalvi,202937150118_R02C01,heldout_marker,HLA_DR_Monocyte,discordant_spearman,-0.29242979242979245
totalvi,202937150118_R02C01,latent_response,T_cell_direct,n_cells,740.0
totalvi,202937150118_R02C01,latent_response,T_cell_direct,auc,0.9989260980099939
totalvi,202937150118_R02C01,latent_response,T_cell_direct,balanced_accuracy,0.9798588585955992
totalvi,202937150118_R02C01,latent_response,Monocyte_direct,n_cells,177.0
totalvi,202937150118_R02C01,latent_response,Monocyte_direct,auc,1.0
totalvi,202937150118_R02C01,latent_response,Monocyte_direct,balanced_accuracy,1.0
totalvi,202937150118_R02C01,latent_response,NK_indirect,n_cells,73.0
totalvi,202937150118_R02C01,latent_response,NK_indirect,auc,0.9886956521739131
totalvi,202937150118_R02C01,latent_response,NK_indirect,balanced_accuracy,0.9282608695652175
totalvi,202937150118_R02C01,latent_response,B_cell_indirect,n_cells,67.0
totalvi,202937150118_R02C01,latent_response,B_cell_indirect,auc,0.9990619136960601
totalvi,202937150118_R02C01,latent_response,B_cell_indirect,balanced_accuracy,0.9807692307692308
totalvi,202937150118_R03C01,heldout_marker,CD25_T,n_cells,1176.0
totalvi,202937150118_R03C01,heldout_marker,CD25_T,pred_auc,0.9959638264538446
totalvi,202937150118_R03C01,heldout_marker,CD25_T,pred_ap,0.9977990250003121
totalvi,202937150118_R03C01,heldout_marker,CD25_T,true_auc,0.9162594815952348
totalvi,202937150118_R03C01,heldout_marker,CD25_T,effect_concordance,0.9202956551413902
totalvi,202937150118_R03C01,heldout_marker,CD25_T,spearman_true_pred,0.802816496678981
totalvi,202937150118_R03C01,heldout_marker,CD25_T,discordant_n,25.0
totalvi,202937150118_R03C01,heldout_marker,CD25_T,discordant_spearman,0.663972483118293
totalvi,202937150118_R03C01,heldout_marker,CD69_T,n_cells,1176.0
totalvi,202937150118_R03C01,heldout_marker,CD69_T,pred_auc,0.9982750864783532
totalvi,202937150118_R03C01,heldout_marker,CD69_T,pred_ap,0.9990688844197668
totalvi,202937150118_R03C01,heldout_marker,CD69_T,true_auc,0.9958025036064965
totalvi,202937150118_R03C01,heldout_marker,CD69_T,effect_concordance,0.9975274171281433
totalvi,202937150118_R03C01,heldout_marker,CD69_T,spearman_true_pred,0.8371295852577597
totalvi,202937150118_R03C01,heldout_marker,CD69_T,discordant_n,73.0
totalvi,202937150118_R03C01,heldout_marker,CD69_T,discordant_spearman,0.5261079210316119
totalvi,202937150118_R03C01,heldout_marker,HLA_DR_Monocyte,n_cells,125.0
totalvi,202937150118_R03C01,heldout_marker,HLA_DR_Monocyte,pred_auc,0.617828773168579
totalvi,202937150118_R03C01,heldout_marker,HLA_DR_Monocyte,pred_ap,0.23775085213145808
totalvi,202937150118_R03C01,heldout_marker,HLA_DR_Monocyte,true_auc,0.6407766990291262
totalvi,202937150118_R03C01,heldout_marker,HLA_DR_Monocyte,effect_concordance,0.9770520741394528
totalvi,202937150118_R03C01,heldout_marker,HLA_DR_Monocyte,spearman_true_pred,0.541886268508931
totalvi,202937150118_R03C01,heldout_marker,HLA_DR_Monocyte,discordant_n,9.0
totalvi,202937150118_R03C01,heldout_marker,HLA_DR_Monocyte,discordant_spearman,
totalvi,202937150118_R03C01,latent_response,T_cell_direct,n_cells,1176.0
totalvi,202937150118_R03C01,latent_response,T_cell_direct,auc,0.9996835590302015
totalvi,202937150118_R03C01,latent_response,T_cell_direct,balanced_accuracy,0.9943273302619946
totalvi,202937150118_R03C01,latent_response,Monocyte_direct,n_cells,125.0
totalvi,202937150118_R03C01,latent_response,Monocyte_direct,auc,1.0
totalvi,202937150118_R03C01,latent_response,Monocyte_direct,balanced_accuracy,1.0
totalvi,202937150118_R03C01,latent_response,NK_indirect,n_cells,89.0
totalvi,202937150118_R03C01,latent_response,NK_indirect,auc,1.0
totalvi,202937150118_R03C01,latent_response,NK_indirect,balanced_accuracy,1.0
totalvi,202937150118_R03C01,latent_response,B_cell_indirect,n_cells,52.0
totalvi,202937150118_R03C01,latent_response,B_cell_indirect,auc,1.0
totalvi,202937150118_R03C01,latent_response,B_cell_indirect,balanced_accuracy,1.0
totalvi,202937150118_R04C01,heldout_marker,CD25_T,n_cells,1098.0
totalvi,202937150118_R04C01,heldout_marker,CD25_T,pred_auc,0.982220115184717
totalvi,202937150118_R04C01,heldout_marker,CD25_T,pred_ap,0.9905137801876954
totalvi,202937150118_R04C01,heldout_marker,CD25_T,true_auc,0.8735391206630145
totalvi,202937150118_R04C01,heldout_marker,CD25_T,effect_concordance,0.8913190054782976
totalvi,202937150118_R04C01,heldout_marker,CD25_T,spearman_true_pred,0.7757260696737204
totalvi,202937150118_R04C01,heldout_marker,CD25_T,discordant_n,48.0
totalvi,202937150118_R04C01,heldout_marker,CD25_T,discordant_spearman,0.7665835952915842
totalvi,202937150118_R04C01,heldout_marker,CD69_T,n_cells,1098.0
totalvi,202937150118_R04C01,heldout_marker,CD69_T,pred_auc,0.9967516505127124
totalvi,202937150118_R04C01,heldout_marker,CD69_T,pred_ap,0.998156210507027
totalvi,202937150118_R04C01,heldout_marker,CD69_T,true_auc,0.9864131198201995
totalvi,202937150118_R04C01,heldout_marker,CD69_T,effect_concordance,0.9896614693074871
totalvi,202937150118_R04C01,heldout_marker,CD69_T,spearman_true_pred,0.8505160435372195
totalvi,202937150118_R04C01,heldout_marker,CD69_T,discordant_n,92.0
totalvi,202937150118_R04C01,heldout_marker,CD69_T,discordant_spearman,0.6957409678155931
totalvi,202937150118_R04C01,heldout_marker,HLA_DR_Monocyte,n_cells,179.0
totalvi,202937150118_R04C01,heldout_marker,HLA_DR_Monocyte,pred_auc,0.42272727272727273
totalvi,202937150118_R04C01,heldout_marker,HLA_DR_Monocyte,pred_ap,0.2537682753305169
totalvi,202937150118_R04C01,heldout_marker,HLA_DR_Monocyte,true_auc,0.5159090909090909
totalvi,202937150118_R04C01,heldout_marker,HLA_DR_Monocyte,effect_concordance,0.9068181818181819
totalvi,202937150118_R04C01,heldout_marker,HLA_DR_Monocyte,spearman_true_pred,0.5302536376110023
totalvi,202937150118_R04C01,heldout_marker,HLA_DR_Monocyte,discordant_n,20.0
totalvi,202937150118_R04C01,heldout_marker,HLA_DR_Monocyte,discordant_spearman,0.24511278195488717
totalvi,202937150118_R04C01,latent_response,T_cell_direct,n_cells,1098.0
totalvi,202937150118_R04C01,latent_response,T_cell_direct,auc,0.9998665542913331
totalvi,202937150118_R04C01,latent_response,T_cell_direct,balanced_accuracy,0.993763168984408
totalvi,202937150118_R04C01,latent_response,Monocyte_direct,n_cells,179.0
totalvi,202937150118_R04C01,latent_response,Monocyte_direct,auc,1.0
totalvi,202937150118_R04C01,latent_response,Monocyte_direct,balanced_accuracy,1.0
totalvi,202937150118_R04C01,latent_response,NK_indirect,n_cells,55.0
totalvi,202937150118_R04C01,latent_response,NK_indirect,auc,1.0
totalvi,202937150118_R04C01,latent_response,NK_indirect,balanced_accuracy,1.0
totalvi,202937150118_R04C01,latent_response,B_cell_indirect,n_cells,48.0
totalvi,202937150118_R04C01,latent_response,B_cell_indirect,auc,0.986328125
totalvi,202937150118_R04C01,latent_response,B_cell_indirect,balanced_accuracy,0.96875
totalvi,202937150118_R05C01,heldout_marker,CD25_T,n_cells,917.0
totalvi,202937150118_R05C01,heldout_marker,CD25_T,pred_auc,0.9928784286843183
totalvi,202937150118_R05C01,heldout_marker,CD25_T,pred_ap,0.9941464654059733
totalvi,202937150118_R05C01,heldout_marker,CD25_T,true_auc,0.9348847505069836
totalvi,202937150118_R05C01,heldout_marker,CD25_T,effect_concordance,0.9420063218226653
totalvi,202937150118_R05C01,heldout_marker,CD25_T,spearman_true_pred,0.7634919593890672
totalvi,202937150118_R05C01,heldout_marker,CD25_T,discordant_n,30.0
totalvi,202937150118_R05C01,heldout_marker,CD25_T,discordant_spearman,0.6046569780110697
totalvi,202937150118_R05C01,heldout_marker,CD69_T,n_cells,917.0
totalvi,202937150118_R05C01,heldout_marker,CD69_T,pred_auc,0.998543314958156
totalvi,202937150118_R05C01,heldout_marker,CD69_T,pred_ap,0.9989282409644566
totalvi,202937150118_R05C01,heldout_marker,CD69_T,true_auc,0.9958679653061419
totalvi,202937150118_R05C01,heldout_marker,CD69_T,effect_concordance,0.9973246503479859
totalvi,202937150118_R05C01,heldout_marker,CD69_T,spearman_true_pred,0.788004386427311
totalvi,202937150118_R05C01,heldout_marker,CD69_T,discordant_n,62.0
totalvi,202937150118_R05C01,heldout_marker,CD69_T,discordant_spearman,0.5484561570710123
totalvi,202937150118_R05C01,heldout_marker,HLA_DR_Monocyte,n_cells,167.0
totalvi,202937150118_R05C01,heldout_marker,HLA_DR_Monocyte,pred_auc,0.28154342723004694
totalvi,202937150118_R05C01,heldout_marker,HLA_DR_Monocyte,pred_ap,0.4397795170573615
totalvi,202937150118_R05C01,heldout_marker,HLA_DR_Monocyte,true_auc,0.41996772300469487
totalvi,202937150118_R05C01,heldout_marker,HLA_DR_Monocyte,effect_concordance,0.861575704225352
totalvi,202937150118_R05C01,heldout_marker,HLA_DR_Monocyte,spearman_true_pred,0.24637415097873552
totalvi,202937150118_R05C01,heldout_marker,HLA_DR_Monocyte,discordant_n,22.0
totalvi,202937150118_R05C01,heldout_marker,HLA_DR_Monocyte,discordant_spearman,-0.4511575381140599
totalvi,202937150118_R05C01,latent_response,T_cell_direct,n_cells,917.0
totalvi,202937150118_R05C01,latent_response,T_cell_direct,auc,0.999709615073358
totalvi,202937150118_R05C01,latent_response,T_cell_direct,balanced_accuracy,0.9946326392657545
totalvi,202937150118_R05C01,latent_response,Monocyte_direct,n_cells,167.0
totalvi,202937150118_R05C01,latent_response,Monocyte_direct,auc,1.0
totalvi,202937150118_R05C01,latent_response,Monocyte_direct,balanced_accuracy,1.0
totalvi,202937150118_R05C01,latent_response,NK_indirect,n_cells,37.0
totalvi,202937150118_R05C01,latent_response,NK_indirect,auc,1.0
totalvi,202937150118_R05C01,latent_response,NK_indirect,balanced_accuracy,0.9666666666666667
totalvi,202937150118_R05C01,latent_response,B_cell_indirect,n_cells,66.0
totalvi,202937150118_R05C01,latent_response,B_cell_indirect,auc,0.9923076923076923
totalvi,202937150118_R05C01,latent_response,B_cell_indirect,balanced_accuracy,0.9875
totalvi,202937150118_R06C01,heldout_marker,CD25_T,n_cells,843.0
totalvi,202937150118_R06C01,heldout_marker,CD25_T,pred_auc,0.9958072349310095
totalvi,202937150118_R06C01,heldout_marker,CD25_T,pred_ap,0.9962154565497621
totalvi,202937150118_R06C01,heldout_marker,CD25_T,true_auc,0.9206239787581699
totalvi,202937150118_R06C01,heldout_marker,CD25_T,effect_concordance,0.9248167438271604
totalvi,202937150118_R06C01,heldout_marker,CD25_T,spearman_true_pred,0.7539805833220222
totalvi,202937150118_R06C01,heldout_marker,CD25_T,discordant_n,20.0
totalvi,202937150118_R06C01,heldout_marker,CD25_T,discordant_spearman,0.5532852148604606
totalvi,202937150118_R06C01,heldout_marker,CD69_T,n_cells,843.0
totalvi,202937150118_R06C01,heldout_marker,CD69_T,pred_auc,0.9988993282498184
totalvi,202937150118_R06C01,heldout_marker,CD69_T,pred_ap,0.9988892121943277
totalvi,202937150118_R06C01,heldout_marker,CD69_T,true_auc,0.9930243509440813
totalvi,202937150118_R06C01,heldout_marker,CD69_T,effect_concordance,0.9941250226942628
totalvi,202937150118_R06C01,heldout_marker,CD69_T,spearman_true_pred,0.7900278082751767
totalvi,202937150118_R06C01,heldout_marker,CD69_T,discordant_n,51.0
totalvi,202937150118_R06C01,heldout_marker,CD69_T,discordant_spearman,0.6471453597586234
totalvi,202937150118_R06C01,heldout_marker,HLA_DR_Monocyte,n_cells,181.0
totalvi,202937150118_R06C01,heldout_marker,HLA_DR_Monocyte,pred_auc,0.18407960199004977
totalvi,202937150118_R06C01,heldout_marker,HLA_DR_Monocyte,pred_ap,0.2400749159601471
totalvi,202937150118_R06C01,heldout_marker,HLA_DR_Monocyte,true_auc,0.42380204241948155
totalvi,202937150118_R06C01,heldout_marker,HLA_DR_Monocyte,effect_concordance,0.7602775595705682
totalvi,202937150118_R06C01,heldout_marker,HLA_DR_Monocyte,spearman_true_pred,0.38910579859839906
totalvi,202937150118_R06C01,heldout_marker,HLA_DR_Monocyte,discordant_n,20.0
totalvi,202937150118_R06C01,heldout_marker,HLA_DR_Monocyte,discordant_spearman,-0.3609022556390977
totalvi,202937150118_R06C01,latent_response,T_cell_direct,n_cells,843.0
totalvi,202937150118_R06C01,latent_response,T_cell_direct,auc,0.9997730573710966
totalvi,202937150118_R06C01,latent_response,T_cell_direct,balanced_accuracy,0.9930385348583878
totalvi,202937150118_R06C01,latent_response,Monocyte_direct,n_cells,181.0
totalvi,202937150118_R06C01,latent_response,Monocyte_direct,auc,1.0
totalvi,202937150118_R06C01,latent_response,Monocyte_direct,balanced_accuracy,1.0
totalvi,202937150118_R06C01,latent_response,NK_indirect,n_cells,60.0
totalvi,202937150118_R06C01,latent_response,NK_indirect,auc,0.9799107142857144
totalvi,202937150118_R06C01,latent_response,NK_indirect,balanced_accuracy,0.9665178571428572
totalvi,202937150118_R06C01,latent_response,B_cell_indirect,n_cells,104.0
totalvi,202937150118_R06C01,latent_response,B_cell_indirect,auc,1.0
totalvi,202937150118_R06C01,latent_response,B_cell_indirect,balanced_accuracy,0.9920634920634921
totalvi,202937150118_R07C01,heldout_marker,CD25_T,n_cells,778.0
totalvi,202937150118_R07C01,heldout_marker,CD25_T,pred_auc,0.9906980556067778
totalvi,202937150118_R07C01,heldout_marker,CD25_T,pred_ap,0.9945983123372059
totalvi,202937150118_R07C01,heldout_marker,CD25_T,true_auc,0.9229652850342506
totalvi,202937150118_R07C01,heldout_marker,CD25_T,effect_concordance,0.9322672294274728
totalvi,202937150118_R07C01,heldout_marker,CD25_T,spearman_true_pred,0.8030957501672311
totalvi,202937150118_R07C01,heldout_marker,CD25_T,discordant_n,33.0
totalvi,202937150118_R07C01,heldout_marker,CD25_T,discordant_spearman,0.7449704442107129
totalvi,202937150118_R07C01,heldout_marker,CD69_T,n_cells,778.0
totalvi,202937150118_R07C01,heldout_marker,CD69_T,pred_auc,0.998292594641479
totalvi,202937150118_R07C01,heldout_marker,CD69_T,pred_ap,0.9989647214533353
totalvi,202937150118_R07C01,heldout_marker,CD69_T,true_auc,0.9952602427247458
totalvi,202937150118_R07C01,heldout_marker,CD69_T,effect_concordance,0.9969676480832668
totalvi,202937150118_R07C01,heldout_marker,CD69_T,spearman_true_pred,0.8401192700519685
totalvi,202937150118_R07C01,heldout_marker,CD69_T,discordant_n,44.0
totalvi,202937150118_R07C01,heldout_marker,CD69_T,discordant_spearman,0.4281888653981677
totalvi,202937150118_R07C01,heldout_marker,HLA_DR_Monocyte,n_cells,254.0
totalvi,202937150118_R07C01,heldout_marker,HLA_DR_Monocyte,pred_auc,0.2051759448892199
totalvi,202937150118_R07C01,heldout_marker,HLA_DR_Monocyte,pred_ap,0.33348166286941605
totalvi,202937150118_R07C01,heldout_marker,HLA_DR_Monocyte,true_auc,0.5461118351641532
totalvi,202937150118_R07C01,heldout_marker,HLA_DR_Monocyte,effect_concordance,0.6590641097250667
totalvi,202937150118_R07C01,heldout_marker,HLA_DR_Monocyte,spearman_true_pred,0.2562081878133176
totalvi,202937150118_R07C01,heldout_marker,HLA_DR_Monocyte,discordant_n,39.0
totalvi,202937150118_R07C01,heldout_marker,HLA_DR_Monocyte,discordant_spearman,-0.47327935222672063
totalvi,202937150118_R07C01,latent_response,T_cell_direct,n_cells,778.0
totalvi,202937150118_R07C01,latent_response,T_cell_direct,auc,0.9999385334070933
totalvi,202937150118_R07C01,latent_response,T_cell_direct,balanced_accuracy,0.9946865545242827
totalvi,202937150118_R07C01,latent_response,Monocyte_direct,n_cells,254.0
totalvi,202937150118_R07C01,latent_response,Monocyte_direct,auc,1.0
totalvi,202937150118_R07C01,latent_response,Monocyte_direct,balanced_accuracy,1.0
totalvi,202937150118_R07C01,latent_response,NK_indirect,n_cells,122.0
totalvi,202937150118_R07C01,latent_response,NK_indirect,auc,0.9937070938215102
totalvi,202937150118_R07C01,latent_response,NK_indirect,balanced_accuracy,0.9476544622425629
totalvi,202937150118_R07C01,latent_response,B_cell_indirect,n_cells,97.0
totalvi,202937150118_R07C01,latent_response,B_cell_indirect,auc,0.9927536231884058
totalvi,202937150118_R07C01,latent_response,B_cell_indirect,balanced_accuracy,0.9604037267080745
totalvi,202937150118_R08C01,heldout_marker,CD25_T,n_cells,1052.0
totalvi,202937150118_R08C01,heldout_marker,CD25_T,pred_auc,0.9916591081576366
totalvi,202937150118_R08C01,heldout_marker,CD25_T,pred_ap,0.994653174534299
totalvi,202937150118_R08C01,heldout_marker,CD25_T,true_auc,0.8963089795087277
totalvi,202937150118_R08C01,heldout_marker,CD25_T,effect_concordance,0.9046498713510911
totalvi,202937150118_R08C01,heldout_marker,CD25_T,spearman_true_pred,0.7708375088942852
totalvi,202937150118_R08C01,heldout_marker,CD25_T,discordant_n,45.0
totalvi,202937150118_R08C01,heldout_marker,CD25_T,discordant_spearman,0.5968395884351886
totalvi,202937150118_R08C01,heldout_marker,CD69_T,n_cells,1052.0
totalvi,202937150118_R08C01,heldout_marker,CD69_T,pred_auc,0.9979971493623087
totalvi,202937150118_R08C01,heldout_marker,CD69_T,pred_ap,0.9985384751649108
totalvi,202937150118_R08C01,heldout_marker,CD69_T,true_auc,0.9892508746274734
totalvi,202937150118_R08C01,heldout_marker,CD69_T,effect_concordance,0.9912537252651648
totalvi,202937150118_R08C01,heldout_marker,CD69_T,spearman_true_pred,0.8428238695925061
totalvi,202937150118_R08C01,heldout_marker,CD69_T,discordant_n,75.0
totalvi,202937150118_R08C01,heldout_marker,CD69_T,discordant_spearman,0.5767753508825483
totalvi,202937150118_R08C01,heldout_marker,HLA_DR_Monocyte,n_cells,201.0
totalvi,202937150118_R08C01,heldout_marker,HLA_DR_Monocyte,pred_auc,0.1819992035045798
totalvi,202937150118_R08C01,heldout_marker,HLA_DR_Monocyte,pred_ap,0.37427087576787704
totalvi,202937150118_R08C01,heldout_marker,HLA_DR_Monocyte,true_auc,0.4619673436877738
totalvi,202937150118_R08C01,heldout_marker,HLA_DR_Monocyte,effect_concordance,0.720031859816806
totalvi,202937150118_R08C01,heldout_marker,HLA_DR_Monocyte,spearman_true_pred,0.24285725370852157
totalvi,202937150118_R08C01,heldout_marker,HLA_DR_Monocyte,discordant_n,35.0
totalvi,202937150118_R08C01,heldout_marker,HLA_DR_Monocyte,discordant_spearman,-0.4492997198879552
totalvi,202937150118_R08C01,latent_response,T_cell_direct,n_cells,1052.0
totalvi,202937150118_R08C01,latent_response,T_cell_direct,auc,0.999341021416804
totalvi,202937150118_R08C01,latent_response,T_cell_direct,balanced_accuracy,0.9829257908668529
totalvi,202937150118_R08C01,latent_response,Monocyte_direct,n_cells,201.0
totalvi,202937150118_R08C01,latent_response,Monocyte_direct,auc,1.0
totalvi,202937150118_R08C01,latent_response,Monocyte_direct,balanced_accuracy,1.0
totalvi,202937150118_R08C01,latent_response,NK_indirect,n_cells,88.0
totalvi,202937150118_R08C01,latent_response,NK_indirect,auc,0.9899311075781664
totalvi,202937150118_R08C01,latent_response,NK_indirect,balanced_accuracy,0.9374668786433493
totalvi,202937150118_R08C01,latent_response,B_cell_indirect,n_cells,116.0
totalvi,202937150118_R08C01,latent_response,B_cell_indirect,auc,0.998062015503876
totalvi,202937150118_R08C01,latent_response,B_cell_indirect,balanced_accuracy,0.9775193798449613
fusionvi,202937150091_R01C01,heldout_marker,CD25_T,n_cells,581.0
fusionvi,202937150091_R01C01,heldout_marker,CD25_T,pred_auc,0.998140288970483
fusionvi,202937150091_R01C01,heldout_marker,CD25_T,pred_ap,0.9985450743335507
fusionvi,202937150091_R01C01,heldout_marker,CD25_T,true_auc,0.9592770969433981
fusionvi,202937150091_R01C01,heldout_marker,CD25_T,effect_concordance,0.9611368079729151
fusionvi,202937150091_R01C01,heldout_marker,CD25_T,spearman_true_pred,0.8166264080427462
fusionvi,202937150091_R01C01,heldout_marker,CD25_T,discordant_n,19.0
fusionvi,202937150091_R01C01,heldout_marker,CD25_T,discordant_spearman,0.71887517509006
fusionvi,202937150091_R01C01,heldout_marker,CD69_T,n_cells,581.0
fusionvi,202937150091_R01C01,heldout_marker,CD69_T,pred_auc,0.9996423632635545
fusionvi,202937150091_R01C01,heldout_marker,CD69_T,pred_ap,0.9997039062831259
fusionvi,202937150091_R01C01,heldout_marker,CD69_T,true_auc,0.9957977683467646
fusionvi,202937150091_R01C01,heldout_marker,CD69_T,effect_concordance,0.9961554050832101
fusionvi,202937150091_R01C01,heldout_marker,CD69_T,spearman_true_pred,0.814891004470264
fusionvi,202937150091_R01C01,heldout_marker,CD69_T,discordant_n,34.0
fusionvi,202937150091_R01C01,heldout_marker,CD69_T,discordant_spearman,0.5309396485867074
fusionvi,202937150091_R01C01,heldout_marker,HLA_DR_Monocyte,n_cells,138.0
fusionvi,202937150091_R01C01,heldout_marker,HLA_DR_Monocyte,pred_auc,0.4480218855218855
fusionvi,202937150091_R01C01,heldout_marker,HLA_DR_Monocyte,pred_ap,0.47909117651130234
fusionvi,202937150091_R01C01,heldout_marker,HLA_DR_Monocyte,true_auc,0.38489057239057234
fusionvi,202937150091_R01C01,heldout_marker,HLA_DR_Monocyte,effect_concordance,0.9368686868686869
fusionvi,202937150091_R01C01,heldout_marker,HLA_DR_Monocyte,spearman_true_pred,0.5249485139329122
fusionvi,202937150091_R01C01,heldout_marker,HLA_DR_Monocyte,discordant_n,10.0
fusionvi,202937150091_R01C01,heldout_marker,HLA_DR_Monocyte,discordant_spearman,0.6848484848484848
fusionvi,202937150091_R01C01,latent_response,T_cell_direct,n_cells,581.0
fusionvi,202937150091_R01C01,latent_response,T_cell_direct,auc,0.9997019693862954
fusionvi,202937150091_R01C01,latent_response,T_cell_direct,balanced_accuracy,0.9928055409851699
fusionvi,202937150091_R01C01,latent_response,Monocyte_direct,n_cells,138.0
fusionvi,202937150091_R01C01,latent_response,Monocyte_direct,auc,1.0
fusionvi,202937150091_R01C01,latent_response,Monocyte_direct,balanced_accuracy,1.0
fusionvi,202937150091_R01C01,latent_response,NK_indirect,n_cells,153.0
fusionvi,202937150091_R01C01,latent_response,NK_indirect,auc,0.9992585269401878
fusionvi,202937150091_R01C01,latent_response,NK_indirect,balanced_accuracy,0.9915966386554622
fusionvi,202937150091_R01C01,latent_response,B_cell_indirect,n_cells,72.0
fusionvi,202937150091_R01C01,latent_response,B_cell_indirect,auc,0.9781529294935453
fusionvi,202937150091_R01C01,latent_response,B_cell_indirect,balanced_accuracy,0.9736842105263157
fusionvi,202937150091_R02C01,heldout_marker,CD25_T,n_cells,366.0
fusionvi,202937150091_R02C01,heldout_marker,CD25_T,pred_auc,0.9973045014825241
fusionvi,202937150091_R02C01,heldout_marker,CD25_T,pred_ap,0.9976191974676963
fusionvi,202937150091_R02C01,heldout_marker,CD25_T,true_auc,0.9365210099134444
fusionvi,202937150091_R02C01,heldout_marker,CD25_T,effect_concordance,0.9392165084309203
fusionvi,202937150091_R02C01,heldout_marker,CD25_T,spearman_true_pred,0.7866559825156677
fusionvi,202937150091_R02C01,heldout_marker,CD25_T,discordant_n,15.0
fusionvi,202937150091_R02C01,heldout_marker,CD25_T,discordant_spearman,0.5829655027090173
fusionvi,202937150091_R02C01,heldout_marker,CD69_T,n_cells,366.0
fusionvi,202937150091_R02C01,heldout_marker,CD69_T,pred_auc,0.9993111503788673
fusionvi,202937150091_R02C01,heldout_marker,CD69_T,pred_ap,0.9994105873564954
fusionvi,202937150091_R02C01,heldout_marker,CD69_T,true_auc,0.9940249782862619
fusionvi,202937150091_R02C01,heldout_marker,CD69_T,effect_concordance,0.9947138279073946
fusionvi,202937150091_R02C01,heldout_marker,CD69_T,spearman_true_pred,0.8257383115338515
fusionvi,202937150091_R02C01,heldout_marker,CD69_T,discordant_n,28.0
fusionvi,202937150091_R02C01,heldout_marker,CD69_T,discordant_spearman,0.4220610413138904
fusionvi,202937150091_R02C01,heldout_marker,HLA_DR_Monocyte,n_cells,123.0
fusionvi,202937150091_R02C01,heldout_marker,HLA_DR_Monocyte,pred_auc,0.18283582089552236
fusionvi,202937150091_R02C01,heldout_marker,HLA_DR_Monocyte,pred_ap,0.38352915938166937
fusionvi,202937150091_R02C01,heldout_marker,HLA_DR_Monocyte,true_auc,0.3406183368869936
fusionvi,202937150091_R02C01,heldout_marker,HLA_DR_Monocyte,effect_concordance,0.8422174840085288
fusionvi,202937150091_R02C01,heldout_marker,HLA_DR_Monocyte,spearman_true_pred,0.36752725173740014
fusionvi,202937150091_R02C01,heldout_marker,HLA_DR_Monocyte,discordant_n,13.0
fusionvi,202937150091_R02C01,heldout_marker,HLA_DR_Monocyte,discordant_spearman,-0.45604395604395603
fusionvi,202937150091_R02C01,latent_response,T_cell_direct,n_cells,366.0
fusionvi,202937150091_R02C01,latent_response,T_cell_direct,auc,0.9997604001317799
fusionvi,202937150091_R02C01,latent_response,T_cell_direct,balanced_accuracy,0.9919284794393363
fusionvi,202937150091_R02C01,latent_response,Monocyte_direct,n_cells,123.0
fusionvi,202937150091_R02C01,latent_response,Monocyte_direct,auc,1.0
fusionvi,202937150091_R02C01,latent_response,Monocyte_direct,balanced_accuracy,1.0
fusionvi,202937150091_R02C01,latent_response,NK_indirect,n_cells,102.0
fusionvi,202937150091_R02C01,latent_response,NK_indirect,auc,1.0
fusionvi,202937150091_R02C01,latent_response,NK_indirect,balanced_accuracy,0.9745762711864407
fusionvi,202937150091_R02C01,latent_response,B_cell_indirect,n_cells,48.0
fusionvi,202937150091_R02C01,latent_response,B_cell_indirect,auc,0.9981024667931688
fusionvi,202937150091_R02C01,latent_response,B_cell_indirect,balanced_accuracy,0.9838709677419355
fusionvi,202937150118_R01C01,heldout_marker,CD25_T,n_cells,732.0
fusionvi,202937150118_R01C01,heldout_marker,CD25_T,pred_auc,0.9957048028114017
fusionvi,202937150118_R01C01,heldout_marker,CD25_T,pred_ap,0.9967154163777406
fusionvi,202937150118_R01C01,heldout_marker,CD25_T,true_auc,0.8898905175262067
fusionvi,202937150118_R01C01,heldout_marker,CD25_T,effect_concordance,0.894185714714805
fusionvi,202937150118_R01C01,heldout_marker,CD25_T,spearman_true_pred,0.7618485560377554
fusionvi,202937150118_R01C01,heldout_marker,CD25_T,discordant_n,27.0
fusionvi,202937150118_R01C01,heldout_marker,CD25_T,discordant_spearman,0.7483542680511022
fusionvi,202937150118_R01C01,heldout_marker,CD69_T,n_cells,732.0
fusionvi,202937150118_R01C01,heldout_marker,CD69_T,pred_auc,0.9987384735529992
fusionvi,202937150118_R01C01,heldout_marker,CD69_T,pred_ap,0.9990208467836489
fusionvi,202937150118_R01C01,heldout_marker,CD69_T,true_auc,0.9940565584357072
fusionvi,202937150118_R01C01,heldout_marker,CD69_T,effect_concordance,0.995318084882708
fusionvi,202937150118_R01C01,heldout_marker,CD69_T,spearman_true_pred,0.8315795866247544
fusionvi,202937150118_R01C01,heldout_marker,CD69_T,discordant_n,49.0
fusionvi,202937150118_R01C01,heldout_marker,CD69_T,discordant_spearman,0.3984897193819109
fusionvi,202937150118_R01C01,heldout_marker,HLA_DR_Monocyte,n_cells,99.0
fusionvi,202937150118_R01C01,heldout_marker,HLA_DR_Monocyte,pred_auc,0.36486486486486486
fusionvi,202937150118_R01C01,heldout_marker,HLA_DR_Monocyte,pred_ap,0.30905431981747544
fusionvi,202937150118_R01C01,heldout_marker,HLA_DR_Monocyte,true_auc,0.24324324324324326
fusionvi,202937150118_R01C01,heldout_marker,HLA_DR_Monocyte,effect_concordance,0.8783783783783784
fusionvi,202937150118_R01C01,heldout_marker,HLA_DR_Monocyte,spearman_true_pred,0.3952367994959034
fusionvi,202937150118_R01C01,heldout_marker,HLA_DR_Monocyte,discordant_n,8.0
fusionvi,202937150118_R01C01,heldout_marker,HLA_DR_Monocyte,discordant_spearman,
fusionvi,202937150118_R01C01,latent_response,T_cell_direct,n_cells,732.0
fusionvi,202937150118_R01C01,latent_response,T_cell_direct,auc,0.9997972546781606
fusionvi,202937150118_R01C01,latent_response,T_cell_direct,balanced_accuracy,0.9919652779863635
fusionvi,202937150118_R01C01,latent_response,Monocyte_direct,n_cells,99.0
fusionvi,202937150118_R01C01,latent_response,Monocyte_direct,auc,1.0
fusionvi,202937150118_R01C01,latent_response,Monocyte_direct,balanced_accuracy,1.0
fusionvi,202937150118_R01C01,latent_response,NK_indirect,n_cells,212.0
fusionvi,202937150118_R01C01,latent_response,NK_indirect,auc,0.9967291967291968
fusionvi,202937150118_R01C01,latent_response,NK_indirect,balanced_accuracy,0.9703222703222703
fusionvi,202937150118_R01C01,latent_response,B_cell_indirect,n_cells,70.0
fusionvi,202937150118_R01C01,latent_response,B_cell_indirect,auc,0.9804421768707483
fusionvi,202937150118_R01C01,latent_response,B_cell_indirect,balanced_accuracy,0.9761904761904762
fusionvi,202937150118_R02C01,heldout_marker,CD25_T,n_cells,740.0
fusionvi,202937150118_R02C01,heldout_marker,CD25_T,pred_auc,0.9893340346570819
fusionvi,202937150118_R02C01,heldout_marker,CD25_T,pred_ap,0.9913195453862539
fusionvi,202937150118_R02C01,heldout_marker,CD25_T,true_auc,0.8933220829315333
fusionvi,202937150118_R02C01,heldout_marker,CD25_T,effect_concordance,0.9039880482744513
fusionvi,202937150118_R02C01,heldout_marker,CD25_T,spearman_true_pred,0.7538243834871524
fusionvi,202937150118_R02C01,heldout_marker,CD25_T,discordant_n,36.0
fusionvi,202937150118_R02C01,heldout_marker,CD25_T,discordant_spearman,0.5537364346176641
fusionvi,202937150118_R02C01,heldout_marker,CD69_T,n_cells,740.0
fusionvi,202937150118_R02C01,heldout_marker,CD69_T,pred_auc,0.9983781888314193
fusionvi,202937150118_R02C01,heldout_marker,CD69_T,pred_ap,0.9984573777471062
fusionvi,202937150118_R02C01,heldout_marker,CD69_T,true_auc,0.9879752198942171
fusionvi,202937150118_R02C01,heldout_marker,CD69_T,effect_concordance,0.9895970310627978
fusionvi,202937150118_R02C01,heldout_marker,CD69_T,spearman_true_pred,0.8144743123756331
fusionvi,202937150118_R02C01,heldout_marker,CD69_T,discordant_n,55.0
fusionvi,202937150118_R02C01,heldout_marker,CD69_T,discordant_spearman,0.6190510654592813
fusionvi,202937150118_R02C01,heldout_marker,HLA_DR_Monocyte,n_cells,177.0
fusionvi,202937150118_R02C01,heldout_marker,HLA_DR_Monocyte,pred_auc,0.21748998664886515
fusionvi,202937150118_R02C01,heldout_marker,HLA_DR_Monocyte,pred_ap,0.2666996183208659
fusionvi,202937150118_R02C01,heldout_marker,HLA_DR_Monocyte,true_auc,0.4567423230974633
fusionvi,202937150118_R02C01,heldout_marker,HLA_DR_Monocyte,effect_concordance,0.7607476635514019
fusionvi,202937150118_R02C01,heldout_marker,HLA_DR_Monocyte,spearman_true_pred,0.39095368700277294
fusionvi,202937150118_R02C01,heldout_marker,HLA_DR_Monocyte,discordant_n,27.0
fusionvi,202937150118_R02C01,heldout_marker,HLA_DR_Monocyte,discordant_spearman,-0.3388278388278388
fusionvi,202937150118_R02C01,latent_response,T_cell_direct,n_cells,740.0
fusionvi,202937150118_R02C01,latent_response,T_cell_direct,auc,0.9992913707957103
fusionvi,202937150118_R02C01,latent_response,T_cell_direct,balanced_accuracy,0.9798588585955992
fusionvi,202937150118_R02C01,latent_response,Monocyte_direct,n_cells,177.0
fusionvi,202937150118_R02C01,latent_response,Monocyte_direct,auc,1.0
fusionvi,202937150118_R02C01,latent_response,Monocyte_direct,balanced_accuracy,0.9928571428571429
fusionvi,202937150118_R02C01,latent_response,NK_indirect,n_cells,73.0
fusionvi,202937150118_R02C01,latent_response,NK_indirect,auc,0.9939130434782608
fusionvi,202937150118_R02C01,latent_response,NK_indirect,balanced_accuracy,0.97
fusionvi,202937150118_R02C01,latent_response,B_cell_indirect,n_cells,67.0
fusionvi,202937150118_R02C01,latent_response,B_cell_indirect,auc,0.9981238273921201
fusionvi,202937150118_R02C01,latent_response,B_cell_indirect,balanced_accuracy,0.9615384615384616
fusionvi,202937150118_R03C01,heldout_marker,CD25_T,n_cells,1176.0
fusionvi,202937150118_R03C01,heldout_marker,CD25_T,pred_auc,0.9966339367428296
fusionvi,202937150118_R03C01,heldout_marker,CD25_T,pred_ap,0.9982412957972024
fusionvi,202937150118_R03C01,heldout_marker,CD25_T,true_auc,0.9162594815952348
fusionvi,202937150118_R03C01,heldout_marker,CD25_T,effect_concordance,0.9196255448524052
fusionvi,202937150118_R03C01,heldout_marker,CD25_T,spearman_true_pred,0.792793316107418
fusionvi,202937150118_R03C01,heldout_marker,CD25_T,discordant_n,25.0
fusionvi,202937150118_R03C01,heldout_marker,CD25_T,discordant_spearman,0.7128562543391759
fusionvi,202937150118_R03C01,heldout_marker,CD69_T,n_cells,1176.0
fusionvi,202937150118_R03C01,heldout_marker,CD69_T,pred_auc,0.9989234802301953
fusionvi,202937150118_R03C01,heldout_marker,CD69_T,pred_ap,0.9994216968775085
fusionvi,202937150118_R03C01,heldout_marker,CD69_T,true_auc,0.9958025036064965
fusionvi,202937150118_R03C01,heldout_marker,CD69_T,effect_concordance,0.9968790233763012
fusionvi,202937150118_R03C01,heldout_marker,CD69_T,spearman_true_pred,0.8400893507681328
fusionvi,202937150118_R03C01,heldout_marker,CD69_T,discordant_n,73.0
fusionvi,202937150118_R03C01,heldout_marker,CD69_T,discordant_spearman,0.4897905682821789
fusionvi,202937150118_R03C01,heldout_marker,HLA_DR_Monocyte,n_cells,125.0
fusionvi,202937150118_R03C01,heldout_marker,HLA_DR_Monocyte,pred_auc,0.4774933804060018
fusionvi,202937150118_R03C01,heldout_marker,HLA_DR_Monocyte,pred_ap,0.17464518095552145
fusionvi,202937150118_R03C01,heldout_marker,HLA_DR_Monocyte,true_auc,0.6407766990291262
fusionvi,202937150118_R03C01,heldout_marker,HLA_DR_Monocyte,effect_concordance,0.8367166813768756
fusionvi,202937150118_R03C01,heldout_marker,HLA_DR_Monocyte,spearman_true_pred,0.5450537567465116
fusionvi,202937150118_R03C01,heldout_marker,HLA_DR_Monocyte,discordant_n,9.0
fusionvi,202937150118_R03C01,heldout_marker,HLA_DR_Monocyte,discordant_spearman,
fusionvi,202937150118_R03C01,latent_response,T_cell_direct,n_cells,1176.0
fusionvi,202937150118_R03C01,latent_response,T_cell_direct,auc,0.9998790078644889
fusionvi,202937150118_R03C01,latent_response,T_cell_direct,balanced_accuracy,0.9973009446693657
fusionvi,202937150118_R03C01,latent_response,Monocyte_direct,n_cells,125.0
fusionvi,202937150118_R03C01,latent_response,Monocyte_direct,auc,1.0
fusionvi,202937150118_R03C01,latent_response,Monocyte_direct,balanced_accuracy,1.0
fusionvi,202937150118_R03C01,latent_response,NK_indirect,n_cells,89.0
fusionvi,202937150118_R03C01,latent_response,NK_indirect,auc,1.0
fusionvi,202937150118_R03C01,latent_response,NK_indirect,balanced_accuracy,1.0
fusionvi,202937150118_R03C01,latent_response,B_cell_indirect,n_cells,52.0
fusionvi,202937150118_R03C01,latent_response,B_cell_indirect,auc,1.0
fusionvi,202937150118_R03C01,latent_response,B_cell_indirect,balanced_accuracy,0.9736842105263157
fusionvi,202937150118_R04C01,heldout_marker,CD25_T,n_cells,1098.0
fusionvi,202937150118_R04C01,heldout_marker,CD25_T,pred_auc,0.9858652900688298
fusionvi,202937150118_R04C01,heldout_marker,CD25_T,pred_ap,0.9920700841200094
fusionvi,202937150118_R04C01,heldout_marker,CD25_T,true_auc,0.8735391206630145
fusionvi,202937150118_R04C01,heldout_marker,CD25_T,effect_concordance,0.8876738305941847
fusionvi,202937150118_R04C01,heldout_marker,CD25_T,spearman_true_pred,0.7750632622494067
fusionvi,202937150118_R04C01,heldout_marker,CD25_T,discordant_n,48.0
fusionvi,202937150118_R04C01,heldout_marker,CD25_T,discordant_spearman,0.7897007879064226
fusionvi,202937150118_R04C01,heldout_marker,CD69_T,n_cells,1098.0
fusionvi,202937150118_R04C01,heldout_marker,CD69_T,pred_auc,0.998015873015873
fusionvi,202937150118_R04C01,heldout_marker,CD69_T,pred_ap,0.9988241882305208
fusionvi,202937150118_R04C01,heldout_marker,CD69_T,true_auc,0.9864131198201995
fusionvi,202937150118_R04C01,heldout_marker,CD69_T,effect_concordance,0.9883972468043265
fusionvi,202937150118_R04C01,heldout_marker,CD69_T,spearman_true_pred,0.8522914634100356
fusionvi,202937150118_R04C01,heldout_marker,CD69_T,discordant_n,92.0
fusionvi,202937150118_R04C01,heldout_marker,CD69_T,discordant_spearman,0.6896450750216749
fusionvi,202937150118_R04C01,heldout_marker,HLA_DR_Monocyte,n_cells,179.0
fusionvi,202937150118_R04C01,heldout_marker,HLA_DR_Monocyte,pred_auc,0.4338709677419355
fusionvi,202937150118_R04C01,heldout_marker,HLA_DR_Monocyte,pred_ap,0.26328027107485413
fusionvi,202937150118_R04C01,heldout_marker,HLA_DR_Monocyte,true_auc,0.5159090909090909
fusionvi,202937150118_R04C01,heldout_marker,HLA_DR_Monocyte,effect_concordance,0.9179618768328446
fusionvi,202937150118_R04C01,heldout_marker,HLA_DR_Monocyte,spearman_true_pred,0.5429104087433781
fusionvi,202937150118_R04C01,heldout_marker,HLA_DR_Monocyte,discordant_n,20.0
fusionvi,202937150118_R04C01,heldout_marker,HLA_DR_Monocyte,discordant_spearman,0.12781954887218044
fusionvi,202937150118_R04C01,latent_response,T_cell_direct,n_cells,1098.0
fusionvi,202937150118_R04C01,latent_response,T_cell_direct,auc,0.9998454839162804
fusionvi,202937150118_R04C01,latent_response,T_cell_direct,balanced_accuracy,0.9942161820480404
fusionvi,202937150118_R04C01,latent_response,Monocyte_direct,n_cells,179.0
fusionvi,202937150118_R04C01,latent_response,Monocyte_direct,auc,1.0
fusionvi,202937150118_R04C01,latent_response,Monocyte_direct,balanced_accuracy,1.0
fusionvi,202937150118_R04C01,latent_response,NK_indirect,n_cells,55.0
fusionvi,202937150118_R04C01,latent_response,NK_indirect,auc,1.0
fusionvi,202937150118_R04C01,latent_response,NK_indirect,balanced_accuracy,1.0
fusionvi,202937150118_R04C01,latent_response,B_cell_indirect,n_cells,48.0
fusionvi,202937150118_R04C01,latent_response,B_cell_indirect,auc,0.99609375
fusionvi,202937150118_R04C01,latent_response,B_cell_indirect,balanced_accuracy,0.96875
fusionvi,202937150118_R05C01,heldout_marker,CD25_T,n_cells,917.0
fusionvi,202937150118_R05C01,heldout_marker,CD25_T,pred_auc,0.9963582873953901
fusionvi,202937150118_R05C01,heldout_marker,CD25_T,pred_ap,0.9967896439354754
fusionvi,202937150118_R05C01,heldout_marker,CD25_T,true_auc,0.9348847505069836
fusionvi,202937150118_R05C01,heldout_marker,CD25_T,effect_concordance,0.9385264631115935
fusionvi,202937150118_R05C01,heldout_marker,CD25_T,spearman_true_pred,0.7714681654105043
fusionvi,202937150118_R05C01,heldout_marker,CD25_T,discordant_n,30.0
fusionvi,202937150118_R05C01,heldout_marker,CD25_T,discordant_spearman,0.5788131278086805
fusionvi,202937150118_R05C01,heldout_marker,CD69_T,n_cells,917.0
fusionvi,202937150118_R05C01,heldout_marker,CD69_T,pred_auc,0.9994477925985167
fusionvi,202937150118_R05C01,heldout_marker,CD69_T,pred_ap,0.9995175937677734
fusionvi,202937150118_R05C01,heldout_marker,CD69_T,true_auc,0.9958679653061419
fusionvi,202937150118_R05C01,heldout_marker,CD69_T,effect_concordance,0.9964201727076252
fusionvi,202937150118_R05C01,heldout_marker,CD69_T,spearman_true_pred,0.7996891958239786
fusionvi,202937150118_R05C01,heldout_marker,CD69_T,discordant_n,62.0
fusionvi,202937150118_R05C01,heldout_marker,CD69_T,discordant_spearman,0.47428600587598396
fusionvi,202937150118_R05C01,heldout_marker,HLA_DR_Monocyte,n_cells,167.0
fusionvi,202937150118_R05C01,heldout_marker,HLA_DR_Monocyte,pred_auc,0.3615023474178404
fusionvi,202937150118_R05C01,heldout_marker,HLA_DR_Monocyte,pred_ap,0.4737505514702983
fusionvi,202937150118_R05C01,heldout_marker,HLA_DR_Monocyte,true_auc,0.41996772300469487
fusionvi,202937150118_R05C01,heldout_marker,HLA_DR_Monocyte,effect_concordance,0.9415346244131455
fusionvi,202937150118_R05C01,heldout_marker,HLA_DR_Monocyte,spearman_true_pred,0.31480905319767793
fusionvi,202937150118_R05C01,heldout_marker,HLA_DR_Monocyte,discordant_n,22.0
fusionvi,202937150118_R05C01,heldout_marker,HLA_DR_Monocyte,discordant_spearman,-0.10333145115753813
fusionvi,202937150118_R05C01,latent_response,T_cell_direct,n_cells,917.0
fusionvi,202937150118_R05C01,latent_response,T_cell_direct,auc,0.9999095522359639
fusionvi,202937150118_R05C01,latent_response,T_cell_direct,balanced_accuracy,0.9988789237668161
fusionvi,202937150118_R05C01,latent_response,Monocyte_direct,n_cells,167.0
fusionvi,202937150118_R05C01,latent_response,Monocyte_direct,auc,1.0
fusionvi,202937150118_R05C01,latent_response,Monocyte_direct,balanced_accuracy,1.0
fusionvi,202937150118_R05C01,latent_response,NK_indirect,n_cells,37.0
fusionvi,202937150118_R05C01,latent_response,NK_indirect,auc,1.0
fusionvi,202937150118_R05C01,latent_response,NK_indirect,balanced_accuracy,0.9666666666666667
fusionvi,202937150118_R05C01,latent_response,B_cell_indirect,n_cells,66.0
fusionvi,202937150118_R05C01,latent_response,B_cell_indirect,auc,0.9971153846153846
fusionvi,202937150118_R05C01,latent_response,B_cell_indirect,balanced_accuracy,0.9682692307692308
fusionvi,202937150118_R06C01,heldout_marker,CD25_T,n_cells,843.0
fusionvi,202937150118_R06C01,heldout_marker,CD25_T,pred_auc,0.9978497185911401
fusionvi,202937150118_R06C01,heldout_marker,CD25_T,pred_ap,0.9978488777743083
fusionvi,202937150118_R06C01,heldout_marker,CD25_T,true_auc,0.9206239787581699
fusionvi,202937150118_R06C01,heldout_marker,CD25_T,effect_concordance,0.9227742601670298
fusionvi,202937150118_R06C01,heldout_marker,CD25_T,spearman_true_pred,0.7440072827489786
fusionvi,202937150118_R06C01,heldout_marker,CD25_T,discordant_n,20.0
fusionvi,202937150118_R06C01,heldout_marker,CD25_T,discordant_spearman,0.47925946887223353
fusionvi,202937150118_R06C01,heldout_marker,CD69_T,n_cells,843.0
fusionvi,202937150118_R06C01,heldout_marker,CD69_T,pred_auc,0.9995177469135803
fusionvi,202937150118_R06C01,heldout_marker,CD69_T,pred_ap,0.9994654068929403
fusionvi,202937150118_R06C01,heldout_marker,CD69_T,true_auc,0.9930243509440813
fusionvi,202937150118_R06C01,heldout_marker,CD69_T,effect_concordance,0.993506604030501
fusionvi,202937150118_R06C01,heldout_marker,CD69_T,spearman_true_pred,0.7997397524358966
fusionvi,202937150118_R06C01,heldout_marker,CD69_T,discordant_n,51.0
fusionvi,202937150118_R06C01,heldout_marker,CD69_T,discordant_spearman,0.6113462143939776
fusionvi,202937150118_R06C01,heldout_marker,HLA_DR_Monocyte,n_cells,181.0
fusionvi,202937150118_R06C01,heldout_marker,HLA_DR_Monocyte,pred_auc,0.33817753338570306
fusionvi,202937150118_R06C01,heldout_marker,HLA_DR_Monocyte,pred_ap,0.2801684178238452
fusionvi,202937150118_R06C01,heldout_marker,HLA_DR_Monocyte,true_auc,0.42380204241948155
fusionvi,202937150118_R06C01,heldout_marker,HLA_DR_Monocyte,effect_concordance,0.9143754909662215
fusionvi,202937150118_R06C01,heldout_marker,HLA_DR_Monocyte,spearman_true_pred,0.5170156757053072
fusionvi,202937150118_R06C01,heldout_marker,HLA_DR_Monocyte,discordant_n,20.0
fusionvi,202937150118_R06C01,heldout_marker,HLA_DR_Monocyte,discordant_spearman,0.13984962406015036
fusionvi,202937150118_R06C01,latent_response,T_cell_direct,n_cells,843.0
fusionvi,202937150118_R06C01,latent_response,T_cell_direct,auc,0.9997560366739289
fusionvi,202937150118_R06C01,latent_response,T_cell_direct,balanced_accuracy,0.9902216094771241
fusionvi,202937150118_R06C01,latent_response,Monocyte_direct,n_cells,181.0
fusionvi,202937150118_R06C01,latent_response,Monocyte_direct,auc,1.0
fusionvi,202937150118_R06C01,latent_response,Monocyte_direct,balanced_accuracy,1.0
fusionvi,202937150118_R06C01,latent_response,NK_indirect,n_cells,60.0
fusionvi,202937150118_R06C01,latent_response,NK_indirect,auc,0.9854910714285715
fusionvi,202937150118_R06C01,latent_response,NK_indirect,balanced_accuracy,0.9508928571428572
fusionvi,202937150118_R06C01,latent_response,B_cell_indirect,n_cells,104.0
fusionvi,202937150118_R06C01,latent_response,B_cell_indirect,auc,1.0
fusionvi,202937150118_R06C01,latent_response,B_cell_indirect,balanced_accuracy,1.0
fusionvi,202937150118_R07C01,heldout_marker,CD25_T,n_cells,778.0
fusionvi,202937150118_R07C01,heldout_marker,CD25_T,pred_auc,0.9936689409306042
fusionvi,202937150118_R07C01,heldout_marker,CD25_T,pred_ap,0.9960599550359034
fusionvi,202937150118_R07C01,heldout_marker,CD25_T,true_auc,0.9229652850342506
fusionvi,202937150118_R07C01,heldout_marker,CD25_T,effect_concordance,0.9292963441036464
fusionvi,202937150118_R07C01,heldout_marker,CD25_T,spearman_true_pred,0.8135180019756941
fusionvi,202937150118_R07C01,heldout_marker,CD25_T,discordant_n,33.0
fusionvi,202937150118_R07C01,heldout_marker,CD25_T,discordant_spearman,0.794366319401951
fusionvi,202937150118_R07C01,heldout_marker,CD69_T,n_cells,778.0
fusionvi,202937150118_R07C01,heldout_marker,CD69_T,pred_auc,0.9994468006638392
fusionvi,202937150118_R07C01,heldout_marker,CD69_T,pred_ap,0.9996304132406956
fusionvi,202937150118_R07C01,heldout_marker,CD69_T,true_auc,0.9952602427247458
fusionvi,202937150118_R07C01,heldout_marker,CD69_T,effect_concordance,0.9958134420609066
fusionvi,202937150118_R07C01,heldout_marker,CD69_T,spearman_true_pred,0.8380019984041135
fusionvi,202937150118_R07C01,heldout_marker,CD69_T,discordant_n,44.0
fusionvi,202937150118_R07C01,heldout_marker,CD69_T,discordant_spearman,0.43213530655391114
fusionvi,202937150118_R07C01,heldout_marker,HLA_DR_Monocyte,n_cells,254.0
fusionvi,202937150118_R07C01,heldout_marker,HLA_DR_Monocyte,pred_auc,0.27220256935393783
fusionvi,202937150118_R07C01,heldout_marker,HLA_DR_Monocyte,pred_ap,0.359440694206942
fusionvi,202937150118_R07C01,heldout_marker,HLA_DR_Monocyte,true_auc,0.5461118351641532
fusionvi,202937150118_R07C01,heldout_marker,HLA_DR_Monocyte,effect_concordance,0.7260907341897846
fusionvi,202937150118_R07C01,heldout_marker,HLA_DR_Monocyte,spearman_true_pred,0.2797194987788841
fusionvi,202937150118_R07C01,heldout_marker,HLA_DR_Monocyte,discordant_n,39.0
fusionvi,202937150118_R07C01,heldout_marker,HLA_DR_Monocyte,discordant_spearman,-0.31720647773279353
fusionvi,202937150118_R07C01,latent_response,T_cell_direct,n_cells,778.0
fusionvi,202937150118_R07C01,latent_response,T_cell_direct,auc,0.9999453630285273
fusionvi,202937150118_R07C01,latent_response,T_cell_direct,balanced_accuracy,0.9921630094043887
fusionvi,202937150118_R07C01,latent_response,Monocyte_direct,n_cells,254.0
fusionvi,202937150118_R07C01,latent_response,Monocyte_direct,auc,1.0
fusionvi,202937150118_R07C01,latent_response,Monocyte_direct,balanced_accuracy,1.0
fusionvi,202937150118_R07C01,latent_response,NK_indirect,n_cells,122.0
fusionvi,202937150118_R07C01,latent_response,NK_indirect,auc,0.9957093821510297
fusionvi,202937150118_R07C01,latent_response,NK_indirect,balanced_accuracy,0.9651029748283753
fusionvi,202937150118_R07C01,latent_response,B_cell_indirect,n_cells,97.0
fusionvi,202937150118_R07C01,latent_response,B_cell_indirect,auc,0.9989648033126294
fusionvi,202937150118_R07C01,latent_response,B_cell_indirect,balanced_accuracy,0.9855072463768115
fusionvi,202937150118_R08C01,heldout_marker,CD25_T,n_cells,1052.0
fusionvi,202937150118_R08C01,heldout_marker,CD25_T,pred_auc,0.9936767673028155
fusionvi,202937150118_R08C01,heldout_marker,CD25_T,pred_ap,0.9956024305680317
fusionvi,202937150118_R08C01,heldout_marker,CD25_T,true_auc,0.8963089795087277
fusionvi,202937150118_R08C01,heldout_marker,CD25_T,effect_concordance,0.9026322122059122
fusionvi,202937150118_R08C01,heldout_marker,CD25_T,spearman_true_pred,0.7708401020893881
fusionvi,202937150118_R08C01,heldout_marker,CD25_T,discordant_n,45.0
fusionvi,202937150118_R08C01,heldout_marker,CD25_T,discordant_spearman,0.6545552110172387
fusionvi,202937150118_R08C01,heldout_marker,CD69_T,n_cells,1052.0
fusionvi,202937150118_R08C01,heldout_marker,CD69_T,pred_auc,0.9986080002961703
fusionvi,202937150118_R08C01,heldout_marker,CD69_T,pred_ap,0.9989325153435323
fusionvi,202937150118_R08C01,heldout_marker,CD69_T,true_auc,0.9892508746274734
fusionvi,202937150118_R08C01,heldout_marker,CD69_T,effect_concordance,0.9906428743313032
fusionvi,202937150118_R08C01,heldout_marker,CD69_T,spearman_true_pred,0.8467649644185431
fusionvi,202937150118_R08C01,heldout_marker,CD69_T,discordant_n,75.0
fusionvi,202937150118_R08C01,heldout_marker,CD69_T,discordant_spearman,0.5360902478236239
fusionvi,202937150118_R08C01,heldout_marker,HLA_DR_Monocyte,n_cells,201.0
fusionvi,202937150118_R08C01,heldout_marker,HLA_DR_Monocyte,pred_auc,0.22361608920748707
fusionvi,202937150118_R08C01,heldout_marker,HLA_DR_Monocyte,pred_ap,0.3926335896002779
fusionvi,202937150118_R08C01,heldout_marker,HLA_DR_Monocyte,true_auc,0.4619673436877738
fusionvi,202937150118_R08C01,heldout_marker,HLA_DR_Monocyte,effect_concordance,0.7616487455197133
fusionvi,202937150118_R08C01,heldout_marker,HLA_DR_Monocyte,spearman_true_pred,0.3367138730698778
fusionvi,202937150118_R08C01,heldout_marker,HLA_DR_Monocyte,discordant_n,35.0
fusionvi,202937150118_R08C01,heldout_marker,HLA_DR_Monocyte,discordant_spearman,-0.19019607843137257
fusionvi,202937150118_R08C01,latent_response,T_cell_direct,n_cells,1052.0
fusionvi,202937150118_R08C01,latent_response,T_cell_direct,auc,0.9996964255965052
fusionvi,202937150118_R08C01,latent_response,T_cell_direct,balanced_accuracy,0.9914628954334266
fusionvi,202937150118_R08C01,latent_response,Monocyte_direct,n_cells,201.0
fusionvi,202937150118_R08C01,latent_response,Monocyte_direct,auc,1.0
fusionvi,202937150118_R08C01,latent_response,Monocyte_direct,balanced_accuracy,1.0
fusionvi,202937150118_R08C01,latent_response,NK_indirect,n_cells,88.0
fusionvi,202937150118_R08C01,latent_response,NK_indirect,auc,0.9941706412294646
fusionvi,202937150118_R08C01,latent_response,NK_indirect,balanced_accuracy,0.9472708002119767
fusionvi,202937150118_R08C01,latent_response,B_cell_indirect,n_cells,116.0
fusionvi,202937150118_R08C01,latent_response,B_cell_indirect,auc,0.9891472868217055
fusionvi,202937150118_R08C01,latent_response,B_cell_indirect,balanced_accuracy,0.9441860465116279
rna_pca,202937150091_R01C01,latent_response,T_cell_direct,n_cells,581.0
rna_pca,202937150091_R01C01,latent_response,T_cell_direct,auc,0.9992847265271088
rna_pca,202937150091_R01C01,latent_response,T_cell_direct,balanced_accuracy,0.9850865480902198
rna_pca,202937150091_R01C01,latent_response,Monocyte_direct,n_cells,138.0
rna_pca,202937150091_R01C01,latent_response,Monocyte_direct,auc,1.0
rna_pca,202937150091_R01C01,latent_response,Monocyte_direct,balanced_accuracy,1.0
rna_pca,202937150091_R01C01,latent_response,NK_indirect,n_cells,153.0
rna_pca,202937150091_R01C01,latent_response,NK_indirect,auc,0.9992585269401878
rna_pca,202937150091_R01C01,latent_response,NK_indirect,balanced_accuracy,0.9957983193277312
rna_pca,202937150091_R01C01,latent_response,B_cell_indirect,n_cells,72.0
rna_pca,202937150091_R01C01,latent_response,B_cell_indirect,auc,0.9940417080436942
rna_pca,202937150091_R01C01,latent_response,B_cell_indirect,balanced_accuracy,0.9473684210526316
rna_pca,202937150091_R01C01,heldout_marker,CD25_T,n_cells,581.0
rna_pca,202937150091_R01C01,heldout_marker,CD25_T,pred_auc,0.99434933956416
rna_pca,202937150091_R01C01,heldout_marker,CD25_T,pred_ap,0.9960418877563738
rna_pca,202937150091_R01C01,heldout_marker,CD25_T,true_auc,0.959277096943398
rna_pca,202937150091_R01C01,heldout_marker,CD25_T,effect_concordance,0.964927757379238
rna_pca,202937150091_R01C01,heldout_marker,CD25_T,spearman_true_pred,0.7809482066018498
rna_pca,202937150091_R01C01,heldout_marker,CD25_T,discordant_n,19.0
rna_pca,202937150091_R01C01,heldout_marker,CD25_T,discordant_spearman,0.7279979564998322
rna_pca,202937150091_R01C01,heldout_marker,CD69_T,n_cells,581.0
rna_pca,202937150091_R01C01,heldout_marker,CD69_T,pred_auc,0.9988078775451814
rna_pca,202937150091_R01C01,heldout_marker,CD69_T,pred_ap,0.9989958538586206
rna_pca,202937150091_R01C01,heldout_marker,CD69_T,true_auc,0.9957977683467646
rna_pca,202937150091_R01C01,heldout_marker,CD69_T,effect_concordance,0.9969898908015832
rna_pca,202937150091_R01C01,heldout_marker,CD69_T,spearman_true_pred,0.8174026202133224
rna_pca,202937150091_R01C01,heldout_marker,CD69_T,discordant_n,34.0
rna_pca,202937150091_R01C01,heldout_marker,CD69_T,discordant_spearman,0.6073338426279602
rna_pca,202937150091_R01C01,heldout_marker,HLA_DR_Monocyte,n_cells,138.0
rna_pca,202937150091_R01C01,heldout_marker,HLA_DR_Monocyte,pred_auc,0.4974747474747475
rna_pca,202937150091_R01C01,heldout_marker,HLA_DR_Monocyte,pred_ap,0.4876281135499302
rna_pca,202937150091_R01C01,heldout_marker,HLA_DR_Monocyte,true_auc,0.3848905723905723
rna_pca,202937150091_R01C01,heldout_marker,HLA_DR_Monocyte,effect_concordance,0.8874158249158248
rna_pca,202937150091_R01C01,heldout_marker,HLA_DR_Monocyte,spearman_true_pred,0.5155052034760252
rna_pca,202937150091_R01C01,heldout_marker,HLA_DR_Monocyte,discordant_n,10.0
rna_pca,202937150091_R01C01,heldout_marker,HLA_DR_Monocyte,discordant_spearman,0.5393939393939393
protein_pca,202937150091_R01C01,latent_response,T_cell_direct,n_cells,581.0
protein_pca,202937150091_R01C01,latent_response,T_cell_direct,auc,0.9990939869343378
protein_pca,202937150091_R01C01,latent_response,T_cell_direct,balanced_accuracy,0.989074197701588
protein_pca,202937150091_R01C01,latent_response,Monocyte_direct,n_cells,138.0
protein_pca,202937150091_R01C01,latent_response,Monocyte_direct,auc,0.9962121212121212
protein_pca,202937150091_R01C01,latent_response,Monocyte_direct,balanced_accuracy,0.9633838383838385
protein_pca,202937150091_R01C01,latent_response,NK_indirect,n_cells,153.0
protein_pca,202937150091_R01C01,latent_response,NK_indirect,auc,0.6700444883835888
protein_pca,202937150091_R01C01,latent_response,NK_indirect,balanced_accuracy,0.5987394957983193
protein_pca,202937150091_R01C01,latent_response,B_cell_indirect,n_cells,72.0
protein_pca,202937150091_R01C01,latent_response,B_cell_indirect,auc,0.9026812313803376
protein_pca,202937150091_R01C01,latent_response,B_cell_indirect,balanced_accuracy,0.743793445878848
protein_pca,202937150091_R01C01,heldout_marker,CD25_T,n_cells,581.0
protein_pca,202937150091_R01C01,heldout_marker,CD25_T,pred_auc,0.993717514663106
protein_pca,202937150091_R01C01,heldout_marker,CD25_T,pred_ap,0.9952311334147308
protein_pca,202937150091_R01C01,heldout_marker,CD25_T,true_auc,0.959277096943398
protein_pca,202937150091_R01C01,heldout_marker,CD25_T,effect_concordance,0.965559582280292
protein_pca,202937150091_R01C01,heldout_marker,CD25_T,spearman_true_pred,0.7699734505400344
protein_pca,202937150091_R01C01,heldout_marker,CD25_T,discordant_n,19.0
protein_pca,202937150091_R01C01,heldout_marker,CD25_T,discordant_spearman,0.7371207379096046
protein_pca,202937150091_R01C01,heldout_marker,CD69_T,n_cells,581.0
protein_pca,202937150091_R01C01,heldout_marker,CD69_T,pred_auc,0.9984263983596396
protein_pca,202937150091_R01C01,heldout_marker,CD69_T,pred_ap,0.9986116194848784
protein_pca,202937150091_R01C01,heldout_marker,CD69_T,true_auc,0.9957977683467646
protein_pca,202937150091_R01C01,heldout_marker,CD69_T,effect_concordance,0.9973713699871252
protein_pca,202937150091_R01C01,heldout_marker,CD69_T,spearman_true_pred,0.7795059861237267
protein_pca,202937150091_R01C01,heldout_marker,CD69_T,discordant_n,34.0
protein_pca,202937150091_R01C01,heldout_marker,CD69_T,discordant_spearman,0.7408708938120702
protein_pca,202937150091_R01C01,heldout_marker,HLA_DR_Monocyte,n_cells,138.0
protein_pca,202937150091_R01C01,heldout_marker,HLA_DR_Monocyte,pred_auc,0.6624579124579124
protein_pca,202937150091_R01C01,heldout_marker,HLA_DR_Monocyte,pred_ap,0.7135990067053279
protein_pca,202937150091_R01C01,heldout_marker,HLA_DR_Monocyte,true_auc,0.3848905723905723
protein_pca,202937150091_R01C01,heldout_marker,HLA_DR_Monocyte,effect_concordance,0.7224326599326599
protein_pca,202937150091_R01C01,heldout_marker,HLA_DR_Monocyte,spearman_true_pred,0.0725828915436254
protein_pca,202937150091_R01C01,heldout_marker,HLA_DR_Monocyte,discordant_n,10.0
protein_pca,202937150091_R01C01,heldout_marker,HLA_DR_Monocyte,discordant_spearman,0.2969696969696969
equal_fusion_pca,202937150091_R01C01,latent_response,T_cell_direct,n_cells,581.0
equal_fusion_pca,202937150091_R01C01,latent_response,T_cell_direct,auc,0.9999642363263554
equal_fusion_pca,202937150091_R01C01,latent_response,T_cell_direct,balanced_accuracy,0.9944029850746268
equal_fusion_pca,202937150091_R01C01,latent_response,Monocyte_direct,n_cells,138.0
equal_fusion_pca,202937150091_R01C01,latent_response,Monocyte_direct,auc,1.0
equal_fusion_pca,202937150091_R01C01,latent_response,Monocyte_direct,balanced_accuracy,1.0
equal_fusion_pca,202937150091_R01C01,latent_response,NK_indirect,n_cells,153.0
equal_fusion_pca,202937150091_R01C01,latent_response,NK_indirect,auc,0.9901136925358378
equal_fusion_pca,202937150091_R01C01,latent_response,NK_indirect,balanced_accuracy,0.972689075630252
equal_fusion_pca,202937150091_R01C01,latent_response,B_cell_indirect,n_cells,72.0
equal_fusion_pca,202937150091_R01C01,latent_response,B_cell_indirect,auc,0.9841112214498512
equal_fusion_pca,202937150091_R01C01,latent_response,B_cell_indirect,balanced_accuracy,0.9379344587884806
equal_fusion_pca,202937150091_R01C01,heldout_marker,CD25_T,n_cells,581.0
equal_fusion_pca,202937150091_R01C01,heldout_marker,CD25_T,pred_auc,0.9992728053025608
equal_fusion_pca,202937150091_R01C01,heldout_marker,CD25_T,pred_ap,0.9993885827066687
equal_fusion_pca,202937150091_R01C01,heldout_marker,CD25_T,true_auc,0.959277096943398
equal_fusion_pca,202937150091_R01C01,heldout_marker,CD25_T,effect_concordance,0.9600042916408374
equal_fusion_pca,202937150091_R01C01,heldout_marker,CD25_T,spearman_true_pred,0.8068361890908176
equal_fusion_pca,202937150091_R01C01,heldout_marker,CD25_T,discordant_n,19.0
equal_fusion_pca,202937150091_R01C01,heldout_marker,CD25_T,discordant_spearman,0.7517171881652405
equal_fusion_pca,202937150091_R01C01,heldout_marker,CD69_T,n_cells,581.0
equal_fusion_pca,202937150091_R01C01,heldout_marker,CD69_T,pred_auc,0.9999761575509036
equal_fusion_pca,202937150091_R01C01,heldout_marker,CD69_T,pred_ap,0.9999797149956892
equal_fusion_pca,202937150091_R01C01,heldout_marker,CD69_T,true_auc,0.9957977683467646
equal_fusion_pca,202937150091_R01C01,heldout_marker,CD69_T,effect_concordance,0.995821610795861
equal_fusion_pca,202937150091_R01C01,heldout_marker,CD69_T,spearman_true_pred,0.8215172242355955
equal_fusion_pca,202937150091_R01C01,heldout_marker,CD69_T,discordant_n,34.0
equal_fusion_pca,202937150091_R01C01,heldout_marker,CD69_T,discordant_spearman,0.6889228418640182
equal_fusion_pca,202937150091_R01C01,heldout_marker,HLA_DR_Monocyte,n_cells,138.0
equal_fusion_pca,202937150091_R01C01,heldout_marker,HLA_DR_Monocyte,pred_auc,0.5772306397306398
equal_fusion_pca,202937150091_R01C01,heldout_marker,HLA_DR_Monocyte,pred_ap,0.5749929982317448
equal_fusion_pca,202937150091_R01C01,heldout_marker,HLA_DR_Monocyte,true_auc,0.3848905723905723
equal_fusion_pca,202937150091_R01C01,heldout_marker,HLA_DR_Monocyte,effect_concordance,0.8076599326599325
equal_fusion_pca,202937150091_R01C01,heldout_marker,HLA_DR_Monocyte,spearman_true_pred,0.4722796827870061
equal_fusion_pca,202937150091_R01C01,heldout_marker,HLA_DR_Monocyte,discordant_n,10.0
equal_fusion_pca,202937150091_R01C01,heldout_marker,HLA_DR_Monocyte,discordant_spearman,0.6727272727272726
rna_pca,202937150091_R02C01,latent_response,T_cell_direct,n_cells,366.0
rna_pca,202937150091_R02C01,latent_response,T_cell_direct,auc,0.9946988529156308
rna_pca,202937150091_R02C01,latent_response,T_cell_direct,balanced_accuracy,0.9783761118931384
rna_pca,202937150091_R02C01,latent_response,Monocyte_direct,n_cells,123.0
rna_pca,202937150091_R02C01,latent_response,Monocyte_direct,auc,1.0
rna_pca,202937150091_R02C01,latent_response,Monocyte_direct,balanced_accuracy,1.0
rna_pca,202937150091_R02C01,latent_response,NK_indirect,n_cells,102.0
rna_pca,202937150091_R02C01,latent_response,NK_indirect,auc,0.9925108395743004
rna_pca,202937150091_R02C01,latent_response,NK_indirect,balanced_accuracy,0.95447378793851
rna_pca,202937150091_R02C01,latent_response,B_cell_indirect,n_cells,48.0
rna_pca,202937150091_R02C01,latent_response,B_cell_indirect,auc,0.9715370018975332
rna_pca,202937150091_R02C01,latent_response,B_cell_indirect,balanced_accuracy,0.9193548387096776
rna_pca,202937150091_R02C01,heldout_marker,CD25_T,n_cells,366.0
rna_pca,202937150091_R02C01,heldout_marker,CD25_T,pred_auc,0.9837371589445626
rna_pca,202937150091_R02C01,heldout_marker,CD25_T,pred_ap,0.9885555410741204
rna_pca,202937150091_R02C01,heldout_marker,CD25_T,true_auc,0.9365210099134444
rna_pca,202937150091_R02C01,heldout_marker,CD25_T,effect_concordance,0.952783850968882
rna_pca,202937150091_R02C01,heldout_marker,CD25_T,spearman_true_pred,0.778036245729428
rna_pca,202937150091_R02C01,heldout_marker,CD25_T,discordant_n,15.0
rna_pca,202937150091_R02C01,heldout_marker,CD25_T,discordant_spearman,0.2762359612836574
rna_pca,202937150091_R02C01,heldout_marker,CD69_T,n_cells,366.0
rna_pca,202937150091_R02C01,heldout_marker,CD69_T,pred_auc,0.9908952050076372
rna_pca,202937150091_R02C01,heldout_marker,CD69_T,pred_ap,0.994527730520044
rna_pca,202937150091_R02C01,heldout_marker,CD69_T,true_auc,0.994024978286262
rna_pca,202937150091_R02C01,heldout_marker,CD69_T,effect_concordance,0.9968702267213754
rna_pca,202937150091_R02C01,heldout_marker,CD69_T,spearman_true_pred,0.7870453526209992
rna_pca,202937150091_R02C01,heldout_marker,CD69_T,discordant_n,28.0
rna_pca,202937150091_R02C01,heldout_marker,CD69_T,discordant_spearman,0.4863829250420124
rna_pca,202937150091_R02C01,heldout_marker,HLA_DR_Monocyte,n_cells,123.0
rna_pca,202937150091_R02C01,heldout_marker,HLA_DR_Monocyte,pred_auc,0.2140191897654584
rna_pca,202937150091_R02C01,heldout_marker,HLA_DR_Monocyte,pred_ap,0.3930777807540214
rna_pca,202937150091_R02C01,heldout_marker,HLA_DR_Monocyte,true_auc,0.3406183368869936
rna_pca,202937150091_R02C01,heldout_marker,HLA_DR_Monocyte,effect_concordance,0.8734008528784648
rna_pca,202937150091_R02C01,heldout_marker,HLA_DR_Monocyte,spearman_true_pred,0.4948463249504125
rna_pca,202937150091_R02C01,heldout_marker,HLA_DR_Monocyte,discordant_n,13.0
rna_pca,202937150091_R02C01,heldout_marker,HLA_DR_Monocyte,discordant_spearman,-0.2637362637362637
protein_pca,202937150091_R02C01,latent_response,T_cell_direct,n_cells,366.0
protein_pca,202937150091_R02C01,latent_response,T_cell_direct,auc,0.9991314504777022
protein_pca,202937150091_R02C01,latent_response,T_cell_direct,balanced_accuracy,0.9806672856329928
protein_pca,202937150091_R02C01,latent_response,Monocyte_direct,n_cells,123.0
protein_pca,202937150091_R02C01,latent_response,Monocyte_direct,auc,0.9901385927505332
protein_pca,202937150091_R02C01,latent_response,Monocyte_direct,balanced_accuracy,0.968683368869936
protein_pca,202937150091_R02C01,latent_response,NK_indirect,n_cells,102.0
protein_pca,202937150091_R02C01,latent_response,NK_indirect,auc,0.7863618446984627
protein_pca,202937150091_R02C01,latent_response,NK_indirect,balanced_accuracy,0.6836815135987386
protein_pca,202937150091_R02C01,latent_response,B_cell_indirect,n_cells,48.0
protein_pca,202937150091_R02C01,latent_response,B_cell_indirect,auc,0.9297912713472486
protein_pca,202937150091_R02C01,latent_response,B_cell_indirect,balanced_accuracy,0.8368121442125238
protein_pca,202937150091_R02C01,heldout_marker,CD25_T,n_cells,366.0
protein_pca,202937150091_R02C01,heldout_marker,CD25_T,pred_auc,0.9885591062924916
protein_pca,202937150091_R02C01,heldout_marker,CD25_T,pred_ap,0.9902382299654512
protein_pca,202937150091_R02C01,heldout_marker,CD25_T,true_auc,0.9365210099134444
protein_pca,202937150091_R02C01,heldout_marker,CD25_T,effect_concordance,0.9479619036209528
protein_pca,202937150091_R02C01,heldout_marker,CD25_T,spearman_true_pred,0.7603061154915727
protein_pca,202937150091_R02C01,heldout_marker,CD25_T,discordant_n,15.0
protein_pca,202937150091_R02C01,heldout_marker,CD25_T,discordant_spearman,0.7910393436759281
protein_pca,202937150091_R02C01,heldout_marker,CD69_T,n_cells,366.0
protein_pca,202937150091_R02C01,heldout_marker,CD69_T,pred_auc,0.9964060019766988
protein_pca,202937150091_R02C01,heldout_marker,CD69_T,pred_ap,0.99710864788588
protein_pca,202937150091_R02C01,heldout_marker,CD69_T,true_auc,0.994024978286262
protein_pca,202937150091_R02C01,heldout_marker,CD69_T,effect_concordance,0.997618976309563
protein_pca,202937150091_R02C01,heldout_marker,CD69_T,spearman_true_pred,0.7994785804052468
protein_pca,202937150091_R02C01,heldout_marker,CD69_T,discordant_n,28.0
protein_pca,202937150091_R02C01,heldout_marker,CD69_T,discordant_spearman,0.5840974462800533
protein_pca,202937150091_R02C01,heldout_marker,HLA_DR_Monocyte,n_cells,123.0
protein_pca,202937150091_R02C01,heldout_marker,HLA_DR_Monocyte,pred_auc,0.5666311300639659
protein_pca,202937150091_R02C01,heldout_marker,HLA_DR_Monocyte,pred_ap,0.6787382227992329
protein_pca,202937150091_R02C01,heldout_marker,HLA_DR_Monocyte,true_auc,0.3406183368869936
protein_pca,202937150091_R02C01,heldout_marker,HLA_DR_Monocyte,effect_concordance,0.7739872068230277
protein_pca,202937150091_R02C01,heldout_marker,HLA_DR_Monocyte,spearman_true_pred,0.0763901540982743
protein_pca,202937150091_R02C01,heldout_marker,HLA_DR_Monocyte,discordant_n,13.0
protein_pca,202937150091_R02C01,heldout_marker,HLA_DR_Monocyte,discordant_spearman,0.1978021978021978
equal_fusion_pca,202937150091_R02C01,latent_response,T_cell_direct,n_cells,366.0
equal_fusion_pca,202937150091_R02C01,latent_response,T_cell_direct,auc,0.9997304501482523
equal_fusion_pca,202937150091_R02C01,latent_response,T_cell_direct,balanced_accuracy,0.9919284794393364
equal_fusion_pca,202937150091_R02C01,latent_response,Monocyte_direct,n_cells,123.0
equal_fusion_pca,202937150091_R02C01,latent_response,Monocyte_direct,auc,1.0
equal_fusion_pca,202937150091_R02C01,latent_response,Monocyte_direct,balanced_accuracy,1.0
equal_fusion_pca,202937150091_R02C01,latent_response,NK_indirect,n_cells,102.0
equal_fusion_pca,202937150091_R02C01,latent_response,NK_indirect,auc,0.9664958612534488
equal_fusion_pca,202937150091_R02C01,latent_response,NK_indirect,balanced_accuracy,0.8973196689002759
equal_fusion_pca,202937150091_R02C01,latent_response,B_cell_indirect,n_cells,48.0
equal_fusion_pca,202937150091_R02C01,latent_response,B_cell_indirect,auc,0.952561669829222
equal_fusion_pca,202937150091_R02C01,latent_response,B_cell_indirect,balanced_accuracy,0.9060721062618596
equal_fusion_pca,202937150091_R02C01,heldout_marker,CD25_T,n_cells,366.0
equal_fusion_pca,202937150091_R02C01,heldout_marker,CD25_T,pred_auc,0.9938003534098055
equal_fusion_pca,202937150091_R02C01,heldout_marker,CD25_T,pred_ap,0.9949338171028964
equal_fusion_pca,202937150091_R02C01,heldout_marker,CD25_T,true_auc,0.9365210099134444
equal_fusion_pca,202937150091_R02C01,heldout_marker,CD25_T,effect_concordance,0.9427206565036388
equal_fusion_pca,202937150091_R02C01,heldout_marker,CD25_T,spearman_true_pred,0.7890049385455913
equal_fusion_pca,202937150091_R02C01,heldout_marker,CD25_T,discordant_n,15.0
equal_fusion_pca,202937150091_R02C01,heldout_marker,CD25_T,discordant_spearman,0.5901404627423591
equal_fusion_pca,202937150091_R02C01,heldout_marker,CD69_T,n_cells,366.0
equal_fusion_pca,202937150091_R02C01,heldout_marker,CD69_T,pred_auc,0.99964060019767
equal_fusion_pca,202937150091_R02C01,heldout_marker,CD69_T,pred_ap,0.9996787231530466
equal_fusion_pca,202937150091_R02C01,heldout_marker,CD69_T,true_auc,0.994024978286262
equal_fusion_pca,202937150091_R02C01,heldout_marker,CD69_T,effect_concordance,0.994384378088592
equal_fusion_pca,202937150091_R02C01,heldout_marker,CD69_T,spearman_true_pred,0.8198719138934824
equal_fusion_pca,202937150091_R02C01,heldout_marker,CD69_T,discordant_n,28.0
equal_fusion_pca,202937150091_R02C01,heldout_marker,CD69_T,discordant_spearman,0.5052689249451633
equal_fusion_pca,202937150091_R02C01,heldout_marker,HLA_DR_Monocyte,n_cells,123.0
equal_fusion_pca,202937150091_R02C01,heldout_marker,HLA_DR_Monocyte,pred_auc,0.3078358208955224
equal_fusion_pca,202937150091_R02C01,heldout_marker,HLA_DR_Monocyte,pred_ap,0.427801152867227
equal_fusion_pca,202937150091_R02C01,heldout_marker,HLA_DR_Monocyte,true_auc,0.3406183368869936
equal_fusion_pca,202937150091_R02C01,heldout_marker,HLA_DR_Monocyte,effect_concordance,0.9672174840085288
equal_fusion_pca,202937150091_R02C01,heldout_marker,HLA_DR_Monocyte,spearman_true_pred,0.454403719939836
equal_fusion_pca,202937150091_R02C01,heldout_marker,HLA_DR_Monocyte,discordant_n,13.0
equal_fusion_pca,202937150091_R02C01,heldout_marker,HLA_DR_Monocyte,discordant_spearman,-0.0769230769230769
rna_pca,202937150118_R01C01,latent_response,T_cell_direct,n_cells,732.0
rna_pca,202937150118_R01C01,latent_response,T_cell_direct,auc,0.9967035112486108
rna_pca,202937150118_R01C01,latent_response,T_cell_direct,balanced_accuracy,0.975685579551257
rna_pca,202937150118_R01C01,latent_response,Monocyte_direct,n_cells,99.0
rna_pca,202937150118_R01C01,latent_response,Monocyte_direct,auc,1.0
rna_pca,202937150118_R01C01,latent_response,Monocyte_direct,balanced_accuracy,1.0
rna_pca,202937150118_R01C01,latent_response,NK_indirect,n_cells,212.0
rna_pca,202937150118_R01C01,latent_response,NK_indirect,auc,0.9962481962481962
rna_pca,202937150118_R01C01,latent_response,NK_indirect,balanced_accuracy,0.9657046657046656
rna_pca,202937150118_R01C01,latent_response,B_cell_indirect,n_cells,70.0
rna_pca,202937150118_R01C01,latent_response,B_cell_indirect,auc,0.9829931972789115
rna_pca,202937150118_R01C01,latent_response,B_cell_indirect,balanced_accuracy,0.9404761904761904
rna_pca,202937150118_R01C01,heldout_marker,CD25_T,n_cells,732.0
rna_pca,202937150118_R01C01,heldout_marker,CD25_T,pred_auc,0.9838329378548044
rna_pca,202937150118_R01C01,heldout_marker,CD25_T,pred_ap,0.9890439386200744
rna_pca,202937150118_R01C01,heldout_marker,CD25_T,true_auc,0.8898905175262067
rna_pca,202937150118_R01C01,heldout_marker,CD25_T,effect_concordance,0.9060575796714024
rna_pca,202937150118_R01C01,heldout_marker,CD25_T,spearman_true_pred,0.7607589503984504
rna_pca,202937150118_R01C01,heldout_marker,CD25_T,discordant_n,27.0
rna_pca,202937150118_R01C01,heldout_marker,CD25_T,discordant_spearman,0.6776902003108359
rna_pca,202937150118_R01C01,heldout_marker,CD69_T,n_cells,732.0
rna_pca,202937150118_R01C01,heldout_marker,CD69_T,pred_auc,0.9952092031357944
rna_pca,202937150118_R01C01,heldout_marker,CD69_T,pred_ap,0.9963652700286594
rna_pca,202937150118_R01C01,heldout_marker,CD69_T,true_auc,0.9940565584357072
rna_pca,202937150118_R01C01,heldout_marker,CD69_T,effect_concordance,0.9988473552999128
rna_pca,202937150118_R01C01,heldout_marker,CD69_T,spearman_true_pred,0.8134396661501225
rna_pca,202937150118_R01C01,heldout_marker,CD69_T,discordant_n,49.0
rna_pca,202937150118_R01C01,heldout_marker,CD69_T,discordant_spearman,0.4491045467349014
rna_pca,202937150118_R01C01,heldout_marker,HLA_DR_Monocyte,n_cells,99.0
rna_pca,202937150118_R01C01,heldout_marker,HLA_DR_Monocyte,pred_auc,0.2663469921534437
rna_pca,202937150118_R01C01,heldout_marker,HLA_DR_Monocyte,pred_ap,0.2801665081848141
rna_pca,202937150118_R01C01,heldout_marker,HLA_DR_Monocyte,true_auc,0.2432432432432432
rna_pca,202937150118_R01C01,heldout_marker,HLA_DR_Monocyte,effect_concordance,0.9768962510897996
rna_pca,202937150118_R01C01,heldout_marker,HLA_DR_Monocyte,spearman_true_pred,0.4467464038239539
rna_pca,202937150118_R01C01,heldout_marker,HLA_DR_Monocyte,discordant_n,8.0
rna_pca,202937150118_R01C01,heldout_marker,HLA_DR_Monocyte,discordant_spearman,
protein_pca,202937150118_R01C01,latent_response,T_cell_direct,n_cells,732.0
protein_pca,202937150118_R01C01,latent_response,T_cell_direct,auc,0.997724746943802
protein_pca,202937150118_R01C01,latent_response,T_cell_direct,balanced_accuracy,0.9820307572162316
protein_pca,202937150118_R01C01,latent_response,Monocyte_direct,n_cells,99.0
protein_pca,202937150118_R01C01,latent_response,Monocyte_direct,auc,0.986922406277245
protein_pca,202937150118_R01C01,latent_response,Monocyte_direct,balanced_accuracy,0.9461639058413251
protein_pca,202937150118_R01C01,latent_response,NK_indirect,n_cells,212.0
protein_pca,202937150118_R01C01,latent_response,NK_indirect,auc,0.6276094276094276
protein_pca,202937150118_R01C01,latent_response,NK_indirect,balanced_accuracy,0.5995189995189996
protein_pca,202937150118_R01C01,latent_response,B_cell_indirect,n_cells,70.0
protein_pca,202937150118_R01C01,latent_response,B_cell_indirect,auc,0.9566326530612246
protein_pca,202937150118_R01C01,latent_response,B_cell_indirect,balanced_accuracy,0.8690476190476191
protein_pca,202937150118_R01C01,heldout_marker,CD25_T,n_cells,732.0
protein_pca,202937150118_R01C01,heldout_marker,CD25_T,pred_auc,0.9930691136274892
protein_pca,202937150118_R01C01,heldout_marker,CD25_T,pred_ap,0.9937467275591814
protein_pca,202937150118_R01C01,heldout_marker,CD25_T,true_auc,0.8898905175262067
protein_pca,202937150118_R01C01,heldout_marker,CD25_T,effect_concordance,0.8968214038987175
protein_pca,202937150118_R01C01,heldout_marker,CD25_T,spearman_true_pred,0.7332883868497793
protein_pca,202937150118_R01C01,heldout_marker,CD25_T,discordant_n,27.0
protein_pca,202937150118_R01C01,heldout_marker,CD25_T,discordant_spearman,0.6630593140386222
protein_pca,202937150118_R01C01,heldout_marker,CD69_T,n_cells,732.0
protein_pca,202937150118_R01C01,heldout_marker,CD69_T,pred_auc,0.9966209113026764
protein_pca,202937150118_R01C01,heldout_marker,CD69_T,pred_ap,0.9974236928041226
protein_pca,202937150118_R01C01,heldout_marker,CD69_T,true_auc,0.9940565584357072
protein_pca,202937150118_R01C01,heldout_marker,CD69_T,effect_concordance,0.9974356471330308
protein_pca,202937150118_R01C01,heldout_marker,CD69_T,spearman_true_pred,0.8028498432259769
protein_pca,202937150118_R01C01,heldout_marker,CD69_T,discordant_n,49.0
protein_pca,202937150118_R01C01,heldout_marker,CD69_T,discordant_spearman,0.4880351044670906
protein_pca,202937150118_R01C01,heldout_marker,HLA_DR_Monocyte,n_cells,99.0
protein_pca,202937150118_R01C01,heldout_marker,HLA_DR_Monocyte,pred_auc,0.6857018308631212
protein_pca,202937150118_R01C01,heldout_marker,HLA_DR_Monocyte,pred_ap,0.6444639010975526
protein_pca,202937150118_R01C01,heldout_marker,HLA_DR_Monocyte,true_auc,0.2432432432432432
protein_pca,202937150118_R01C01,heldout_marker,HLA_DR_Monocyte,effect_concordance,0.5575414123801221
protein_pca,202937150118_R01C01,heldout_marker,HLA_DR_Monocyte,spearman_true_pred,0.0299076055385343
protein_pca,202937150118_R01C01,heldout_marker,HLA_DR_Monocyte,discordant_n,8.0
protein_pca,202937150118_R01C01,heldout_marker,HLA_DR_Monocyte,discordant_spearman,
equal_fusion_pca,202937150118_R01C01,latent_response,T_cell_direct,n_cells,732.0
equal_fusion_pca,202937150118_R01C01,latent_response,T_cell_direct,auc,0.99944432763644
equal_fusion_pca,202937150118_R01C01,latent_response,T_cell_direct,balanced_accuracy,0.9879479169795452
equal_fusion_pca,202937150118_R01C01,latent_response,Monocyte_direct,n_cells,99.0
equal_fusion_pca,202937150118_R01C01,latent_response,Monocyte_direct,auc,1.0
equal_fusion_pca,202937150118_R01C01,latent_response,Monocyte_direct,balanced_accuracy,1.0
equal_fusion_pca,202937150118_R01C01,latent_response,NK_indirect,n_cells,212.0
equal_fusion_pca,202937150118_R01C01,latent_response,NK_indirect,auc,0.9847041847041847
equal_fusion_pca,202937150118_R01C01,latent_response,NK_indirect,balanced_accuracy,0.948100048100048
equal_fusion_pca,202937150118_R01C01,latent_response,B_cell_indirect,n_cells,70.0
equal_fusion_pca,202937150118_R01C01,latent_response,B_cell_indirect,auc,0.988095238095238
equal_fusion_pca,202937150118_R01C01,latent_response,B_cell_indirect,balanced_accuracy,0.9285714285714286
equal_fusion_pca,202937150118_R01C01,heldout_marker,CD25_T,n_cells,732.0
equal_fusion_pca,202937150118_R01C01,heldout_marker,CD25_T,pred_auc,0.9952467485657648
equal_fusion_pca,202937150118_R01C01,heldout_marker,CD25_T,pred_ap,0.9960640445087818
equal_fusion_pca,202937150118_R01C01,heldout_marker,CD25_T,true_auc,0.8898905175262067
equal_fusion_pca,202937150118_R01C01,heldout_marker,CD25_T,effect_concordance,0.8946437689604421
equal_fusion_pca,202937150118_R01C01,heldout_marker,CD25_T,spearman_true_pred,0.780237929790165
equal_fusion_pca,202937150118_R01C01,heldout_marker,CD25_T,discordant_n,27.0
equal_fusion_pca,202937150118_R01C01,heldout_marker,CD25_T,discordant_spearman,0.6767563139530349
equal_fusion_pca,202937150118_R01C01,heldout_marker,CD69_T,n_cells,732.0
equal_fusion_pca,202937150118_R01C01,heldout_marker,CD69_T,pred_auc,0.9993166731745412
equal_fusion_pca,202937150118_R01C01,heldout_marker,CD69_T,pred_ap,0.9994361561789588
equal_fusion_pca,202937150118_R01C01,heldout_marker,CD69_T,true_auc,0.9940565584357072
equal_fusion_pca,202937150118_R01C01,heldout_marker,CD69_T,effect_concordance,0.994739885261166
equal_fusion_pca,202937150118_R01C01,heldout_marker,CD69_T,spearman_true_pred,0.8288171930998097
equal_fusion_pca,202937150118_R01C01,heldout_marker,CD69_T,discordant_n,49.0
equal_fusion_pca,202937150118_R01C01,heldout_marker,CD69_T,discordant_spearman,0.4203785912916215
equal_fusion_pca,202937150118_R01C01,heldout_marker,HLA_DR_Monocyte,n_cells,99.0
equal_fusion_pca,202937150118_R01C01,heldout_marker,HLA_DR_Monocyte,pred_auc,0.3809938971229294
equal_fusion_pca,202937150118_R01C01,heldout_marker,HLA_DR_Monocyte,pred_ap,0.3870714458933948
equal_fusion_pca,202937150118_R01C01,heldout_marker,HLA_DR_Monocyte,true_auc,0.2432432432432432
equal_fusion_pca,202937150118_R01C01,heldout_marker,HLA_DR_Monocyte,effect_concordance,0.8622493461203138
equal_fusion_pca,202937150118_R01C01,heldout_marker,HLA_DR_Monocyte,spearman_true_pred,0.4018664424109796
equal_fusion_pca,202937150118_R01C01,heldout_marker,HLA_DR_Monocyte,discordant_n,8.0
equal_fusion_pca,202937150118_R01C01,heldout_marker,HLA_DR_Monocyte,discordant_spearman,
rna_pca,202937150118_R02C01,latent_response,T_cell_direct,n_cells,740.0
rna_pca,202937150118_R02C01,latent_response,T_cell_direct,auc,0.9962888284971216
rna_pca,202937150118_R02C01,latent_response,T_cell_direct,balanced_accuracy,0.9691636714298236
rna_pca,202937150118_R02C01,latent_response,Monocyte_direct,n_cells,177.0
rna_pca,202937150118_R02C01,latent_response,Monocyte_direct,auc,1.0
rna_pca,202937150118_R02C01,latent_response,Monocyte_direct,balanced_accuracy,0.9928571428571428
rna_pca,202937150118_R02C01,latent_response,NK_indirect,n_cells,73.0
rna_pca,202937150118_R02C01,latent_response,NK_indirect,auc,0.98
rna_pca,202937150118_R02C01,latent_response,NK_indirect,balanced_accuracy,0.9082608695652176
rna_pca,202937150118_R02C01,latent_response,B_cell_indirect,n_cells,67.0
rna_pca,202937150118_R02C01,latent_response,B_cell_indirect,auc,0.9868667917448404
rna_pca,202937150118_R02C01,latent_response,B_cell_indirect,balanced_accuracy,0.949343339587242
rna_pca,202937150118_R02C01,heldout_marker,CD25_T,n_cells,740.0
rna_pca,202937150118_R02C01,heldout_marker,CD25_T,pred_auc,0.9598565208497706
rna_pca,202937150118_R02C01,heldout_marker,CD25_T,pred_ap,0.9712492431815064
rna_pca,202937150118_R02C01,heldout_marker,CD25_T,true_auc,0.8933220829315333
rna_pca,202937150118_R02C01,heldout_marker,CD25_T,effect_concordance,0.9334655620817628
rna_pca,202937150118_R02C01,heldout_marker,CD25_T,spearman_true_pred,0.750178534967162
rna_pca,202937150118_R02C01,heldout_marker,CD25_T,discordant_n,36.0
rna_pca,202937150118_R02C01,heldout_marker,CD25_T,discordant_spearman,0.6753361711452738
rna_pca,202937150118_R02C01,heldout_marker,CD69_T,n_cells,740.0
rna_pca,202937150118_R02C01,heldout_marker,CD69_T,pred_auc,0.9924388533356712
rna_pca,202937150118_R02C01,heldout_marker,CD69_T,pred_ap,0.9935818948037812
rna_pca,202937150118_R02C01,heldout_marker,CD69_T,true_auc,0.9879752198942172
rna_pca,202937150118_R02C01,heldout_marker,CD69_T,effect_concordance,0.995536366558546
rna_pca,202937150118_R02C01,heldout_marker,CD69_T,spearman_true_pred,0.7855811355066621
rna_pca,202937150118_R02C01,heldout_marker,CD69_T,discordant_n,55.0
rna_pca,202937150118_R02C01,heldout_marker,CD69_T,discordant_spearman,0.6134945075481822
rna_pca,202937150118_R02C01,heldout_marker,HLA_DR_Monocyte,n_cells,177.0
rna_pca,202937150118_R02C01,heldout_marker,HLA_DR_Monocyte,pred_auc,0.3455273698264353
rna_pca,202937150118_R02C01,heldout_marker,HLA_DR_Monocyte,pred_ap,0.303018544867093
rna_pca,202937150118_R02C01,heldout_marker,HLA_DR_Monocyte,true_auc,0.4567423230974633
rna_pca,202937150118_R02C01,heldout_marker,HLA_DR_Monocyte,effect_concordance,0.888785046728972
rna_pca,202937150118_R02C01,heldout_marker,HLA_DR_Monocyte,spearman_true_pred,0.4763224371962308
rna_pca,202937150118_R02C01,heldout_marker,HLA_DR_Monocyte,discordant_n,27.0
rna_pca,202937150118_R02C01,heldout_marker,HLA_DR_Monocyte,discordant_spearman,-0.1477411477411477
protein_pca,202937150118_R02C01,latent_response,T_cell_direct,n_cells,740.0
protein_pca,202937150118_R02C01,latent_response,T_cell_direct,auc,0.9974942286899856
protein_pca,202937150118_R02C01,latent_response,T_cell_direct,balanced_accuracy,0.9717498027526956
protein_pca,202937150118_R02C01,latent_response,Monocyte_direct,n_cells,177.0
protein_pca,202937150118_R02C01,latent_response,Monocyte_direct,auc,0.9911882510013352
protein_pca,202937150118_R02C01,latent_response,Monocyte_direct,balanced_accuracy,0.9477970627503338
protein_pca,202937150118_R02C01,latent_response,NK_indirect,n_cells,73.0
protein_pca,202937150118_R02C01,latent_response,NK_indirect,auc,0.6330434782608695
protein_pca,202937150118_R02C01,latent_response,NK_indirect,balanced_accuracy,0.5726086956521739
protein_pca,202937150118_R02C01,latent_response,B_cell_indirect,n_cells,67.0
protein_pca,202937150118_R02C01,latent_response,B_cell_indirect,auc,0.8405253283302063
protein_pca,202937150118_R02C01,latent_response,B_cell_indirect,balanced_accuracy,0.7818949343339587
protein_pca,202937150118_R02C01,heldout_marker,CD25_T,n_cells,740.0
protein_pca,202937150118_R02C01,heldout_marker,CD25_T,pred_auc,0.99299406796996
protein_pca,202937150118_R02C01,heldout_marker,CD25_T,pred_ap,0.992309761100904
protein_pca,202937150118_R02C01,heldout_marker,CD25_T,true_auc,0.8933220829315333
protein_pca,202937150118_R02C01,heldout_marker,CD25_T,effect_concordance,0.9003280149615733
protein_pca,202937150118_R02C01,heldout_marker,CD25_T,spearman_true_pred,0.6971937261729495
protein_pca,202937150118_R02C01,heldout_marker,CD25_T,discordant_n,36.0
protein_pca,202937150118_R02C01,heldout_marker,CD25_T,discordant_spearman,0.5545209490468744
protein_pca,202937150118_R02C01,heldout_marker,CD69_T,n_cells,740.0
protein_pca,202937150118_R02C01,heldout_marker,CD69_T,pred_auc,0.9966467958271236
protein_pca,202937150118_R02C01,heldout_marker,CD69_T,pred_ap,0.996605257312487
protein_pca,202937150118_R02C01,heldout_marker,CD69_T,true_auc,0.9879752198942172
protein_pca,202937150118_R02C01,heldout_marker,CD69_T,effect_concordance,0.9913284240670934
protein_pca,202937150118_R02C01,heldout_marker,CD69_T,spearman_true_pred,0.7743614592114754
protein_pca,202937150118_R02C01,heldout_marker,CD69_T,discordant_n,55.0
protein_pca,202937150118_R02C01,heldout_marker,CD69_T,discordant_spearman,0.4740754181424199
protein_pca,202937150118_R02C01,heldout_marker,HLA_DR_Monocyte,n_cells,177.0
protein_pca,202937150118_R02C01,heldout_marker,HLA_DR_Monocyte,pred_auc,0.5951935914552736
protein_pca,202937150118_R02C01,heldout_marker,HLA_DR_Monocyte,pred_ap,0.574223116376479
protein_pca,202937150118_R02C01,heldout_marker,HLA_DR_Monocyte,true_auc,0.4567423230974633
protein_pca,202937150118_R02C01,heldout_marker,HLA_DR_Monocyte,effect_concordance,0.8615487316421897
protein_pca,202937150118_R02C01,heldout_marker,HLA_DR_Monocyte,spearman_true_pred,0.2321297660975661
protein_pca,202937150118_R02C01,heldout_marker,HLA_DR_Monocyte,discordant_n,27.0
protein_pca,202937150118_R02C01,heldout_marker,HLA_DR_Monocyte,discordant_spearman,0.2557997557997558
equal_fusion_pca,202937150118_R02C01,latent_response,T_cell_direct,n_cells,740.0
equal_fusion_pca,202937150118_R02C01,latent_response,T_cell_direct,auc,0.999620116302855
equal_fusion_pca,202937150118_R02C01,latent_response,T_cell_direct,balanced_accuracy,0.9879679144385028
equal_fusion_pca,202937150118_R02C01,latent_response,Monocyte_direct,n_cells,177.0
equal_fusion_pca,202937150118_R02C01,latent_response,Monocyte_direct,auc,0.9975967957276368
equal_fusion_pca,202937150118_R02C01,latent_response,Monocyte_direct,balanced_accuracy,0.9928571428571428
equal_fusion_pca,202937150118_R02C01,latent_response,NK_indirect,n_cells,73.0
equal_fusion_pca,202937150118_R02C01,latent_response,NK_indirect,auc,0.9243478260869564
equal_fusion_pca,202937150118_R02C01,latent_response,NK_indirect,balanced_accuracy,0.8465217391304347
equal_fusion_pca,202937150118_R02C01,latent_response,B_cell_indirect,n_cells,67.0
equal_fusion_pca,202937150118_R02C01,latent_response,B_cell_indirect,auc,0.9812382739212008
equal_fusion_pca,202937150118_R02C01,latent_response,B_cell_indirect,balanced_accuracy,0.9441838649155724
equal_fusion_pca,202937150118_R02C01,heldout_marker,CD25_T,n_cells,740.0
equal_fusion_pca,202937150118_R02C01,heldout_marker,CD25_T,pred_auc,0.9912772858770932
equal_fusion_pca,202937150118_R02C01,heldout_marker,CD25_T,pred_ap,0.9923167359927146
equal_fusion_pca,202937150118_R02C01,heldout_marker,CD25_T,true_auc,0.8933220829315333
equal_fusion_pca,202937150118_R02C01,heldout_marker,CD25_T,effect_concordance,0.9020447970544402
equal_fusion_pca,202937150118_R02C01,heldout_marker,CD25_T,spearman_true_pred,0.7641475169603056
equal_fusion_pca,202937150118_R02C01,heldout_marker,CD25_T,discordant_n,36.0
equal_fusion_pca,202937150118_R02C01,heldout_marker,CD25_T,discordant_spearman,0.6673602744483016
equal_fusion_pca,202937150118_R02C01,heldout_marker,CD69_T,n_cells,740.0
equal_fusion_pca,202937150118_R02C01,heldout_marker,CD69_T,pred_auc,0.9993352035299962
equal_fusion_pca,202937150118_R02C01,heldout_marker,CD69_T,pred_ap,0.9993778797696626
equal_fusion_pca,202937150118_R02C01,heldout_marker,CD69_T,true_auc,0.9879752198942172
equal_fusion_pca,202937150118_R02C01,heldout_marker,CD69_T,effect_concordance,0.9886400163642208
equal_fusion_pca,202937150118_R02C01,heldout_marker,CD69_T,spearman_true_pred,0.7970091090896692
equal_fusion_pca,202937150118_R02C01,heldout_marker,CD69_T,discordant_n,55.0
equal_fusion_pca,202937150118_R02C01,heldout_marker,CD69_T,discordant_spearman,0.5574598683537855
equal_fusion_pca,202937150118_R02C01,heldout_marker,HLA_DR_Monocyte,n_cells,177.0
equal_fusion_pca,202937150118_R02C01,heldout_marker,HLA_DR_Monocyte,pred_auc,0.4356475300400534
equal_fusion_pca,202937150118_R02C01,heldout_marker,HLA_DR_Monocyte,pred_ap,0.3482295342529669
equal_fusion_pca,202937150118_R02C01,heldout_marker,HLA_DR_Monocyte,true_auc,0.4567423230974633
equal_fusion_pca,202937150118_R02C01,heldout_marker,HLA_DR_Monocyte,effect_concordance,0.97890520694259
equal_fusion_pca,202937150118_R02C01,heldout_marker,HLA_DR_Monocyte,spearman_true_pred,0.493837887793
equal_fusion_pca,202937150118_R02C01,heldout_marker,HLA_DR_Monocyte,discordant_n,27.0
equal_fusion_pca,202937150118_R02C01,heldout_marker,HLA_DR_Monocyte,discordant_spearman,-0.0079365079365079
rna_pca,202937150118_R03C01,latent_response,T_cell_direct,n_cells,1176.0
rna_pca,202937150118_R03C01,latent_response,T_cell_direct,auc,0.9984115904261096
rna_pca,202937150118_R03C01,latent_response,T_cell_direct,balanced_accuracy,0.9816324631206664
rna_pca,202937150118_R03C01,latent_response,Monocyte_direct,n_cells,125.0
rna_pca,202937150118_R03C01,latent_response,Monocyte_direct,auc,1.0
rna_pca,202937150118_R03C01,latent_response,Monocyte_direct,balanced_accuracy,1.0
rna_pca,202937150118_R03C01,latent_response,NK_indirect,n_cells,89.0
rna_pca,202937150118_R03C01,latent_response,NK_indirect,auc,1.0
rna_pca,202937150118_R03C01,latent_response,NK_indirect,balanced_accuracy,1.0
rna_pca,202937150118_R03C01,latent_response,B_cell_indirect,n_cells,52.0
rna_pca,202937150118_R03C01,latent_response,B_cell_indirect,auc,1.0
rna_pca,202937150118_R03C01,latent_response,B_cell_indirect,balanced_accuracy,0.9545454545454546
rna_pca,202937150118_R03C01,heldout_marker,CD25_T,n_cells,1176.0
rna_pca,202937150118_R03C01,heldout_marker,CD25_T,pred_auc,0.988071416383576
rna_pca,202937150118_R03C01,heldout_marker,CD25_T,pred_ap,0.9939485572148647
rna_pca,202937150118_R03C01,heldout_marker,CD25_T,true_auc,0.9162594815952348
rna_pca,202937150118_R03C01,heldout_marker,CD25_T,effect_concordance,0.9281880652116588
rna_pca,202937150118_R03C01,heldout_marker,CD25_T,spearman_true_pred,0.7876136937582522
rna_pca,202937150118_R03C01,heldout_marker,CD25_T,discordant_n,25.0
rna_pca,202937150118_R03C01,heldout_marker,CD25_T,discordant_spearman,0.6416476112221416
rna_pca,202937150118_R03C01,heldout_marker,CD69_T,n_cells,1176.0
rna_pca,202937150118_R03C01,heldout_marker,CD69_T,pred_auc,0.996270960336296
rna_pca,202937150118_R03C01,heldout_marker,CD69_T,pred_ap,0.9980483978176286
rna_pca,202937150118_R03C01,heldout_marker,CD69_T,true_auc,0.9958025036064964
rna_pca,202937150118_R03C01,heldout_marker,CD69_T,effect_concordance,0.9995315432702004
rna_pca,202937150118_R03C01,heldout_marker,CD69_T,spearman_true_pred,0.8083198589138526
rna_pca,202937150118_R03C01,heldout_marker,CD69_T,discordant_n,73.0
rna_pca,202937150118_R03C01,heldout_marker,CD69_T,discordant_spearman,0.4432907801824375
rna_pca,202937150118_R03C01,heldout_marker,HLA_DR_Monocyte,n_cells,125.0
rna_pca,202937150118_R03C01,heldout_marker,HLA_DR_Monocyte,pred_auc,0.556928508384819
rna_pca,202937150118_R03C01,heldout_marker,HLA_DR_Monocyte,pred_ap,0.1895878430790966
rna_pca,202937150118_R03C01,heldout_marker,HLA_DR_Monocyte,true_auc,0.6407766990291262
rna_pca,202937150118_R03C01,heldout_marker,HLA_DR_Monocyte,effect_concordance,0.9161518093556928
rna_pca,202937150118_R03C01,heldout_marker,HLA_DR_Monocyte,spearman_true_pred,0.6029410636063507
rna_pca,202937150118_R03C01,heldout_marker,HLA_DR_Monocyte,discordant_n,9.0
rna_pca,202937150118_R03C01,heldout_marker,HLA_DR_Monocyte,discordant_spearman,
protein_pca,202937150118_R03C01,latent_response,T_cell_direct,n_cells,1176.0
protein_pca,202937150118_R03C01,latent_response,T_cell_direct,auc,0.9976949447003892
protein_pca,202937150118_R03C01,latent_response,T_cell_direct,balanced_accuracy,0.980757596910047
protein_pca,202937150118_R03C01,latent_response,Monocyte_direct,n_cells,125.0
protein_pca,202937150118_R03C01,latent_response,Monocyte_direct,auc,0.998234774933804
protein_pca,202937150118_R03C01,latent_response,Monocyte_direct,balanced_accuracy,0.9660194174757282
protein_pca,202937150118_R03C01,latent_response,NK_indirect,n_cells,89.0
protein_pca,202937150118_R03C01,latent_response,NK_indirect,auc,0.7847826086956521
protein_pca,202937150118_R03C01,latent_response,NK_indirect,balanced_accuracy,0.6728260869565217
protein_pca,202937150118_R03C01,latent_response,B_cell_indirect,n_cells,52.0
protein_pca,202937150118_R03C01,latent_response,B_cell_indirect,auc,0.9425837320574162
protein_pca,202937150118_R03C01,latent_response,B_cell_indirect,balanced_accuracy,0.901913875598086
protein_pca,202937150118_R03C01,heldout_marker,CD25_T,n_cells,1176.0
protein_pca,202937150118_R03C01,heldout_marker,CD25_T,pred_auc,0.9834147703476196
protein_pca,202937150118_R03C01,heldout_marker,CD25_T,pred_ap,0.99085183778784
protein_pca,202937150118_R03C01,heldout_marker,CD25_T,true_auc,0.9162594815952348
protein_pca,202937150118_R03C01,heldout_marker,CD25_T,effect_concordance,0.9328447112476153
protein_pca,202937150118_R03C01,heldout_marker,CD25_T,spearman_true_pred,0.7220111539992025
protein_pca,202937150118_R03C01,heldout_marker,CD25_T,discordant_n,25.0
protein_pca,202937150118_R03C01,heldout_marker,CD25_T,discordant_spearman,0.8187069400536865
protein_pca,202937150118_R03C01,heldout_marker,CD69_T,n_cells,1176.0
protein_pca,202937150118_R03C01,heldout_marker,CD69_T,pred_auc,0.9955263933485348
protein_pca,202937150118_R03C01,heldout_marker,CD69_T,pred_ap,0.9975165274174884
protein_pca,202937150118_R03C01,heldout_marker,CD69_T,true_auc,0.9958025036064964
protein_pca,202937150118_R03C01,heldout_marker,CD69_T,effect_concordance,0.9997238897420384
protein_pca,202937150118_R03C01,heldout_marker,CD69_T,spearman_true_pred,0.7869901021290755
protein_pca,202937150118_R03C01,heldout_marker,CD69_T,discordant_n,73.0
protein_pca,202937150118_R03C01,heldout_marker,CD69_T,discordant_spearman,0.3907123867372091
protein_pca,202937150118_R03C01,heldout_marker,HLA_DR_Monocyte,n_cells,125.0
protein_pca,202937150118_R03C01,heldout_marker,HLA_DR_Monocyte,pred_auc,0.7828773168578994
protein_pca,202937150118_R03C01,heldout_marker,HLA_DR_Monocyte,pred_ap,0.5614359297941088
protein_pca,202937150118_R03C01,heldout_marker,HLA_DR_Monocyte,true_auc,0.6407766990291262
protein_pca,202937150118_R03C01,heldout_marker,HLA_DR_Monocyte,effect_concordance,0.8578993821712267
protein_pca,202937150118_R03C01,heldout_marker,HLA_DR_Monocyte,spearman_true_pred,0.1480977405359591
protein_pca,202937150118_R03C01,heldout_marker,HLA_DR_Monocyte,discordant_n,9.0
protein_pca,202937150118_R03C01,heldout_marker,HLA_DR_Monocyte,discordant_spearman,
equal_fusion_pca,202937150118_R03C01,latent_response,T_cell_direct,n_cells,1176.0
equal_fusion_pca,202937150118_R03C01,latent_response,T_cell_direct,auc,0.9997487086416306
equal_fusion_pca,202937150118_R03C01,latent_response,T_cell_direct,balanced_accuracy,0.9934524640513752
equal_fusion_pca,202937150118_R03C01,latent_response,Monocyte_direct,n_cells,125.0
equal_fusion_pca,202937150118_R03C01,latent_response,Monocyte_direct,auc,1.0
equal_fusion_pca,202937150118_R03C01,latent_response,Monocyte_direct,balanced_accuracy,1.0
equal_fusion_pca,202937150118_R03C01,latent_response,NK_indirect,n_cells,89.0
equal_fusion_pca,202937150118_R03C01,latent_response,NK_indirect,auc,0.9963768115942028
equal_fusion_pca,202937150118_R03C01,latent_response,NK_indirect,balanced_accuracy,0.975
equal_fusion_pca,202937150118_R03C01,latent_response,B_cell_indirect,n_cells,52.0
equal_fusion_pca,202937150118_R03C01,latent_response,B_cell_indirect,auc,0.9952153110047848
equal_fusion_pca,202937150118_R03C01,latent_response,B_cell_indirect,balanced_accuracy,0.9545454545454546
equal_fusion_pca,202937150118_R03C01,heldout_marker,CD25_T,n_cells,1176.0
equal_fusion_pca,202937150118_R03C01,heldout_marker,CD25_T,pred_auc,0.9952006452913894
equal_fusion_pca,202937150118_R03C01,heldout_marker,CD25_T,pred_ap,0.9973694956661416
equal_fusion_pca,202937150118_R03C01,heldout_marker,CD25_T,true_auc,0.9162594815952348
equal_fusion_pca,202937150118_R03C01,heldout_marker,CD25_T,effect_concordance,0.9210588363038454
equal_fusion_pca,202937150118_R03C01,heldout_marker,CD25_T,spearman_true_pred,0.7981378320616238
equal_fusion_pca,202937150118_R03C01,heldout_marker,CD25_T,discordant_n,25.0
equal_fusion_pca,202937150118_R03C01,heldout_marker,CD25_T,discordant_spearman,0.7909933059757056
equal_fusion_pca,202937150118_R03C01,heldout_marker,CD69_T,n_cells,1176.0
equal_fusion_pca,202937150118_R03C01,heldout_marker,CD69_T,pred_auc,0.9995873857942824
equal_fusion_pca,202937150118_R03C01,heldout_marker,CD69_T,pred_ap,0.9997833388374988
equal_fusion_pca,202937150118_R03C01,heldout_marker,CD69_T,true_auc,0.9958025036064964
equal_fusion_pca,202937150118_R03C01,heldout_marker,CD69_T,effect_concordance,0.9962151178122142
equal_fusion_pca,202937150118_R03C01,heldout_marker,CD69_T,spearman_true_pred,0.8323431129139871
equal_fusion_pca,202937150118_R03C01,heldout_marker,CD69_T,discordant_n,73.0
equal_fusion_pca,202937150118_R03C01,heldout_marker,CD69_T,discordant_spearman,0.4039186968279121
equal_fusion_pca,202937150118_R03C01,heldout_marker,HLA_DR_Monocyte,n_cells,125.0
equal_fusion_pca,202937150118_R03C01,heldout_marker,HLA_DR_Monocyte,pred_auc,0.6138570167696381
equal_fusion_pca,202937150118_R03C01,heldout_marker,HLA_DR_Monocyte,pred_ap,0.2298853025181253
equal_fusion_pca,202937150118_R03C01,heldout_marker,HLA_DR_Monocyte,true_auc,0.6407766990291262
equal_fusion_pca,202937150118_R03C01,heldout_marker,HLA_DR_Monocyte,effect_concordance,0.973080317740512
equal_fusion_pca,202937150118_R03C01,heldout_marker,HLA_DR_Monocyte,spearman_true_pred,0.605435729415192
equal_fusion_pca,202937150118_R03C01,heldout_marker,HLA_DR_Monocyte,discordant_n,9.0
equal_fusion_pca,202937150118_R03C01,heldout_marker,HLA_DR_Monocyte,discordant_spearman,
rna_pca,202937150118_R04C01,latent_response,T_cell_direct,n_cells,1098.0
rna_pca,202937150118_R04C01,latent_response,T_cell_direct,auc,0.9989780868099452
rna_pca,202937150118_R04C01,latent_response,T_cell_direct,balanced_accuracy,0.9819110830172776
rna_pca,202937150118_R04C01,latent_response,Monocyte_direct,n_cells,179.0
rna_pca,202937150118_R04C01,latent_response,Monocyte_direct,auc,1.0
rna_pca,202937150118_R04C01,latent_response,Monocyte_direct,balanced_accuracy,1.0
rna_pca,202937150118_R04C01,latent_response,NK_indirect,n_cells,55.0
rna_pca,202937150118_R04C01,latent_response,NK_indirect,auc,1.0
rna_pca,202937150118_R04C01,latent_response,NK_indirect,balanced_accuracy,1.0
rna_pca,202937150118_R04C01,latent_response,B_cell_indirect,n_cells,48.0
rna_pca,202937150118_R04C01,latent_response,B_cell_indirect,auc,0.98828125
rna_pca,202937150118_R04C01,latent_response,B_cell_indirect,balanced_accuracy,0.96875
rna_pca,202937150118_R04C01,heldout_marker,CD25_T,n_cells,1098.0
rna_pca,202937150118_R04C01,heldout_marker,CD25_T,pred_auc,0.9544915016153954
rna_pca,202937150118_R04C01,heldout_marker,CD25_T,pred_ap,0.9768641251292188
rna_pca,202937150118_R04C01,heldout_marker,CD25_T,true_auc,0.8735391206630145
rna_pca,202937150118_R04C01,heldout_marker,CD25_T,effect_concordance,0.9190476190476192
rna_pca,202937150118_R04C01,heldout_marker,CD25_T,spearman_true_pred,0.7728893757841026
rna_pca,202937150118_R04C01,heldout_marker,CD25_T,discordant_n,48.0
rna_pca,202937150118_R04C01,heldout_marker,CD25_T,discordant_spearman,0.7464721842224101
rna_pca,202937150118_R04C01,heldout_marker,CD69_T,n_cells,1098.0
rna_pca,202937150118_R04C01,heldout_marker,CD69_T,pred_auc,0.9940405955892682
rna_pca,202937150118_R04C01,heldout_marker,CD69_T,pred_ap,0.9967115748059762
rna_pca,202937150118_R04C01,heldout_marker,CD69_T,true_auc,0.9864131198201996
rna_pca,202937150118_R04C01,heldout_marker,CD69_T,effect_concordance,0.9923725242309314
rna_pca,202937150118_R04C01,heldout_marker,CD69_T,spearman_true_pred,0.8191443479561878
rna_pca,202937150118_R04C01,heldout_marker,CD69_T,discordant_n,92.0
rna_pca,202937150118_R04C01,heldout_marker,CD69_T,discordant_spearman,0.614567720282926
rna_pca,202937150118_R04C01,heldout_marker,HLA_DR_Monocyte,n_cells,179.0
rna_pca,202937150118_R04C01,heldout_marker,HLA_DR_Monocyte,pred_auc,0.3975073313782991
rna_pca,202937150118_R04C01,heldout_marker,HLA_DR_Monocyte,pred_ap,0.2457744853053341
rna_pca,202937150118_R04C01,heldout_marker,HLA_DR_Monocyte,true_auc,0.5159090909090909
rna_pca,202937150118_R04C01,heldout_marker,HLA_DR_Monocyte,effect_concordance,0.8815982404692082
rna_pca,202937150118_R04C01,heldout_marker,HLA_DR_Monocyte,spearman_true_pred,0.5868931592125642
rna_pca,202937150118_R04C01,heldout_marker,HLA_DR_Monocyte,discordant_n,20.0
rna_pca,202937150118_R04C01,heldout_marker,HLA_DR_Monocyte,discordant_spearman,-0.0120300751879699
protein_pca,202937150118_R04C01,latent_response,T_cell_direct,n_cells,1098.0
protein_pca,202937150118_R04C01,latent_response,T_cell_direct,auc,0.9969167017839584
protein_pca,202937150118_R04C01,latent_response,T_cell_direct,balanced_accuracy,0.9781078803202696
protein_pca,202937150118_R04C01,latent_response,Monocyte_direct,n_cells,179.0
protein_pca,202937150118_R04C01,latent_response,Monocyte_direct,auc,0.9982404692082112
protein_pca,202937150118_R04C01,latent_response,Monocyte_direct,balanced_accuracy,0.9828445747800588
protein_pca,202937150118_R04C01,latent_response,NK_indirect,n_cells,55.0
protein_pca,202937150118_R04C01,latent_response,NK_indirect,auc,0.7226890756302521
protein_pca,202937150118_R04C01,latent_response,NK_indirect,balanced_accuracy,0.6624649859943978
protein_pca,202937150118_R04C01,latent_response,B_cell_indirect,n_cells,48.0
protein_pca,202937150118_R04C01,latent_response,B_cell_indirect,auc,0.916015625
protein_pca,202937150118_R04C01,latent_response,B_cell_indirect,balanced_accuracy,0.84375
protein_pca,202937150118_R04C01,heldout_marker,CD25_T,n_cells,1098.0
protein_pca,202937150118_R04C01,heldout_marker,CD25_T,pred_auc,0.992811490377862
protein_pca,202937150118_R04C01,heldout_marker,CD25_T,pred_ap,0.9954635800889764
protein_pca,202937150118_R04C01,heldout_marker,CD25_T,true_auc,0.8735391206630145
protein_pca,202937150118_R04C01,heldout_marker,CD25_T,effect_concordance,0.8807276302851524
protein_pca,202937150118_R04C01,heldout_marker,CD25_T,spearman_true_pred,0.728645453229746
protein_pca,202937150118_R04C01,heldout_marker,CD25_T,discordant_n,48.0
protein_pca,202937150118_R04C01,heldout_marker,CD25_T,discordant_spearman,0.7197480537527741
protein_pca,202937150118_R04C01,heldout_marker,CD69_T,n_cells,1098.0
protein_pca,202937150118_R04C01,heldout_marker,CD69_T,pred_auc,0.9958561595729736
protein_pca,202937150118_R04C01,heldout_marker,CD69_T,pred_ap,0.9977067904105528
protein_pca,202937150118_R04C01,heldout_marker,CD69_T,true_auc,0.9864131198201996
protein_pca,202937150118_R04C01,heldout_marker,CD69_T,effect_concordance,0.9905569602472258
protein_pca,202937150118_R04C01,heldout_marker,CD69_T,spearman_true_pred,0.8266725351141091
protein_pca,202937150118_R04C01,heldout_marker,CD69_T,discordant_n,92.0
protein_pca,202937150118_R04C01,heldout_marker,CD69_T,discordant_spearman,0.6524146602461777
protein_pca,202937150118_R04C01,heldout_marker,HLA_DR_Monocyte,n_cells,179.0
protein_pca,202937150118_R04C01,heldout_marker,HLA_DR_Monocyte,pred_auc,0.8844574780058652
protein_pca,202937150118_R04C01,heldout_marker,HLA_DR_Monocyte,pred_ap,0.8492636264237052
protein_pca,202937150118_R04C01,heldout_marker,HLA_DR_Monocyte,true_auc,0.5159090909090909
protein_pca,202937150118_R04C01,heldout_marker,HLA_DR_Monocyte,effect_concordance,0.6314516129032257
protein_pca,202937150118_R04C01,heldout_marker,HLA_DR_Monocyte,spearman_true_pred,0.2351169427985412
protein_pca,202937150118_R04C01,heldout_marker,HLA_DR_Monocyte,discordant_n,20.0
protein_pca,202937150118_R04C01,heldout_marker,HLA_DR_Monocyte,discordant_spearman,0.475187969924812
equal_fusion_pca,202937150118_R04C01,latent_response,T_cell_direct,n_cells,1098.0
equal_fusion_pca,202937150118_R04C01,latent_response,T_cell_direct,auc,0.9994030060401742
equal_fusion_pca,202937150118_R04C01,latent_response,T_cell_direct,balanced_accuracy,0.990528866413822
equal_fusion_pca,202937150118_R04C01,latent_response,Monocyte_direct,n_cells,179.0
equal_fusion_pca,202937150118_R04C01,latent_response,Monocyte_direct,auc,1.0
equal_fusion_pca,202937150118_R04C01,latent_response,Monocyte_direct,balanced_accuracy,1.0
equal_fusion_pca,202937150118_R04C01,latent_response,NK_indirect,n_cells,55.0
equal_fusion_pca,202937150118_R04C01,latent_response,NK_indirect,auc,0.988795518207283
equal_fusion_pca,202937150118_R04C01,latent_response,NK_indirect,balanced_accuracy,0.9138655462184874
equal_fusion_pca,202937150118_R04C01,latent_response,B_cell_indirect,n_cells,48.0
equal_fusion_pca,202937150118_R04C01,latent_response,B_cell_indirect,auc,1.0
equal_fusion_pca,202937150118_R04C01,latent_response,B_cell_indirect,balanced_accuracy,0.96875
equal_fusion_pca,202937150118_R04C01,heldout_marker,CD25_T,n_cells,1098.0
equal_fusion_pca,202937150118_R04C01,heldout_marker,CD25_T,pred_auc,0.9840883551060542
equal_fusion_pca,202937150118_R04C01,heldout_marker,CD25_T,pred_ap,0.991031297217828
equal_fusion_pca,202937150118_R04C01,heldout_marker,CD25_T,true_auc,0.8735391206630145
equal_fusion_pca,202937150118_R04C01,heldout_marker,CD25_T,effect_concordance,0.8894507655569603
equal_fusion_pca,202937150118_R04C01,heldout_marker,CD25_T,spearman_true_pred,0.7781763000982227
equal_fusion_pca,202937150118_R04C01,heldout_marker,CD25_T,discordant_n,48.0
equal_fusion_pca,202937150118_R04C01,heldout_marker,CD25_T,discordant_spearman,0.8150586540371203
equal_fusion_pca,202937150118_R04C01,heldout_marker,CD69_T,n_cells,1098.0
equal_fusion_pca,202937150118_R04C01,heldout_marker,CD69_T,pred_auc,0.9990693917685068
equal_fusion_pca,202937150118_R04C01,heldout_marker,CD69_T,pred_ap,0.9994425442936732
equal_fusion_pca,202937150118_R04C01,heldout_marker,CD69_T,true_auc,0.9864131198201996
equal_fusion_pca,202937150118_R04C01,heldout_marker,CD69_T,effect_concordance,0.9873437280516928
equal_fusion_pca,202937150118_R04C01,heldout_marker,CD69_T,spearman_true_pred,0.8435478567841702
equal_fusion_pca,202937150118_R04C01,heldout_marker,CD69_T,discordant_n,92.0
equal_fusion_pca,202937150118_R04C01,heldout_marker,CD69_T,discordant_spearman,0.6416640022847164
equal_fusion_pca,202937150118_R04C01,heldout_marker,HLA_DR_Monocyte,n_cells,179.0
equal_fusion_pca,202937150118_R04C01,heldout_marker,HLA_DR_Monocyte,pred_auc,0.6617302052785924
equal_fusion_pca,202937150118_R04C01,heldout_marker,HLA_DR_Monocyte,pred_ap,0.4803232898672492
equal_fusion_pca,202937150118_R04C01,heldout_marker,HLA_DR_Monocyte,true_auc,0.5159090909090909
equal_fusion_pca,202937150118_R04C01,heldout_marker,HLA_DR_Monocyte,effect_concordance,0.8541788856304985
equal_fusion_pca,202937150118_R04C01,heldout_marker,HLA_DR_Monocyte,spearman_true_pred,0.5699104045595755
equal_fusion_pca,202937150118_R04C01,heldout_marker,HLA_DR_Monocyte,discordant_n,20.0
equal_fusion_pca,202937150118_R04C01,heldout_marker,HLA_DR_Monocyte,discordant_spearman,0.3218045112781954
rna_pca,202937150118_R05C01,latent_response,T_cell_direct,n_cells,917.0
rna_pca,202937150118_R05C01,latent_response,T_cell_direct,auc,0.999909552235964
rna_pca,202937150118_R05C01,latent_response,T_cell_direct,balanced_accuracy,0.99138842078204
rna_pca,202937150118_R05C01,latent_response,Monocyte_direct,n_cells,167.0
rna_pca,202937150118_R05C01,latent_response,Monocyte_direct,auc,1.0
rna_pca,202937150118_R05C01,latent_response,Monocyte_direct,balanced_accuracy,1.0
rna_pca,202937150118_R05C01,latent_response,NK_indirect,n_cells,37.0
rna_pca,202937150118_R05C01,latent_response,NK_indirect,auc,1.0
rna_pca,202937150118_R05C01,latent_response,NK_indirect,balanced_accuracy,0.9833333333333334
rna_pca,202937150118_R05C01,latent_response,B_cell_indirect,n_cells,66.0
rna_pca,202937150118_R05C01,latent_response,B_cell_indirect,auc,0.9846153846153846
rna_pca,202937150118_R05C01,latent_response,B_cell_indirect,balanced_accuracy,0.975
rna_pca,202937150118_R05C01,heldout_marker,CD25_T,n_cells,917.0
rna_pca,202937150118_R05C01,heldout_marker,CD25_T,pred_auc,0.9844667866289644
rna_pca,202937150118_R05C01,heldout_marker,CD25_T,pred_ap,0.987980065886762
rna_pca,202937150118_R05C01,heldout_marker,CD25_T,true_auc,0.9348847505069836
rna_pca,202937150118_R05C01,heldout_marker,CD25_T,effect_concordance,0.9504179638780194
rna_pca,202937150118_R05C01,heldout_marker,CD25_T,spearman_true_pred,0.7576171780000877
rna_pca,202937150118_R05C01,heldout_marker,CD25_T,discordant_n,30.0
rna_pca,202937150118_R05C01,heldout_marker,CD25_T,discordant_spearman,0.5006132017652444
rna_pca,202937150118_R05C01,heldout_marker,CD69_T,n_cells,917.0
rna_pca,202937150118_R05C01,heldout_marker,CD69_T,pred_auc,0.998471908828654
rna_pca,202937150118_R05C01,heldout_marker,CD69_T,pred_ap,0.9986028568101252
rna_pca,202937150118_R05C01,heldout_marker,CD69_T,true_auc,0.995867965306142
rna_pca,202937150118_R05C01,heldout_marker,CD69_T,effect_concordance,0.997396056477488
rna_pca,202937150118_R05C01,heldout_marker,CD69_T,spearman_true_pred,0.7985718044400708
rna_pca,202937150118_R05C01,heldout_marker,CD69_T,discordant_n,62.0
rna_pca,202937150118_R05C01,heldout_marker,CD69_T,discordant_spearman,0.4770059978383145
rna_pca,202937150118_R05C01,heldout_marker,HLA_DR_Monocyte,n_cells,167.0
rna_pca,202937150118_R05C01,heldout_marker,HLA_DR_Monocyte,pred_auc,0.4652288732394366
rna_pca,202937150118_R05C01,heldout_marker,HLA_DR_Monocyte,pred_ap,0.5198473006927486
rna_pca,202937150118_R05C01,heldout_marker,HLA_DR_Monocyte,true_auc,0.4199677230046948
rna_pca,202937150118_R05C01,heldout_marker,HLA_DR_Monocyte,effect_concordance,0.9547388497652582
rna_pca,202937150118_R05C01,heldout_marker,HLA_DR_Monocyte,spearman_true_pred,0.3973576313858312
rna_pca,202937150118_R05C01,heldout_marker,HLA_DR_Monocyte,discordant_n,22.0
rna_pca,202937150118_R05C01,heldout_marker,HLA_DR_Monocyte,discordant_spearman,-0.1925465838509317
protein_pca,202937150118_R05C01,latent_response,T_cell_direct,n_cells,917.0
protein_pca,202937150118_R05C01,latent_response,T_cell_direct,auc,0.9987765749811964
protein_pca,202937150118_R05C01,latent_response,T_cell_direct,balanced_accuracy,0.9837194024735084
protein_pca,202937150118_R05C01,latent_response,Monocyte_direct,n_cells,167.0
protein_pca,202937150118_R05C01,latent_response,Monocyte_direct,auc,0.997212441314554
protein_pca,202937150118_R05C01,latent_response,Monocyte_direct,balanced_accuracy,0.9650821596244132
protein_pca,202937150118_R05C01,latent_response,NK_indirect,n_cells,37.0
protein_pca,202937150118_R05C01,latent_response,NK_indirect,auc,0.8285714285714286
protein_pca,202937150118_R05C01,latent_response,NK_indirect,balanced_accuracy,0.6738095238095239
protein_pca,202937150118_R05C01,latent_response,B_cell_indirect,n_cells,66.0
protein_pca,202937150118_R05C01,latent_response,B_cell_indirect,auc,0.948076923076923
protein_pca,202937150118_R05C01,latent_response,B_cell_indirect,balanced_accuracy,0.8605769230769231
protein_pca,202937150118_R05C01,heldout_marker,CD25_T,n_cells,917.0
protein_pca,202937150118_R05C01,heldout_marker,CD25_T,pred_auc,0.9931878552454942
protein_pca,202937150118_R05C01,heldout_marker,CD25_T,pred_ap,0.9934851377451492
protein_pca,202937150118_R05C01,heldout_marker,CD25_T,true_auc,0.9348847505069836
protein_pca,202937150118_R05C01,heldout_marker,CD25_T,effect_concordance,0.9416968952614894
protein_pca,202937150118_R05C01,heldout_marker,CD25_T,spearman_true_pred,0.7249697210909697
protein_pca,202937150118_R05C01,heldout_marker,CD25_T,discordant_n,30.0
protein_pca,202937150118_R05C01,heldout_marker,CD25_T,discordant_spearman,0.7260785155998806
protein_pca,202937150118_R05C01,heldout_marker,CD69_T,n_cells,917.0
protein_pca,202937150118_R05C01,heldout_marker,CD69_T,pred_auc,0.9977292850818316
protein_pca,202937150118_R05C01,heldout_marker,CD69_T,pred_ap,0.9978821544656966
protein_pca,202937150118_R05C01,heldout_marker,CD69_T,true_auc,0.995867965306142
protein_pca,202937150118_R05C01,heldout_marker,CD69_T,effect_concordance,0.9981386802243104
protein_pca,202937150118_R05C01,heldout_marker,CD69_T,spearman_true_pred,0.7833147114307513
protein_pca,202937150118_R05C01,heldout_marker,CD69_T,discordant_n,62.0
protein_pca,202937150118_R05C01,heldout_marker,CD69_T,discordant_spearman,0.6553417671462924
protein_pca,202937150118_R05C01,heldout_marker,HLA_DR_Monocyte,n_cells,167.0
protein_pca,202937150118_R05C01,heldout_marker,HLA_DR_Monocyte,pred_auc,0.7434712441314555
protein_pca,202937150118_R05C01,heldout_marker,HLA_DR_Monocyte,pred_ap,0.8371402513866839
protein_pca,202937150118_R05C01,heldout_marker,HLA_DR_Monocyte,true_auc,0.4199677230046948
protein_pca,202937150118_R05C01,heldout_marker,HLA_DR_Monocyte,effect_concordance,0.6764964788732394
protein_pca,202937150118_R05C01,heldout_marker,HLA_DR_Monocyte,spearman_true_pred,0.1431936738094658
protein_pca,202937150118_R05C01,heldout_marker,HLA_DR_Monocyte,discordant_n,22.0
protein_pca,202937150118_R05C01,heldout_marker,HLA_DR_Monocyte,discordant_spearman,0.5471485036702428
equal_fusion_pca,202937150118_R05C01,latent_response,T_cell_direct,n_cells,917.0
equal_fusion_pca,202937150118_R05C01,latent_response,T_cell_direct,auc,0.9998524273323622
equal_fusion_pca,202937150118_R05C01,latent_response,T_cell_direct,balanced_accuracy,0.9935115630325708
equal_fusion_pca,202937150118_R05C01,latent_response,Monocyte_direct,n_cells,167.0
equal_fusion_pca,202937150118_R05C01,latent_response,Monocyte_direct,auc,1.0
equal_fusion_pca,202937150118_R05C01,latent_response,Monocyte_direct,balanced_accuracy,1.0
equal_fusion_pca,202937150118_R05C01,latent_response,NK_indirect,n_cells,37.0
equal_fusion_pca,202937150118_R05C01,latent_response,NK_indirect,auc,0.9904761904761904
equal_fusion_pca,202937150118_R05C01,latent_response,NK_indirect,balanced_accuracy,0.9833333333333334
equal_fusion_pca,202937150118_R05C01,latent_response,B_cell_indirect,n_cells,66.0
equal_fusion_pca,202937150118_R05C01,latent_response,B_cell_indirect,auc,0.9778846153846154
equal_fusion_pca,202937150118_R05C01,latent_response,B_cell_indirect,balanced_accuracy,0.9432692307692307
equal_fusion_pca,202937150118_R05C01,heldout_marker,CD25_T,n_cells,917.0
equal_fusion_pca,202937150118_R05C01,heldout_marker,CD25_T,pred_auc,0.9964296935248922
equal_fusion_pca,202937150118_R05C01,heldout_marker,CD25_T,pred_ap,0.9965382806911404
equal_fusion_pca,202937150118_R05C01,heldout_marker,CD25_T,true_auc,0.9348847505069836
equal_fusion_pca,202937150118_R05C01,heldout_marker,CD25_T,effect_concordance,0.9384550569820914
equal_fusion_pca,202937150118_R05C01,heldout_marker,CD25_T,spearman_true_pred,0.7724134413373297
equal_fusion_pca,202937150118_R05C01,heldout_marker,CD25_T,discordant_n,30.0
equal_fusion_pca,202937150118_R05C01,heldout_marker,CD25_T,discordant_spearman,0.656790262040027
equal_fusion_pca,202937150118_R05C01,heldout_marker,CD69_T,n_cells,917.0
equal_fusion_pca,202937150118_R05C01,heldout_marker,CD69_T,pred_auc,0.9993859072862816
equal_fusion_pca,202937150118_R05C01,heldout_marker,CD69_T,pred_ap,0.9994684660056572
equal_fusion_pca,202937150118_R05C01,heldout_marker,CD69_T,true_auc,0.995867965306142
equal_fusion_pca,202937150118_R05C01,heldout_marker,CD69_T,effect_concordance,0.9964820580198605
equal_fusion_pca,202937150118_R05C01,heldout_marker,CD69_T,spearman_true_pred,0.8039217766843346
equal_fusion_pca,202937150118_R05C01,heldout_marker,CD69_T,discordant_n,62.0
equal_fusion_pca,202937150118_R05C01,heldout_marker,CD69_T,discordant_spearman,0.5633405575315427
equal_fusion_pca,202937150118_R05C01,heldout_marker,HLA_DR_Monocyte,n_cells,167.0
equal_fusion_pca,202937150118_R05C01,heldout_marker,HLA_DR_Monocyte,pred_auc,0.6370305164319249
equal_fusion_pca,202937150118_R05C01,heldout_marker,HLA_DR_Monocyte,pred_ap,0.7117931004735135
equal_fusion_pca,202937150118_R05C01,heldout_marker,HLA_DR_Monocyte,true_auc,0.4199677230046948
equal_fusion_pca,202937150118_R05C01,heldout_marker,HLA_DR_Monocyte,effect_concordance,0.78293720657277
equal_fusion_pca,202937150118_R05C01,heldout_marker,HLA_DR_Monocyte,spearman_true_pred,0.3895529167330261
equal_fusion_pca,202937150118_R05C01,heldout_marker,HLA_DR_Monocyte,discordant_n,22.0
equal_fusion_pca,202937150118_R05C01,heldout_marker,HLA_DR_Monocyte,discordant_spearman,0.2907961603613778
rna_pca,202937150118_R06C01,latent_response,T_cell_direct,n_cells,843.0
rna_pca,202937150118_R06C01,latent_response,T_cell_direct,auc,0.9976851851851852
rna_pca,202937150118_R06C01,latent_response,T_cell_direct,balanced_accuracy,0.9850132761437908
rna_pca,202937150118_R06C01,latent_response,Monocyte_direct,n_cells,181.0
rna_pca,202937150118_R06C01,latent_response,Monocyte_direct,auc,1.0
rna_pca,202937150118_R06C01,latent_response,Monocyte_direct,balanced_accuracy,1.0
rna_pca,202937150118_R06C01,latent_response,NK_indirect,n_cells,60.0
rna_pca,202937150118_R06C01,latent_response,NK_indirect,auc,0.9654017857142858
rna_pca,202937150118_R06C01,latent_response,NK_indirect,balanced_accuracy,0.8816964285714286
rna_pca,202937150118_R06C01,latent_response,B_cell_indirect,n_cells,104.0
rna_pca,202937150118_R06C01,latent_response,B_cell_indirect,auc,1.0
rna_pca,202937150118_R06C01,latent_response,B_cell_indirect,balanced_accuracy,0.9761904761904762
rna_pca,202937150118_R06C01,heldout_marker,CD25_T,n_cells,843.0
rna_pca,202937150118_R06C01,heldout_marker,CD25_T,pred_auc,0.9850841957153232
rna_pca,202937150118_R06C01,heldout_marker,CD25_T,pred_ap,0.98734514335164
rna_pca,202937150118_R06C01,heldout_marker,CD25_T,true_auc,0.92062397875817
rna_pca,202937150118_R06C01,heldout_marker,CD25_T,effect_concordance,0.9355397830428468
rna_pca,202937150118_R06C01,heldout_marker,CD25_T,spearman_true_pred,0.7339372263047677
rna_pca,202937150118_R06C01,heldout_marker,CD25_T,discordant_n,20.0
rna_pca,202937150118_R06C01,heldout_marker,CD25_T,discordant_spearman,0.5769429274958734
rna_pca,202937150118_R06C01,heldout_marker,CD69_T,n_cells,843.0
rna_pca,202937150118_R06C01,heldout_marker,CD69_T,pred_auc,0.9954157588961512
rna_pca,202937150118_R06C01,heldout_marker,CD69_T,pred_ap,0.9959609407443388
rna_pca,202937150118_R06C01,heldout_marker,CD69_T,true_auc,0.9930243509440811
rna_pca,202937150118_R06C01,heldout_marker,CD69_T,effect_concordance,0.99760859204793
rna_pca,202937150118_R06C01,heldout_marker,CD69_T,spearman_true_pred,0.7781252620169649
rna_pca,202937150118_R06C01,heldout_marker,CD69_T,discordant_n,51.0
rna_pca,202937150118_R06C01,heldout_marker,CD69_T,discordant_spearman,0.5282523700330549
rna_pca,202937150118_R06C01,heldout_marker,HLA_DR_Monocyte,n_cells,181.0
rna_pca,202937150118_R06C01,heldout_marker,HLA_DR_Monocyte,pred_auc,0.2623723487824038
rna_pca,202937150118_R06C01,heldout_marker,HLA_DR_Monocyte,pred_ap,0.2583330873538465
rna_pca,202937150118_R06C01,heldout_marker,HLA_DR_Monocyte,true_auc,0.4238020424194815
rna_pca,202937150118_R06C01,heldout_marker,HLA_DR_Monocyte,effect_concordance,0.8385703063629222
rna_pca,202937150118_R06C01,heldout_marker,HLA_DR_Monocyte,spearman_true_pred,0.4539385510260076
rna_pca,202937150118_R06C01,heldout_marker,HLA_DR_Monocyte,discordant_n,20.0
rna_pca,202937150118_R06C01,heldout_marker,HLA_DR_Monocyte,discordant_spearman,-0.4030075187969925
protein_pca,202937150118_R06C01,latent_response,T_cell_direct,n_cells,843.0
protein_pca,202937150118_R06C01,latent_response,T_cell_direct,auc,0.998031272694263
protein_pca,202937150118_R06C01,latent_response,T_cell_direct,balanced_accuracy,0.9793283632897604
protein_pca,202937150118_R06C01,latent_response,Monocyte_direct,n_cells,181.0
protein_pca,202937150118_R06C01,latent_response,Monocyte_direct,auc,0.9997381513485204
protein_pca,202937150118_R06C01,latent_response,Monocyte_direct,balanced_accuracy,0.9912280701754386
protein_pca,202937150118_R06C01,latent_response,NK_indirect,n_cells,60.0
protein_pca,202937150118_R06C01,latent_response,NK_indirect,auc,0.7276785714285715
protein_pca,202937150118_R06C01,latent_response,NK_indirect,balanced_accuracy,0.6361607142857143
protein_pca,202937150118_R06C01,latent_response,B_cell_indirect,n_cells,104.0
protein_pca,202937150118_R06C01,latent_response,B_cell_indirect,auc,0.9481223383662408
protein_pca,202937150118_R06C01,latent_response,B_cell_indirect,balanced_accuracy,0.8432055749128919
protein_pca,202937150118_R06C01,heldout_marker,CD25_T,n_cells,843.0
protein_pca,202937150118_R06C01,heldout_marker,CD25_T,pred_auc,0.9925789760348585
protein_pca,202937150118_R06C01,heldout_marker,CD25_T,pred_ap,0.9915671693786748
protein_pca,202937150118_R06C01,heldout_marker,CD25_T,true_auc,0.92062397875817
protein_pca,202937150118_R06C01,heldout_marker,CD25_T,effect_concordance,0.9280450027233116
protein_pca,202937150118_R06C01,heldout_marker,CD25_T,spearman_true_pred,0.7109518995459827
protein_pca,202937150118_R06C01,heldout_marker,CD25_T,discordant_n,20.0
protein_pca,202937150118_R06C01,heldout_marker,CD25_T,discordant_spearman,0.5601535830449352
protein_pca,202937150118_R06C01,heldout_marker,CD69_T,n_cells,843.0
protein_pca,202937150118_R06C01,heldout_marker,CD69_T,pred_auc,0.9968114560639072
protein_pca,202937150118_R06C01,heldout_marker,CD69_T,pred_ap,0.996212839668921
protein_pca,202937150118_R06C01,heldout_marker,CD69_T,true_auc,0.9930243509440811
protein_pca,202937150118_R06C01,heldout_marker,CD69_T,effect_concordance,0.9962128948801742
protein_pca,202937150118_R06C01,heldout_marker,CD69_T,spearman_true_pred,0.7728413921732661
protein_pca,202937150118_R06C01,heldout_marker,CD69_T,discordant_n,51.0
protein_pca,202937150118_R06C01,heldout_marker,CD69_T,discordant_spearman,0.5202869470442084
protein_pca,202937150118_R06C01,heldout_marker,HLA_DR_Monocyte,n_cells,181.0
protein_pca,202937150118_R06C01,heldout_marker,HLA_DR_Monocyte,pred_auc,0.6882691804137209
protein_pca,202937150118_R06C01,heldout_marker,HLA_DR_Monocyte,pred_ap,0.7084399225965752
protein_pca,202937150118_R06C01,heldout_marker,HLA_DR_Monocyte,true_auc,0.4238020424194815
protein_pca,202937150118_R06C01,heldout_marker,HLA_DR_Monocyte,effect_concordance,0.7355328620057606
protein_pca,202937150118_R06C01,heldout_marker,HLA_DR_Monocyte,spearman_true_pred,0.2057960001127213
protein_pca,202937150118_R06C01,heldout_marker,HLA_DR_Monocyte,discordant_n,20.0
protein_pca,202937150118_R06C01,heldout_marker,HLA_DR_Monocyte,discordant_spearman,0.5458646616541353
equal_fusion_pca,202937150118_R06C01,latent_response,T_cell_direct,n_cells,843.0
equal_fusion_pca,202937150118_R06C01,latent_response,T_cell_direct,auc,0.999534767610748
equal_fusion_pca,202937150118_R06C01,latent_response,T_cell_direct,balanced_accuracy,0.9915236928104576
equal_fusion_pca,202937150118_R06C01,latent_response,Monocyte_direct,n_cells,181.0
equal_fusion_pca,202937150118_R06C01,latent_response,Monocyte_direct,auc,1.0
equal_fusion_pca,202937150118_R06C01,latent_response,Monocyte_direct,balanced_accuracy,0.9925373134328358
equal_fusion_pca,202937150118_R06C01,latent_response,NK_indirect,n_cells,60.0
equal_fusion_pca,202937150118_R06C01,latent_response,NK_indirect,auc,0.9408482142857144
equal_fusion_pca,202937150118_R06C01,latent_response,NK_indirect,balanced_accuracy,0.8504464285714286
equal_fusion_pca,202937150118_R06C01,latent_response,B_cell_indirect,n_cells,104.0
equal_fusion_pca,202937150118_R06C01,latent_response,B_cell_indirect,auc,0.9988385598141696
equal_fusion_pca,202937150118_R06C01,latent_response,B_cell_indirect,balanced_accuracy,0.9761904761904762
equal_fusion_pca,202937150118_R06C01,heldout_marker,CD25_T,n_cells,843.0
equal_fusion_pca,202937150118_R06C01,heldout_marker,CD25_T,pred_auc,0.9957731935366738
equal_fusion_pca,202937150118_R06C01,heldout_marker,CD25_T,pred_ap,0.9957252692271436
equal_fusion_pca,202937150118_R06C01,heldout_marker,CD25_T,true_auc,0.92062397875817
equal_fusion_pca,202937150118_R06C01,heldout_marker,CD25_T,effect_concordance,0.924850785221496
equal_fusion_pca,202937150118_R06C01,heldout_marker,CD25_T,spearman_true_pred,0.7494169831754623
equal_fusion_pca,202937150118_R06C01,heldout_marker,CD25_T,discordant_n,20.0
equal_fusion_pca,202937150118_R06C01,heldout_marker,CD25_T,discordant_spearman,0.5769429274958734
equal_fusion_pca,202937150118_R06C01,heldout_marker,CD69_T,n_cells,843.0
equal_fusion_pca,202937150118_R06C01,heldout_marker,CD69_T,pred_auc,0.9995177469135802
equal_fusion_pca,202937150118_R06C01,heldout_marker,CD69_T,pred_ap,0.9994679669556668
equal_fusion_pca,202937150118_R06C01,heldout_marker,CD69_T,true_auc,0.9930243509440811
equal_fusion_pca,202937150118_R06C01,heldout_marker,CD69_T,effect_concordance,0.9935066040305012
equal_fusion_pca,202937150118_R06C01,heldout_marker,CD69_T,spearman_true_pred,0.7951769791191604
equal_fusion_pca,202937150118_R06C01,heldout_marker,CD69_T,discordant_n,51.0
equal_fusion_pca,202937150118_R06C01,heldout_marker,CD69_T,discordant_spearman,0.5915684311773527
equal_fusion_pca,202937150118_R06C01,heldout_marker,HLA_DR_Monocyte,n_cells,181.0
equal_fusion_pca,202937150118_R06C01,heldout_marker,HLA_DR_Monocyte,pred_auc,0.4582351400890285
equal_fusion_pca,202937150118_R06C01,heldout_marker,HLA_DR_Monocyte,pred_ap,0.3887395559206348
equal_fusion_pca,202937150118_R06C01,heldout_marker,HLA_DR_Monocyte,true_auc,0.4238020424194815
equal_fusion_pca,202937150118_R06C01,heldout_marker,HLA_DR_Monocyte,effect_concordance,0.965566902330453
equal_fusion_pca,202937150118_R06C01,heldout_marker,HLA_DR_Monocyte,spearman_true_pred,0.419994728076715
equal_fusion_pca,202937150118_R06C01,heldout_marker,HLA_DR_Monocyte,discordant_n,20.0
equal_fusion_pca,202937150118_R06C01,heldout_marker,HLA_DR_Monocyte,discordant_spearman,0.0105263157894736
rna_pca,202937150118_R07C01,latent_response,T_cell_direct,n_cells,778.0
rna_pca,202937150118_R07C01,latent_response,T_cell_direct,auc,0.9990711714849646
rna_pca,202937150118_R07C01,latent_response,T_cell_direct,balanced_accuracy,0.9798355427158671
rna_pca,202937150118_R07C01,latent_response,Monocyte_direct,n_cells,254.0
rna_pca,202937150118_R07C01,latent_response,Monocyte_direct,auc,1.0
rna_pca,202937150118_R07C01,latent_response,Monocyte_direct,balanced_accuracy,1.0
rna_pca,202937150118_R07C01,latent_response,NK_indirect,n_cells,122.0
rna_pca,202937150118_R07C01,latent_response,NK_indirect,auc,0.9925629290617848
rna_pca,202937150118_R07C01,latent_response,NK_indirect,balanced_accuracy,0.9585240274599542
rna_pca,202937150118_R07C01,latent_response,B_cell_indirect,n_cells,97.0
rna_pca,202937150118_R07C01,latent_response,B_cell_indirect,auc,0.9901656314699792
rna_pca,202937150118_R07C01,latent_response,B_cell_indirect,balanced_accuracy,0.963768115942029
rna_pca,202937150118_R07C01,heldout_marker,CD25_T,n_cells,778.0
rna_pca,202937150118_R07C01,heldout_marker,CD25_T,pred_auc,0.975911925201986
rna_pca,202937150118_R07C01,heldout_marker,CD25_T,pred_ap,0.9869532602591028
rna_pca,202937150118_R07C01,heldout_marker,CD25_T,true_auc,0.9229652850342506
rna_pca,202937150118_R07C01,heldout_marker,CD25_T,effect_concordance,0.9470533598322644
rna_pca,202937150118_R07C01,heldout_marker,CD25_T,spearman_true_pred,0.7900983349421257
rna_pca,202937150118_R07C01,heldout_marker,CD25_T,discordant_n,33.0
rna_pca,202937150118_R07C01,heldout_marker,CD25_T,discordant_spearman,0.6233289012227662
rna_pca,202937150118_R07C01,heldout_marker,CD69_T,n_cells,778.0
rna_pca,202937150118_R07C01,heldout_marker,CD69_T,pred_auc,0.9958544197895112
rna_pca,202937150118_R07C01,heldout_marker,CD69_T,pred_ap,0.9975787886003128
rna_pca,202937150118_R07C01,heldout_marker,CD69_T,true_auc,0.9952602427247458
rna_pca,202937150118_R07C01,heldout_marker,CD69_T,effect_concordance,0.9994058229352348
rna_pca,202937150118_R07C01,heldout_marker,CD69_T,spearman_true_pred,0.8200157983753271
rna_pca,202937150118_R07C01,heldout_marker,CD69_T,discordant_n,44.0
rna_pca,202937150118_R07C01,heldout_marker,CD69_T,discordant_spearman,0.5140239605355884
rna_pca,202937150118_R07C01,heldout_marker,HLA_DR_Monocyte,n_cells,254.0
rna_pca,202937150118_R07C01,heldout_marker,HLA_DR_Monocyte,pred_auc,0.4027183019921802
rna_pca,202937150118_R07C01,heldout_marker,HLA_DR_Monocyte,pred_ap,0.3986841362080703
rna_pca,202937150118_R07C01,heldout_marker,HLA_DR_Monocyte,true_auc,0.5461118351641532
rna_pca,202937150118_R07C01,heldout_marker,HLA_DR_Monocyte,effect_concordance,0.8566064668280271
rna_pca,202937150118_R07C01,heldout_marker,HLA_DR_Monocyte,spearman_true_pred,0.4058509522471981
rna_pca,202937150118_R07C01,heldout_marker,HLA_DR_Monocyte,discordant_n,39.0
rna_pca,202937150118_R07C01,heldout_marker,HLA_DR_Monocyte,discordant_spearman,-0.1340080971659919
protein_pca,202937150118_R07C01,latent_response,T_cell_direct,n_cells,778.0
protein_pca,202937150118_R07C01,latent_response,T_cell_direct,auc,0.9965168930686172
protein_pca,202937150118_R07C01,latent_response,T_cell_direct,balanced_accuracy,0.9760894953592724
protein_pca,202937150118_R07C01,latent_response,Monocyte_direct,n_cells,254.0
protein_pca,202937150118_R07C01,latent_response,Monocyte_direct,auc,0.9905666232234842
protein_pca,202937150118_R07C01,latent_response,Monocyte_direct,balanced_accuracy,0.9316390492149196
protein_pca,202937150118_R07C01,latent_response,NK_indirect,n_cells,122.0
protein_pca,202937150118_R07C01,latent_response,NK_indirect,auc,0.5085812356979404
protein_pca,202937150118_R07C01,latent_response,NK_indirect,balanced_accuracy,0.5208810068649885
protein_pca,202937150118_R07C01,latent_response,B_cell_indirect,n_cells,97.0
protein_pca,202937150118_R07C01,latent_response,B_cell_indirect,auc,0.8436853002070392
protein_pca,202937150118_R07C01,latent_response,B_cell_indirect,balanced_accuracy,0.7518115942028986
protein_pca,202937150118_R07C01,heldout_marker,CD25_T,n_cells,778.0
protein_pca,202937150118_R07C01,heldout_marker,CD25_T,pred_auc,0.986907615710861
protein_pca,202937150118_R07C01,heldout_marker,CD25_T,pred_ap,0.990594101069091
protein_pca,202937150118_R07C01,heldout_marker,CD25_T,true_auc,0.9229652850342506
protein_pca,202937150118_R07C01,heldout_marker,CD25_T,effect_concordance,0.9360576693233896
protein_pca,202937150118_R07C01,heldout_marker,CD25_T,spearman_true_pred,0.7657017024788437
protein_pca,202937150118_R07C01,heldout_marker,CD25_T,discordant_n,33.0
protein_pca,202937150118_R07C01,heldout_marker,CD25_T,discordant_spearman,0.7701724213490997
protein_pca,202937150118_R07C01,heldout_marker,CD69_T,n_cells,778.0
protein_pca,202937150118_R07C01,heldout_marker,CD69_T,pred_auc,0.9951714576461026
protein_pca,202937150118_R07C01,heldout_marker,CD69_T,pred_ap,0.996311267562034
protein_pca,202937150118_R07C01,heldout_marker,CD69_T,true_auc,0.9952602427247458
protein_pca,202937150118_R07C01,heldout_marker,CD69_T,effect_concordance,0.9999112149213568
protein_pca,202937150118_R07C01,heldout_marker,CD69_T,spearman_true_pred,0.7926919263733985
protein_pca,202937150118_R07C01,heldout_marker,CD69_T,discordant_n,44.0
protein_pca,202937150118_R07C01,heldout_marker,CD69_T,discordant_spearman,0.4317124735729387
protein_pca,202937150118_R07C01,heldout_marker,HLA_DR_Monocyte,n_cells,254.0
protein_pca,202937150118_R07C01,heldout_marker,HLA_DR_Monocyte,pred_auc,0.6413454974244399
protein_pca,202937150118_R07C01,heldout_marker,HLA_DR_Monocyte,pred_ap,0.7024556902941526
protein_pca,202937150118_R07C01,heldout_marker,HLA_DR_Monocyte,true_auc,0.5461118351641532
protein_pca,202937150118_R07C01,heldout_marker,HLA_DR_Monocyte,effect_concordance,0.9047663377397132
protein_pca,202937150118_R07C01,heldout_marker,HLA_DR_Monocyte,spearman_true_pred,0.215107331786472
protein_pca,202937150118_R07C01,heldout_marker,HLA_DR_Monocyte,discordant_n,39.0
protein_pca,202937150118_R07C01,heldout_marker,HLA_DR_Monocyte,discordant_spearman,0.3759109311740891
equal_fusion_pca,202937150118_R07C01,latent_response,T_cell_direct,n_cells,778.0
equal_fusion_pca,202937150118_R07C01,latent_response,T_cell_direct,auc,0.9998224298427136
equal_fusion_pca,202937150118_R07C01,latent_response,T_cell_direct,balanced_accuracy,0.9940753034059322
equal_fusion_pca,202937150118_R07C01,latent_response,Monocyte_direct,n_cells,254.0
equal_fusion_pca,202937150118_R07C01,latent_response,Monocyte_direct,auc,1.0
equal_fusion_pca,202937150118_R07C01,latent_response,Monocyte_direct,balanced_accuracy,0.9959349593495934
equal_fusion_pca,202937150118_R07C01,latent_response,NK_indirect,n_cells,122.0
equal_fusion_pca,202937150118_R07C01,latent_response,NK_indirect,auc,0.9696796338672768
equal_fusion_pca,202937150118_R07C01,latent_response,NK_indirect,balanced_accuracy,0.8950228832951945
equal_fusion_pca,202937150118_R07C01,latent_response,B_cell_indirect,n_cells,97.0
equal_fusion_pca,202937150118_R07C01,latent_response,B_cell_indirect,auc,0.9818840579710144
equal_fusion_pca,202937150118_R07C01,latent_response,B_cell_indirect,balanced_accuracy,0.9241718426501035
equal_fusion_pca,202937150118_R07C01,heldout_marker,CD25_T,n_cells,778.0
equal_fusion_pca,202937150118_R07C01,heldout_marker,CD25_T,pred_auc,0.9897623974703084
equal_fusion_pca,202937150118_R07C01,heldout_marker,CD25_T,pred_ap,0.9938808343566292
equal_fusion_pca,202937150118_R07C01,heldout_marker,CD25_T,true_auc,0.9229652850342506
equal_fusion_pca,202937150118_R07C01,heldout_marker,CD25_T,effect_concordance,0.9332028875639424
equal_fusion_pca,202937150118_R07C01,heldout_marker,CD25_T,spearman_true_pred,0.8085097669235592
equal_fusion_pca,202937150118_R07C01,heldout_marker,CD25_T,discordant_n,33.0
equal_fusion_pca,202937150118_R07C01,heldout_marker,CD25_T,discordant_spearman,0.7621077886648159
equal_fusion_pca,202937150118_R07C01,heldout_marker,CD69_T,n_cells,778.0
equal_fusion_pca,202937150118_R07C01,heldout_marker,CD69_T,pred_auc,0.999433141420971
equal_fusion_pca,202937150118_R07C01,heldout_marker,CD69_T,pred_ap,0.9996207153604594
equal_fusion_pca,202937150118_R07C01,heldout_marker,CD69_T,true_auc,0.9952602427247458
equal_fusion_pca,202937150118_R07C01,heldout_marker,CD69_T,effect_concordance,0.9958271013037748
equal_fusion_pca,202937150118_R07C01,heldout_marker,CD69_T,spearman_true_pred,0.8295933798013119
equal_fusion_pca,202937150118_R07C01,heldout_marker,CD69_T,discordant_n,44.0
equal_fusion_pca,202937150118_R07C01,heldout_marker,CD69_T,discordant_spearman,0.5320648343904157
equal_fusion_pca,202937150118_R07C01,heldout_marker,HLA_DR_Monocyte,n_cells,254.0
equal_fusion_pca,202937150118_R07C01,heldout_marker,HLA_DR_Monocyte,pred_auc,0.4977347483398498
equal_fusion_pca,202937150118_R07C01,heldout_marker,HLA_DR_Monocyte,pred_ap,0.4651347133482064
equal_fusion_pca,202937150118_R07C01,heldout_marker,HLA_DR_Monocyte,true_auc,0.5461118351641532
equal_fusion_pca,202937150118_R07C01,heldout_marker,HLA_DR_Monocyte,effect_concordance,0.9516229131756966
equal_fusion_pca,202937150118_R07C01,heldout_marker,HLA_DR_Monocyte,spearman_true_pred,0.4405950545570873
equal_fusion_pca,202937150118_R07C01,heldout_marker,HLA_DR_Monocyte,discordant_n,39.0
equal_fusion_pca,202937150118_R07C01,heldout_marker,HLA_DR_Monocyte,discordant_spearman,0.1465587044534413
rna_pca,202937150118_R08C01,latent_response,T_cell_direct,n_cells,1052.0
rna_pca,202937150118_R08C01,latent_response,T_cell_direct,auc,0.996364511411806
rna_pca,202937150118_R08C01,latent_response,T_cell_direct,balanced_accuracy,0.9677230068674454
rna_pca,202937150118_R08C01,latent_response,Monocyte_direct,n_cells,201.0
rna_pca,202937150118_R08C01,latent_response,Monocyte_direct,auc,1.0
rna_pca,202937150118_R08C01,latent_response,Monocyte_direct,balanced_accuracy,0.9953703703703703
rna_pca,202937150118_R08C01,latent_response,NK_indirect,n_cells,88.0
rna_pca,202937150118_R08C01,latent_response,NK_indirect,auc,0.9888712241653418
rna_pca,202937150118_R08C01,latent_response,NK_indirect,balanced_accuracy,0.931372549019608
rna_pca,202937150118_R08C01,latent_response,B_cell_indirect,n_cells,116.0
rna_pca,202937150118_R08C01,latent_response,B_cell_indirect,auc,0.9883720930232558
rna_pca,202937150118_R08C01,latent_response,B_cell_indirect,balanced_accuracy,0.9484496124031008
rna_pca,202937150118_R08C01,heldout_marker,CD25_T,n_cells,1052.0
rna_pca,202937150118_R08C01,heldout_marker,CD25_T,pred_auc,0.979393961831072
rna_pca,202937150118_R08C01,heldout_marker,CD25_T,pred_ap,0.9869089250653303
rna_pca,202937150118_R08C01,heldout_marker,CD25_T,true_auc,0.8963089795087277
rna_pca,202937150118_R08C01,heldout_marker,CD25_T,effect_concordance,0.9169150176776556
rna_pca,202937150118_R08C01,heldout_marker,CD25_T,spearman_true_pred,0.7665443242904111
rna_pca,202937150118_R08C01,heldout_marker,CD25_T,discordant_n,45.0
rna_pca,202937150118_R08C01,heldout_marker,CD25_T,discordant_spearman,0.5198409428170546
rna_pca,202937150118_R08C01,heldout_marker,CD69_T,n_cells,1052.0
rna_pca,202937150118_R08C01,heldout_marker,CD69_T,pred_auc,0.9934250226755272
rna_pca,202937150118_R08C01,heldout_marker,CD69_T,pred_ap,0.9957174990458976
rna_pca,202937150118_R08C01,heldout_marker,CD69_T,true_auc,0.9892508746274734
rna_pca,202937150118_R08C01,heldout_marker,CD69_T,effect_concordance,0.9958258519519464
rna_pca,202937150118_R08C01,heldout_marker,CD69_T,spearman_true_pred,0.8200825607272586
rna_pca,202937150118_R08C01,heldout_marker,CD69_T,discordant_n,75.0
rna_pca,202937150118_R08C01,heldout_marker,CD69_T,discordant_spearman,0.4868129062165912
rna_pca,202937150118_R08C01,heldout_marker,HLA_DR_Monocyte,n_cells,201.0
rna_pca,202937150118_R08C01,heldout_marker,HLA_DR_Monocyte,pred_auc,0.2222222222222222
rna_pca,202937150118_R08C01,heldout_marker,HLA_DR_Monocyte,pred_ap,0.3860724134241737
rna_pca,202937150118_R08C01,heldout_marker,HLA_DR_Monocyte,true_auc,0.4619673436877738
rna_pca,202937150118_R08C01,heldout_marker,HLA_DR_Monocyte,effect_concordance,0.7602548785344484
rna_pca,202937150118_R08C01,heldout_marker,HLA_DR_Monocyte,spearman_true_pred,0.2880129689987861
rna_pca,202937150118_R08C01,heldout_marker,HLA_DR_Monocyte,discordant_n,35.0
rna_pca,202937150118_R08C01,heldout_marker,HLA_DR_Monocyte,discordant_spearman,-0.2837535014005602
protein_pca,202937150118_R08C01,latent_response,T_cell_direct,n_cells,1052.0
protein_pca,202937150118_R08C01,latent_response,T_cell_direct,auc,0.9973714899209596
protein_pca,202937150118_R08C01,latent_response,T_cell_direct,balanced_accuracy,0.9758084519556484
protein_pca,202937150118_R08C01,latent_response,Monocyte_direct,n_cells,201.0
protein_pca,202937150118_R08C01,latent_response,Monocyte_direct,auc,0.9969135802469136
protein_pca,202937150118_R08C01,latent_response,Monocyte_direct,balanced_accuracy,0.953853046594982
protein_pca,202937150118_R08C01,latent_response,NK_indirect,n_cells,88.0
protein_pca,202937150118_R08C01,latent_response,NK_indirect,auc,0.6984631690514043
protein_pca,202937150118_R08C01,latent_response,NK_indirect,balanced_accuracy,0.6099629040805511
protein_pca,202937150118_R08C01,latent_response,B_cell_indirect,n_cells,116.0
protein_pca,202937150118_R08C01,latent_response,B_cell_indirect,auc,0.898062015503876
protein_pca,202937150118_R08C01,latent_response,B_cell_indirect,balanced_accuracy,0.8193798449612404
protein_pca,202937150118_R08C01,heldout_marker,CD25_T,n_cells,1052.0
protein_pca,202937150118_R08C01,heldout_marker,CD25_T,pred_auc,0.991677618791996
protein_pca,202937150118_R08C01,heldout_marker,CD25_T,pred_ap,0.9927475833604862
protein_pca,202937150118_R08C01,heldout_marker,CD25_T,true_auc,0.8963089795087277
protein_pca,202937150118_R08C01,heldout_marker,CD25_T,effect_concordance,0.9046313607167318
protein_pca,202937150118_R08C01,heldout_marker,CD25_T,spearman_true_pred,0.7116699166471737
protein_pca,202937150118_R08C01,heldout_marker,CD25_T,discordant_n,45.0
protein_pca,202937150118_R08C01,heldout_marker,CD25_T,discordant_spearman,0.5231103827089858
protein_pca,202937150118_R08C01,heldout_marker,CD69_T,n_cells,1052.0
protein_pca,202937150118_R08C01,heldout_marker,CD69_T,pred_auc,0.9960868518964144
protein_pca,202937150118_R08C01,heldout_marker,CD69_T,pred_ap,0.99693650784739
protein_pca,202937150118_R08C01,heldout_marker,CD69_T,true_auc,0.9892508746274734
protein_pca,202937150118_R08C01,heldout_marker,CD69_T,effect_concordance,0.993164022731059
protein_pca,202937150118_R08C01,heldout_marker,CD69_T,spearman_true_pred,0.8070915812923336
protein_pca,202937150118_R08C01,heldout_marker,CD69_T,discordant_n,75.0
protein_pca,202937150118_R08C01,heldout_marker,CD69_T,discordant_spearman,0.5007539555165023
protein_pca,202937150118_R08C01,heldout_marker,HLA_DR_Monocyte,n_cells,201.0
protein_pca,202937150118_R08C01,heldout_marker,HLA_DR_Monocyte,pred_auc,0.7004181600955794
protein_pca,202937150118_R08C01,heldout_marker,HLA_DR_Monocyte,pred_ap,0.7976979758453846
protein_pca,202937150118_R08C01,heldout_marker,HLA_DR_Monocyte,true_auc,0.4619673436877738
protein_pca,202937150118_R08C01,heldout_marker,HLA_DR_Monocyte,effect_concordance,0.7615491835921944
protein_pca,202937150118_R08C01,heldout_marker,HLA_DR_Monocyte,spearman_true_pred,0.1745329391244645
protein_pca,202937150118_R08C01,heldout_marker,HLA_DR_Monocyte,discordant_n,35.0
protein_pca,202937150118_R08C01,heldout_marker,HLA_DR_Monocyte,discordant_spearman,0.7428571428571429
equal_fusion_pca,202937150118_R08C01,latent_response,T_cell_direct,n_cells,1052.0
equal_fusion_pca,202937150118_R08C01,latent_response,T_cell_direct,auc,0.9993965533198824
equal_fusion_pca,202937150118_R08C01,latent_response,T_cell_direct,balanced_accuracy,0.9833737482183514
equal_fusion_pca,202937150118_R08C01,latent_response,Monocyte_direct,n_cells,201.0
equal_fusion_pca,202937150118_R08C01,latent_response,Monocyte_direct,auc,1.0
equal_fusion_pca,202937150118_R08C01,latent_response,Monocyte_direct,balanced_accuracy,1.0
equal_fusion_pca,202937150118_R08C01,latent_response,NK_indirect,n_cells,88.0
equal_fusion_pca,202937150118_R08C01,latent_response,NK_indirect,auc,0.956544780074192
equal_fusion_pca,202937150118_R08C01,latent_response,NK_indirect,balanced_accuracy,0.8479067302596714
equal_fusion_pca,202937150118_R08C01,latent_response,B_cell_indirect,n_cells,116.0
equal_fusion_pca,202937150118_R08C01,latent_response,B_cell_indirect,auc,0.9810077519379844
equal_fusion_pca,202937150118_R08C01,latent_response,B_cell_indirect,balanced_accuracy,0.9434108527131784
equal_fusion_pca,202937150118_R08C01,heldout_marker,CD25_T,n_cells,1052.0
equal_fusion_pca,202937150118_R08C01,heldout_marker,CD25_T,pred_auc,0.9949984265960796
equal_fusion_pca,202937150118_R08C01,heldout_marker,CD25_T,pred_ap,0.9963493089699148
equal_fusion_pca,202937150118_R08C01,heldout_marker,CD25_T,true_auc,0.8963089795087277
equal_fusion_pca,202937150118_R08C01,heldout_marker,CD25_T,effect_concordance,0.9013105529126482
equal_fusion_pca,202937150118_R08C01,heldout_marker,CD25_T,spearman_true_pred,0.7777895576422654
equal_fusion_pca,202937150118_R08C01,heldout_marker,CD25_T,discordant_n,45.0
equal_fusion_pca,202937150118_R08C01,heldout_marker,CD25_T,discordant_spearman,0.5432608081653779
equal_fusion_pca,202937150118_R08C01,heldout_marker,CD69_T,n_cells,1052.0
equal_fusion_pca,202937150118_R08C01,heldout_marker,CD69_T,pred_auc,0.9991003831701312
equal_fusion_pca,202937150118_R08C01,heldout_marker,CD69_T,pred_ap,0.9993387332286294
equal_fusion_pca,202937150118_R08C01,heldout_marker,CD69_T,true_auc,0.9892508746274734
equal_fusion_pca,202937150118_R08C01,heldout_marker,CD69_T,effect_concordance,0.990150491457342
equal_fusion_pca,202937150118_R08C01,heldout_marker,CD69_T,spearman_true_pred,0.8382238527527808
equal_fusion_pca,202937150118_R08C01,heldout_marker,CD69_T,discordant_n,75.0
equal_fusion_pca,202937150118_R08C01,heldout_marker,CD69_T,discordant_spearman,0.5210111536829037
equal_fusion_pca,202937150118_R08C01,heldout_marker,HLA_DR_Monocyte,n_cells,201.0
equal_fusion_pca,202937150118_R08C01,heldout_marker,HLA_DR_Monocyte,pred_auc,0.4036240541616885
equal_fusion_pca,202937150118_R08C01,heldout_marker,HLA_DR_Monocyte,pred_ap,0.4624326656517781
equal_fusion_pca,202937150118_R08C01,heldout_marker,HLA_DR_Monocyte,true_auc,0.4619673436877738
equal_fusion_pca,202937150118_R08C01,heldout_marker,HLA_DR_Monocyte,effect_concordance,0.9416567104739147
equal_fusion_pca,202937150118_R08C01,heldout_marker,HLA_DR_Monocyte,spearman_true_pred,0.3362291619735413
equal_fusion_pca,202937150118_R08C01,heldout_marker,HLA_DR_Monocyte,discordant_n,35.0
equal_fusion_pca,202937150118_R08C01,heldout_marker,HLA_DR_Monocyte,discordant_spearman,0.1571428571428571
