model,seed,protein,rmsle,mae_log1p,mae_raw,spearman,pearson_log1p,n_target_cells
totalVI,2026,ADT_CD102_A0104,0.8473080710927899,0.7372301752564162,51.349313536502265,0.7242055745496075,0.7159518237233601,7564
totalVI,2026,ADT_CD103_A0201,1.057439526473973,0.9438017839600642,11.723167647261397,0.3902056339315146,0.762401581492471,7564
totalVI,2026,ADT_CD106_A0226,0.949069998443771,0.7959727679757603,7.871481539394917,0.2321851122117287,0.5682332883346815,7564
totalVI,2026,ADT_CD115(CSF-1R)_A0105,1.0430233702318186,0.8938605015035374,4.897362862611687,0.1749292857487706,0.5407230078801479,7564
totalVI,2026,ADT_CD117(c-Kit)_A0012,1.0821990399519064,0.9497560288059772,7.428817293809117,0.5364262059641169,0.6141748541070029,7564
totalVI,2026,ADT_CD11a_A0595,0.654518357205679,0.5502005292985355,86.84598918518397,0.8539206123124071,0.862501209900968,7564
totalVI,2026,ADT_CD11c_A0106,1.0528653058266448,0.9019390804025312,4.960333530641876,0.2222304471699436,0.7084222122863465,7564
totalVI,2026,ADT_CD122(IL-2Rb)_A0227,0.9926578779633326,0.8452339742394208,3.2659952174034905,0.2450859835315555,0.3566561226430099,7564
totalVI,2026,ADT_CD127(IL-7Ra)_A0198,0.9233266091640387,0.7817372133054262,3.5195706211215665,0.6316743556853343,0.7032139054665146,7564
totalVI,2026,ADT_CD134(OX-40)_A0195,1.1736961660564036,1.1090976146913376,19.995485902399945,0.2254171045175928,0.3315195924972208,7564
totalVI,2026,ADT_CD135_A0098,1.097350727630566,0.984009898798739,6.511803196196452,0.0555565870742437,0.129978342578257,7564
totalVI,2026,ADT_CD137_A0194,1.1228347706381392,1.0366607283677969,10.35973202179879,-0.0004250439777919,0.0057913179067106,7564
totalVI,2026,ADT_CD14_A0424,1.0908820789431188,0.9463767585384992,5.554321809901818,0.1912551668717586,0.5439395607689378,7564
totalVI,2026,ADT_CD140a_A0573,1.0782065418575242,1.0126613891903014,15.86914620028798,0.0514059418183372,0.0641874137191274,7564
totalVI,2026,ADT_CD15(SSEA-1)_A0076,1.1751214871765636,1.0558573693427038,5.46628843716753,-0.0095200078304298,-0.0073320431728889,7564
totalVI,2026,ADT_CD150(SLAM)_A0203,0.9948145388004715,0.8248024749658422,27.746859236661244,0.6939243106030221,0.6749314669504045,7564
totalVI,2026,ADT_CD16-32_A0109,1.080081482054718,0.943666651739792,4.027173484273211,0.0317214214998365,0.0397432906615892,7564
totalVI,2026,ADT_CD169(Siglec-1)_A0440,1.1176726844982523,1.031577548038323,13.059241337980437,0.0934233010308989,0.2585544380931963,7564
totalVI,2026,ADT_CD172a(SIRPa)_A0422,1.0727766721477514,0.9530019074354048,10.388567131830232,0.3236568900790751,0.6880609603445107,7564
totalVI,2026,ADT_CD183(CXCR3)_A0228,1.0958051726159996,0.9481500686072952,4.076553810594701,0.2048329885328175,0.5180799880270699,7564
totalVI,2026,ADT_CD184(CXCR4)_A0444,0.9995141270502154,0.8844289495294005,7.555633973974452,0.2497223510175685,0.3113829911976004,7564
totalVI,2026,ADT_CD19_A0093,0.8039003039726214,0.6746912095635789,74.13530874819682,0.8338614941834449,0.9591287319517484,7564
totalVI,2026,ADT_CD192(CCR2)_A0426,1.000942126868902,0.9005008757345921,9.55600980852471,0.055467204741979,0.092215020508012,7564
totalVI,2026,ADT_CD195(CCR5)_A0376,1.1628355066994722,1.0432413337690756,5.709500762661067,0.006555788637937,0.0088039694813019,7564
totalVI,2026,ADT_CD196(CCR6)_A0225,0.9952651799723627,0.8466656812735421,3.0234253361766013,0.0604333624592681,0.0609400705358538,7564
totalVI,2026,ADT_CD197(CCR7)_A0377,1.0988517094234358,0.9878582773321828,7.074209813022664,0.0143766833448361,0.0184297619786479,7564
totalVI,2026,ADT_CD20_A0192,1.0118172385859014,0.9248543260203136,23.634904687711007,0.6370804020635861,0.6182534612983392,7564
totalVI,2026,ADT_CD200(OX2)_A0079,1.0702548269279406,0.9420833493308494,26.3927905003524,0.7662411701005495,0.750928830205181,7564
totalVI,2026,ADT_CD201(EPCR)_A0439,1.061602107857405,0.9390962463017212,5.960961257005608,0.0650323503963699,0.1604476348440395,7564
totalVI,2026,ADT_CD204(Msr1)_A0448,0.6874894626047129,0.605756288866158,1.0134987184794602,0.0195728692164431,0.0177820839484134,7564
totalVI,2026,ADT_CD206(MMR)_A0173,1.2282397537938885,1.117829340943693,8.947378871555621,0.0472074806102255,0.1409717214450899,7564
totalVI,2026,ADT_CD21-CD35(CR2-CR1)_A0107,1.198424238277452,1.025885383807102,43.432702942287904,0.8373348819823596,0.8978678135833215,7564
totalVI,2026,ADT_CD223(LAG-3)_A0378,1.0746397844401987,1.0053428215174256,14.89618852767662,0.1177507987117338,0.2430137202466298,7564
totalVI,2026,ADT_CD23_A0108,1.2014252257003766,1.02407084745931,45.94088886516678,0.802111775421161,0.8896614614343286,7564
totalVI,2026,ADT_CD24_A0212,1.1456408966543967,1.015070821103677,95.58583651353038,0.8715858431996845,0.9148522774917752,7564
totalVI,2026,ADT_CD25_A0097,1.162272916393129,1.061981146254532,3.104715720394312,0.0795808835746875,0.3309309087829735,7564
totalVI,2026,ADT_CD274(B7-H1_PD-L1)_A0190,0.8505758363360919,0.746506890490258,18.486669774411027,0.5221079042025089,0.611789979097336,7564
totalVI,2026,ADT_CD278(ICOS)_A0171,0.9907772183519336,0.8872155724744988,15.713802360214927,0.6962541565358844,0.7887310648343802,7564
totalVI,2026,ADT_CD279(PD-1)_A0004,1.106725808911855,1.0232725820581332,12.452074668194363,0.1041304455324237,0.3065435812430984,7564
totalVI,2026,ADT_CD28_A0204,1.064697971483764,0.9524230166052824,8.208327762668313,0.5566922936688452,0.5984641843392567,7564
totalVI,2026,ADT_CD29_A0570,0.8935081829228474,0.76256513852953,28.999234258781847,0.5696207843006111,0.7625408636201577,7564
totalVI,2026,ADT_CD300LG(Nepmucin)_A0416,1.094862138811478,1.0265046130606272,16.637585654326813,0.1152224887238587,0.2821301484413949,7564
totalVI,2026,ADT_CD301a(MGL1)_A0551,1.1718511068850197,1.0343127638056355,4.115846249491118,0.0590656297389492,0.2476492920184055,7564
totalVI,2026,ADT_CD301b(MGL2)_A0566,1.0739702151144832,0.9687095952085332,7.959501695405989,0.0636764436971283,0.1990941972716021,7564
totalVI,2026,ADT_CD304(Neuropilin-1)_A0552,1.1970073268390258,1.0592256432238516,5.609081112411777,0.2010529262067248,0.5170209074362644,7564
totalVI,2026,ADT_CD326(Ep-CAM)_A0449,1.0395420629274297,0.8907922243825567,3.2351771461024352,0.1423977253907854,0.2825377092223811,7564
totalVI,2026,ADT_CD335(NKp46)_A0184,1.207633905574666,1.1496237046012832,20.179741796647853,0.0580303064466098,0.190611327422151,7564
totalVI,2026,ADT_CD357(GITR)_A0193,1.020095664272445,0.8670678157283687,11.8095426404369,0.7496670052045249,0.8069992766024591,7564
totalVI,2026,ADT_CD36_A0555,1.0499286074775676,0.8949901299542332,4.198659745742883,0.1578944119088382,0.3358958661664765,7564
totalVI,2026,ADT_CD366(Tim-3)_A0003,0.9219476306655346,0.8103650332659577,1.851946153790783,0.0611688272850077,0.2897592647872038,7564
totalVI,2026,ADT_CD370(CLEC9A_DNGR1)_A0556,1.0814975385144008,0.9393885514786632,4.313412984674535,0.088044421730474,0.2309887930001519,7564
totalVI,2026,ADT_CD38_A0557,0.9349594281520875,0.7522242874379158,145.13991794757652,0.8506536725368531,0.9343187287367652,7564
totalVI,2026,ADT_CD4_A0001,1.376741745914923,1.1230546359102551,72.60968748530908,0.6371276059676797,0.8894385883578161,7564
totalVI,2026,ADT_CD41_A0443,1.3762367916642897,1.2410789027505291,25.3297249334064,0.0975295213567943,0.418579271790801,7564
totalVI,2026,ADT_CD43_A0110,0.9555822823131768,0.8240359625229172,151.90842898997727,0.853564918460497,0.9335014664778154,7564
totalVI,2026,ADT_CD45_A0096,1.1791184529948096,1.0901129955253128,691.6259627601951,0.5515426895154407,0.5113755779831161,7564
totalVI,2026,ADT_CD45.1_A0178,1.1087697434475257,0.9759197077596868,3.5283608844455494,0.0049188380178877,0.0517208262524679,7564
totalVI,2026,ADT_CD45.2_A0157,1.1481711677100668,1.0856523965216245,53.99035301415268,0.4982887669366656,0.5420035132791737,7564
totalVI,2026,ADT_CD45R-B220_A0103,1.0126969479696275,0.905138339908969,91.1531140501697,0.8302468025179505,0.9542523454930256,7564
totalVI,2026,ADT_CD48_A0429,0.8065746466932611,0.7238851308891033,64.70430802265089,0.5192068105044444,0.6239976361248581,7564
totalVI,2026,ADT_CD49d_A0078,0.91793070072734,0.7803825040441169,17.514908400368654,0.5892367547278443,0.6198652269585684,7564
totalVI,2026,ADT_CD5_A0111,1.0551311350651686,0.8844704668306961,152.4579620088994,0.823195698182217,0.9413658621404456,7564
totalVI,2026,ADT_CD54_A0074,0.943080584920672,0.7868895993697167,33.2979501264553,0.7595465216202048,0.7955676381124778,7564
totalVI,2026,ADT_CD55(DAF)_A0558,1.042340735872027,0.8549600322044245,81.86058632511742,0.8517711018620405,0.8462844564673155,7564
totalVI,2026,ADT_CD62L_A0112,1.0808946320004345,0.7885359978879768,104.25732448805834,0.676914067521864,0.7296921421317574,7564
totalVI,2026,ADT_CD62P(P-selectin)_A0229,1.180725539576421,1.0928168279477926,12.557279304371251,0.1378774020732045,0.1497922718544024,7564
totalVI,2026,ADT_CD63_A0559,1.1090216550965624,1.008932110130649,10.262887167968428,0.0853356968472919,0.2470416145246506,7564
totalVI,2026,ADT_CD64(FcrRI)_A0202,0.9626667971383708,0.8314601225532947,2.251384772395785,0.0436785773075108,0.0645804871220106,7564
totalVI,2026,ADT_CD68_A0560,0.7439562023960027,0.6487840504018803,1.2777466469659555,0.0518848365492393,0.1205836858498321,7564
totalVI,2026,ADT_CD69_A0197,0.9713536567020232,0.8443580530645554,6.136407784341442,0.136102698519638,0.3422918309071664,7564
totalVI,2026,ADT_CD71_A0441,1.1275193611313865,0.9980760719857188,21.34407662651893,0.7470819318708146,0.7507297780726152,7564
totalVI,2026,ADT_CD73_A0077,1.1659415949738117,0.9813487531736832,14.345261236021344,0.6895120550717722,0.7690650426669335,7564
totalVI,2026,ADT_CD79b(Igb)_A0561,1.0375585836150762,0.9151659001588616,29.26840770023957,0.8189724374529986,0.8826418542823417,7564
totalVI,2026,ADT_CD83_A0562,0.5436518134596084,0.4948210569476512,0.734808960016413,0.064519542347775,0.1328847955764775,7564
totalVI,2026,ADT_CD86_A0200,1.165666011916417,0.9706625968997198,19.200712786472263,0.6148424531957002,0.6237474868549527,7564
totalVI,2026,ADT_CD8a_A0002,1.283499384087509,1.104728301699306,44.27545255917459,0.5032302842515433,0.901860691790874,7564
totalVI,2026,ADT_CD8b(Ly-3)_A0230,1.3948639632162951,1.1582340944070777,60.97289563378981,0.4841305710638975,0.900841753799184,7564
totalVI,2026,ADT_CD90.1(Thy-1.1)_A0380,0.6165396278523105,0.5384601202640787,0.8278252747814092,0.02085807787214,0.0194506156422967,7564
totalVI,2026,ADT_CD90.2_A0075,1.2034739171038251,1.0061082514477973,150.32031265457493,0.7835487465771683,0.9395376425361068,7564
totalVI,2026,ADT_CD93(AA4.1_earlyBlineage)_A0113,1.1425839036794505,1.001896557411696,5.12938333244818,0.2294038388484335,0.4511282378982042,7564
totalVI,2026,ADT_CX3CR1_A0563,0.8178806068870637,0.6998097494385912,1.5714881284598758,0.115062515915392,0.4032044600099571,7564
totalVI,2026,ADT_ESAM_A0596,1.086797815241577,0.9579256725353512,5.844877383621959,0.1054259406620422,0.3020169018103767,7564
totalVI,2026,ADT_F4-80_A0114,1.0768865268002652,0.9270499153487082,5.498568553889258,0.2440746425578085,0.6249397732761369,7564
totalVI,2026,ADT_FceRIa_A0115,1.0884340527518903,0.9538368579446492,3.785351958620303,0.0167689433151516,0.0604246613432508,7564
totalVI,2026,ADT_FolateReceptorb(FR-b)_A0564,1.1013222581475264,0.9667708366306592,5.952963804959116,0.0326536206267272,0.2637385090248396,7564
totalVI,2026,ADT_H-2KbboundtoSIINFEKL_A0231,1.0826982693533025,0.9513497910857608,4.996342098378808,0.1910067836597347,0.2174159155637911,7564
totalVI,2026,ADT_I-A-I-E_A0117,1.447323689374885,1.235050474740001,283.181231860822,0.8375654171699772,0.8824573357281976,7564
totalVI,2026,ADT_IRF4_A0249,1.0623800293456591,0.9381508715154412,6.006621392677222,0.0625456310925334,0.097363715841213,7564
totalVI,2026,ADT_IgD_A0571,1.1661536194422009,0.9803676099518164,272.01502241702514,0.8407211065899193,0.9325186582455962,7564
totalVI,2026,ADT_IgM_A0450,1.0985169770919647,0.9727222783758782,5.246746895806238,0.1996186962075592,0.2347893310118544,7564
totalVI,2026,ADT_Ly-6A-E(Sca-1)_A0130,1.33123927007776,1.1109571026257563,79.24648878146958,0.5914628785625565,0.6166536090064533,7564
totalVI,2026,ADT_Ly-6C_A0013,1.084287198958591,0.9534189936195632,44.85016623103133,0.3426499675872325,0.7276264271113426,7564
totalVI,2026,ADT_MAdCAM-1_A0232,1.106359345573461,0.9849743436794762,5.9224417087326975,0.0573935351933451,0.070301366360053,7564
totalVI,2026,ADT_MERTK(Mer)_A0565,1.1342851939972205,1.011200019632697,6.592950569013639,0.1193964966433528,0.4405677357153295,7564
totalVI,2026,ADT_NK-1.1_A0118,1.251689980408639,1.131755020428881,6.271920341086224,0.068095941389309,0.5652420810484126,7564
totalVI,2026,ADT_Notch1_A0442,1.1638078259152729,1.0574016706936284,8.091564021622423,0.0815326083949122,0.0920516059811835,7564
totalVI,2026,ADT_PanendothelialCellAntigen_A0381,1.0968162321999535,0.9586693078928252,4.863055967200313,0.1131252707239938,0.2236449847635567,7564
totalVI,2026,ADT_SiglecH_A0119,1.0936433377785837,0.9640686268136328,4.99059411484624,0.0364155864686178,0.342673207960557,7564
totalVI,2026,ADT_TCRVb5.1_5.2_A0354,1.6052014865201838,1.4825775073886536,9.381414177933426,0.0740501340337683,0.1825454335912831,7564
totalVI,2026,ADT_TCRVb8.1_8.2_A0235,1.1286012049547076,0.9827810656425554,3.739023564228742,0.1198580437217436,0.1523288711668708,7564
totalVI,2026,ADT_TCRVr1.1-Cr4_A0209,0.6118215820066679,0.5285404329234702,0.8333766140725359,0.0101872754203012,0.1460460379943285,7564
totalVI,2026,ADT_TCRVr2_A0211,1.1009154337296991,0.9638257699613656,4.572068540082919,0.0115695503551655,0.0874783661649462,7564
totalVI,2026,ADT_TCRVr3_A0210,1.0481344925549858,0.9609605364233168,10.167969830637569,0.0183817871058288,0.0263500854712484,7564
totalVI,2026,ADT_TCRbchain_A0120,1.2359038705133534,1.089240632571601,35.76276407375467,0.7554180610189531,0.9109890565504726,7564
totalVI,2026,ADT_TCRr-d_A0121,1.1277029157930336,0.9984569517972188,5.7177517744424415,0.0208836525716591,0.2213516641422528,7564
totalVI,2026,ADT_TER-119-ErythroidCells_A0122,0.8224732483371862,0.7224908141529301,1.432060055667165,-0.0191348363699441,0.0703195857872163,7564
totalVI,2026,ADT_Tim-4_A0567,1.0873147614715342,0.970532876228938,10.906327181427269,0.2321065165497841,0.5863117351949816,7564
totalVI,2026,ADT_XCR1_A0568,1.0662278573853905,0.9295790298669228,4.849939961398108,0.0596332624194083,0.2847418120629132,7564
totalVI,2026,ADT_anti-P2RY12_A0415,1.0986636323641978,0.9695288166289778,5.937952497029418,0.0542741546684864,0.062376357731671,7564
totalVI,2026,ADT_integrinb7_A0214,0.8517583490127446,0.7292965849297863,36.44642081858304,0.6869081768513661,0.7239812961471965,7564
totalVI,2027,ADT_CD102_A0104,0.8444842834123973,0.735601207854555,50.73081739020688,0.7260771509184227,0.7210693532585483,7564
totalVI,2027,ADT_CD103_A0201,1.0621640508898074,0.9500964346154436,12.107530023987366,0.384339059316242,0.7630107474017794,7564
totalVI,2027,ADT_CD106_A0226,0.9532765062139044,0.7966624652753658,7.969936999361834,0.2423372069226833,0.555148886757392,7564
totalVI,2027,ADT_CD115(CSF-1R)_A0105,1.0464744040716216,0.896926717658251,4.982899434978782,0.1673377626713779,0.537009496783609,7564
totalVI,2027,ADT_CD117(c-Kit)_A0012,1.0664108134840165,0.9326066539969352,7.1818591242174445,0.5425359740819409,0.6176618553720459,7564
totalVI,2027,ADT_CD11a_A0595,0.6619167369154183,0.5614061775844653,89.47174410313163,0.8608276054155625,0.8677090529495198,7564
totalVI,2027,ADT_CD11c_A0106,1.0550620620383775,0.9042828162187124,5.0553254752106165,0.2381478466529155,0.7087240136729435,7564
totalVI,2027,ADT_CD122(IL-2Rb)_A0227,0.9884374286786276,0.8409621889424036,3.2314148253073207,0.2419768603374913,0.3585289778490131,7564
totalVI,2027,ADT_CD127(IL-7Ra)_A0198,0.921198607906088,0.7794361369601682,3.505091946191853,0.6292792349065047,0.7044549888894703,7564
totalVI,2027,ADT_CD134(OX-40)_A0195,1.1693654810609635,1.1046957872334613,19.80623577234923,0.2203843072805786,0.3300193353966391,7564
totalVI,2027,ADT_CD135_A0098,1.0936504747198206,0.9793100454492094,6.4639666130907125,0.0490440238054061,0.1182324012168389,7564
totalVI,2027,ADT_CD137_A0194,1.12523718765877,1.039111069727647,10.406757504394104,-0.0010831734480036,0.0142948790948743,7564
totalVI,2027,ADT_CD14_A0424,1.095513003590353,0.9501574808374744,5.555712498917521,0.1859321975432154,0.5336326464433162,7564
totalVI,2027,ADT_CD140a_A0573,1.0761292519205832,1.010465621858007,15.816983429733751,0.0730298807535002,0.0691967998254108,7564
totalVI,2027,ADT_CD15(SSEA-1)_A0076,1.1736919900644285,1.0545047600566957,5.453832752171299,0.0090361008829846,0.0157537029387373,7564
totalVI,2027,ADT_CD150(SLAM)_A0203,0.9916845802752288,0.8177074890205714,27.31300415846483,0.6911353629170408,0.6683004123975782,7564
totalVI,2027,ADT_CD16-32_A0109,1.0801130090582287,0.9440840320351316,4.030939277172845,0.0212528797042688,0.0496157022681966,7564
totalVI,2027,ADT_CD169(Siglec-1)_A0440,1.1153414464381817,1.028448962869185,13.05319197627995,0.1016251502254158,0.2702884088349127,7564
totalVI,2027,ADT_CD172a(SIRPa)_A0422,1.0737357038332014,0.9544186578972772,10.451753659578683,0.3337033803717489,0.6907827953585756,7564
totalVI,2027,ADT_CD183(CXCR3)_A0228,1.083420722768382,0.9376008531327132,3.969513101340727,0.1954585371701608,0.5257333870589389,7564
totalVI,2027,ADT_CD184(CXCR4)_A0444,1.0058111029920742,0.8914632478726651,7.662929613460378,0.2387485659476752,0.310585224990132,7564
totalVI,2027,ADT_CD19_A0093,0.8046330332781231,0.6754631885128389,73.71074041319171,0.8392119523082252,0.959207867519685,7564
totalVI,2027,ADT_CD192(CCR2)_A0426,0.9930638751859464,0.8917550145855234,9.42868592649588,0.0610378811852242,0.08932265417006,7564
totalVI,2027,ADT_CD195(CCR5)_A0376,1.1596841113604797,1.0404698963025036,5.68149962405059,-0.0050508385798137,0.0252885645522005,7564
totalVI,2027,ADT_CD196(CCR6)_A0225,0.9898220542911966,0.8411349351528891,2.9906039282104318,0.0814596052511006,0.0667836464280648,7564
totalVI,2027,ADT_CD197(CCR7)_A0377,1.0979566737837,0.9867008963160078,7.056161466570269,0.0154339129191978,0.0059712587750555,7564
totalVI,2027,ADT_CD20_A0192,1.0186016294075837,0.932483649869921,23.910540203011774,0.6351380945965904,0.6204271067097291,7564
totalVI,2027,ADT_CD200(OX2)_A0079,1.067015702456766,0.9382285442825125,25.995847691183428,0.767513627808158,0.7560460799150511,7564
totalVI,2027,ADT_CD201(EPCR)_A0439,1.0573941277221135,0.934134924510352,5.903361225556848,0.0709856007487565,0.154747461334171,7564
totalVI,2027,ADT_CD204(Msr1)_A0448,0.6877330646435384,0.6056309569881534,1.0143419602350985,0.0168761800946675,0.0131312438923991,7564
totalVI,2027,ADT_CD206(MMR)_A0173,1.2190590806138288,1.1077699406010066,8.801823066063875,0.0637515142016009,0.1403792243285693,7564
totalVI,2027,ADT_CD21-CD35(CR2-CR1)_A0107,1.2192712994306871,1.0444998040258815,44.9200123233306,0.8369568122697237,0.895703125536103,7564
totalVI,2027,ADT_CD223(LAG-3)_A0378,1.073701745056082,1.0039746200563704,14.868383167535145,0.1135865806375896,0.2267764734348579,7564
totalVI,2027,ADT_CD23_A0108,1.1996933209193106,1.02243620041237,45.06026513547509,0.8000061432365755,0.8891135399133946,7564
totalVI,2027,ADT_CD24_A0212,1.1322843249744885,1.0019199319857308,93.51797147833564,0.8742214929439653,0.9162720234268724,7564
totalVI,2027,ADT_CD25_A0097,0.8742281567005008,0.7469512890796459,2.0965981658081225,0.1424864027416023,0.5513442115210395,7564
totalVI,2027,ADT_CD274(B7-H1_PD-L1)_A0190,0.8655060933813082,0.7650697445784297,19.083378830389773,0.5473814650597266,0.6366721966605993,7564
totalVI,2027,ADT_CD278(ICOS)_A0171,0.9926350426561952,0.8905029494339798,15.819922832381089,0.6923162164356138,0.7924101595887275,7564
totalVI,2027,ADT_CD279(PD-1)_A0004,1.1095004633523722,1.0261161957868452,12.473188129195078,0.1333660702570804,0.315386151928108,7564
totalVI,2027,ADT_CD28_A0204,1.072105505197075,0.9608009111600272,8.348886352818457,0.5579102029820948,0.5999149380191853,7564
totalVI,2027,ADT_CD29_A0570,0.8998397432137943,0.7648318391019696,29.508999738284736,0.5901544343130073,0.7549805126483463,7564
totalVI,2027,ADT_CD300LG(Nepmucin)_A0416,1.0941893428126876,1.0257142217026467,16.60027062760529,0.1048437211031204,0.2844773089980493,7564
totalVI,2027,ADT_CD301a(MGL1)_A0551,1.1692026450006716,1.031824126246618,4.105876068599889,0.0508084091910481,0.2533333536227369,7564
totalVI,2027,ADT_CD301b(MGL2)_A0566,1.0782936804530243,0.9720058981396564,8.050611817981753,0.0756307766836443,0.1815469922422786,7564
totalVI,2027,ADT_CD304(Neuropilin-1)_A0552,1.1987122840437836,1.0595070645134337,5.574120388719407,0.196118161277643,0.5122837377669428,7564
totalVI,2027,ADT_CD326(Ep-CAM)_A0449,1.0478305367908634,0.8996295600517502,3.277101481767762,0.1464332450874151,0.2861824495349527,7564
totalVI,2027,ADT_CD335(NKp46)_A0184,1.206186015172917,1.148170186801924,20.117805593421004,0.0837930974291193,0.1893193735522865,7564
totalVI,2027,ADT_CD357(GITR)_A0193,1.01516403455114,0.862059254173142,11.332199040573782,0.7577369775033002,0.8113944251200912,7564
totalVI,2027,ADT_CD36_A0555,1.0550588196144426,0.8991263949780192,4.270843094268972,0.1594738104227494,0.3358114951617033,7564
totalVI,2027,ADT_CD366(Tim-3)_A0003,0.9192710117864692,0.8071750395718129,1.846508597678321,0.0724618824607384,0.2836365870132613,7564
totalVI,2027,ADT_CD370(CLEC9A_DNGR1)_A0556,1.0796996257398086,0.9368786078902072,4.295465377888813,0.084067234072015,0.2233030630438272,7564
totalVI,2027,ADT_CD38_A0557,0.9533108463859084,0.7653318016632451,146.40737625507373,0.8515999906499805,0.932209883806893,7564
totalVI,2027,ADT_CD4_A0001,1.3353042329306395,1.0989957769210534,70.92672664043702,0.6377425015916907,0.9004686803145957,7564
totalVI,2027,ADT_CD41_A0443,1.378863128381128,1.2392699416855173,27.00406342067144,0.1058100366902387,0.4142012987069448,7564
totalVI,2027,ADT_CD43_A0110,0.9586747478158628,0.8303886918784118,155.02294983351942,0.853012505402185,0.9336471603357686,7564
totalVI,2027,ADT_CD45_A0096,1.1811127316117835,1.094122759585895,693.4905667670627,0.5582686091356854,0.5254738689621715,7564
totalVI,2027,ADT_CD45.1_A0178,1.1100928747103698,0.9772879467346298,3.536713350518931,0.0234583175465758,0.0382683234492921,7564
totalVI,2027,ADT_CD45.2_A0157,1.1508190120139796,1.0888745664256778,53.95495242230291,0.4973964783254467,0.5534986293084403,7564
totalVI,2027,ADT_CD45R-B220_A0103,1.0083189010669853,0.9019905297494792,89.79847099628479,0.8314105202920916,0.9552524227330074,7564
totalVI,2027,ADT_CD48_A0429,0.8071763388705228,0.7222751524774882,63.91358470311561,0.539313429359103,0.6182648070128856,7564
totalVI,2027,ADT_CD49d_A0078,0.9079998855332572,0.7715720044075535,17.1862907233155,0.5932626573847436,0.6239169733482371,7564
totalVI,2027,ADT_CD5_A0111,1.056262145627439,0.8893342126554512,156.88339937382565,0.8239763219045191,0.9428312076673588,7564
totalVI,2027,ADT_CD54_A0074,0.9347797618181912,0.7782326939957805,32.202692144954725,0.7582041195667624,0.7989588897043729,7564
totalVI,2027,ADT_CD55(DAF)_A0558,1.037603526856817,0.8523665677824549,79.57289344781546,0.8573185608739499,0.8552593578523422,7564
totalVI,2027,ADT_CD62L_A0112,1.0828698229699512,0.7916434155411032,104.75466169420844,0.6851063752857461,0.736642856771135,7564
totalVI,2027,ADT_CD62P(P-selectin)_A0229,1.1947471102255054,1.1082669566421508,12.893154276671831,0.1460784107976708,0.163578562991829,7564
totalVI,2027,ADT_CD63_A0559,1.1070408892242745,1.0071980350926686,10.240380018492466,0.0916708528339396,0.2516494228559076,7564
totalVI,2027,ADT_CD64(FcrRI)_A0202,0.9279218329815392,0.7922244328945706,2.122867226033284,0.0669493935702595,0.2769866146795848,7564
totalVI,2027,ADT_CD68_A0560,0.7380637431905644,0.6427144853519932,1.2653757253379054,0.0512524539169061,0.1350775919061835,7564
totalVI,2027,ADT_CD69_A0197,0.9728700427006586,0.8461818705763328,6.156233051729732,0.1282388829379367,0.3388936088585025,7564
totalVI,2027,ADT_CD71_A0441,1.115542968018027,0.9842581615206002,20.94813492586851,0.7497238333551448,0.7494360402631559,7564
totalVI,2027,ADT_CD73_A0077,1.165781662349601,0.9790701888965,14.264213865992255,0.6867101681607641,0.7687131633547184,7564
totalVI,2027,ADT_CD79b(Igb)_A0561,1.0336149837691102,0.9114797385157414,28.66807000678661,0.8228899394678701,0.8849611351753229,7564
totalVI,2027,ADT_CD83_A0562,0.5408350085686674,0.4930441755906367,0.7335733097580487,0.0544649562595722,0.1357039501255771,7564
totalVI,2027,ADT_CD86_A0200,1.169263338587056,0.974388687762898,19.22601729659792,0.6160796030349678,0.6277067277683631,7564
totalVI,2027,ADT_CD8a_A0002,1.2966434992985818,1.1144571646632653,46.623414456560646,0.496819340608536,0.8998104714939186,7564
totalVI,2027,ADT_CD8b(Ly-3)_A0230,1.4140494114470958,1.1717045214474373,65.32048339720191,0.4776437596892148,0.8973274081580842,7564
totalVI,2027,ADT_CD90.1(Thy-1.1)_A0380,0.6205605477506688,0.5414242799051945,0.8340489465382791,0.0147148629998615,0.0141834154452922,7564
totalVI,2027,ADT_CD90.2_A0075,1.1839377682665777,0.9941530969365682,151.1803105307407,0.7893977832280814,0.9422152134039876,7564
totalVI,2027,ADT_CD93(AA4.1_earlyBlineage)_A0113,1.1346774810351965,0.995117864478288,5.0362308812734,0.2354022931457841,0.4593747818286094,7564
totalVI,2027,ADT_CX3CR1_A0563,0.8183113133097973,0.6999472929165764,1.5863436311404582,0.1072499165488908,0.4049406093081266,7564
totalVI,2027,ADT_ESAM_A0596,1.0861132676025942,0.9564536859918668,5.824866956280124,0.0927270504397828,0.2931470718595889,7564
totalVI,2027,ADT_F4-80_A0114,1.0769005598849368,0.924756087666405,5.411781430370526,0.246320218863974,0.6154883031232071,7564
totalVI,2027,ADT_FceRIa_A0115,1.0865329376502444,0.9514806928809084,3.778185031453117,0.0362294827481153,0.057225725751983,7564
totalVI,2027,ADT_FolateReceptorb(FR-b)_A0564,1.1008906875364644,0.9664339133688185,5.966842478636647,0.0289330220657461,0.2689859412065866,7564
totalVI,2027,ADT_H-2KbboundtoSIINFEKL_A0231,1.0875722443596252,0.9574152542242268,5.048983580974093,0.1903074227318512,0.228842420785049,7564
totalVI,2027,ADT_I-A-I-E_A0117,1.4503475085545756,1.2350899250705076,279.21860772298794,0.8395232648684603,0.8832400345003197,7564
totalVI,2027,ADT_IRF4_A0249,1.0555191241819522,0.9300811854646784,5.922515372256638,0.0509045689132337,0.0839795948794425,7564
totalVI,2027,ADT_IgD_A0571,1.163391923815233,0.9772739366257758,269.4094969670272,0.8413262471848367,0.9324586209130824,7564
totalVI,2027,ADT_IgM_A0450,1.0968930386042013,0.9706397372642348,5.227659889909088,0.1951431721157742,0.2281441499677493,7564
totalVI,2027,ADT_Ly-6A-E(Sca-1)_A0130,1.3249872502595157,1.1100243107119971,79.55507647354473,0.6152612914673332,0.6428633832839151,7564
totalVI,2027,ADT_Ly-6C_A0013,1.0782591693945796,0.9494723770421408,45.80301474717986,0.3508141496090813,0.7385318819065028,7564
totalVI,2027,ADT_MAdCAM-1_A0232,1.107713822102844,0.9864638126748976,5.943440199528719,0.0619023006934903,0.074779573339468,7564
totalVI,2027,ADT_MERTK(Mer)_A0565,1.1322931795285704,1.008978827721479,6.528296387428837,0.1206105258111558,0.4382202336109784,7564
totalVI,2027,ADT_NK-1.1_A0118,1.2558364562828117,1.1357887674024063,6.266493628606287,0.06738379389766,0.564635971916819,7564
totalVI,2027,ADT_Notch1_A0442,1.161703512057603,1.0555925040618153,8.066659441074954,0.0708813345201093,0.1075242563792784,7564
totalVI,2027,ADT_PanendothelialCellAntigen_A0381,1.0879637123069066,0.9499648454232004,4.781366012387651,0.1214030244327748,0.2361544754497321,7564
totalVI,2027,ADT_SiglecH_A0119,1.0893379213169876,0.9594835444227516,4.994749742295615,0.0576062394662813,0.3453897605177484,7564
totalVI,2027,ADT_TCRVb5.1_5.2_A0354,1.6305633176695111,1.5083971462704822,9.710020793549663,0.077895689139238,0.1806557080549816,7564
totalVI,2027,ADT_TCRVb8.1_8.2_A0235,1.1219941724729008,0.9765235566345112,3.696969230990761,0.1154275755013389,0.1425990794946365,7564
totalVI,2027,ADT_TCRVr1.1-Cr4_A0209,0.6105689809251038,0.5273166328909572,0.8311286456745053,0.011014004967474,0.1267938109475082,7564
totalVI,2027,ADT_TCRVr2_A0211,1.0980253319238085,0.9611192237987308,4.528728366969818,-0.0029653885688883,0.086025505508425,7564
totalVI,2027,ADT_TCRVr3_A0210,1.0463553869081303,0.959015567507022,10.138900223388552,0.042826660916688,0.0349036959734511,7564
totalVI,2027,ADT_TCRbchain_A0120,1.2325641651542425,1.0856613034794775,35.4701213042992,0.7567277745280369,0.9113226672513524,7564
totalVI,2027,ADT_TCRr-d_A0121,1.116562673955131,0.9875891170425148,5.615092967818617,0.0392754389329816,0.2290394823972481,7564
totalVI,2027,ADT_TER-119-ErythroidCells_A0122,0.8155940483378906,0.7164786780070581,1.418794322934244,0.0031473349852944,0.0841225962789062,7564
totalVI,2027,ADT_Tim-4_A0567,1.086125862328244,0.9672215936019316,10.89452493134029,0.2327034865068829,0.5813551816148146,7564
totalVI,2027,ADT_XCR1_A0568,1.06130141423409,0.923769947058523,4.800507320669326,0.0714300450697954,0.2803239885529709,7564
totalVI,2027,ADT_anti-P2RY12_A0415,1.0958494322666266,0.9660879228466668,5.892848586733539,0.0304376123897552,0.0469257042160981,7564
totalVI,2027,ADT_integrinb7_A0214,0.8427037654238053,0.7221791819540366,36.46505212506436,0.6998364565312405,0.7355245680656711,7564
totalVI,2028,ADT_CD102_A0104,0.8804394540870629,0.7679923165225574,54.84947497349199,0.7208397415799682,0.7012500092767129,7564
totalVI,2028,ADT_CD103_A0201,1.0621443697728998,0.9486484129356244,11.930071429056444,0.3772892479747564,0.7588968280523143,7564
totalVI,2028,ADT_CD106_A0226,0.9485136238898404,0.7914485356882054,7.942535646121884,0.2389874297022611,0.5564908640479963,7564
totalVI,2028,ADT_CD115(CSF-1R)_A0105,1.0410287291685714,0.8899422169414041,4.958120186766388,0.1803085279809767,0.5367690012193249,7564
totalVI,2028,ADT_CD117(c-Kit)_A0012,1.0705453850988915,0.9375352832327236,7.334716009879352,0.5363960785113912,0.6176011420789392,7564
totalVI,2028,ADT_CD11a_A0595,0.6632197488139681,0.5609815201368591,89.43235767637844,0.8568244262176111,0.8651016126335939,7564
totalVI,2028,ADT_CD11c_A0106,1.0502215262953265,0.8990213328484685,5.088499150346789,0.226786324188191,0.7083972872373443,7564
totalVI,2028,ADT_CD122(IL-2Rb)_A0227,0.993745633976838,0.8458747384304671,3.2960444741750887,0.2480464952755905,0.3586345336949093,7564
totalVI,2028,ADT_CD127(IL-7Ra)_A0198,0.9189451790118124,0.775992149846424,3.464375074044666,0.628092146878463,0.70111128549709,7564
totalVI,2028,ADT_CD134(OX-40)_A0195,1.1676136546738545,1.102583953883591,19.76119938254797,0.2207383645479245,0.32704752482021,7564
totalVI,2028,ADT_CD135_A0098,1.0899079226922683,0.9757909594872376,6.434209920060124,0.0393241819166704,0.1360291851758979,7564
totalVI,2028,ADT_CD137_A0194,1.1190588217988722,1.0323063114014446,10.291637205056322,0.0079545825859118,0.007306691066916,7564
totalVI,2028,ADT_CD14_A0424,1.092465224469102,0.9471050376779034,5.521590977103417,0.1853574773037537,0.5375784077415009,7564
totalVI,2028,ADT_CD140a_A0573,1.0737082276669043,1.0078137048558435,15.742024134732253,0.0752851892802421,0.0590908076999736,7564
totalVI,2028,ADT_CD15(SSEA-1)_A0076,1.1685473153915509,1.0488217143885463,5.405523079403616,0.0237671173572975,0.0262114215186694,7564
totalVI,2028,ADT_CD150(SLAM)_A0203,0.9992270940299408,0.8238668754791525,28.00810945494221,0.6899726858684522,0.6676689276857466,7564
totalVI,2028,ADT_CD16-32_A0109,1.075963715891703,0.9388773263662372,3.995724723050356,0.008667038523055,0.0371150552177496,7564
totalVI,2028,ADT_CD169(Siglec-1)_A0440,1.1101743655927976,1.0227869841811734,12.93723441229366,0.088810787354439,0.2604018581517936,7564
totalVI,2028,ADT_CD172a(SIRPa)_A0422,1.0700913631119753,0.9499574193501568,10.41918945123379,0.3345233959271356,0.6892553585096767,7564
totalVI,2028,ADT_CD183(CXCR3)_A0228,1.0884050126498372,0.9407147107975576,4.029848666307095,0.1922505384420286,0.5166871277901441,7564
totalVI,2028,ADT_CD184(CXCR4)_A0444,1.000258649887085,0.8862696358739912,7.586412395515623,0.2444078226890162,0.3220733899220762,7564
totalVI,2028,ADT_CD19_A0093,0.8086181471936669,0.6802736438817957,75.55487609893036,0.8390272781019427,0.9592657801332148,7564
totalVI,2028,ADT_CD192(CCR2)_A0426,0.9850426320412624,0.88457798955917,9.263102488691752,0.0582379100834235,0.0954869592071588,7564
totalVI,2028,ADT_CD195(CCR5)_A0376,1.1534235570748108,1.0336756321637288,5.61638137973975,-0.000703917845012,0.0259996329993043,7564
totalVI,2028,ADT_CD196(CCR6)_A0225,0.9806429573665392,0.8305284728242333,2.9374803944531727,0.1131647878414326,0.0676808132632483,7564
totalVI,2028,ADT_CD197(CCR7)_A0377,1.094635029299052,0.9830465667300669,7.015653790524874,0.0080992699308996,0.0116687329166433,7564
totalVI,2028,ADT_CD20_A0192,1.0000535098139356,0.9128815441017216,23.07458449847354,0.6339481542588171,0.6217747909584423,7564
totalVI,2028,ADT_CD200(OX2)_A0079,1.0661874794500452,0.9368545878167012,26.28081986514555,0.7655941987474326,0.7500130557518356,7564
totalVI,2028,ADT_CD201(EPCR)_A0439,1.0565699907418409,0.9336963220956856,5.897295326230893,0.07287804047268,0.1704243827405142,7564
totalVI,2028,ADT_CD204(Msr1)_A0448,0.6844638993842875,0.6032336584615773,1.0069231783536805,0.0198632945437317,0.0148582109787868,7564
totalVI,2028,ADT_CD206(MMR)_A0173,1.2187840443280886,1.1074027624320055,8.799241390762853,0.0681157059800163,0.1369521636406372,7564
totalVI,2028,ADT_CD21-CD35(CR2-CR1)_A0107,1.198915671102374,1.0274908046196922,44.07378011768549,0.8387171816645768,0.8997994632002081,7564
totalVI,2028,ADT_CD223(LAG-3)_A0378,1.0705467029730973,1.0004549365220778,14.82184471975616,0.1074499682455015,0.2423167790230422,7564
totalVI,2028,ADT_CD23_A0108,1.2049563591875636,1.0271067603157853,45.93837648065932,0.8007666951574424,0.8893819259598593,7564
totalVI,2028,ADT_CD24_A0212,1.1496178986160328,1.020701822618681,98.6699168221904,0.873684487648211,0.9154227398154604,7564
totalVI,2028,ADT_CD25_A0097,0.8760323189698986,0.747380149893229,2.168158055171331,0.1501466680412541,0.5498156861100718,7564
totalVI,2028,ADT_CD274(B7-H1_PD-L1)_A0190,0.8732399308007689,0.7713337234431661,19.42746133289912,0.5383074261760721,0.6228645790957014,7564
totalVI,2028,ADT_CD278(ICOS)_A0171,0.9879784887728378,0.8839858715437143,15.638337146788285,0.6915390309617917,0.7874505839436505,7564
totalVI,2028,ADT_CD279(PD-1)_A0004,1.1014732395429745,1.0178683629668617,12.315359341285015,0.1273530288079558,0.3126236411384803,7564
totalVI,2028,ADT_CD28_A0204,1.065004576296669,0.9527036151520022,8.229791973331881,0.5556653836465159,0.5982005799405242,7564
totalVI,2028,ADT_CD29_A0570,0.898222778535054,0.7635155925208399,30.55976406472628,0.5821506182764731,0.7547807527932825,7564
totalVI,2028,ADT_CD300LG(Nepmucin)_A0416,1.08731600294329,1.018318702433125,16.42182138343137,0.1164151862777069,0.281066262008974,7564
totalVI,2028,ADT_CD301a(MGL1)_A0551,1.1724592213261122,1.0351685428036823,4.131537694013163,0.0427685250246735,0.2457396247491997,7564
totalVI,2028,ADT_CD301b(MGL2)_A0566,1.0771081767451711,0.9706771297460808,8.048859954195512,0.0670916602231443,0.1836680825574786,7564
totalVI,2028,ADT_CD304(Neuropilin-1)_A0552,1.1971337046721513,1.0586059303235635,5.621013991231329,0.1961359243084103,0.5202205814739309,7564
totalVI,2028,ADT_CD326(Ep-CAM)_A0449,1.0376591175975554,0.889170151400085,3.1997060285302963,0.149094362336791,0.2872133820378909,7564
totalVI,2028,ADT_CD335(NKp46)_A0184,1.2018675309517617,1.1435105045611145,20.00987886789928,0.0605191495817321,0.1910288156293333,7564
totalVI,2028,ADT_CD357(GITR)_A0193,1.0171286797875756,0.863991274468994,11.555406155313907,0.7555339967254547,0.8091088157155106,7564
totalVI,2028,ADT_CD36_A0555,1.043534239201571,0.8888709252368135,4.203984939629662,0.1526224818774114,0.3491351960654427,7564
totalVI,2028,ADT_CD366(Tim-3)_A0003,0.912189126619352,0.7990553694751454,1.8233610421876183,0.0712342759398085,0.281833930158402,7564
totalVI,2028,ADT_CD370(CLEC9A_DNGR1)_A0556,1.0798673725330816,0.9372145929555792,4.3136362504984325,0.0858417910314202,0.2272097653639903,7564
totalVI,2028,ADT_CD38_A0557,0.9406344023302392,0.7525877325689636,144.5609054731856,0.8511811446487161,0.9324624505643616,7564
totalVI,2028,ADT_CD4_A0001,1.3168021330127155,1.0828722835709048,69.35924807671577,0.6372381569043774,0.9013119286593452,7564
totalVI,2028,ADT_CD41_A0443,1.3650941038408404,1.2292075452105995,26.10659831040502,0.092023539278576,0.4278018066879939,7564
totalVI,2028,ADT_CD43_A0110,0.9675711260718683,0.8370136018919068,155.7177458757575,0.8524212806713951,0.9334851873456426,7564
totalVI,2028,ADT_CD45_A0096,1.1864253526723336,1.0997267959247756,699.7213838880873,0.5619569922076953,0.5254629097815355,7564
totalVI,2028,ADT_CD45.1_A0178,1.1091532631968146,0.976610193612676,3.536635851683533,0.0278709187949958,0.0672112663296182,7564
totalVI,2028,ADT_CD45.2_A0157,1.1537517644546482,1.091603402582813,54.29176886708317,0.4997368942850234,0.551523543884124,7564
totalVI,2028,ADT_CD45R-B220_A0103,1.0082659234350917,0.9020743319284756,91.26544799318016,0.8324581260748859,0.9549566658294836,7564
totalVI,2028,ADT_CD48_A0429,0.8179319407624174,0.7346886290521584,65.97878659256925,0.5281957405914398,0.619638433533123,7564
totalVI,2028,ADT_CD49d_A0078,0.9158546932837478,0.7794156916446474,17.547304768968296,0.5917263753671634,0.6226372758951196,7564
totalVI,2028,ADT_CD5_A0111,1.059459768799079,0.8895116982611377,153.55461118613394,0.8234306497379513,0.9414847673355228,7564
totalVI,2028,ADT_CD54_A0074,0.9537709744252726,0.7956062876932265,34.03939336572987,0.7518092561486857,0.7901538550469244,7564
totalVI,2028,ADT_CD55(DAF)_A0558,1.0441483446756814,0.8591365020181575,81.66832163824347,0.8548133403173135,0.8522195196287887,7564
totalVI,2028,ADT_CD62L_A0112,1.0801569890316087,0.7869729479420012,104.9378440552827,0.6807922099784847,0.7365471412176589,7564
totalVI,2028,ADT_CD62P(P-selectin)_A0229,1.1760007629579654,1.088070995305852,12.48069529606513,0.1385754327062101,0.1624956227386837,7564
totalVI,2028,ADT_CD63_A0559,1.0991616329592433,0.9982673136936896,10.106232237904113,0.1054857381549497,0.2505779120934664,7564
totalVI,2028,ADT_CD64(FcrRI)_A0202,0.9266571652818648,0.7914466147591067,2.124621480340872,0.0887565985809074,0.2788514329936784,7564
totalVI,2028,ADT_CD68_A0560,0.7347562112214991,0.6388789673882113,1.2521614556209175,0.0432563518596291,0.1318045196567839,7564
totalVI,2028,ADT_CD69_A0197,0.96456121641882,0.8379017127840862,6.063894888132984,0.1287833646632092,0.3460414567562236,7564
totalVI,2028,ADT_CD71_A0441,1.1222723408643638,0.9927719316344372,21.76955616732617,0.750083000866778,0.7502314143017401,7564
totalVI,2028,ADT_CD73_A0077,1.1581638053899292,0.9735718471929248,14.292297881283751,0.6868574257348105,0.771024096828179,7564
totalVI,2028,ADT_CD79b(Igb)_A0561,1.0393927285914468,0.9177988666562964,29.42917496965147,0.8206296440721251,0.8840486691739304,7564
totalVI,2028,ADT_CD83_A0562,0.5382727278333357,0.4912148260212515,0.7288675324302827,0.0674008059429184,0.1451340986809019,7564
totalVI,2028,ADT_CD86_A0200,1.1702391541181365,0.975357854997126,19.25489836442666,0.6107365719468731,0.6219757282642437,7564
totalVI,2028,ADT_CD8a_A0002,1.2908205940412003,1.1100288748538163,45.62232324996365,0.5011072775590946,0.9011382801766116,7564
totalVI,2028,ADT_CD8b(Ly-3)_A0230,1.41990547203422,1.1783141279733833,63.96003686694605,0.4795670468170789,0.8977043184663624,7564
totalVI,2028,ADT_CD90.1(Thy-1.1)_A0380,0.6124314440862275,0.5339763285366178,0.8189537905861877,0.0254636285563055,0.0223341636240146,7564
totalVI,2028,ADT_CD90.2_A0075,1.1779510647788594,0.9839356409547224,146.90097360898426,0.7866062274451906,0.9409573776575496,7564
totalVI,2028,ADT_CD93(AA4.1_earlyBlineage)_A0113,1.1416354788883032,1.0005028411670092,5.1314286807426885,0.231073311664747,0.44714380111585,7564
totalVI,2028,ADT_CX3CR1_A0563,0.8159477840886745,0.6972992873361151,1.5892091171883955,0.1067463825849203,0.3972436069998986,7564
totalVI,2028,ADT_ESAM_A0596,1.081380095139957,0.951573815401431,5.7934113923107615,0.1009909562913019,0.2982473017958897,7564
totalVI,2028,ADT_F4-80_A0114,1.0709552837038938,0.9211301584165046,5.3742673860410735,0.2465148927359425,0.623830268409534,7564
totalVI,2028,ADT_FceRIa_A0115,1.0873444880781715,0.9526325795749372,3.780801374782399,0.038612599679919,0.0656392183599884,7564
totalVI,2028,ADT_FolateReceptorb(FR-b)_A0564,1.0990005176024282,0.9643718827081112,5.960408094066719,0.0309632595600249,0.2637866659346389,7564
totalVI,2028,ADT_H-2KbboundtoSIINFEKL_A0231,1.083478960957615,0.9524104078357284,5.009537628502646,0.1879930564182115,0.2202426798082065,7564
totalVI,2028,ADT_I-A-I-E_A0117,1.4487631775639782,1.2371946023493632,289.79656843027067,0.8380756699602782,0.8817030087029646,7564
totalVI,2028,ADT_IRF4_A0249,1.0592876697596851,0.9348278157045526,5.9685150849510284,0.0633871044410826,0.0999856711512128,7564
totalVI,2028,ADT_IgD_A0571,1.1486500175161791,0.9653276690082468,266.64502284465044,0.8440478743954363,0.9341611181119231,7564
totalVI,2028,ADT_IgM_A0450,1.1042174918713334,0.9787365966645178,5.316557448985777,0.1938674881243983,0.2302848427222359,7564
totalVI,2028,ADT_Ly-6A-E(Sca-1)_A0130,1.313856598575133,1.099729524082904,77.83116054131455,0.6139271498052639,0.6396036876632795,7564
totalVI,2028,ADT_Ly-6C_A0013,1.078402404094822,0.9462592911815904,48.07639865229711,0.3440080368790211,0.734489234091966,7564
totalVI,2028,ADT_MAdCAM-1_A0232,1.1036008441414824,0.9818699095409608,5.896850844276828,0.0625824545777397,0.0796998283625947,7564
totalVI,2028,ADT_MERTK(Mer)_A0565,1.1286645970692852,1.0053170083540923,6.484329413510327,0.1354336459521077,0.4413449736232064,7564
totalVI,2028,ADT_NK-1.1_A0118,1.253273441106717,1.132995863918406,6.375314853608703,0.0789335917735314,0.5661779675212434,7564
totalVI,2028,ADT_Notch1_A0442,1.161742641384352,1.05527836704962,8.06955080042435,0.0785264746174975,0.1021524850302944,7564
totalVI,2028,ADT_PanendothelialCellAntigen_A0381,1.0916626013262698,0.9533566375492172,4.854615785343063,0.1067709565461229,0.2308161097793446,7564
totalVI,2028,ADT_SiglecH_A0119,1.0905754646297563,0.9610500902814924,5.014006039504965,0.073255301850635,0.3467004239685172,7564
totalVI,2028,ADT_TCRVb5.1_5.2_A0354,1.6175590208430917,1.4933633038151934,9.56700300571466,0.0760648041903153,0.1800773459234065,7564
totalVI,2028,ADT_TCRVb8.1_8.2_A0235,1.1208125503911648,0.9748595413203284,3.687779690083343,0.1124281855581506,0.144963909797846,7564
totalVI,2028,ADT_TCRVr1.1-Cr4_A0209,0.616819848118094,0.5335544547975244,0.8452946969373462,0.0145350441302732,0.1478602105956997,7564
totalVI,2028,ADT_TCRVr2_A0211,1.0937763104237963,0.9570955240645002,4.493298994177299,0.0052129286842873,0.0989320042900886,7564
totalVI,2028,ADT_TCRVr3_A0210,1.0460963883186531,0.9585788717344604,10.128291351085362,0.0195986805867686,0.0243666835652229,7564
totalVI,2028,ADT_TCRbchain_A0120,1.2270991105274467,1.077875085152787,34.3364692475038,0.7531611290122789,0.9101179275809536,7564
totalVI,2028,ADT_TCRr-d_A0121,1.1238018711748252,0.9946420396094467,5.697425877398628,0.0351142689826902,0.2279136086408054,7564
totalVI,2028,ADT_TER-119-ErythroidCells_A0122,0.826299805690809,0.7245155150938163,1.454943722893106,-0.0146766256133295,0.0707192647234625,7564
totalVI,2028,ADT_Tim-4_A0567,1.0819716959394523,0.9632112970600928,10.92791168466565,0.2291471883897562,0.5790616362175447,7564
totalVI,2028,ADT_XCR1_A0568,1.0573672262538003,0.920404878760136,4.769911440196711,0.0581339120064274,0.2890264583343917,7564
totalVI,2028,ADT_anti-P2RY12_A0415,1.0938501214184215,0.9639826910125402,5.880729153066763,0.0379418719320615,0.0622009798956388,7564
totalVI,2028,ADT_integrinb7_A0214,0.8531793401971474,0.7326110731955743,36.96431308092736,0.6947657208889708,0.7283500963564072,7564
totalVI,2029,ADT_CD102_A0104,0.857762875723345,0.7501419066145721,52.6914281040698,0.7247769542841502,0.718805054501723,7564
totalVI,2029,ADT_CD103_A0201,1.0528538101113891,0.9399963094422752,11.593607225221405,0.3782382212044468,0.7624780055943938,7564
totalVI,2029,ADT_CD106_A0226,0.9457645556902132,0.7915923162463397,7.761149245554149,0.2390221203357022,0.5641042261442588,7564
totalVI,2029,ADT_CD115(CSF-1R)_A0105,1.039067506599627,0.889945947988998,4.889375682737007,0.1688817826091602,0.5434497636550848,7564
totalVI,2029,ADT_CD117(c-Kit)_A0012,1.0657702544808336,0.9333450610855668,7.168431259790216,0.5377074618764262,0.6235432724813418,7564
totalVI,2029,ADT_CD11a_A0595,0.6700318767500271,0.5703641645832314,90.76218731500433,0.8570940909275265,0.868445084294345,7564
totalVI,2029,ADT_CD11c_A0106,1.0455443809089764,0.8946352787791664,4.828386902683063,0.232600417657461,0.7121146048344419,7564
totalVI,2029,ADT_CD122(IL-2Rb)_A0227,0.9928803938479736,0.8462272206992505,3.286092098776718,0.2438400042907635,0.3639228810553563,7564
totalVI,2029,ADT_CD127(IL-7Ra)_A0198,0.918929754921671,0.7764941846011554,3.464430351789385,0.6279046449342596,0.7032261236103996,7564
totalVI,2029,ADT_CD134(OX-40)_A0195,1.1782495056945528,1.1139635579152898,20.10208236168832,0.2275727979946541,0.3307495715279167,7564
totalVI,2029,ADT_CD135_A0098,1.0948811357546864,0.9816778476434136,6.486287045264484,0.0685779736244307,0.1421129877662247,7564
totalVI,2029,ADT_CD137_A0194,1.1203774027262767,1.0335772813054498,10.315796077850315,-0.0015135936870709,0.0032429710852131,7564
totalVI,2029,ADT_CD14_A0424,1.0909683282428695,0.9462355194120003,5.488053678394562,0.1795757495101119,0.5398898418072916,7564
totalVI,2029,ADT_CD140a_A0573,1.075704650343576,1.0102467642118278,15.808169923970963,0.0826818877923538,0.0805456552451625,7564
totalVI,2029,ADT_CD15(SSEA-1)_A0076,1.172065398490295,1.052550916354879,5.440669473739353,-0.0143968050105167,0.0203533534352514,7564
totalVI,2029,ADT_CD150(SLAM)_A0203,1.0148896529241846,0.8481621698098838,28.693212345754706,0.6964070212452228,0.6778081657962816,7564
totalVI,2029,ADT_CD16-32_A0109,1.075677333146576,0.9392542285008976,3.995062686979676,0.0129230157285358,0.048917547394378,7564
totalVI,2029,ADT_CD169(Siglec-1)_A0440,1.1063639225970994,1.019680236074297,12.792250594154734,0.1033266212395178,0.2600397118765902,7564
totalVI,2029,ADT_CD172a(SIRPa)_A0422,1.0692659270075178,0.9492400327270856,10.213595303576312,0.325996362327773,0.6884264819951121,7564
totalVI,2029,ADT_CD183(CXCR3)_A0228,1.0941628655370983,0.9472039400465434,4.117573046167334,0.2091713580783853,0.5217716524003639,7564
totalVI,2029,ADT_CD184(CXCR4)_A0444,1.0083011262905923,0.8950994502711659,7.719683934367566,0.248422892288913,0.318952224887201,7564
totalVI,2029,ADT_CD19_A0093,0.8064500897490343,0.6820142000830555,77.85004937138146,0.8375961802193133,0.959451717513078,7564
totalVI,2029,ADT_CD192(CCR2)_A0426,0.9859547374437456,0.8872534399766842,9.275129076036304,0.0582769675304673,0.0945424315979419,7564
totalVI,2029,ADT_CD195(CCR5)_A0376,1.157872836769559,1.038035851218828,5.6621865910994575,-0.0027114245676543,0.0205966613938647,7564
totalVI,2029,ADT_CD196(CCR6)_A0225,0.9873427032129012,0.8381428450282072,2.974377617011431,0.117529095438631,0.0674322012036498,7564
totalVI,2029,ADT_CD197(CCR7)_A0377,1.0955445761702187,0.9842871499550933,7.027763694004682,0.0208597349615282,0.0154160890506159,7564
totalVI,2029,ADT_CD20_A0192,1.0029491918102742,0.9166953059822996,23.249263594731776,0.6380690803913265,0.6221607680387414,7564
totalVI,2029,ADT_CD200(OX2)_A0079,1.0727385944239054,0.948300901579162,26.684398870503443,0.7692359227687857,0.7605576201738977,7564
totalVI,2029,ADT_CD201(EPCR)_A0439,1.055402406070039,0.9327375354669512,5.882103734139977,0.0634324069960477,0.1656804671819534,7564
totalVI,2029,ADT_CD204(Msr1)_A0448,0.6853889716313749,0.6034448008236826,1.0089184313870687,0.0121839316205012,0.0137937565040877,7564
totalVI,2029,ADT_CD206(MMR)_A0173,1.2258507161694316,1.115134442486331,8.915891408542047,0.0680045683459266,0.1471962014805739,7564
totalVI,2029,ADT_CD21-CD35(CR2-CR1)_A0107,1.2066078657295862,1.03811755286132,45.33327120646543,0.8386922441424032,0.8993194301683779,7564
totalVI,2029,ADT_CD223(LAG-3)_A0378,1.0722525772839722,1.0027599351497805,14.83158185026874,0.1042671998545605,0.2371931588953519,7564
totalVI,2029,ADT_CD23_A0108,1.2154933480225265,1.0363017835463828,47.15113472749417,0.7975178307174875,0.8868931006654736,7564
totalVI,2029,ADT_CD24_A0212,1.126526934050891,0.996403626596832,94.31679411302603,0.8736664624199432,0.9165520453443822,7564
totalVI,2029,ADT_CD25_A0097,0.8672184624642474,0.7430683202962549,2.109279945610945,0.1403992712636214,0.5601632244600676,7564
totalVI,2029,ADT_CD274(B7-H1_PD-L1)_A0190,0.8749045357160705,0.7746647598048428,19.41139540251193,0.5336111644716868,0.6298387849296959,7564
totalVI,2029,ADT_CD278(ICOS)_A0171,0.9923162425284382,0.8902405977211671,15.758984853198829,0.6983048755007292,0.7932164037214202,7564
totalVI,2029,ADT_CD279(PD-1)_A0004,1.1033866606327392,1.019315101655624,12.35502520520368,0.1289587009310928,0.3101897739194071,7564
totalVI,2029,ADT_CD28_A0204,1.0647196729352242,0.952950135717852,8.24745143310914,0.5578646406516461,0.60028326884256,7564
totalVI,2029,ADT_CD29_A0570,0.887013441694955,0.7589113348261406,28.384937878199697,0.5816330102260744,0.7672623887766655,7564
totalVI,2029,ADT_CD300LG(Nepmucin)_A0416,1.091381723163388,1.0224138122114317,16.534764229085066,0.1290387147140073,0.2737737813521977,7564
totalVI,2029,ADT_CD301a(MGL1)_A0551,1.1701158725478276,1.0337683129039974,4.121666881093772,0.0521854654890145,0.2416175368557984,7564
totalVI,2029,ADT_CD301b(MGL2)_A0566,1.0797757514072637,0.9733626924315092,8.072943258008145,0.068548652321832,0.1802708765492511,7564
totalVI,2029,ADT_CD304(Neuropilin-1)_A0552,1.1942151027259875,1.056276354244423,5.550152308218445,0.1952721411015689,0.5189239450875862,7564
totalVI,2029,ADT_CD326(Ep-CAM)_A0449,1.047035471492277,0.896959434023826,3.282692788707586,0.1450884168415815,0.2822911008741152,7564
totalVI,2029,ADT_CD335(NKp46)_A0184,1.2035546606648393,1.145425051861759,20.054755430509022,0.0655190507586426,0.1937168145547319,7564
totalVI,2029,ADT_CD357(GITR)_A0193,1.017638424794858,0.865649227850965,11.61607504968981,0.756834132986512,0.810722843060857,7564
totalVI,2029,ADT_CD36_A0555,1.0491204958689826,0.8955877069144805,4.212222470863984,0.150044160353781,0.3446767418368798,7564
totalVI,2029,ADT_CD366(Tim-3)_A0003,0.9105755761783326,0.7991467797303734,1.7979432568860267,0.0730097888982084,0.2831455217466793,7564
totalVI,2029,ADT_CD370(CLEC9A_DNGR1)_A0556,1.081094367548152,0.938409842004422,4.300879886956015,0.0872905179614151,0.2266986556780899,7564
totalVI,2029,ADT_CD38_A0557,0.9295086789054768,0.7518679194348261,148.38466970281334,0.8527158171741275,0.9352430757028511,7564
totalVI,2029,ADT_CD4_A0001,1.3419178123505031,1.0999115483448696,70.99669150370633,0.6398499498684682,0.8966756306642055,7564
totalVI,2029,ADT_CD41_A0443,1.3609451779034878,1.2319506033828775,24.441341001731512,0.1116168711265753,0.4335622977817895,7564
totalVI,2029,ADT_CD43_A0110,0.9599495994504188,0.8314739986470795,154.3642562208574,0.8531295998637677,0.934830827602768,7564
totalVI,2029,ADT_CD45_A0096,1.1905164839548166,1.1042954591201792,703.4088956831877,0.556469192342239,0.5272357309623484,7564
totalVI,2029,ADT_CD45.1_A0178,1.108885103884108,0.9758908525585376,3.530495574460466,0.0192900817068952,0.0458175088369646,7564
totalVI,2029,ADT_CD45.2_A0157,1.1549140489980425,1.0935211206002575,54.27400977922961,0.5072798003760761,0.5583584709136776,7564
totalVI,2029,ADT_CD45R-B220_A0103,1.0059775750203417,0.9027119506393568,92.62419395822498,0.8307655000427796,0.9552677804539474,7564
totalVI,2029,ADT_CD48_A0429,0.8056262795197731,0.7256077957077832,64.73416652407109,0.5224155143064674,0.6451341073410951,7564
totalVI,2029,ADT_CD49d_A0078,0.9334179144906612,0.8019650036550611,18.23740730331033,0.5970791565766468,0.6302635766154367,7564
totalVI,2029,ADT_CD5_A0111,1.0492268856813196,0.8849557523453855,159.56761304541658,0.8257675671181565,0.9435656932463582,7564
totalVI,2029,ADT_CD54_A0074,0.940007406946728,0.7862386165049352,32.69985470602841,0.7597578904712166,0.8001599348232239,7564
totalVI,2029,ADT_CD55(DAF)_A0558,1.0455687818517498,0.8672584014053548,85.02183525250867,0.8541920990714797,0.8523087368760572,7564
totalVI,2029,ADT_CD62L_A0112,1.100591104383372,0.8110175875171586,109.4146566660804,0.6808586923469921,0.738181344622395,7564
totalVI,2029,ADT_CD62P(P-selectin)_A0229,1.18162359113001,1.0941075205942914,12.600765118833449,0.1398261898037514,0.1600295968467305,7564
totalVI,2029,ADT_CD63_A0559,1.107779708094972,1.0080145820280852,10.264053178426137,0.0900608356105908,0.2512380554468927,7564
totalVI,2029,ADT_CD64(FcrRI)_A0202,0.9284373798798374,0.7930837144686484,2.129328196544234,0.0772666668676552,0.2739921712012557,7564
totalVI,2029,ADT_CD68_A0560,0.7354143287097331,0.6408029575545308,1.2513737285786493,0.0468658115065541,0.1253870224297995,7564
totalVI,2029,ADT_CD69_A0197,0.9675731519340428,0.8419415720275853,6.0773240937435205,0.1497916782092181,0.3533208180456466,7564
totalVI,2029,ADT_CD71_A0441,1.116308773396067,0.9842241639398432,21.22930301288522,0.7464671366392648,0.7433239378410099,7564
totalVI,2029,ADT_CD73_A0077,1.1631230165936637,0.9785698477264684,14.170539570195157,0.683172297663234,0.7669131499769916,7564
totalVI,2029,ADT_CD79b(Igb)_A0561,1.0339378013710026,0.9135616461456192,29.414947036080484,0.81970024512582,0.8846058284752205,7564
totalVI,2029,ADT_CD83_A0562,0.5325738711443035,0.4872861649201351,0.7220479209214402,0.0625390717432627,0.1494521516678173,7564
totalVI,2029,ADT_CD86_A0200,1.1707178763288528,0.9793539542354774,19.248903908343745,0.6161134601465692,0.6275117527290722,7564
totalVI,2029,ADT_CD8a_A0002,1.2665891310709283,1.0902294350980906,43.06125354590333,0.5009617543772993,0.9050115430325512,7564
totalVI,2029,ADT_CD8b(Ly-3)_A0230,1.3713688249478284,1.1417437548707583,58.96313393330335,0.4717777051630573,0.905223330643198,7564
totalVI,2029,ADT_CD90.1(Thy-1.1)_A0380,0.6228491925145017,0.5437192710413111,0.8396128666252765,0.0115423569551773,0.014032882618128,7564
totalVI,2029,ADT_CD90.2_A0075,1.1788726048252098,0.9871144240370202,145.022153152605,0.7884653812941538,0.9416939503370872,7564
totalVI,2029,ADT_CD93(AA4.1_earlyBlineage)_A0113,1.1354839222589863,0.9966279697644196,5.055462698278321,0.2432260656953979,0.4672233809084828,7564
totalVI,2029,ADT_CX3CR1_A0563,0.8113997723361674,0.6942998853070305,1.556144396017494,0.0978540826496624,0.4086744033801811,7564
totalVI,2029,ADT_ESAM_A0596,1.0848945430445591,0.9557706680484408,5.808444078733907,0.0942656333734928,0.2988018545004475,7564
totalVI,2029,ADT_F4-80_A0114,1.0762937756675932,0.9261257725043496,5.416680554622446,0.254892213245365,0.6226139572622079,7564
totalVI,2029,ADT_FceRIa_A0115,1.091284040876862,0.9566953044106304,3.8060905977508366,0.0163391420123484,0.0579753804895416,7564
totalVI,2029,ADT_FolateReceptorb(FR-b)_A0564,1.0971643467869283,0.9633404800666416,5.931904503430468,0.0344652342665492,0.2629074018957839,7564
totalVI,2029,ADT_H-2KbboundtoSIINFEKL_A0231,1.0879795785162978,0.9578035055896872,5.054375724273028,0.1901575997332446,0.2267471773299602,7564
totalVI,2029,ADT_I-A-I-E_A0117,1.4536992907804065,1.2423746814061725,289.25404066109013,0.8387794917763376,0.8827178776993535,7564
totalVI,2029,ADT_IRF4_A0249,1.057368739063452,0.9327527510306656,5.946460765735742,0.0612744477757212,0.0977218151149372,7564
totalVI,2029,ADT_IgD_A0571,1.170391482929955,0.9869241608674882,282.9577131077198,0.8408296156788708,0.9327288937535542,7564
totalVI,2029,ADT_IgM_A0450,1.1046016401524912,0.9796557284015104,5.324437914860432,0.203756906796819,0.238197858154034,7564
totalVI,2029,ADT_Ly-6A-E(Sca-1)_A0130,1.3136316848853264,1.0999583213482786,77.88718897498265,0.6054049934185255,0.6355881322606293,7564
totalVI,2029,ADT_Ly-6C_A0013,1.09665211181277,0.9584356699740516,49.19266132902431,0.3451381682562252,0.7266196017704503,7564
totalVI,2029,ADT_MAdCAM-1_A0232,1.1062673985830669,0.9849993120757023,5.923992289997547,0.0662936408853192,0.077119596194478,7564
totalVI,2029,ADT_MERTK(Mer)_A0565,1.1341358771463053,1.0110558783630148,6.5533865434917935,0.1386609474561431,0.4357825429315565,7564
totalVI,2029,ADT_NK-1.1_A0118,1.249843566674724,1.1294340575805146,6.22130051408099,0.0843683626577237,0.5636690317188551,7564
totalVI,2029,ADT_Notch1_A0442,1.1653282535964216,1.059225705803917,8.117342312206105,0.0663059438865503,0.1009198279013638,7564
totalVI,2029,ADT_PanendothelialCellAntigen_A0381,1.0904467218729186,0.952681630821871,4.812596497114596,0.1364411171250303,0.2365875353500374,7564
totalVI,2029,ADT_SiglecH_A0119,1.0893228452817916,0.9594530467832956,5.009644341557068,0.0689890606208983,0.3458997485342628,7564
totalVI,2029,ADT_TCRVb5.1_5.2_A0354,1.6106729089242893,1.4889276007274277,9.447474196750232,0.0740374804472548,0.1818888925563787,7564
totalVI,2029,ADT_TCRVb8.1_8.2_A0235,1.1205013723261432,0.9746736925015816,3.6846067492511776,0.118711235284923,0.1438478210906048,7564
totalVI,2029,ADT_TCRVr1.1-Cr4_A0209,0.6124845711911937,0.5288677240363957,0.8357941446592415,0.0142111444236472,0.1281879732722564,7564
totalVI,2029,ADT_TCRVr2_A0211,1.0944037675514635,0.957791013292448,4.506411758949365,0.0096318180417351,0.0886736096933389,7564
totalVI,2029,ADT_TCRVr3_A0210,1.045865122522554,0.958227980729518,10.12748205907631,0.029585047085811,0.0292624581695319,7564
totalVI,2029,ADT_TCRbchain_A0120,1.2295386497855978,1.0830946314035432,35.29243925581024,0.7601870597350863,0.9122470242235252,7564
totalVI,2029,ADT_TCRr-d_A0121,1.1209770296538717,0.9929247904822746,5.672908048475942,0.0237788068918396,0.2331968677876839,7564
totalVI,2029,ADT_TER-119-ErythroidCells_A0122,0.8122468316089214,0.7128825007443873,1.4101385154590476,-0.0030313776294837,0.0829458379931832,7564
totalVI,2029,ADT_Tim-4_A0567,1.0815636065753031,0.963285351945289,10.782466723766357,0.2267339298018718,0.5803845814957205,7564
totalVI,2029,ADT_XCR1_A0568,1.062245114030173,0.9259912992556208,4.7567490278130045,0.0583951551093081,0.2868288507263821,7564
totalVI,2029,ADT_anti-P2RY12_A0415,1.0968627397669413,0.9668516280449728,5.910425053016021,0.0323605384060815,0.050094761820582,7564
totalVI,2029,ADT_integrinb7_A0214,0.8653300656253823,0.7490505163513477,37.69809755177047,0.7027392627702133,0.7348985163500855,7564
totalVI,2030,ADT_CD102_A0104,0.8550468992985963,0.7448901728273551,52.09175185713423,0.7215850466847432,0.7116856029926346,7564
totalVI,2030,ADT_CD103_A0201,1.0524767808388735,0.9379986302466752,11.585086962459329,0.3717768057491747,0.7571373971132546,7564
totalVI,2030,ADT_CD106_A0226,0.941786254088234,0.7855576470239666,7.798641729077481,0.230191029119281,0.5587887556189068,7564
totalVI,2030,ADT_CD115(CSF-1R)_A0105,1.0425900415426446,0.8924387835968568,4.943497671707795,0.1775413179791239,0.5404175569051947,7564
totalVI,2030,ADT_CD117(c-Kit)_A0012,1.069492853878623,0.9362161308026536,7.240795852771075,0.5356388608241567,0.6172964337250321,7564
totalVI,2030,ADT_CD11a_A0595,0.6512320029888405,0.548787762197128,87.16821450017105,0.8567872722458741,0.8654180336706825,7564
totalVI,2030,ADT_CD11c_A0106,1.0504250357877227,0.8983680756343619,4.901057441167766,0.2257263818343643,0.7051939857995163,7564
totalVI,2030,ADT_CD122(IL-2Rb)_A0227,0.9946022094181776,0.8473937137369558,3.2923206844889634,0.2390107098415732,0.360053684862128,7564
totalVI,2030,ADT_CD127(IL-7Ra)_A0198,0.9170748445133086,0.7740781324824285,3.4553757202114648,0.6302015371559262,0.7019562117586884,7564
totalVI,2030,ADT_CD134(OX-40)_A0195,1.179082168955944,1.1151850898893336,20.186289227746396,0.2285811412106986,0.3370470344061133,7564
totalVI,2030,ADT_CD135_A0098,1.095295464869796,0.9816574871315834,6.488564031203546,0.0574826592928527,0.1314111910596895,7564
totalVI,2030,ADT_CD137_A0194,1.122448988206898,1.035955597318719,10.352548057852694,0.00315002564264,0.0049737107230796,7564
totalVI,2030,ADT_CD14_A0424,1.0870151621790074,0.9418586834725716,5.441654823495874,0.1792264481234569,0.5382276631293645,7564
totalVI,2030,ADT_CD140a_A0573,1.077556023052873,1.011742069749249,15.84817485718548,0.061868460027379,0.0535952216787967,7564
totalVI,2030,ADT_CD15(SSEA-1)_A0076,1.171618406533599,1.052088191176841,5.432546507612478,0.0205582160759901,0.0018712963830812,7564
totalVI,2030,ADT_CD150(SLAM)_A0203,0.9988815063129504,0.8251825753618777,28.061524857420697,0.690678329333699,0.6677380583145902,7564
totalVI,2030,ADT_CD16-32_A0109,1.0756500916161127,0.9385366771849007,3.993288688657146,0.0169459159535803,0.0374699313021337,7564
totalVI,2030,ADT_CD169(Siglec-1)_A0440,1.1107825908881357,1.024102669640482,12.91465876406302,0.0941970680957211,0.2726889720765845,7564
totalVI,2030,ADT_CD172a(SIRPa)_A0422,1.0691911359329085,0.948154243560605,10.155327771089494,0.3309140547204618,0.685618926169469,7564
totalVI,2030,ADT_CD183(CXCR3)_A0228,1.0927936054258407,0.9439279031067008,4.090441218007499,0.1964972937738027,0.5153531904715798,7564
totalVI,2030,ADT_CD184(CXCR4)_A0444,1.0051734111681505,0.8920427185645179,7.673610379997225,0.2399151890196625,0.3205528922703093,7564
totalVI,2030,ADT_CD19_A0093,0.807287709436128,0.6779325388261712,74.36139288798392,0.8386003043261693,0.9590005352897684,7564
totalVI,2030,ADT_CD192(CCR2)_A0426,0.9872754098931736,0.8875495122301819,9.299419707056709,0.0608412971819523,0.0964929857878744,7564
totalVI,2030,ADT_CD195(CCR5)_A0376,1.1582691571343513,1.0384146316674026,5.663460098329137,0.0024475108668182,0.0125363456241953,7564
totalVI,2030,ADT_CD196(CCR6)_A0225,0.986715747203209,0.8368207144007254,2.9698466306511904,0.0955228714925249,0.0584791288285637,7564
totalVI,2030,ADT_CD197(CCR7)_A0377,1.0957009066169063,0.9841900428378418,7.0292071833426455,0.0119423464738316,0.0113220660399926,7564
totalVI,2030,ADT_CD20_A0192,1.0208761413599112,0.9327773046610676,24.014376759844318,0.6321000128203867,0.6140436443507089,7564
totalVI,2030,ADT_CD200(OX2)_A0079,1.0601938869552372,0.93154246337351,26.01687927362088,0.767264467135546,0.7567808417812159,7564
totalVI,2030,ADT_CD201(EPCR)_A0439,1.0570685694341615,0.9340430685872424,5.90355914374119,0.0634036834818835,0.1643628543572926,7564
totalVI,2030,ADT_CD204(Msr1)_A0448,0.6871030018393444,0.6046498543252504,1.0117601806023082,0.0011808727131994,0.0038249566823953,7564
totalVI,2030,ADT_CD206(MMR)_A0173,1.2234516134754236,1.1123867154491602,8.873060759131333,0.0608185189558096,0.1373903184509191,7564
totalVI,2030,ADT_CD21-CD35(CR2-CR1)_A0107,1.1942540903026275,1.022971278705063,43.451159682808445,0.8386207314344409,0.8985386603075868,7564
totalVI,2030,ADT_CD223(LAG-3)_A0378,1.0702890340996682,1.000545039496065,14.770446117437434,0.1068191496283738,0.2349639684554777,7564
totalVI,2030,ADT_CD23_A0108,1.2027937121845775,1.026555073730823,46.2093603085236,0.8029284295744313,0.890214213833271,7564
totalVI,2030,ADT_CD24_A0212,1.1474560996641665,1.0175975555474726,97.23174112943794,0.8733067190034486,0.9152190323085952,7564
totalVI,2030,ADT_CD25_A0097,0.8761151987997814,0.7492532966629104,2.1702208774610527,0.1419379559679995,0.5621068351372734,7564
totalVI,2030,ADT_CD274(B7-H1_PD-L1)_A0190,0.8513810877950532,0.749736077281057,18.68954663450664,0.5438697177520401,0.6305354072375922,7564
totalVI,2030,ADT_CD278(ICOS)_A0171,0.9933090572248076,0.8912299331096218,16.022792246025244,0.6977760338684453,0.7913235194884215,7564
totalVI,2030,ADT_CD279(PD-1)_A0004,1.1075815612677202,1.023947662096402,12.457155778885896,0.115335264335584,0.3018890692967702,7564
totalVI,2030,ADT_CD28_A0204,1.0654059713209365,0.9538183299594792,8.264214717162973,0.5517497766762441,0.6007344556585639,7564
totalVI,2030,ADT_CD29_A0570,0.8851585816167172,0.7541466610467137,29.127927518912184,0.5779094664487546,0.7610152520904283,7564
totalVI,2030,ADT_CD300LG(Nepmucin)_A0416,1.0937824735456418,1.0251533792192933,16.615480799954888,0.113071097633391,0.2787832728310183,7564
totalVI,2030,ADT_CD301a(MGL1)_A0551,1.1701783943973458,1.0339842543452653,4.111067607565445,0.0540443055352512,0.2578969236286118,7564
totalVI,2030,ADT_CD301b(MGL2)_A0566,1.0798439043591703,0.9736579100733443,8.084177265086545,0.0740892447302666,0.1827271796479948,7564
totalVI,2030,ADT_CD304(Neuropilin-1)_A0552,1.1939111624591985,1.0551498055713544,5.584130249031002,0.1969394384777344,0.5177773017253673,7564
totalVI,2030,ADT_CD326(Ep-CAM)_A0449,1.0436731989482937,0.8944808060776258,3.2755014477804942,0.1410525023852992,0.291064212573511,7564
totalVI,2030,ADT_CD335(NKp46)_A0184,1.2047141942493038,1.1466363682516445,20.08596537013586,0.0534855274951505,0.1912631294354744,7564
totalVI,2030,ADT_CD357(GITR)_A0193,1.0125791246472515,0.8598173608225489,11.630857313832928,0.754009447103641,0.8108740121084023,7564
totalVI,2030,ADT_CD36_A0555,1.0514403881510124,0.8953896314282226,4.252838861809907,0.1487285365495291,0.3404576297571663,7564
totalVI,2030,ADT_CD366(Tim-3)_A0003,0.9118950802724114,0.7996060879949257,1.807172157189507,0.0835888731961028,0.2843941077473254,7564
totalVI,2030,ADT_CD370(CLEC9A_DNGR1)_A0556,1.0785929300602444,0.9358366330380262,4.294690138886431,0.0847903489153945,0.2280587135105636,7564
totalVI,2030,ADT_CD38_A0557,0.940135228059516,0.753589068935733,143.0648340182857,0.8543164183775963,0.9331503019366152,7564
totalVI,2030,ADT_CD4_A0001,1.3349945992354952,1.0930223428620458,70.05968202452758,0.6359818344653045,0.8963227301847595,7564
totalVI,2030,ADT_CD41_A0443,1.3608977614538882,1.2289408520874288,24.57855214346407,0.0869604049860395,0.4131925776337455,7564
totalVI,2030,ADT_CD43_A0110,0.950844048359901,0.8199988583842367,151.01287647884777,0.8540723602151722,0.933364677904932,7564
totalVI,2030,ADT_CD45_A0096,1.1794215704312745,1.091759242002998,693.6098368960925,0.5626709945205189,0.5218767343684277,7564
totalVI,2030,ADT_CD45.1_A0178,1.1139642049571077,0.9810305205928296,3.565824762845657,0.0373684038320409,0.0452130691273951,7564
totalVI,2030,ADT_CD45.2_A0157,1.1472629518908664,1.0855174362844648,53.89562186836755,0.5095903914850636,0.5557201636635999,7564
totalVI,2030,ADT_CD45R-B220_A0103,1.005798947373736,0.899694781427557,90.44593634244816,0.8339123776324348,0.9546997192128728,7564
totalVI,2030,ADT_CD48_A0429,0.8113706874965553,0.7279722675605673,65.25207440503875,0.5274050374256959,0.6257692227735842,7564
totalVI,2030,ADT_CD49d_A0078,0.9032760880379778,0.76964713082795,17.36383926319988,0.6021599279869401,0.6288154297226103,7564
totalVI,2030,ADT_CD5_A0111,1.05469882231086,0.8895673235484728,160.39446047990174,0.8222654287766337,0.9422406232864352,7564
totalVI,2030,ADT_CD54_A0074,0.9485550638631332,0.7879409336359012,33.58471186775054,0.752493783237108,0.7914065534652703,7564
totalVI,2030,ADT_CD55(DAF)_A0558,1.042939018545386,0.8594736746689655,81.86546962063254,0.8571747562978792,0.8534258564114714,7564
totalVI,2030,ADT_CD62L_A0112,1.0749027336812969,0.7865689349721583,104.37669163567249,0.6815490348442498,0.7378534249102353,7564
totalVI,2030,ADT_CD62P(P-selectin)_A0229,1.1892901915015064,1.101961499810432,12.76822299392434,0.1405665900580464,0.1556944803756524,7564
totalVI,2030,ADT_CD63_A0559,1.1046536147605412,1.0033989087049895,10.183922541324328,0.0660880569715359,0.2454499106624243,7564
totalVI,2030,ADT_CD64(FcrRI)_A0202,0.929027026156024,0.7934194985349428,2.1262221255357905,0.0814096792899466,0.276219858289259,7564
totalVI,2030,ADT_CD68_A0560,0.7363716698157532,0.6421567116922527,1.2558397710764615,0.0366527343890271,0.1328789357151274,7564
totalVI,2030,ADT_CD69_A0197,0.9687290822125364,0.8423002977411107,6.111060093471703,0.1401065682723512,0.3497426274342553,7564
totalVI,2030,ADT_CD71_A0441,1.127113043354052,0.9944870418331934,21.52703306852731,0.7413077171705451,0.7428442264416973,7564
totalVI,2030,ADT_CD73_A0077,1.1750937452663388,0.9887860812500446,14.597538151733463,0.6849032961906858,0.7655817000401781,7564
totalVI,2030,ADT_CD79b(Igb)_A0561,1.038724905989406,0.9177124102877554,29.372095306231067,0.8197078367127308,0.8847658430181282,7564
totalVI,2030,ADT_CD83_A0562,0.5407679525800224,0.4932586339232919,0.7339208898785126,0.0488946724606794,0.1435156557906569,7564
totalVI,2030,ADT_CD86_A0200,1.1646189903413102,0.96945907194202,19.1179647163258,0.6159279746393969,0.6263948182493557,7564
totalVI,2030,ADT_CD8a_A0002,1.282382019776904,1.1026845654523925,44.58763665468336,0.5050856896018631,0.9028465551439896,7564
totalVI,2030,ADT_CD8b(Ly-3)_A0230,1.4064705160545887,1.1662132948524355,63.3268116234094,0.4828387120057804,0.8994977735491508,7564
totalVI,2030,ADT_CD90.1(Thy-1.1)_A0380,0.6227925230080661,0.5434836626773946,0.8374170058700914,0.0238493825038212,0.0185321758361638,7564
totalVI,2030,ADT_CD90.2_A0075,1.1764917072685837,0.9836283565760108,146.70098594513473,0.786276442814113,0.9409185414799528,7564
totalVI,2030,ADT_CD93(AA4.1_earlyBlineage)_A0113,1.138304813367058,0.9983116172565042,5.070729748966958,0.2283176394072769,0.4550009797939217,7564
totalVI,2030,ADT_CX3CR1_A0563,0.8243813701523923,0.7046438933588217,1.6152874624867846,0.0959732895668637,0.3981366933027291,7564
totalVI,2030,ADT_ESAM_A0596,1.084987796561283,0.956387765493183,5.798417845962541,0.0962038492845221,0.3004378260445459,7564
totalVI,2030,ADT_F4-80_A0114,1.0739251241510084,0.9233503672235086,5.392592809113292,0.2361005727716498,0.6207574907942106,7564
totalVI,2030,ADT_FceRIa_A0115,1.090812681397268,0.9559161619712276,3.8064962323540295,0.0336021640242977,0.0568615019734527,7564
totalVI,2030,ADT_FolateReceptorb(FR-b)_A0564,1.1007333772200822,0.967147213475994,5.962410113535376,0.0208544190108277,0.2604600468257741,7564
totalVI,2030,ADT_H-2KbboundtoSIINFEKL_A0231,1.0895808068427733,0.9594260114733408,5.07223238672673,0.1901055712889323,0.2237585758561097,7564
totalVI,2030,ADT_I-A-I-E_A0117,1.4531681923052382,1.2417623147064512,289.5288785120472,0.8381228261892921,0.8825212670184751,7564
totalVI,2030,ADT_IRF4_A0249,1.057970471594888,0.933522620722412,5.951857768562595,0.0593941697061136,0.0980131457216407,7564
totalVI,2030,ADT_IgD_A0571,1.1555457544424037,0.9745814689584495,272.76382826800574,0.841874631080985,0.9341628645014582,7564
totalVI,2030,ADT_IgM_A0450,1.1066295718261707,0.9815085341208604,5.326048987621608,0.1990613844638671,0.2300606583318017,7564
totalVI,2030,ADT_Ly-6A-E(Sca-1)_A0130,1.3007943703809095,1.0873238889231454,76.2618507922862,0.6120898447419933,0.6381715578385708,7564
totalVI,2030,ADT_Ly-6C_A0013,1.0908205328974243,0.9549359869281002,49.33786676574295,0.3487792233546513,0.7284490677141987,7564
totalVI,2030,ADT_MAdCAM-1_A0232,1.1052282468625174,0.9835461639819496,5.911140179520622,0.0636197986187633,0.0744902054283578,7564
totalVI,2030,ADT_MERTK(Mer)_A0565,1.1314433629554856,1.0076197048946016,6.5232150494138255,0.1311564228630837,0.4306806270114229,7564
totalVI,2030,ADT_NK-1.1_A0118,1.2531098679108406,1.1325580625760596,6.229273785238604,0.0766024469707262,0.5631194463895558,7564
totalVI,2030,ADT_Notch1_A0442,1.1659776604545882,1.060034330231757,8.130968969754603,0.0720786872357186,0.1043507151467738,7564
totalVI,2030,ADT_PanendothelialCellAntigen_A0381,1.089313912919584,0.951111709124376,4.807453266972906,0.1261268530384,0.2313651664114361,7564
totalVI,2030,ADT_SiglecH_A0119,1.0904155518386685,0.9610286354405524,5.00546324751101,0.0733606833890785,0.3446136271636239,7564
totalVI,2030,ADT_TCRVb5.1_5.2_A0354,1.6261097349370748,1.5020798733482552,9.665916302291128,0.0727285997436134,0.1719067325923587,7564
totalVI,2030,ADT_TCRVb8.1_8.2_A0235,1.1212507523816575,0.9748579180718548,3.6907634513835816,0.1172325570434124,0.1463479693194141,7564
totalVI,2030,ADT_TCRVr1.1-Cr4_A0209,0.6109575545097671,0.5282459988184307,0.8323548546485457,0.0147639448337089,0.1290077345709123,7564
totalVI,2030,ADT_TCRVr2_A0211,1.096856064264656,0.9584220742031366,4.540086557788234,0.0157889756547491,0.0827823694945908,7564
totalVI,2030,ADT_TCRVr3_A0210,1.0477568869728848,0.9603332806035372,10.156294594612907,0.0267268705343352,0.0175458431788751,7564
totalVI,2030,ADT_TCRbchain_A0120,1.2285647221703464,1.0820977855617353,34.54662888053862,0.7573032841139583,0.9120146167301244,7564
totalVI,2030,ADT_TCRr-d_A0121,1.122546629574963,0.9926098234834508,5.702686539470425,0.0317250735550116,0.2196369202889428,7564
totalVI,2030,ADT_TER-119-ErythroidCells_A0122,0.8190797052603257,0.7194827903929915,1.42925828471504,-0.0114494180136523,0.0807200544696031,7564
totalVI,2030,ADT_Tim-4_A0567,1.082752487217693,0.96340039833695,10.845469926791743,0.2224654803419261,0.5780876930396452,7564
totalVI,2030,ADT_XCR1_A0568,1.0596819705389606,0.9231736223211534,4.757449357046897,0.0589040003129525,0.2927545948827598,7564
totalVI,2030,ADT_anti-P2RY12_A0415,1.101628519286659,0.9726181252457964,5.9687341693089415,0.0374423643415489,0.0584017234743534,7564
totalVI,2030,ADT_integrinb7_A0214,0.857076728879363,0.7382464276342939,36.94442001238883,0.6967510515774916,0.7307703836720826,7564
FusionVI,2026,ADT_CD102_A0104,0.8635186723704664,0.752030234984165,51.8790612045512,0.7189777554054527,0.7090681543144367,7564
FusionVI,2026,ADT_CD103_A0201,1.0516310265477975,0.9360905785520116,11.1174509290789,0.3863507385150461,0.7570557860157542,7564
FusionVI,2026,ADT_CD106_A0226,0.9457508948020372,0.7921314004335592,7.733116024073818,0.2258487590300502,0.5646264157707072,7564
FusionVI,2026,ADT_CD115(CSF-1R)_A0105,1.047676934132464,0.8994005987099111,4.953699906688087,0.1710793389552004,0.5434474523026445,7564
FusionVI,2026,ADT_CD117(c-Kit)_A0012,1.0665511773030294,0.9321436738971136,7.270085311452905,0.535560670211597,0.6158308306908034,7564
FusionVI,2026,ADT_CD11a_A0595,0.6455907096835386,0.5415112129892773,85.10297173233275,0.853157692067147,0.8632084453049483,7564
FusionVI,2026,ADT_CD11c_A0106,1.0587353451826806,0.9079100031202538,5.130080258890411,0.2309688991987156,0.7081372716703269,7564
FusionVI,2026,ADT_CD122(IL-2Rb)_A0227,0.9913406313752317,0.8438075919702274,3.255364274676044,0.2436202373555095,0.354623945375511,7564
FusionVI,2026,ADT_CD127(IL-7Ra)_A0198,0.9153875290009342,0.7719601643526213,3.388286785780596,0.6273589323549794,0.7009831087693144,7564
FusionVI,2026,ADT_CD134(OX-40)_A0195,1.1744858216924932,1.1099035762160023,19.978942974732075,0.2254049688479228,0.3304705416032102,7564
FusionVI,2026,ADT_CD135_A0098,1.100708865883442,0.9876683332293597,6.556943858634347,0.0481977012761036,0.1293718835658662,7564
FusionVI,2026,ADT_CD137_A0194,1.1271818875568358,1.041181980423531,10.435305336176055,-0.0229674148948636,-0.0082410143203013,7564
FusionVI,2026,ADT_CD14_A0424,1.0914561678163828,0.9473001561813088,5.51534861575227,0.2020960988136376,0.5398455716242753,7564
FusionVI,2026,ADT_CD140a_A0573,1.0816321679092569,1.0162579153299156,15.96019393234011,0.0729923010217052,0.0597998700352688,7564
FusionVI,2026,ADT_CD15(SSEA-1)_A0076,1.1753267336773443,1.056192626536485,5.468956885799285,-0.0032540877976536,2.7543368292220983e-05,7564
FusionVI,2026,ADT_CD150(SLAM)_A0203,1.033417248136281,0.8515567968655687,28.93736727006974,0.6716424533276778,0.6424300506840404,7564
FusionVI,2026,ADT_CD16-32_A0109,1.0834091554181111,0.9473131334517336,4.054325486099449,0.0069215611408622,0.0371135626148839,7564
FusionVI,2026,ADT_CD169(Siglec-1)_A0440,1.1205611655823149,1.033546694587385,13.158273223844676,0.0810992616861599,0.263250283656244,7564
FusionVI,2026,ADT_CD172a(SIRPa)_A0422,1.0726525370857083,0.9525094262253776,10.539063130151272,0.3292176156163398,0.6871684675401546,7564
FusionVI,2026,ADT_CD183(CXCR3)_A0228,1.101508116376813,0.952519110661312,4.096766167567055,0.1991363138655864,0.5096697263748761,7564
FusionVI,2026,ADT_CD184(CXCR4)_A0444,1.012938596670693,0.8991767199305565,7.777173444620836,0.2501785514616294,0.3137691794096312,7564
FusionVI,2026,ADT_CD19_A0093,0.8323325732151113,0.6993511612683336,75.4713266538855,0.8364767464491702,0.9587663145039016,7564
FusionVI,2026,ADT_CD192(CCR2)_A0426,1.0021074608355636,0.902613323262701,9.58852685739728,0.05180933018695,0.088886444860145,7564
FusionVI,2026,ADT_CD195(CCR5)_A0376,1.1647664614718882,1.0462025236751722,5.736689957533483,0.0129055373321213,0.03601795164247,7564
FusionVI,2026,ADT_CD196(CCR6)_A0225,0.994913294943905,0.84671832478938,3.0227462531144758,0.1030867332276397,0.0699323076025202,7564
FusionVI,2026,ADT_CD197(CCR7)_A0377,1.103496046575176,0.9927867749359698,7.129171744532714,0.0133160067456837,0.0053985805677625,7564
FusionVI,2026,ADT_CD20_A0192,1.0015294746228662,0.9149371757477848,22.950565877255784,0.6352300680974909,0.61917503635491,7564
FusionVI,2026,ADT_CD200(OX2)_A0079,1.075118114363598,0.9458654624642406,26.50637150718572,0.7636391606028514,0.752110822401482,7564
FusionVI,2026,ADT_CD201(EPCR)_A0439,1.0644483696829212,0.9420893955103896,5.989119564774552,0.0751865880775508,0.1604135209052884,7564
FusionVI,2026,ADT_CD204(Msr1)_A0448,0.6878538616302055,0.6070476647420243,1.0157422080896066,0.0160656288914436,0.0204853510953001,7564
FusionVI,2026,ADT_CD206(MMR)_A0173,1.2316949278521017,1.1213608138077886,8.99025046629984,0.0720501667813782,0.1300043462316288,7564
FusionVI,2026,ADT_CD21-CD35(CR2-CR1)_A0107,1.2373343377144823,1.0615089272313254,44.77542143117682,0.8374290231304868,0.8959870267822919,7564
FusionVI,2026,ADT_CD223(LAG-3)_A0378,1.078765348178639,1.0092296907402507,15.009172111261089,0.1190321964131734,0.2360988155567215,7564
FusionVI,2026,ADT_CD23_A0108,1.2298772472470203,1.0485637971493738,46.2656589699195,0.7966298481597996,0.8862300323612875,7564
FusionVI,2026,ADT_CD24_A0212,1.162054012414807,1.0264381835602057,92.21133531608764,0.8709478424655532,0.913056877162642,7564
FusionVI,2026,ADT_CD25_A0097,0.8677345479483302,0.7433487556382327,2.066185546734546,0.1504515640282591,0.5639800511558356,7564
FusionVI,2026,ADT_CD274(B7-H1_PD-L1)_A0190,0.8696560034042132,0.7669257667742252,19.21541463402073,0.539711869909459,0.613155461865569,7564
FusionVI,2026,ADT_CD278(ICOS)_A0171,0.9866185010029508,0.881830569932177,15.519701712727862,0.6896408203108773,0.7846671993727143,7564
FusionVI,2026,ADT_CD279(PD-1)_A0004,1.1082086258236703,1.0244618750279255,12.468477114995656,0.1242371453761393,0.3028148964777288,7564
FusionVI,2026,ADT_CD28_A0204,1.0720819145574294,0.9603145844477196,8.328433716126941,0.5526515105455772,0.5972874620139742,7564
FusionVI,2026,ADT_CD29_A0570,0.8897014144179068,0.7517767262692464,29.82035820349255,0.5684112804529081,0.748080898478867,7564
FusionVI,2026,ADT_CD300LG(Nepmucin)_A0416,1.0970166219376278,1.0287492281929689,16.68351385216433,0.1199908836985987,0.2907694303553029,7564
FusionVI,2026,ADT_CD301a(MGL1)_A0551,1.1774639403409584,1.0394542609676445,4.177694757233089,0.0518890128367731,0.2467398688658429,7564
FusionVI,2026,ADT_CD301b(MGL2)_A0566,1.080416697651394,0.9753088950863932,8.073682882872793,0.0667996488518435,0.1926547117194063,7564
FusionVI,2026,ADT_CD304(Neuropilin-1)_A0552,1.195309480650626,1.0574382307987955,5.52577239883318,0.202574891513155,0.5167829289398733,7564
FusionVI,2026,ADT_CD326(Ep-CAM)_A0449,1.0461597254899462,0.8964909420891519,3.2829626018820712,0.144615467913593,0.2684871004098209,7564
FusionVI,2026,ADT_CD335(NKp46)_A0184,1.212455505397943,1.1544192568953346,20.333115550716485,0.0475202005877119,0.1817616721748128,7564
FusionVI,2026,ADT_CD357(GITR)_A0193,1.0077137977426065,0.8523515442334835,11.18599280744933,0.755418052500781,0.8067816994375127,7564
FusionVI,2026,ADT_CD36_A0555,1.0536737561706724,0.9004076614420479,4.248829057644058,0.1454972472587556,0.3445680931956277,7564
FusionVI,2026,ADT_CD366(Tim-3)_A0003,0.920648393090083,0.808626339977495,1.8491801025059285,0.0829781048126607,0.285591045223016,7564
FusionVI,2026,ADT_CD370(CLEC9A_DNGR1)_A0556,1.0835309632334056,0.9414925109334438,4.332961747786281,0.0873594801904546,0.2283068136984505,7564
FusionVI,2026,ADT_CD38_A0557,0.967329077516219,0.7803589888188197,148.24174876997296,0.8496049455373288,0.9333383357706656,7564
FusionVI,2026,ADT_CD4_A0001,1.3578506153569587,1.1094398400705496,66.54028194824392,0.6341805600445799,0.8928327351080647,7564
FusionVI,2026,ADT_CD41_A0443,1.3925107099110234,1.2493462908520854,27.805502510020368,0.1015673323127139,0.419433023023709,7564
FusionVI,2026,ADT_CD43_A0110,0.93512010750906,0.7993284209216002,142.45443796443283,0.8495442202090207,0.9305183343608796,7564
FusionVI,2026,ADT_CD45_A0096,1.1833944907491636,1.0950811203627648,690.9728415422122,0.5540149469818151,0.5148932920880066,7564
FusionVI,2026,ADT_CD45.1_A0178,1.1121107377436037,0.9794444136028166,3.551664307406187,0.0199989744085644,0.0461327997257727,7564
FusionVI,2026,ADT_CD45.2_A0157,1.1461364484551415,1.0828612223706566,53.487473606369846,0.496748996536531,0.5414416419685861,7564
FusionVI,2026,ADT_CD45R-B220_A0103,1.0323859472891472,0.923471599021786,92.02600574316897,0.8312669840193264,0.954009200863817,7564
FusionVI,2026,ADT_CD48_A0429,0.796980306655583,0.7108597516625418,62.70349687851654,0.5201531473978122,0.6162867244463662,7564
FusionVI,2026,ADT_CD49d_A0078,0.9054973623653992,0.7688436458932771,17.163291675838952,0.5978754490166395,0.6235598072142533,7564
FusionVI,2026,ADT_CD5_A0111,1.045473054839697,0.8772258873853568,151.47217688391538,0.8201153362507585,0.9404094926955836,7564
FusionVI,2026,ADT_CD54_A0074,0.9412649677330104,0.7837584708706747,33.02293897318121,0.7570427467709148,0.7938072480261751,7564
FusionVI,2026,ADT_CD55(DAF)_A0558,1.0780607671740168,0.8883200144932111,84.48474123590148,0.8505790257055547,0.847501430381508,7564
FusionVI,2026,ADT_CD62L_A0112,1.0898203041899042,0.7890271711817872,101.76814221554116,0.6729313536371265,0.7308610135763755,7564
FusionVI,2026,ADT_CD62P(P-selectin)_A0229,1.182440117119341,1.0948994609033535,12.595202034960847,0.1442908222254731,0.1538545751558964,7564
FusionVI,2026,ADT_CD63_A0559,1.109713841236618,1.0103373169574743,10.278931573860737,0.0991044719701899,0.2565150295325571,7564
FusionVI,2026,ADT_CD64(FcrRI)_A0202,0.9297065772183788,0.794345933859005,2.133957806023134,0.0820766263177703,0.2763050770126658,7564
FusionVI,2026,ADT_CD68_A0560,0.7432762941421557,0.6499487139254786,1.2738243727095224,0.0591100715879559,0.124289067389533,7564
FusionVI,2026,ADT_CD69_A0197,0.9756560492979532,0.8493702744948892,6.197663310720201,0.1461196996013505,0.3475548076534192,7564
FusionVI,2026,ADT_CD71_A0441,1.1110005271045882,0.978973310728503,20.413107172639705,0.7439692485383612,0.7468829444324768,7564
FusionVI,2026,ADT_CD73_A0077,1.1669668397154047,0.9815984395208286,14.164903165044638,0.6896276475700106,0.7630005357002515,7564
FusionVI,2026,ADT_CD79b(Igb)_A0561,1.048773464204437,0.9268458989916736,29.372618466442315,0.8215214777198366,0.8839304049767057,7564
FusionVI,2026,ADT_CD83_A0562,0.5476920604731024,0.497607730140317,0.7420157718633231,0.0651754212419214,0.1345910167463961,7564
FusionVI,2026,ADT_CD86_A0200,1.1592499895153174,0.9633901488805096,18.894543125539908,0.6103267596415227,0.6185666192124647,7564
FusionVI,2026,ADT_CD8a_A0002,1.280059645190018,1.0971930459646386,40.3312125161235,0.500839673305415,0.8994458087748429,7564
FusionVI,2026,ADT_CD8b(Ly-3)_A0230,1.407558720196954,1.1640402524824904,55.46284697517272,0.4905475585144684,0.8969052308993406,7564
FusionVI,2026,ADT_CD90.1(Thy-1.1)_A0380,0.6209648775351974,0.5429750551791287,0.8346529013104441,0.0306161043916345,0.0236798661524943,7564
FusionVI,2026,ADT_CD90.2_A0075,1.1690257533198831,0.9669695399602116,133.69274794670844,0.7810027417974574,0.9395836203512448,7564
FusionVI,2026,ADT_CD93(AA4.1_earlyBlineage)_A0113,1.1367867612428713,0.996341225495324,5.05510623596258,0.2350104600271541,0.4510804733689784,7564
FusionVI,2026,ADT_CX3CR1_A0563,0.8241868534701873,0.7052711112722272,1.6118596552667763,0.1123235919946879,0.4010205252774533,7564
FusionVI,2026,ADT_ESAM_A0596,1.0878635892706443,0.9583352790896532,5.872435393754545,0.0946006627795505,0.3028302054832053,7564
FusionVI,2026,ADT_F4-80_A0114,1.0809585481647757,0.9307397180317272,5.491810275158008,0.2549744894541429,0.6186677718628699,7564
FusionVI,2026,ADT_FceRIa_A0115,1.0934868041915666,0.9595447349602992,3.821391199771088,0.0236902200401895,0.0627224967445814,7564
FusionVI,2026,ADT_FolateReceptorb(FR-b)_A0564,1.1103773973858355,0.9745319037870216,6.123394311766723,0.0263969018911356,0.2526383519587234,7564
FusionVI,2026,ADT_H-2KbboundtoSIINFEKL_A0231,1.094305146330768,0.9644359666708746,5.112541785573026,0.1934766596566703,0.2233466826302755,7564
FusionVI,2026,ADT_I-A-I-E_A0117,1.4795390719586292,1.2618338130066762,283.53118864308584,0.8377068657296531,0.8813083998365197,7564
FusionVI,2026,ADT_IRF4_A0249,1.0628274136861848,0.9389144536238376,6.015445973367555,0.0547346017568525,0.0990662526356669,7564
FusionVI,2026,ADT_IgD_A0571,1.2153866263836657,1.026257279289777,280.1310440368088,0.8411444296091176,0.9314575177875468,7564
FusionVI,2026,ADT_IgM_A0450,1.1071467021218049,0.9817495047938118,5.33414288609826,0.2005586125668134,0.2269945866854055,7564
FusionVI,2026,ADT_Ly-6A-E(Sca-1)_A0130,1.3343838282066174,1.1157908923772086,77.45684268725479,0.596640867411123,0.6244649250273525,7564
FusionVI,2026,ADT_Ly-6C_A0013,1.0828537913357734,0.9538736502416136,45.015027558091205,0.342145725026074,0.7291057868586865,7564
FusionVI,2026,ADT_MAdCAM-1_A0232,1.1089866099968746,0.9880642220482988,5.957630361847497,0.0666184923875377,0.0797033253947792,7564
FusionVI,2026,ADT_MERTK(Mer)_A0565,1.132986565059461,1.0095829981363529,6.532179068535614,0.1451001812426291,0.4360242036916321,7564
FusionVI,2026,ADT_NK-1.1_A0118,1.2537467222316994,1.133365926914131,6.331943583891922,0.0719864740039641,0.5639960916473561,7564
FusionVI,2026,ADT_Notch1_A0442,1.1699064822650544,1.064304245028812,8.1779902906786,0.0827255445746183,0.0980718156025081,7564
FusionVI,2026,ADT_PanendothelialCellAntigen_A0381,1.097481759035631,0.9603412144741892,4.878403543858601,0.1214632203377781,0.2391982784436233,7564
FusionVI,2026,ADT_SiglecH_A0119,1.0960644058666085,0.9666247750256984,5.051831482517096,0.0817461216415678,0.3429723118122245,7564
FusionVI,2026,ADT_TCRVb5.1_5.2_A0354,1.605251356632986,1.48347178000617,9.382486085107502,0.0747602997879977,0.1830357164962989,7564
FusionVI,2026,ADT_TCRVb8.1_8.2_A0235,1.116443443078967,0.9706473053862522,3.6574085594043098,0.1192222984899375,0.1537832198104529,7564
FusionVI,2026,ADT_TCRVr1.1-Cr4_A0209,0.6173825543753865,0.5327839637243371,0.8461691766488747,0.0361090533629044,0.1165708319714183,7564
FusionVI,2026,ADT_TCRVr2_A0211,1.1039479158611107,0.9667263294338658,4.5984911873881495,-0.0029794515235948,0.0602523083138913,7564
FusionVI,2026,ADT_TCRVr3_A0210,1.0523735184639564,0.9656626150204328,10.24578350703594,0.0381712422682627,0.0245299282340331,7564
FusionVI,2026,ADT_TCRbchain_A0120,1.2260783000273938,1.075966721051194,33.50440038259164,0.7513785120364812,0.909271806579781,7564
FusionVI,2026,ADT_TCRr-d_A0121,1.1241009362453225,0.9943329205054204,5.704043628172166,0.0422210579567301,0.1961627595717443,7564
FusionVI,2026,ADT_TER-119-ErythroidCells_A0122,0.8261849809079813,0.7255808492943383,1.442053766240524,-0.0074214259552295,0.0683492530951197,7564
FusionVI,2026,ADT_Tim-4_A0567,1.0909460576465606,0.9740730827471448,11.047160436841056,0.2290387899658644,0.5819819421562529,7564
FusionVI,2026,ADT_XCR1_A0568,1.066724626730854,0.9304209436151104,4.827020881038567,0.0550979712999451,0.2870374095094261,7564
FusionVI,2026,ADT_anti-P2RY12_A0415,1.1057208966915426,0.976520148403748,6.010846309218061,0.0345195476006214,0.0486540130765625,7564
FusionVI,2026,ADT_integrinb7_A0214,0.8532924341023578,0.7292116100131144,34.93880622693308,0.6962235766729075,0.7253188248920402,7564
FusionVI,2027,ADT_CD102_A0104,0.8640314789943163,0.7553281795701177,52.84203786549904,0.7207787230389581,0.7149569593030424,7564
FusionVI,2027,ADT_CD103_A0201,1.0469248171757854,0.933317647278541,11.11413983136242,0.3915014379214452,0.759722695655228,7564
FusionVI,2027,ADT_CD106_A0226,0.9312604577412702,0.7786623307291684,7.375951758898609,0.2304344372289401,0.5577532815203582,7564
FusionVI,2027,ADT_CD115(CSF-1R)_A0105,1.0419757520793675,0.8917486219698526,4.90511408752389,0.1673602579480024,0.5366904927510856,7564
FusionVI,2027,ADT_CD117(c-Kit)_A0012,1.054051885329369,0.9189993038875326,7.015557020130389,0.5351395443377539,0.6162279234646426,7564
FusionVI,2027,ADT_CD11a_A0595,0.6315960988438944,0.5268395113288045,78.44296760599428,0.8604626377605545,0.8682169529094118,7564
FusionVI,2027,ADT_CD11c_A0106,1.0434532110855304,0.8932018328181306,4.881165797656204,0.2275567668478638,0.7079552213976108,7564
FusionVI,2027,ADT_CD122(IL-2Rb)_A0227,0.9744023727054446,0.8274944645377968,3.1280869724635787,0.2402180046369527,0.3704294972940339,7564
FusionVI,2027,ADT_CD127(IL-7Ra)_A0198,0.9093061101204092,0.7651293625375135,3.3586055034685867,0.629739674176223,0.7028519964153503,7564
FusionVI,2027,ADT_CD134(OX-40)_A0195,1.1737146728033006,1.1094532564429558,19.87620499372356,0.2304012812977993,0.3327047583192549,7564
FusionVI,2027,ADT_CD135_A0098,1.0914421758269068,0.9774759713685746,6.431059749715232,0.0598403632497256,0.127529505119252,7564
FusionVI,2027,ADT_CD137_A0194,1.1224739573938147,1.0364735114078438,10.35529525011447,0.0148753130239505,0.0214341695936277,7564
FusionVI,2027,ADT_CD14_A0424,1.0900718932090627,0.9454343170866536,5.406396376903823,0.1991761946767888,0.5333377923793946,7564
FusionVI,2027,ADT_CD140a_A0573,1.0736873389966668,1.0080968583886345,15.74067723366522,0.0750427286565021,0.0677589147182729,7564
FusionVI,2027,ADT_CD15(SSEA-1)_A0076,1.17364660834627,1.0544916817280654,5.453095580395538,0.0194618942263216,0.0236265657933769,7564
FusionVI,2027,ADT_CD150(SLAM)_A0203,1.039083834575703,0.8690804608803605,29.72626163869986,0.6856786038152326,0.666206026150218,7564
FusionVI,2027,ADT_CD16-32_A0109,1.0799652765604226,0.944172335545781,4.026810275758152,0.0239654856375438,0.0492509837652489,7564
FusionVI,2027,ADT_CD169(Siglec-1)_A0440,1.1100019422987275,1.0236744584086004,12.82295779032029,0.1045567398487859,0.250187000085666,7564
FusionVI,2027,ADT_CD172a(SIRPa)_A0422,1.0553168735217269,0.9335030893767028,9.791901245248312,0.3197817219522222,0.6841910858756728,7564
FusionVI,2027,ADT_CD183(CXCR3)_A0228,1.0791650338389058,0.9331348697314727,3.8617515845124775,0.1960220340219521,0.5212926745776526,7564
FusionVI,2027,ADT_CD184(CXCR4)_A0444,0.99458793679386,0.8805887449761356,7.441508455291619,0.2493289536654662,0.3245329863082111,7564
FusionVI,2027,ADT_CD19_A0093,0.83989865952555,0.7119446862590676,80.16693714987595,0.8372752880260242,0.9587278061272976,7564
FusionVI,2027,ADT_CD192(CCR2)_A0426,0.9775106463512138,0.880386841783875,9.093177077002402,0.0658426628935939,0.0970365845134051,7564
FusionVI,2027,ADT_CD195(CCR5)_A0376,1.1568255600839028,1.03734033390894,5.646387686873164,0.0111071547543137,0.016669850626159,7564
FusionVI,2027,ADT_CD196(CCR6)_A0225,0.9916265840807666,0.8428800482280282,2.993404835068568,0.0462822674471778,0.0496824079328275,7564
FusionVI,2027,ADT_CD197(CCR7)_A0377,1.0923025154956985,0.9812621098641788,6.979263896856404,0.0160407588194706,0.0039219781525091,7564
FusionVI,2027,ADT_CD20_A0192,0.9969375791947314,0.9113066187565502,22.70559264969284,0.6357009026243114,0.6241823817041867,7564
FusionVI,2027,ADT_CD200(OX2)_A0079,1.0781562281703023,0.9545372286065952,26.380533101380912,0.7704311864765707,0.7591466657087241,7564
FusionVI,2027,ADT_CD201(EPCR)_A0439,1.0519485267940842,0.9287098769219372,5.831783709357114,0.0790318319668554,0.1595104818325664,7564
FusionVI,2027,ADT_CD204(Msr1)_A0448,0.6842944518310169,0.6024959063521738,1.006184007284945,0.0114801792851156,0.0136440379607395,7564
FusionVI,2027,ADT_CD206(MMR)_A0173,1.2220329321312098,1.1112163651368887,8.843425845292938,0.0775531993005772,0.1336575912908358,7564
FusionVI,2027,ADT_CD21-CD35(CR2-CR1)_A0107,1.2505138253100172,1.0751527710783144,46.71882835208645,0.8383785637645749,0.8950921117327997,7564
FusionVI,2027,ADT_CD223(LAG-3)_A0378,1.0690140535642632,0.999218244793192,14.715316670839904,0.1316221000832659,0.2333090443470439,7564
FusionVI,2027,ADT_CD23_A0108,1.2669618931798767,1.084822230930029,50.648234657230105,0.799659418376625,0.8840716431512898,7564
FusionVI,2027,ADT_CD24_A0212,1.156880573362856,1.0265108106832972,94.05399675686986,0.8744701799324498,0.915153570938976,7564
FusionVI,2027,ADT_CD25_A0097,0.8605354416057528,0.73782127186532,1.986274345708486,0.1470180282778792,0.5533961550840696,7564
FusionVI,2027,ADT_CD274(B7-H1_PD-L1)_A0190,0.852936288279024,0.750300746439909,18.268996614176785,0.5472924831537775,0.6361472519716944,7564
FusionVI,2027,ADT_CD278(ICOS)_A0171,0.9759555056313493,0.8717169106176257,14.9711966621756,0.6938641214041359,0.7890109727356285,7564
FusionVI,2027,ADT_CD279(PD-1)_A0004,1.1056178518209163,1.021484448068397,12.352540523775165,0.1251186202469923,0.2956465481646265,7564
FusionVI,2027,ADT_CD28_A0204,1.063012088036646,0.950615716417991,8.172942914640002,0.5543177731133219,0.5997015967687015,7564
FusionVI,2027,ADT_CD29_A0570,0.8555466560877997,0.7214874042870744,26.078208886776444,0.5839247316243875,0.754487681336942,7564
FusionVI,2027,ADT_CD300LG(Nepmucin)_A0416,1.0910302938393082,1.0228000557578183,16.520783707806824,0.1182035748317678,0.297634273056407,7564
FusionVI,2027,ADT_CD301a(MGL1)_A0551,1.1635403117875054,1.026357965799756,4.030561518253062,0.0537726108467473,0.2491113767053947,7564
FusionVI,2027,ADT_CD301b(MGL2)_A0566,1.077249419088294,0.97059269553746,8.021364390188143,0.0690223320783523,0.1746927353667371,7564
FusionVI,2027,ADT_CD304(Neuropilin-1)_A0552,1.1869560817877352,1.0490158469299202,5.293187334195827,0.200883640085738,0.5171333866758506,7564
FusionVI,2027,ADT_CD326(Ep-CAM)_A0449,1.034212300315947,0.8881596539543459,3.184480703330935,0.1347842690951662,0.2815293545276396,7564
FusionVI,2027,ADT_CD335(NKp46)_A0184,1.2033745161872147,1.1452957206290877,20.016550971363536,0.0571878157204736,0.1937906546778305,7564
FusionVI,2027,ADT_CD357(GITR)_A0193,0.9856157316980564,0.8293788955119455,10.3591777941085,0.7528689571489747,0.8068054762953961,7564
FusionVI,2027,ADT_CD36_A0555,1.033203910415475,0.880016779097345,4.0081836587219,0.1559448028026428,0.3414278026598156,7564
FusionVI,2027,ADT_CD366(Tim-3)_A0003,0.9204996886930634,0.8085485545041889,1.835305818894879,0.0762705763406118,0.2828893576225916,7564
FusionVI,2027,ADT_CD370(CLEC9A_DNGR1)_A0556,1.076477009880032,0.9335462662772258,4.257677664837466,0.0715998429086205,0.2259094193822625,7564
FusionVI,2027,ADT_CD38_A0557,0.9648374092792632,0.7862709762848864,154.26785841875767,0.8543444945839318,0.9345631295554938,7564
FusionVI,2027,ADT_CD4_A0001,1.299458103180223,1.0563368739967551,62.07326467096459,0.6403720974435114,0.8981811099423783,7564
FusionVI,2027,ADT_CD41_A0443,1.361941368599456,1.2294913539126042,24.72256116524126,0.1152846733394389,0.4159319361386401,7564
FusionVI,2027,ADT_CD43_A0110,0.9064727822370988,0.7725624345137381,133.15427938559142,0.8518578424937634,0.9334382242156792,7564
FusionVI,2027,ADT_CD45_A0096,1.1859945112361314,1.0988429594357638,688.5400541538539,0.5648036194175562,0.5304266251050211,7564
FusionVI,2027,ADT_CD45.1_A0178,1.1073985049607242,0.97447887250539,3.516220593313765,0.0209474572121478,0.040683378489292,7564
FusionVI,2027,ADT_CD45.2_A0157,1.139785353302571,1.0769226970270815,52.49373389702509,0.5124156840113598,0.5601857111037516,7564
FusionVI,2027,ADT_CD45R-B220_A0103,1.0479705083997073,0.9427489153790098,98.0744629970371,0.8340156504542181,0.954366756030156,7564
FusionVI,2027,ADT_CD48_A0429,0.796692367069998,0.7129593141246879,62.04320523525784,0.5400195121832343,0.6382600352263116,7564
FusionVI,2027,ADT_CD49d_A0078,0.9112006762996784,0.7758914476327305,17.10627270854383,0.6047226110170112,0.630113070824909,7564
FusionVI,2027,ADT_CD5_A0111,1.0060089759095978,0.8385210081279878,140.35315868855784,0.8270800307721439,0.9429445073464052,7564
FusionVI,2027,ADT_CD54_A0074,0.903152481060271,0.7468928620061938,29.55877142441708,0.761618180175292,0.7965509157992401,7564
FusionVI,2027,ADT_CD55(DAF)_A0558,1.0949390639911922,0.915588682280336,91.43344423192194,0.8543787093179075,0.851237478561256,7564
FusionVI,2027,ADT_CD62L_A0112,1.1229497227917604,0.8151684638580086,103.56606832047356,0.6692635247828896,0.7257541381637254,7564
FusionVI,2027,ADT_CD62P(P-selectin)_A0229,1.1912936403043928,1.104967140812402,12.79585073184614,0.1534761549105797,0.164726876171072,7564
FusionVI,2027,ADT_CD63_A0559,1.096808829300948,0.9970834612187164,9.983376240995057,0.0932730223837904,0.2453192813412694,7564
FusionVI,2027,ADT_CD64(FcrRI)_A0202,0.9257979871975712,0.7903595437389908,2.1062925733125506,0.1025337181054581,0.284796215001372,7564
FusionVI,2027,ADT_CD68_A0560,0.7291367626977766,0.636755997870427,1.2342197352587894,0.0590337939735303,0.1317740692410734,7564
FusionVI,2027,ADT_CD69_A0197,0.9623738585145776,0.836842193219008,6.005754029794952,0.136656411895902,0.3547387326570173,7564
FusionVI,2027,ADT_CD71_A0441,1.1196491343805222,0.992171836937342,20.90362329561202,0.7561221740172576,0.7559521703454821,7564
FusionVI,2027,ADT_CD73_A0077,1.1378187590314537,0.952618454550091,12.998335762102096,0.6852225583104855,0.7676732786564027,7564
FusionVI,2027,ADT_CD79b(Igb)_A0561,1.0628346455652795,0.9407812995994588,30.332615804445297,0.8179994305287712,0.8823942065388058,7564
FusionVI,2027,ADT_CD83_A0562,0.5347059596359757,0.4889959912102042,0.7207837044987837,0.0644555337329133,0.1487460720816599,7564
FusionVI,2027,ADT_CD86_A0200,1.138111553661043,0.9427819359918924,17.903690042727717,0.6102922851880089,0.6162841178901728,7564
FusionVI,2027,ADT_CD8a_A0002,1.2732625288447856,1.0934434817013745,40.36817009899113,0.4948648025407088,0.901094251748406,7564
FusionVI,2027,ADT_CD8b(Ly-3)_A0230,1.379929522648878,1.145500947154921,54.96460490079231,0.4900812087027571,0.9020168544471422,7564
FusionVI,2027,ADT_CD90.1(Thy-1.1)_A0380,0.615186847456504,0.5362563967774019,0.8219338698181634,0.0173344279734203,0.018663911733407,7564
FusionVI,2027,ADT_CD90.2_A0075,1.1238236607789476,0.92890770062714,130.0470002192407,0.7884960268995739,0.942076667627361,7564
FusionVI,2027,ADT_CD93(AA4.1_earlyBlineage)_A0113,1.120088394502184,0.979863349010243,4.840971140430315,0.2319080438633274,0.4546021823275321,7564
FusionVI,2027,ADT_CX3CR1_A0563,0.8111871935954597,0.6939934375120166,1.5486930732150863,0.0998035625820938,0.4135791692408307,7564
FusionVI,2027,ADT_ESAM_A0596,1.0781829988456555,0.9491500947973982,5.704185667900356,0.1073553966799412,0.293386381407095,7564
FusionVI,2027,ADT_F4-80_A0114,1.0648157606863222,0.9154236333413508,5.167063586930003,0.2468565052179509,0.6218805149309118,7564
FusionVI,2027,ADT_FceRIa_A0115,1.0819426674015642,0.9464824618963724,3.738645553967109,0.0277934998443514,0.0586309898102561,7564
FusionVI,2027,ADT_FolateReceptorb(FR-b)_A0564,1.101916857741347,0.9675837406128174,5.879993511091017,0.0370885327821361,0.2439753356319583,7564
FusionVI,2027,ADT_H-2KbboundtoSIINFEKL_A0231,1.0773082269761909,0.9456244411053504,4.924218250039644,0.189229285393539,0.2193242275491526,7564
FusionVI,2027,ADT_I-A-I-E_A0117,1.5066010775755228,1.2940999420956976,301.97100041972965,0.837180498021384,0.8811854490238872,7564
FusionVI,2027,ADT_IRF4_A0249,1.0502532896648031,0.9254853444950366,5.853341291342886,0.0709561733975184,0.0941380291021762,7564
FusionVI,2027,ADT_IgD_A0571,1.2522825435066225,1.0642433960276647,318.7889399889094,0.8360278356488937,0.9296415750927562,7564
FusionVI,2027,ADT_IgM_A0450,1.0960975540225255,0.9699135541326768,5.213166303637165,0.2010431711212994,0.2311088011920807,7564
FusionVI,2027,ADT_Ly-6A-E(Sca-1)_A0130,1.2968048625262003,1.0820808425325523,73.85770650820275,0.5998056263447814,0.6284973604435758,7564
FusionVI,2027,ADT_Ly-6C_A0013,1.0548008874521655,0.9291409722755998,41.957127170421536,0.3407302741147432,0.7297906884534875,7564
FusionVI,2027,ADT_MAdCAM-1_A0232,1.1016953867503871,0.9802668641420867,5.866698263184473,0.067934826774829,0.0817605615058645,7564
FusionVI,2027,ADT_MERTK(Mer)_A0565,1.1286106740475452,1.0049015805054546,6.440427131718394,0.1297621486881511,0.435075764060997,7564
FusionVI,2027,ADT_NK-1.1_A0118,1.2527915992361411,1.1327387808931584,6.104114446546715,0.0747394571173045,0.5648077701955898,7564
FusionVI,2027,ADT_Notch1_A0442,1.159268757107725,1.0530794518729152,8.022515144378405,0.0907828408559139,0.1099471039599874,7564
FusionVI,2027,ADT_PanendothelialCellAntigen_A0381,1.0776045349748886,0.9393422403326463,4.638002210228232,0.1104414665168476,0.2244838397580322,7564
FusionVI,2027,ADT_SiglecH_A0119,1.0865708318827858,0.9564156656673676,4.916632681596474,0.0647531863733744,0.3414485464771185,7564
FusionVI,2027,ADT_TCRVb5.1_5.2_A0354,1.6143772003983492,1.4950990496002832,9.484393372288588,0.0786617440867506,0.1782130613803448,7564
FusionVI,2027,ADT_TCRVb8.1_8.2_A0235,1.1223181926087438,0.976510261332023,3.700122369590227,0.1211041203226157,0.1512412369309581,7564
FusionVI,2027,ADT_TCRVr1.1-Cr4_A0209,0.6091790339141367,0.5263290630847867,0.8288313246306006,0.0402676834643049,0.1444901389734341,7564
FusionVI,2027,ADT_TCRVr2_A0211,1.0941730863176735,0.9579373414084776,4.508437614602301,0.0053232744276515,0.1009731441230649,7564
FusionVI,2027,ADT_TCRVr3_A0210,1.0458662087071595,0.9585412173434577,10.124083438920698,0.0503988991242919,0.0243868822791236,7564
FusionVI,2027,ADT_TCRbchain_A0120,1.2177908589773223,1.0703539606614587,33.67117371589402,0.7560795915020996,0.9124462956630868,7564
FusionVI,2027,ADT_TCRr-d_A0121,1.1142946303460286,0.985789270185772,5.56948821800591,0.0317198644210927,0.2337924856409505,7564
FusionVI,2027,ADT_TER-119-ErythroidCells_A0122,0.831898107806636,0.732188996242272,1.4628543947689878,0.0057651073552894,0.0863446751945107,7564
FusionVI,2027,ADT_Tim-4_A0567,1.075897532712946,0.9576252599130588,10.464528662511622,0.2359362305485352,0.5733819263073545,7564
FusionVI,2027,ADT_XCR1_A0568,1.0566301383540766,0.9199964503687892,4.70903783428297,0.0622486892921852,0.285146284153054,7564
FusionVI,2027,ADT_anti-P2RY12_A0415,1.0917744857563705,0.9626805268325884,5.839624295721352,0.0419920177407093,0.0480681133510274,7564
FusionVI,2027,ADT_integrinb7_A0214,0.8498160312381903,0.729822002560016,34.80394982862952,0.7064493855415216,0.7357141725441825,7564
FusionVI,2028,ADT_CD102_A0104,0.8387100914692494,0.7267684100245329,49.35671307484603,0.7223804900205855,0.7124378966649478,7564
FusionVI,2028,ADT_CD103_A0201,1.055895940110951,0.9404004843083804,11.295692255735272,0.3998746581685976,0.7567782600999944,7564
FusionVI,2028,ADT_CD106_A0226,0.9337149002680356,0.7815462704133488,7.440217150386082,0.2308324679519998,0.567474083531953,7564
FusionVI,2028,ADT_CD115(CSF-1R)_A0105,1.0436348114711096,0.894678331791325,4.925113215514556,0.1670347813981818,0.5389532213675878,7564
FusionVI,2028,ADT_CD117(c-Kit)_A0012,1.0664124083255424,0.9331159464771792,7.2083037478277,0.5352443191864849,0.6191672371445984,7564
FusionVI,2028,ADT_CD11a_A0595,0.6312634209463395,0.529003208319606,79.61011050202619,0.8567016547271556,0.8671128645107212,7564
FusionVI,2028,ADT_CD11c_A0106,1.0457854508771536,0.8953401123740433,4.846277141243236,0.2247779789246892,0.7122344183642856,7564
FusionVI,2028,ADT_CD122(IL-2Rb)_A0227,0.982782633083954,0.8347182355277626,3.180008479743203,0.2366591773566062,0.3564753145759288,7564
FusionVI,2028,ADT_CD127(IL-7Ra)_A0198,0.9227762784058978,0.7806964787623285,3.4910045963062424,0.6245810837815148,0.7026566909198972,7564
FusionVI,2028,ADT_CD134(OX-40)_A0195,1.1691159357091108,1.1045321407129478,19.762396222129187,0.2271200558277866,0.332863978067452,7564
FusionVI,2028,ADT_CD135_A0098,1.0930858915741894,0.9792142252253864,6.462452901096838,0.0507081523382598,0.130956231768611,7564
FusionVI,2028,ADT_CD137_A0194,1.1225542710052383,1.0363075647751017,10.356019511290922,-0.0012422306449932,0.0154312197941205,7564
FusionVI,2028,ADT_CD14_A0424,1.086563148506755,0.9428232166176702,5.353100491666971,0.1864750384497331,0.5412546994949491,7564
FusionVI,2028,ADT_CD140a_A0573,1.0783710313189938,1.0126087860869997,15.865736163021836,0.0609436218760791,0.0481343571051111,7564
FusionVI,2028,ADT_CD15(SSEA-1)_A0076,1.1740782018039115,1.0548489891291517,5.459399745238641,0.0209409732897396,0.0221096738197663,7564
FusionVI,2028,ADT_CD150(SLAM)_A0203,1.0120581709101284,0.8435962090852682,28.109163592316875,0.6938267237225562,0.6752378087050493,7564
FusionVI,2028,ADT_CD16-32_A0109,1.0781164890392234,0.941300511716204,4.0076594616230805,0.0120570590691878,0.0242382352150839,7564
FusionVI,2028,ADT_CD169(Siglec-1)_A0440,1.1068125768215913,1.0208870114811113,12.75322253763329,0.1076798490714517,0.2694467565728126,7564
FusionVI,2028,ADT_CD172a(SIRPa)_A0422,1.0614740086839944,0.941156746167788,9.928109549517862,0.3315814866837611,0.6903720158139316,7564
FusionVI,2028,ADT_CD183(CXCR3)_A0228,1.0821516260128978,0.934468501419538,3.9286100620444273,0.1971708881949055,0.5182076363488226,7564
FusionVI,2028,ADT_CD184(CXCR4)_A0444,1.0012965147399824,0.887930757191377,7.579664889874754,0.2503184855817982,0.3207667708770346,7564
FusionVI,2028,ADT_CD19_A0093,0.8177497052706786,0.6881618723555023,75.05830407583922,0.8371900270257062,0.9586633244244316,7564
FusionVI,2028,ADT_CD192(CCR2)_A0426,0.9898880643018216,0.8893392216984182,9.361416866639376,0.0621502169300813,0.0926690493910721,7564
FusionVI,2028,ADT_CD195(CCR5)_A0376,1.156940673876165,1.0376276922448713,5.653064250441722,0.031723348097716,0.033334536678246,7564
FusionVI,2028,ADT_CD196(CCR6)_A0225,0.984746600100432,0.8353489394079471,2.96174448107614,0.0961345501341825,0.068164587978318,7564
FusionVI,2028,ADT_CD197(CCR7)_A0377,1.0965436081828148,0.9855471758884649,7.042250668038016,0.0258065780526645,0.0176544241652835,7564
FusionVI,2028,ADT_CD20_A0192,0.9831027998637784,0.8950320440824121,21.93010508730448,0.6279785316593597,0.6149467239383851,7564
FusionVI,2028,ADT_CD200(OX2)_A0079,1.0667013025028262,0.9406406095031936,25.86651239339666,0.7685353525813501,0.7575499869538325,7564
FusionVI,2028,ADT_CD201(EPCR)_A0439,1.058805908281137,0.9363340596104266,5.916313222449397,0.0749642752124118,0.1650786667443834,7564
FusionVI,2028,ADT_CD204(Msr1)_A0448,0.6881953003233019,0.6083158169335617,1.016759062084428,0.0138817172767593,-0.0048998971078051,7564
FusionVI,2028,ADT_CD206(MMR)_A0173,1.218954658505034,1.1079726781701509,8.799020911069977,0.0637525607960955,0.1463698194622842,7564
FusionVI,2028,ADT_CD21-CD35(CR2-CR1)_A0107,1.2163720018190145,1.0451326009177937,43.88136200814069,0.8385134072399446,0.8980688997963723,7564
FusionVI,2028,ADT_CD223(LAG-3)_A0378,1.072142525088629,1.0027980567897845,14.828815495255508,0.1144636635897768,0.2430391302775241,7564
FusionVI,2028,ADT_CD23_A0108,1.2412652419205803,1.0570319081281838,48.14350662642468,0.7977678187142434,0.8836851744193666,7564
FusionVI,2028,ADT_CD24_A0212,1.1392665440197332,1.0057826613672725,90.82339783549496,0.8714026457121962,0.9135039814716926,7564
FusionVI,2028,ADT_CD25_A0097,0.859217299292275,0.7348734301879006,2.0265430407761142,0.1416088821105556,0.5554136975594981,7564
FusionVI,2028,ADT_CD274(B7-H1_PD-L1)_A0190,0.850142673062501,0.7469867310459746,18.22384087891884,0.5367303933190809,0.6264010993824368,7564
FusionVI,2028,ADT_CD278(ICOS)_A0171,0.9794252227524254,0.8745577158080933,15.159659653854774,0.6921849689242178,0.7874263237622451,7564
FusionVI,2028,ADT_CD279(PD-1)_A0004,1.103443956859403,1.0197287873731231,12.338516470113802,0.1295072308051079,0.3113277865768228,7564
FusionVI,2028,ADT_CD28_A0204,1.0644486733807743,0.9523132435523548,8.1786568011007,0.5525132471033772,0.6010331066575477,7564
FusionVI,2028,ADT_CD29_A0570,0.8528109300546663,0.7239312964051611,25.841734473381266,0.5831768862756819,0.7653635362118993,7564
FusionVI,2028,ADT_CD300LG(Nepmucin)_A0416,1.0932311711984155,1.024578956883442,16.559050078873657,0.1092544929908765,0.2839864626148515,7564
FusionVI,2028,ADT_CD301a(MGL1)_A0551,1.1714976691634134,1.0352488094945724,4.104146182001236,0.0636928003793605,0.2515721644764485,7564
FusionVI,2028,ADT_CD301b(MGL2)_A0566,1.0814326286546263,0.9755567677139376,8.098718713163258,0.0737447780303299,0.1836356343334202,7564
FusionVI,2028,ADT_CD304(Neuropilin-1)_A0552,1.188898292772436,1.0501834909902938,5.381385060040047,0.1992259213512992,0.5135622211656705,7564
FusionVI,2028,ADT_CD326(Ep-CAM)_A0449,1.0371660775550149,0.8891149072317215,3.1850935685325714,0.1375775832222302,0.2874098869965475,7564
FusionVI,2028,ADT_CD335(NKp46)_A0184,1.203073514127219,1.144545390490826,20.012252862588365,0.0662166027179959,0.1769999722525441,7564
FusionVI,2028,ADT_CD357(GITR)_A0193,0.9996916286572944,0.84490984223087,10.70689604466457,0.7557832747708809,0.8093237305888586,7564
FusionVI,2028,ADT_CD36_A0555,1.0442599406103097,0.8916688919667098,4.139978572970531,0.1524350664243186,0.3457620588683855,7564
FusionVI,2028,ADT_CD366(Tim-3)_A0003,0.9124176509917454,0.8009513131485009,1.8128633984556155,0.092614120093051,0.2922608304429362,7564
FusionVI,2028,ADT_CD370(CLEC9A_DNGR1)_A0556,1.077710246570933,0.9352905900246252,4.267547903774529,0.076931973058145,0.2258107011735002,7564
FusionVI,2028,ADT_CD38_A0557,0.9303687764183968,0.7501658338042162,143.52081895038478,0.8523419839199906,0.9340405663775382,7564
FusionVI,2028,ADT_CD4_A0001,1.3431108670681546,1.098354141709366,66.81713431200484,0.6383390999939339,0.8953246453511333,7564
FusionVI,2028,ADT_CD41_A0443,1.3616465590460098,1.231026124817194,24.75049187858416,0.0947299954256015,0.4268457968254656,7564
FusionVI,2028,ADT_CD43_A0110,0.9242402712270384,0.7913801957760741,140.69033194369956,0.850236984999195,0.9331139149824782,7564
FusionVI,2028,ADT_CD45_A0096,1.1731719465847106,1.08483748954519,677.770271262941,0.5585842453719292,0.5218620938727428,7564
FusionVI,2028,ADT_CD45.1_A0178,1.1122574979904551,0.9797062567253212,3.5516236855957257,0.0277383944182689,0.0493255454585036,7564
FusionVI,2028,ADT_CD45.2_A0157,1.1343898295655588,1.07128331341674,52.23704725948356,0.5063308125482472,0.5544466073893127,7564
FusionVI,2028,ADT_CD45R-B220_A0103,1.0074760579352051,0.9011336523769244,90.23403642191452,0.8313714576495577,0.9538805809011462,7564
FusionVI,2028,ADT_CD48_A0429,0.7909410838066289,0.7062888820607583,61.47563123501274,0.5274576848995927,0.6265565917637939,7564
FusionVI,2028,ADT_CD49d_A0078,0.9046083153626656,0.7680905853535637,16.864779760949766,0.6072954091837783,0.6302220244892994,7564
FusionVI,2028,ADT_CD5_A0111,1.0339756752476543,0.8632003409637569,146.5482719412309,0.8255118199769454,0.9420802438513632,7564
FusionVI,2028,ADT_CD54_A0074,0.8954592075733953,0.7386652116005795,29.267268995202325,0.760186562597234,0.7959978338407212,7564
FusionVI,2028,ADT_CD55(DAF)_A0558,1.087179427706872,0.9046316021944344,88.17088745360272,0.854756570710277,0.8522633912415445,7564
FusionVI,2028,ADT_CD62L_A0112,1.1085890582003182,0.8089879337654712,104.66572177731632,0.6675322768970227,0.7292635608748748,7564
FusionVI,2028,ADT_CD62P(P-selectin)_A0229,1.174389088650056,1.0866379927981022,12.427010910149166,0.148825037995051,0.1615547603907668,7564
FusionVI,2028,ADT_CD63_A0559,1.0997508707374786,0.9997280446419836,10.07766619679286,0.0871761493429049,0.2561957966930147,7564
FusionVI,2028,ADT_CD64(FcrRI)_A0202,0.9264915404256844,0.7914320678711901,2.1133926281974404,0.0866502668721788,0.2843204234052771,7564
FusionVI,2028,ADT_CD68_A0560,0.7306040105945218,0.6372941152458529,1.2386185395566325,0.0522703181582162,0.1293254679788651,7564
FusionVI,2028,ADT_CD69_A0197,0.964715632128578,0.8382582673601233,6.033527053644392,0.1272316614766935,0.3426386994832706,7564
FusionVI,2028,ADT_CD71_A0441,1.100922681687733,0.96634965699189,20.199243778529336,0.7399999174003026,0.7401876805346593,7564
FusionVI,2028,ADT_CD73_A0077,1.1653446250733166,0.9795363852237876,14.109299778560052,0.6861881529684333,0.7628697819764193,7564
FusionVI,2028,ADT_CD79b(Igb)_A0561,1.045299413860438,0.922078526887962,29.24233126917697,0.8187315938744169,0.8810959895913834,7564
FusionVI,2028,ADT_CD83_A0562,0.5394828358339959,0.4923347994141205,0.7311746892334606,0.0605092285857955,0.1394743598228656,7564
FusionVI,2028,ADT_CD86_A0200,1.1489159845217514,0.9527213500915936,18.27983471554212,0.6114677882601699,0.6197172432139799,7564
FusionVI,2028,ADT_CD8a_A0002,1.283926664647436,1.0997890567507296,42.37407868731785,0.508163950969195,0.8991375704735055,7564
FusionVI,2028,ADT_CD8b(Ly-3)_A0230,1.4133398049821608,1.1670980895007474,57.522142055550304,0.4870620097286129,0.8955372028579113,7564
FusionVI,2028,ADT_CD90.1(Thy-1.1)_A0380,0.6122459162029923,0.533142950752258,0.8158072879599996,0.0303119676820364,0.0196621603258,7564
FusionVI,2028,ADT_CD90.2_A0075,1.1736310658834257,0.9732730315985756,136.73959351317205,0.7856669366670224,0.9403573858462392,7564
FusionVI,2028,ADT_CD93(AA4.1_earlyBlineage)_A0113,1.1262069749863846,0.9849544961180968,4.894143716107595,0.2328457558926275,0.4474091005163926,7564
FusionVI,2028,ADT_CX3CR1_A0563,0.8159100794366425,0.697830996816648,1.5705454202633822,0.0950374262959696,0.4021440886443354,7564
FusionVI,2028,ADT_ESAM_A0596,1.081774989764072,0.9533198376035844,5.750104607254787,0.1219086488438153,0.305346169216814,7564
FusionVI,2028,ADT_F4-80_A0114,1.0582771330184972,0.9100337112219492,5.138898940328439,0.2573256420564828,0.6279764870935608,7564
FusionVI,2028,ADT_FceRIa_A0115,1.0891108047417943,0.9545845801736684,3.7885593815117145,0.0263331293696511,0.0560398377684483,7564
FusionVI,2028,ADT_FolateReceptorb(FR-b)_A0564,1.0988561422388958,0.9645557391469306,5.851982896823469,0.0387532304056512,0.2547000599309484,7564
FusionVI,2028,ADT_H-2KbboundtoSIINFEKL_A0231,1.074814950917001,0.9428582852205712,4.903957443789538,0.1947386299328428,0.2276664854786221,7564
FusionVI,2028,ADT_I-A-I-E_A0117,1.463365820362133,1.2446776425590516,274.8284850319752,0.8358340313759725,0.8800639218684059,7564
FusionVI,2028,ADT_IRF4_A0249,1.0617237201425147,0.9380704235754108,6.000341278229486,0.066424096511722,0.1009113383593272,7564
FusionVI,2028,ADT_IgD_A0571,1.203707883226682,1.0149858568237409,292.67131351680746,0.839744065004505,0.930329763884954,7564
FusionVI,2028,ADT_IgM_A0450,1.0989814722990012,0.9734292605489522,5.244129700549754,0.1957634181130064,0.233689653736008,7564
FusionVI,2028,ADT_Ly-6A-E(Sca-1)_A0130,1.3024389401686625,1.085848815921528,74.49858781964863,0.5968106171492288,0.6239477524260058,7564
FusionVI,2028,ADT_Ly-6C_A0013,1.074876626736438,0.9443674349010108,43.51439942007403,0.342347456578997,0.7207713675868325,7564
FusionVI,2028,ADT_MAdCAM-1_A0232,1.106642161177389,0.9854898058037442,5.929374975605909,0.0760852270602088,0.0843534679984038,7564
FusionVI,2028,ADT_MERTK(Mer)_A0565,1.129718113239074,1.0061488774241436,6.454138973161444,0.1336352193176485,0.4382132114711254,7564
FusionVI,2028,ADT_NK-1.1_A0118,1.2474248224429585,1.1270697578522215,6.107946018199326,0.085016577758072,0.5619545624182415,7564
FusionVI,2028,ADT_Notch1_A0442,1.1637741914377029,1.0577168166843418,8.089804823344375,0.0806234175672906,0.1004441000331785,7564
FusionVI,2028,ADT_PanendothelialCellAntigen_A0381,1.0874583382191292,0.9496604632188655,4.753568280316862,0.1217115811469217,0.2304860699428911,7564
FusionVI,2028,ADT_SiglecH_A0119,1.0923610197015636,0.9625216959695788,4.989475850009969,0.0646498121485603,0.3383327951596694,7564
FusionVI,2028,ADT_TCRVb5.1_5.2_A0354,1.614078897722966,1.4914052886363138,9.504265014170844,0.0822131000318474,0.1867033036019347,7564
FusionVI,2028,ADT_TCRVb8.1_8.2_A0235,1.1246351531154437,0.978841354497878,3.713271478885447,0.1198416844710262,0.1473504708968876,7564
FusionVI,2028,ADT_TCRVr1.1-Cr4_A0209,0.6117362185635251,0.5291363664344979,0.8351523962397855,0.0154721347696336,0.1615207118670725,7564
FusionVI,2028,ADT_TCRVr2_A0211,1.0994438848827643,0.9602753642345048,4.558688765414362,-0.0122443892905263,0.0869330717544688,7564
FusionVI,2028,ADT_TCRVr3_A0210,1.0485061246593887,0.9611289283419688,10.16814438216211,0.0402134592897119,0.0084617309031324,7564
FusionVI,2028,ADT_TCRbchain_A0120,1.2346029866602812,1.0861069743957334,34.65399454410337,0.7524949973171022,0.910457746744756,7564
FusionVI,2028,ADT_TCRr-d_A0121,1.124189403534969,0.9944046731129196,5.690846166618282,0.0534873931944346,0.2268555309492326,7564
FusionVI,2028,ADT_TER-119-ErythroidCells_A0122,0.8186505561764396,0.7202202699237485,1.426849644345496,-0.0026415622841294,0.0919867094324426,7564
FusionVI,2028,ADT_Tim-4_A0567,1.071867818253903,0.9549569229263776,10.407281709940328,0.2340169157481537,0.587149954252971,7564
FusionVI,2028,ADT_XCR1_A0568,1.0587476457185627,0.922571840634058,4.731977778537635,0.0597743318497647,0.2942954645198372,7564
FusionVI,2028,ADT_anti-P2RY12_A0415,1.0963670953410871,0.9668870155713002,5.90795961023953,0.0334747938398119,0.0588436222076358,7564
FusionVI,2028,ADT_integrinb7_A0214,0.8581843904964015,0.7346170320380367,35.33397276700331,0.6930437777844072,0.722987246976418,7564
FusionVI,2029,ADT_CD102_A0104,0.8683393207544724,0.7600025974994657,52.5237929928183,0.729621557537246,0.7239379277601494,7564
FusionVI,2029,ADT_CD103_A0201,1.04440376773315,0.92894698937121,10.80517442676518,0.3754366705656126,0.7571485804417666,7564
FusionVI,2029,ADT_CD106_A0226,0.9482931695338505,0.7926962948714655,7.536947199555694,0.221339058952854,0.5514920113195034,7564
FusionVI,2029,ADT_CD115(CSF-1R)_A0105,1.0430545080330085,0.8938972729069751,4.874961040248195,0.1725299556379828,0.5410964238151481,7564
FusionVI,2029,ADT_CD117(c-Kit)_A0012,1.0628228891276918,0.9289691829687494,7.0986131163642,0.5383714998889046,0.6185224600583318,7564
FusionVI,2029,ADT_CD11a_A0595,0.6314306779796304,0.5276815976251678,79.19471620492114,0.8612560411925174,0.870083166892329,7564
FusionVI,2029,ADT_CD11c_A0106,1.05049215775758,0.8998906852522932,4.953292629442664,0.2301840138398521,0.7086673271242085,7564
FusionVI,2029,ADT_CD122(IL-2Rb)_A0227,0.9913813305130352,0.8442495699302943,3.254837347993392,0.2320137122003028,0.3597419549834084,7564
FusionVI,2029,ADT_CD127(IL-7Ra)_A0198,0.9165643062674276,0.7737252392474995,3.411665771670722,0.6275362040730794,0.7044176614635732,7564
FusionVI,2029,ADT_CD134(OX-40)_A0195,1.1720231559204402,1.1074578085432445,19.853245618922063,0.2234049588978895,0.326593333916211,7564
FusionVI,2029,ADT_CD135_A0098,1.1014250423767789,0.9881849082473582,6.560022533160552,0.058451044133416,0.1248352630011534,7564
FusionVI,2029,ADT_CD137_A0194,1.1237786798718987,1.037335742932234,10.376795556165757,0.0051247432242411,0.0020693874840166,7564
FusionVI,2029,ADT_CD14_A0424,1.099577718627844,0.9534832612958258,5.530012143660575,0.1859789567508328,0.5247083055106978,7564
FusionVI,2029,ADT_CD140a_A0573,1.0789394943634691,1.0133152130937213,15.889932551250329,0.0706749063317357,0.0596121530660558,7564
FusionVI,2029,ADT_CD15(SSEA-1)_A0076,1.1754324194912715,1.0564873477596672,5.475618840839925,-0.0005608210489648,0.0348949299972417,7564
FusionVI,2029,ADT_CD150(SLAM)_A0203,1.029227772742376,0.8582048681948842,28.716372770206565,0.6814973425415145,0.6660161040045761,7564
FusionVI,2029,ADT_CD16-32_A0109,1.0784740337982188,0.9417604624424062,4.012733128699974,0.0145543147396641,0.0337483069718914,7564
FusionVI,2029,ADT_CD169(Siglec-1)_A0440,1.10856334042515,1.022505664945262,12.789600022314469,0.0816116242453866,0.2618507009322028,7564
FusionVI,2029,ADT_CD172a(SIRPa)_A0422,1.06501231931268,0.9446993418947914,10.024800513674506,0.3127411881218425,0.6848883227377188,7564
FusionVI,2029,ADT_CD183(CXCR3)_A0228,1.0978149040812533,0.949488452509902,4.0407635745139805,0.198256707275526,0.5114680187093563,7564
FusionVI,2029,ADT_CD184(CXCR4)_A0444,1.004992698676015,0.8909960751137913,7.615867864133692,0.244760441615337,0.3113051605100345,7564
FusionVI,2029,ADT_CD19_A0093,0.8367749369508557,0.7059424003461721,77.4741744852646,0.8390752998723987,0.958802684781635,7564
FusionVI,2029,ADT_CD192(CCR2)_A0426,1.0004603763358637,0.9003506024160806,9.55046725008363,0.0673726085987787,0.0829334556223786,7564
FusionVI,2029,ADT_CD195(CCR5)_A0376,1.163783879449222,1.044374248939609,5.724643044469219,0.0234232727469574,0.0199423270089272,7564
FusionVI,2029,ADT_CD196(CCR6)_A0225,1.0002782295740793,0.8514579991653706,3.050573813228113,0.0587430628338201,0.0472529695479474,7564
FusionVI,2029,ADT_CD197(CCR7)_A0377,1.1008687437420297,0.9898374090876952,7.094721722766749,0.0026807481800779,0.005390481521225,7564
FusionVI,2029,ADT_CD20_A0192,1.0043978855993474,0.9185037178470664,23.09048115898225,0.6342659095384799,0.6213434202376964,7564
FusionVI,2029,ADT_CD200(OX2)_A0079,1.0701425857938198,0.9456421648803216,25.885913234107523,0.76976345633439,0.7620946200837132,7564
FusionVI,2029,ADT_CD201(EPCR)_A0439,1.059667995071033,0.9363666668259744,5.92704561385826,0.0833514823239948,0.1503710977919702,7564
FusionVI,2029,ADT_CD204(Msr1)_A0448,0.6923350392823037,0.6111153423597399,1.0260612729174443,0.0175606532984389,0.0123874815180787,7564
FusionVI,2029,ADT_CD206(MMR)_A0173,1.2275639390478863,1.1170592188517776,8.934010295878007,0.0679287703431548,0.1393708923885768,7564
FusionVI,2029,ADT_CD21-CD35(CR2-CR1)_A0107,1.2388052536392309,1.063962590069741,44.93592928282992,0.841199819159105,0.8960196424419417,7564
FusionVI,2029,ADT_CD223(LAG-3)_A0378,1.0777935985248088,1.0082574598431313,14.96281583065838,0.1075578964491639,0.2310537701966622,7564
FusionVI,2029,ADT_CD23_A0108,1.2499615956056744,1.067419794994226,48.18693458069449,0.8005924170194533,0.8848193342177121,7564
FusionVI,2029,ADT_CD24_A0212,1.1504602456843342,1.0198657300145142,92.65068513927228,0.8754211228226436,0.915951579229684,7564
FusionVI,2029,ADT_CD25_A0097,0.8677600408750713,0.7436190107373034,2.0791019171334524,0.1533227097321986,0.5541063719112495,7564
FusionVI,2029,ADT_CD274(B7-H1_PD-L1)_A0190,0.8648841505130089,0.7638448743213484,18.841568153034373,0.5463567282851682,0.635708650622353,7564
FusionVI,2029,ADT_CD278(ICOS)_A0171,0.9701252681718692,0.8643332058101647,14.756156943703,0.6936017223690997,0.7895446756893059,7564
FusionVI,2029,ADT_CD279(PD-1)_A0004,1.1042043162834931,1.0203761046382722,12.358872203836992,0.128779243251118,0.3030274035185293,7564
FusionVI,2029,ADT_CD28_A0204,1.0592435981233002,0.946754390900535,8.086817485324168,0.5554347480564547,0.6022987531868295,7564
FusionVI,2029,ADT_CD29_A0570,0.8706213911247674,0.7402749252499575,26.65508415836433,0.5823589907886203,0.7625864333503415,7564
FusionVI,2029,ADT_CD300LG(Nepmucin)_A0416,1.0951423701928364,1.026047415852547,16.60753271555787,0.1244556964263168,0.2654821476578676,7564
FusionVI,2029,ADT_CD301a(MGL1)_A0551,1.171606469709592,1.0359321055887607,4.114142288359809,0.0529966481764818,0.2396693701242518,7564
FusionVI,2029,ADT_CD301b(MGL2)_A0566,1.0860284665598177,0.980192346030845,8.158816318799428,0.0554008971546518,0.174872204286603,7564
FusionVI,2029,ADT_CD304(Neuropilin-1)_A0552,1.190772864039461,1.0527562910165298,5.3587729783363285,0.2034159756407276,0.5164352220839689,7564
FusionVI,2029,ADT_CD326(Ep-CAM)_A0449,1.0452668493394712,0.8974371707235335,3.276112464418618,0.1423159955882807,0.2860301106449359,7564
FusionVI,2029,ADT_CD335(NKp46)_A0184,1.2078382887324006,1.1492849287897524,20.16592959359107,0.0423230575696948,0.1712133470766051,7564
FusionVI,2029,ADT_CD357(GITR)_A0193,0.9952005074903216,0.8406836630383473,10.798640992324987,0.7542506707819884,0.8091338071477845,7564
FusionVI,2029,ADT_CD36_A0555,1.0542166379511784,0.901018404811256,4.222249211488357,0.1419794092424602,0.3387568918927388,7564
FusionVI,2029,ADT_CD366(Tim-3)_A0003,0.9151784476334816,0.8038978440289484,1.8190987542594697,0.0788864046911182,0.2871467334713317,7564
FusionVI,2029,ADT_CD370(CLEC9A_DNGR1)_A0556,1.0839332499372205,0.9418379451333292,4.316552322418963,0.0827596750616921,0.2240306512496913,7564
FusionVI,2029,ADT_CD38_A0557,0.9781282531715008,0.7897733101024569,149.87649908070838,0.8548816958836547,0.9326089626241072,7564
FusionVI,2029,ADT_CD4_A0001,1.3587793084379232,1.1032707013100318,65.30401039854803,0.6396381542424971,0.8890940781574501,7564
FusionVI,2029,ADT_CD41_A0443,1.3706100600976363,1.239321689365006,24.88008854113074,0.1005717203447984,0.4172170062335166,7564
FusionVI,2029,ADT_CD43_A0110,0.9053949564132864,0.7723269384944188,136.08106661170706,0.8519542469917665,0.9335154585428318,7564
FusionVI,2029,ADT_CD45_A0096,1.1775401944768462,1.0899885926090886,681.6188758716956,0.5673671359096522,0.5288732172719687,7564
FusionVI,2029,ADT_CD45.1_A0178,1.1101805975989143,0.9774632593764174,3.53547532050336,0.0109255276033898,0.0387289856910117,7564
FusionVI,2029,ADT_CD45.2_A0157,1.1433557731007062,1.0816662788576117,53.04327992243088,0.5187644657682241,0.5668956594314105,7564
FusionVI,2029,ADT_CD45R-B220_A0103,1.0360913384810666,0.9294797649625238,93.34561613298231,0.8351359174737428,0.9543939933810444,7564
FusionVI,2029,ADT_CD48_A0429,0.7964039453237258,0.7129075855418097,62.315410867688016,0.5405387072175457,0.6397832532750929,7564
FusionVI,2029,ADT_CD49d_A0078,0.9178937930322084,0.7828247423361657,17.346782356642468,0.6034923967516176,0.629730486147838,7564
FusionVI,2029,ADT_CD5_A0111,1.0078235582528734,0.8446723031520489,144.41698726404917,0.8287054152135858,0.943453467211034,7564
FusionVI,2029,ADT_CD54_A0074,0.9266218034124972,0.7701326473097421,30.527858038291548,0.7673871846729922,0.8022467408537872,7564
FusionVI,2029,ADT_CD55(DAF)_A0558,1.110356240388742,0.9229716173374224,89.06698349983462,0.8536204499229565,0.8515274486442523,7564
FusionVI,2029,ADT_CD62L_A0112,1.1084566007515375,0.8051705376767684,103.25201211664049,0.6731307400791811,0.727421315546401,7564
FusionVI,2029,ADT_CD62P(P-selectin)_A0229,1.184613855962963,1.0976221281884253,12.655411373806151,0.1444270806102107,0.163897287973728,7564
FusionVI,2029,ADT_CD63_A0559,1.103966451364706,1.0048241253375034,10.151220563730192,0.0923044718785006,0.2540507095880044,7564
FusionVI,2029,ADT_CD64(FcrRI)_A0202,0.929924811592108,0.7945839005466642,2.125169496382437,0.0762901151314826,0.2725426388140139,7564
FusionVI,2029,ADT_CD68_A0560,0.7372095984694879,0.6438879357152881,1.2530766245015144,0.054232414569362,0.1298563596165116,7564
FusionVI,2029,ADT_CD69_A0197,0.9717398995968314,0.845918483687634,6.122033635249912,0.1562171700115563,0.3470038492007053,7564
FusionVI,2029,ADT_CD71_A0441,1.1329961073349342,1.0005225579578994,21.37660105325506,0.7439619426770292,0.742037793981631,7564
FusionVI,2029,ADT_CD73_A0077,1.158379955088438,0.9709477642910942,13.658290789405989,0.6826505757316379,0.7647179671702292,7564
FusionVI,2029,ADT_CD79b(Igb)_A0561,1.0642872343269298,0.9422608478860388,30.597872895831344,0.8153668447724116,0.8811145967166132,7564
FusionVI,2029,ADT_CD83_A0562,0.5343637177378773,0.4885112061030641,0.7238459052751457,0.0682943339963858,0.1384816540344337,7564
FusionVI,2029,ADT_CD86_A0200,1.147713132711879,0.9537938566232816,18.29503086028056,0.607869427867538,0.6159786978184902,7564
FusionVI,2029,ADT_CD8a_A0002,1.2975682760140572,1.1067330429073303,38.3920464098359,0.4992686693036378,0.8950804506013933,7564
FusionVI,2029,ADT_CD8b(Ly-3)_A0230,1.4454442729712864,1.190912163319368,53.17783179117976,0.4868757893018063,0.8911097975961606,7564
FusionVI,2029,ADT_CD90.1(Thy-1.1)_A0380,0.6175083930437965,0.5378979838197959,0.8257479275316236,0.0208978191152404,0.0144642075073439,7564
FusionVI,2029,ADT_CD90.2_A0075,1.1421500538957596,0.9452751538305284,132.6129614743904,0.7890625345285429,0.9411200166209492,7564
FusionVI,2029,ADT_CD93(AA4.1_earlyBlineage)_A0113,1.13530002646156,0.9957342028060364,4.998158730759562,0.2332386499128053,0.4556638496097301,7564
FusionVI,2029,ADT_CX3CR1_A0563,0.8159399756492973,0.6982606546515643,1.5592639806218906,0.0916450387954697,0.4022710915845522,7564
FusionVI,2029,ADT_ESAM_A0596,1.085987301488294,0.9571785494564228,5.810550303007799,0.0976536134134874,0.3015123178612378,7564
FusionVI,2029,ADT_F4-80_A0114,1.078092126049377,0.9261833445892002,5.309029123191793,0.2466277291038505,0.6121558239053702,7564
FusionVI,2029,ADT_FceRIa_A0115,1.0948292650331914,0.9607651695667324,3.8311148741332266,0.0346885777607882,0.061957988105813,7564
FusionVI,2029,ADT_FolateReceptorb(FR-b)_A0564,1.0991440883383596,0.9656459386884292,5.860934287262366,0.0199155683284983,0.2567208956568389,7564
FusionVI,2029,ADT_H-2KbboundtoSIINFEKL_A0231,1.0858127345257544,0.9549912394829262,5.011840913170926,0.196377979071627,0.2244044619928727,7564
FusionVI,2029,ADT_I-A-I-E_A0117,1.5013235319988134,1.2833872714641468,291.6159475776394,0.8398712909803618,0.8808580244555179,7564
FusionVI,2029,ADT_IRF4_A0249,1.0622625400531385,0.938046335127292,6.002301878301257,0.0531386928703776,0.0927581011930253,7564
FusionVI,2029,ADT_IgD_A0571,1.226848216270301,1.0359172885438477,293.1479735757736,0.8405471185405944,0.9303531574691124,7564
FusionVI,2029,ADT_IgM_A0450,1.1097900217610472,0.9852026419175076,5.37371678424222,0.1971232552855931,0.2352470557122018,7564
FusionVI,2029,ADT_Ly-6A-E(Sca-1)_A0130,1.3540615545414751,1.135423417446188,79.77662691774978,0.5907396597119069,0.6202097716888535,7564
FusionVI,2029,ADT_Ly-6C_A0013,1.09377678335421,0.964317440913622,45.99347069728696,0.3510053725606638,0.7275346046932111,7564
FusionVI,2029,ADT_MAdCAM-1_A0232,1.106778298573046,0.9856706129073544,5.92967776770569,0.0717308992853124,0.082957544460677,7564
FusionVI,2029,ADT_MERTK(Mer)_A0565,1.136633359522128,1.0127919736342137,6.5279461263286445,0.126941645347522,0.4288701780928264,7564
FusionVI,2029,ADT_NK-1.1_A0118,1.2518040686292482,1.1312210729833987,6.28988027774361,0.0761057222745931,0.5645674495757577,7564
FusionVI,2029,ADT_Notch1_A0442,1.1674454176570006,1.0615779517415669,8.13753153608313,0.0835758622018484,0.0952064904092368,7564
FusionVI,2029,ADT_PanendothelialCellAntigen_A0381,1.0875297902394738,0.9499809950141962,4.7519424829704935,0.1219773447614807,0.2363801532737221,7564
FusionVI,2029,ADT_SiglecH_A0119,1.0893762786066084,0.9598089690288906,4.985929334182578,0.0827048170043779,0.3480237868534128,7564
FusionVI,2029,ADT_TCRVb5.1_5.2_A0354,1.600248712685366,1.4806853648851106,9.305748511155024,0.074583306899435,0.1794600314247321,7564
FusionVI,2029,ADT_TCRVb8.1_8.2_A0235,1.12356051240359,0.9780518448942512,3.704754390772029,0.1150846028699078,0.1504287465569076,7564
FusionVI,2029,ADT_TCRVr1.1-Cr4_A0209,0.6214031128657668,0.5398991171056312,0.8549716661431561,-0.0070959272871366,-0.0040029042469683,7564
FusionVI,2029,ADT_TCRVr2_A0211,1.0966157473682083,0.959909362025576,4.513185770217859,0.006436506360103,0.099483293659769,7564
FusionVI,2029,ADT_TCRVr3_A0210,1.0486287200419075,0.9613245575362,10.172983126183908,0.0319743477183941,0.0182472881238029,7564
FusionVI,2029,ADT_TCRbchain_A0120,1.220311597531305,1.0709757789839427,33.1508359198593,0.7558108664119075,0.9110448102583424,7564
FusionVI,2029,ADT_TCRr-d_A0121,1.1244220419623372,0.9960177338481478,5.685239007900406,0.03737035355304,0.2054627698074136,7564
FusionVI,2029,ADT_TER-119-ErythroidCells_A0122,0.8252883586873553,0.7253538256539928,1.4424379986471,-0.0143183193066548,0.0820061342753263,7564
FusionVI,2029,ADT_Tim-4_A0567,1.0835231020508322,0.9645819310740824,10.5595791073844,0.2234696759644054,0.5710554508796517,7564
FusionVI,2029,ADT_XCR1_A0568,1.0665934158023078,0.9302298576949528,4.7957963612519645,0.0802456909184226,0.2851905378200893,7564
FusionVI,2029,ADT_anti-P2RY12_A0415,1.1024150478123191,0.9729588961284196,5.983749781759374,0.0416385929569729,0.0545543935812599,7564
FusionVI,2029,ADT_integrinb7_A0214,0.8532575838384995,0.7297735270309023,34.76198479084033,0.6967751016152204,0.7250309733073707,7564
FusionVI,2030,ADT_CD102_A0104,0.8712374181860401,0.7596489977976648,52.99050624228104,0.7167061266799631,0.7058346728779489,7564
FusionVI,2030,ADT_CD103_A0201,1.0404713256841478,0.9248128241058412,10.76430635664086,0.3861957251677316,0.7558394018123793,7564
FusionVI,2030,ADT_CD106_A0226,0.9283085755286992,0.7755505806845148,7.476807593668913,0.223091204020757,0.5649439656812847,7564
FusionVI,2030,ADT_CD115(CSF-1R)_A0105,1.0377163948683406,0.887158218621725,4.858410784518637,0.1750340198246014,0.5396332458701427,7564
FusionVI,2030,ADT_CD117(c-Kit)_A0012,1.064972425065084,0.9312048767904602,7.141508462314313,0.5395074069145221,0.6172406398114638,7564
FusionVI,2030,ADT_CD11a_A0595,0.6229367188784594,0.5161896199552616,77.92770869791161,0.8538136023553031,0.8608713509660403,7564
FusionVI,2030,ADT_CD11c_A0106,1.0468625714322397,0.8957676820166486,4.909050944808423,0.2427184181718128,0.7092579450356664,7564
FusionVI,2030,ADT_CD122(IL-2Rb)_A0227,0.985681024516443,0.8379516084456088,3.1959766094675777,0.236591640152903,0.3584927578965588,7564
FusionVI,2030,ADT_CD127(IL-7Ra)_A0198,0.9047907905908292,0.7599816791401525,3.2905356748150747,0.6277909424393963,0.6979930113754234,7564
FusionVI,2030,ADT_CD134(OX-40)_A0195,1.167099735486519,1.1017663694233517,19.703200160227777,0.2285529240030561,0.3182520654013986,7564
FusionVI,2030,ADT_CD135_A0098,1.098458023573347,0.9853270759422936,6.5309735157702855,0.0511599253578934,0.1333251672346595,7564
FusionVI,2030,ADT_CD137_A0194,1.1271711100974409,1.04090787579819,10.436998742399616,0.004810050072452,-0.003353952849905,7564
FusionVI,2030,ADT_CD14_A0424,1.0874291256070812,0.9432262966490842,5.423318326693877,0.2010059169057481,0.5385591846164762,7564
FusionVI,2030,ADT_CD140a_A0573,1.0791686269310286,1.0134497993041776,15.889547266070014,0.0622397530303305,0.0512273621015849,7564
FusionVI,2030,ADT_CD15(SSEA-1)_A0076,1.1732884033124231,1.0539188389493583,5.448517316551451,-0.0070301776883234,-0.0008718978971158,7564
FusionVI,2030,ADT_CD150(SLAM)_A0203,1.02081388278562,0.8454475408964253,28.718384972329748,0.6791979911069772,0.656414231192838,7564
FusionVI,2030,ADT_CD16-32_A0109,1.0758247366982363,0.9389899566603656,3.992820919032831,0.0146562797518951,0.0328705469027629,7564
FusionVI,2030,ADT_CD169(Siglec-1)_A0440,1.1113451920579822,1.025120252074085,12.864711394075488,0.091662383150248,0.2551074891930736,7564
FusionVI,2030,ADT_CD172a(SIRPa)_A0422,1.0651920882258257,0.9445912949126838,10.043867809062656,0.3205761182756025,0.6855826339890155,7564
FusionVI,2030,ADT_CD183(CXCR3)_A0228,1.0820601636033502,0.934632271539694,3.92119287145888,0.1958530407643833,0.5154397702279239,7564
FusionVI,2030,ADT_CD184(CXCR4)_A0444,1.0060387593732023,0.8921604350614722,7.659335718149864,0.2489900424326062,0.3127040153084544,7564
FusionVI,2030,ADT_CD19_A0093,0.8313021026721955,0.7009654906074456,77.54532432757881,0.8358999849218188,0.9586596935656664,7564
FusionVI,2030,ADT_CD192(CCR2)_A0426,0.98996699822341,0.8908769624574662,9.33431765441854,0.0490163143659952,0.0857048055364091,7564
FusionVI,2030,ADT_CD195(CCR5)_A0376,1.157486966023006,1.038057714579912,5.6535487868431575,0.0210394797712095,0.0199673745619311,7564
FusionVI,2030,ADT_CD196(CCR6)_A0225,0.9899448186688926,0.8410006527124055,2.986821867434957,0.0861128985080255,0.0556159544064228,7564
FusionVI,2030,ADT_CD197(CCR7)_A0377,1.099354212778359,0.9879309865073792,7.0721520773636986,0.0232520564009184,-0.0007972850526576,7564
FusionVI,2030,ADT_CD20_A0192,1.000879020229856,0.9129405384629584,22.912526545229568,0.6309495132531652,0.6132820945411911,7564
FusionVI,2030,ADT_CD200(OX2)_A0079,1.0692152134478503,0.9401842979183282,26.04456507699443,0.7649740349487794,0.7510874414019995,7564
FusionVI,2030,ADT_CD201(EPCR)_A0439,1.058937750973982,0.9361263983250996,5.915151031858262,0.0803814449712877,0.1618602049160577,7564
FusionVI,2030,ADT_CD204(Msr1)_A0448,0.6899622275376988,0.6108215350324172,1.0214074455134643,0.0159272621151988,0.0093093638867885,7564
FusionVI,2030,ADT_CD206(MMR)_A0173,1.225730938961321,1.114894299479405,8.909136326460533,0.0696053886877531,0.1348761861878109,7564
FusionVI,2030,ADT_CD21-CD35(CR2-CR1)_A0107,1.2263506306531653,1.0544354805130804,45.136913598560895,0.8400670805402946,0.897776827517706,7564
FusionVI,2030,ADT_CD223(LAG-3)_A0378,1.0755213366342131,1.00588668911632,14.9145648503417,0.1238845827822646,0.2332545016254291,7564
FusionVI,2030,ADT_CD23_A0108,1.240473140345408,1.0603225238870762,48.6199111720357,0.7985338070594932,0.886373952142734,7564
FusionVI,2030,ADT_CD24_A0212,1.1590678134795118,1.0249506888645945,96.20395422801336,0.8724513190348675,0.9128693301890004,7564
FusionVI,2030,ADT_CD25_A0097,0.8635490509443469,0.7398591795197055,2.034407697834709,0.1399469007976044,0.5536721233265736,7564
FusionVI,2030,ADT_CD274(B7-H1_PD-L1)_A0190,0.8709379932945472,0.7684572368356373,19.11826926220793,0.5324297228255395,0.617360116448692,7564
FusionVI,2030,ADT_CD278(ICOS)_A0171,0.9793532866293946,0.8757840103763616,15.328673750177884,0.6896704549101265,0.7851686603763276,7564
FusionVI,2030,ADT_CD279(PD-1)_A0004,1.1074151285415332,1.0238315655784518,12.429710652448714,0.1434830529368247,0.3091574306748249,7564
FusionVI,2030,ADT_CD28_A0204,1.0566754062436523,0.9433845002954732,8.04196345648521,0.5526382987705307,0.5991632485496086,7564
FusionVI,2030,ADT_CD29_A0570,0.8658227703892136,0.7318650622974323,26.946856771556867,0.5729910680820477,0.755655735888433,7564
FusionVI,2030,ADT_CD300LG(Nepmucin)_A0416,1.095527826599252,1.0272161945513218,16.65392193146196,0.1107953989093473,0.2869026457492495,7564
FusionVI,2030,ADT_CD301a(MGL1)_A0551,1.174340830480504,1.0367195221155114,4.135946916310892,0.0656722011059964,0.2432938093138592,7564
FusionVI,2030,ADT_CD301b(MGL2)_A0566,1.0797888481688458,0.9739329040282132,8.07640543922049,0.0772741627020063,0.1838464863237238,7564
FusionVI,2030,ADT_CD304(Neuropilin-1)_A0552,1.1895635135243037,1.0512007828906025,5.3975433113082,0.1914632474393833,0.5124956905000523,7564
FusionVI,2030,ADT_CD326(Ep-CAM)_A0449,1.035449066922061,0.8872081714984373,3.1735092872415884,0.1303205359069477,0.283391239237792,7564
FusionVI,2030,ADT_CD335(NKp46)_A0184,1.2079542129209104,1.1497182539549922,20.173519359197268,0.0461130111357676,0.1802232760537972,7564
FusionVI,2030,ADT_CD357(GITR)_A0193,0.9896121184001924,0.8331035876009036,10.529728157819106,0.7482903734455228,0.8048860152806581,7564
FusionVI,2030,ADT_CD36_A0555,1.0426445146160044,0.8892645378997335,4.143606623097868,0.149755990277293,0.3492721687960585,7564
FusionVI,2030,ADT_CD366(Tim-3)_A0003,0.9142224670789444,0.8024874269527242,1.811544654578648,0.0581279729484946,0.2831921947780123,7564
FusionVI,2030,ADT_CD370(CLEC9A_DNGR1)_A0556,1.0788291306690292,0.936088929352068,4.2750503308933165,0.0673665496846796,0.223344291322404,7564
FusionVI,2030,ADT_CD38_A0557,0.9490149756505828,0.7688499545415859,150.11927307906572,0.8520718459311818,0.9340747591279678,7564
FusionVI,2030,ADT_CD4_A0001,1.320610585973054,1.0684054211419192,60.37810356714056,0.6409486219345796,0.8933442046745163,7564
FusionVI,2030,ADT_CD41_A0443,1.3659456484164134,1.2326667592449894,25.378611248173705,0.1059798825971799,0.4164515527305001,7564
FusionVI,2030,ADT_CD43_A0110,0.9064328057170864,0.7690728699978122,132.0475691498303,0.849509337283294,0.9321854438881716,7564
FusionVI,2030,ADT_CD45_A0096,1.1716940325591074,1.0816901248916446,673.8341820917074,0.5515109275219402,0.5105633643889259,7564
FusionVI,2030,ADT_CD45.1_A0178,1.1147628653983923,0.982479223139409,3.572649974724655,0.0227948684049369,0.0530754013770981,7564
FusionVI,2030,ADT_CD45.2_A0157,1.1311001305092294,1.067305133240129,52.00851323199865,0.5064646309689673,0.5463000611664831,7564
FusionVI,2030,ADT_CD45R-B220_A0103,1.035724101051176,0.9275809279133058,95.06580780284987,0.8316657070828196,0.953532200094854,7564
FusionVI,2030,ADT_CD48_A0429,0.7937448002945031,0.7056688964326907,61.94830779535061,0.5206990826887252,0.6040612987261113,7564
FusionVI,2030,ADT_CD49d_A0078,0.903842091811906,0.767489404470069,17.117927966201073,0.5981965537856748,0.6229520960232856,7564
FusionVI,2030,ADT_CD5_A0111,1.0078732273647364,0.8400912996657192,136.26132543474074,0.8236082639208955,0.9419689516355476,7564
FusionVI,2030,ADT_CD54_A0074,0.9102741686588988,0.7546438874622186,30.86799332857258,0.7605768244620782,0.7969341258933975,7564
FusionVI,2030,ADT_CD55(DAF)_A0558,1.0859096056550328,0.8995075595634173,87.43078579088167,0.8512563117616455,0.8475898867635471,7564
FusionVI,2030,ADT_CD62L_A0112,1.0774894405556792,0.7760486936204485,97.8260371908191,0.6810218703595216,0.7361964585881157,7564
FusionVI,2030,ADT_CD62P(P-selectin)_A0229,1.1926295056464495,1.1059930567492695,12.827733599402046,0.1472455198296844,0.1596849900044729,7564
FusionVI,2030,ADT_CD63_A0559,1.1034446818347066,1.0032905645541272,10.144096491640678,0.0930605040421651,0.2471577706599547,7564
FusionVI,2030,ADT_CD64(FcrRI)_A0202,0.9285676714118212,0.7929624239907961,2.1231076635424264,0.0937279143722424,0.2719139548611308,7564
FusionVI,2030,ADT_CD68_A0560,0.7376937815429827,0.6436584830497081,1.261154057990931,0.0308494837943956,0.129425772326262,7564
FusionVI,2030,ADT_CD69_A0197,0.9684876362254804,0.8419349798703396,6.073943563644877,0.1380097512620533,0.33708382005496,7564
FusionVI,2030,ADT_CD71_A0441,1.1310033226783398,0.9974179229594928,21.370252494015183,0.7373891284543448,0.7401089499755192,7564
FusionVI,2030,ADT_CD73_A0077,1.147854826315824,0.962022317646958,13.607014689036994,0.6895736774262876,0.7637534184545707,7564
FusionVI,2030,ADT_CD79b(Igb)_A0561,1.0508801199421285,0.9276168334941128,29.64730821092062,0.8193108827344538,0.8817963062632008,7564
FusionVI,2030,ADT_CD83_A0562,0.5409000511690206,0.4930133164066401,0.7333540189272509,0.0695847420107967,0.1422776369742763,7564
FusionVI,2030,ADT_CD86_A0200,1.1366461375376635,0.9405228730310332,17.94126753010238,0.607546301093261,0.6132285069752991,7564
FusionVI,2030,ADT_CD8a_A0002,1.2743483881794682,1.0897068576804427,38.7577745798465,0.5001955195450074,0.9002032245146229,7564
FusionVI,2030,ADT_CD8b(Ly-3)_A0230,1.402293273875595,1.1597519870252742,52.23430159443715,0.4856389370593358,0.8976214934594383,7564
FusionVI,2030,ADT_CD90.1(Thy-1.1)_A0380,0.6229922164799087,0.5436873631184818,0.8378700742341424,0.0171810666007403,0.0139715503896523,7564
FusionVI,2030,ADT_CD90.2_A0075,1.1257251397414887,0.9273337785844749,125.32515893191776,0.7878602860808436,0.9407510873848248,7564
FusionVI,2030,ADT_CD93(AA4.1_earlyBlineage)_A0113,1.1371871213091231,0.9962054515733614,5.021352448897158,0.2249126522410746,0.4410009609595984,7564
FusionVI,2030,ADT_CX3CR1_A0563,0.824547780783946,0.7062788895182285,1.5614073869887009,0.1284638502429308,0.4010257643705889,7564
FusionVI,2030,ADT_ESAM_A0596,1.084367440243552,0.95518695797003,5.787146305672269,0.0793996664305356,0.2979232462801051,7564
FusionVI,2030,ADT_F4-80_A0114,1.0695280094582638,0.921067108708848,5.2609228555138685,0.2499820546880279,0.6254543272567106,7564
FusionVI,2030,ADT_FceRIa_A0115,1.085106939296673,0.950085786771092,3.76347786071501,0.0438998666984853,0.0635406993148259,7564
FusionVI,2030,ADT_FolateReceptorb(FR-b)_A0564,1.1027532705176817,0.967829496828484,5.956862736164357,0.0380871661724767,0.2375687523680842,7564
FusionVI,2030,ADT_H-2KbboundtoSIINFEKL_A0231,1.0828218490898665,0.9516393833418466,4.987445444987603,0.1873986204641834,0.2189521862368564,7564
FusionVI,2030,ADT_I-A-I-E_A0117,1.4783197070825411,1.2669645396809537,297.8064806013748,0.8373848934417178,0.8831029978404394,7564
FusionVI,2030,ADT_IRF4_A0249,1.0595767313179736,0.9351936367207928,5.968991300909687,0.0627870321500515,0.0991144704372612,7564
FusionVI,2030,ADT_IgD_A0571,1.2141344796569191,1.0270331650879911,299.9791160232488,0.8388081199144627,0.931257712520766,7564
FusionVI,2030,ADT_IgM_A0450,1.1071876765804165,0.982069705680383,5.337880533186612,0.1963994440015074,0.2302754923240285,7564
FusionVI,2030,ADT_Ly-6A-E(Sca-1)_A0130,1.3011692640409742,1.0844477452428547,73.54039573871162,0.5903457242164182,0.6225202848478453,7564
FusionVI,2030,ADT_Ly-6C_A0013,1.0656143369231523,0.9400914852380357,44.026405778781,0.3435785098705881,0.7361890513027369,7564
FusionVI,2030,ADT_MAdCAM-1_A0232,1.1044966037967023,0.9833265633348592,5.904511759484149,0.0708554831544482,0.0854132852379141,7564
FusionVI,2030,ADT_MERTK(Mer)_A0565,1.1306461667233505,1.0069411464966955,6.483343533017155,0.1337608155954251,0.4332080835205268,7564
FusionVI,2030,ADT_NK-1.1_A0118,1.2511088596826474,1.1307611590166928,6.09798794704288,0.0866241893200114,0.5659852271498496,7564
FusionVI,2030,ADT_Notch1_A0442,1.168225839735007,1.0624884315490422,8.157291639803075,0.086058920136553,0.1001812787854974,7564
FusionVI,2030,ADT_PanendothelialCellAntigen_A0381,1.0881246042616732,0.949992829761796,4.788697850950051,0.1127502186067696,0.2378705801934776,7564
FusionVI,2030,ADT_SiglecH_A0119,1.0917067822816906,0.9622246843319162,5.053277257445752,0.0616527299061658,0.3442782874172713,7564
FusionVI,2030,ADT_TCRVb5.1_5.2_A0354,1.6122767096740254,1.4901706122763498,9.472334374075274,0.074578831649347,0.1765583538892493,7564
FusionVI,2030,ADT_TCRVb8.1_8.2_A0235,1.150562168179196,1.012880532684918,3.880369294137314,0.0012990776651345,0.0001113391876229,7564
FusionVI,2030,ADT_TCRVr1.1-Cr4_A0209,0.6239264849072954,0.541919222171154,0.8601333513926854,0.00062700007815,-0.013192425058143,7564
FusionVI,2030,ADT_TCRVr2_A0211,1.1021380977280515,0.9647974404331282,4.593624383794259,0.003938588656923,0.0700656185047105,7564
FusionVI,2030,ADT_TCRVr3_A0210,1.0525087730444214,0.9654489240358948,10.247458207424453,0.0211004090701038,0.0185025389516305,7564
FusionVI,2030,ADT_TCRbchain_A0120,1.219322905774381,1.0694365367523653,32.69260612730624,0.7557207725057602,0.9102961158253476,7564
FusionVI,2030,ADT_TCRr-d_A0121,1.124020958190173,0.9946307766176316,5.6922492175301445,0.0342721805197307,0.2091010984621012,7564
FusionVI,2030,ADT_TER-119-ErythroidCells_A0122,0.8222878794828626,0.7223305016260032,1.4370651874417415,-0.0048430036776874,0.0746376505794932,7564
FusionVI,2030,ADT_Tim-4_A0567,1.0772487336516112,0.9594816514569088,10.651984963197672,0.2237266685697383,0.5798134806847861,7564
FusionVI,2030,ADT_XCR1_A0568,1.0622173616968145,0.92618648277782,4.754203054654037,0.0585650480033798,0.2867413938386672,7564
FusionVI,2030,ADT_anti-P2RY12_A0415,1.1049763657142626,0.9761638262029962,6.000233186356672,0.0344141989664149,0.052445467277553,7564
FusionVI,2030,ADT_integrinb7_A0214,0.8453601379230912,0.7236089431345779,34.61821267215239,0.6985371790039576,0.727979501684243,7564
