model,cell_type,protein,n_cells,spearman
RNA ridge,Activated CD4 T,ADT_CD102_A0104,38,0.3668128835876262
RNA ridge,Activated CD4 T,ADT_CD103_A0201,38,0.16235205909553138
RNA ridge,Activated CD4 T,ADT_CD106_A0226,38,0.035512118787045875
RNA ridge,Activated CD4 T,ADT_CD115(CSF-1R)_A0105,38,0.2986149065750591
RNA ridge,Activated CD4 T,ADT_CD117(c-Kit)_A0012,38,-0.04594088525056728
RNA ridge,Activated CD4 T,ADT_CD11a_A0595,38,0.21064726190089358
RNA ridge,Activated CD4 T,ADT_CD11c_A0106,38,0.24368518532280317
RNA ridge,Activated CD4 T,ADT_CD122(IL-2Rb)_A0227,38,-0.25902206972210756
RNA ridge,Activated CD4 T,ADT_CD127(IL-7Ra)_A0198,38,0.5995890152627137
RNA ridge,Activated CD4 T,ADT_CD134(OX-40)_A0195,38,0.3211877606884979
RNA ridge,Activated CD4 T,ADT_CD135_A0098,38,0.33653417337196834
RNA ridge,Activated CD4 T,ADT_CD137_A0194,38,0.15778116809391102
RNA ridge,Activated CD4 T,ADT_CD14_A0424,38,-0.24105005396594562
RNA ridge,Activated CD4 T,ADT_CD140a_A0573,38,-0.21450318610615957
RNA ridge,Activated CD4 T,ADT_CD15(SSEA-1)_A0076,38,0.043810748717341245
RNA ridge,Activated CD4 T,ADT_CD150(SLAM)_A0203,38,0.6690837620134858
RNA ridge,Activated CD4 T,ADT_CD16-32_A0109,38,-0.02950508597307706
RNA ridge,Activated CD4 T,ADT_CD169(Siglec-1)_A0440,38,-0.16795508753463484
RNA ridge,Activated CD4 T,ADT_CD172a(SIRPa)_A0422,38,-0.27884155171968944
RNA ridge,Activated CD4 T,ADT_CD183(CXCR3)_A0228,38,0.013965390608948228
RNA ridge,Activated CD4 T,ADT_CD184(CXCR4)_A0444,38,0.39696896703550855
RNA ridge,Activated CD4 T,ADT_CD19_A0093,38,0.05058901201287289
RNA ridge,Activated CD4 T,ADT_CD192(CCR2)_A0426,38,0.08536516962521988
RNA ridge,Activated CD4 T,ADT_CD195(CCR5)_A0376,38,0.12937231650576744
RNA ridge,Activated CD4 T,ADT_CD196(CCR6)_A0225,38,-0.12290475693095991
RNA ridge,Activated CD4 T,ADT_CD197(CCR7)_A0377,38,0.0906991994158489
RNA ridge,Activated CD4 T,ADT_CD20_A0192,38,0.16628463824131626
RNA ridge,Activated CD4 T,ADT_CD200(OX2)_A0079,38,0.32581756428047226
RNA ridge,Activated CD4 T,ADT_CD201(EPCR)_A0439,38,0.3080222585692558
RNA ridge,Activated CD4 T,ADT_CD204(Msr1)_A0448,38,0.08505018006018547
RNA ridge,Activated CD4 T,ADT_CD206(MMR)_A0173,38,0.2377484977059083
RNA ridge,Activated CD4 T,ADT_CD21-CD35(CR2-CR1)_A0107,38,0.19172493998440657
RNA ridge,Activated CD4 T,ADT_CD223(LAG-3)_A0378,38,0.08286306643743017
RNA ridge,Activated CD4 T,ADT_CD23_A0108,38,0.15434067678672372
RNA ridge,Activated CD4 T,ADT_CD24_A0212,38,0.28506126913587465
RNA ridge,Activated CD4 T,ADT_CD25_A0097,38,0.2162091175749343
RNA ridge,Activated CD4 T,ADT_CD274(B7-H1_PD-L1)_A0190,38,0.5273844520754961
RNA ridge,Activated CD4 T,ADT_CD278(ICOS)_A0171,38,0.3719887207620231
RNA ridge,Activated CD4 T,ADT_CD279(PD-1)_A0004,38,0.16016061418720431
RNA ridge,Activated CD4 T,ADT_CD28_A0204,38,-0.0492257889456578
RNA ridge,Activated CD4 T,ADT_CD29_A0570,38,0.41477944051490323
RNA ridge,Activated CD4 T,ADT_CD300LG(Nepmucin)_A0416,38,0.13578796342362265
RNA ridge,Activated CD4 T,ADT_CD301a(MGL1)_A0551,38,0.11738457675806538
RNA ridge,Activated CD4 T,ADT_CD301b(MGL2)_A0566,38,0.021727827448108257
RNA ridge,Activated CD4 T,ADT_CD304(Neuropilin-1)_A0552,38,0.23468612303934633
RNA ridge,Activated CD4 T,ADT_CD326(Ep-CAM)_A0449,38,0.22862598400354875
RNA ridge,Activated CD4 T,ADT_CD335(NKp46)_A0184,38,0.131129248355147
RNA ridge,Activated CD4 T,ADT_CD357(GITR)_A0193,38,0.4489265163657196
RNA ridge,Activated CD4 T,ADT_CD36_A0555,38,0.09532018027251725
RNA ridge,Activated CD4 T,ADT_CD366(Tim-3)_A0003,38,-0.15946239242779406
RNA ridge,Activated CD4 T,ADT_CD370(CLEC9A_DNGR1)_A0556,38,-0.00392788532079311
RNA ridge,Activated CD4 T,ADT_CD38_A0557,38,0.1730216355607874
RNA ridge,Activated CD4 T,ADT_CD4_A0001,38,-0.08360234186612088
RNA ridge,Activated CD4 T,ADT_CD41_A0443,38,0.15144664886426668
RNA ridge,Activated CD4 T,ADT_CD43_A0110,38,0.4825737272638653
RNA ridge,Activated CD4 T,ADT_CD45_A0096,38,0.14225529375125281
RNA ridge,Activated CD4 T,ADT_CD45.1_A0178,38,0.1751139931612927
RNA ridge,Activated CD4 T,ADT_CD45.2_A0157,38,-0.096919386186524
RNA ridge,Activated CD4 T,ADT_CD45R-B220_A0103,38,0.042980652427920804
RNA ridge,Activated CD4 T,ADT_CD48_A0429,38,0.19158289809747997
RNA ridge,Activated CD4 T,ADT_CD49d_A0078,38,0.17788058332531725
RNA ridge,Activated CD4 T,ADT_CD5_A0111,38,0.29884554402667035
RNA ridge,Activated CD4 T,ADT_CD54_A0074,38,0.3631687660305048
RNA ridge,Activated CD4 T,ADT_CD55(DAF)_A0558,38,0.3642834466174488
RNA ridge,Activated CD4 T,ADT_CD62L_A0112,38,0.2509439158299281
RNA ridge,Activated CD4 T,ADT_CD62P(P-selectin)_A0229,38,-0.020649010032284434
RNA ridge,Activated CD4 T,ADT_CD63_A0559,38,0.1521458964523582
RNA ridge,Activated CD4 T,ADT_CD64(FcrRI)_A0202,38,-0.048894236147280175
RNA ridge,Activated CD4 T,ADT_CD68_A0560,38,-0.07740777849283646
RNA ridge,Activated CD4 T,ADT_CD69_A0197,38,0.5848774007043003
RNA ridge,Activated CD4 T,ADT_CD71_A0441,38,0.44659054016525107
RNA ridge,Activated CD4 T,ADT_CD73_A0077,38,0.5908556818968022
RNA ridge,Activated CD4 T,ADT_CD79b(Igb)_A0561,38,0.04652677911285684
RNA ridge,Activated CD4 T,ADT_CD83_A0562,38,0.368455890647466
RNA ridge,Activated CD4 T,ADT_CD86_A0200,38,0.33904826066039473
RNA ridge,Activated CD4 T,ADT_CD8a_A0002,38,-0.22078615276057986
RNA ridge,Activated CD4 T,ADT_CD8b(Ly-3)_A0230,38,-0.35129278997157165
RNA ridge,Activated CD4 T,ADT_CD90.1(Thy-1.1)_A0380,38,0.18448759117845617
RNA ridge,Activated CD4 T,ADT_CD90.2_A0075,38,-0.11215669110405953
RNA ridge,Activated CD4 T,ADT_CD93(AA4.1_earlyBlineage)_A0113,38,0.4627872258625068
RNA ridge,Activated CD4 T,ADT_CX3CR1_A0563,38,0.20651355197000032
RNA ridge,Activated CD4 T,ADT_ESAM_A0596,38,-0.07157336353953478
RNA ridge,Activated CD4 T,ADT_F4-80_A0114,38,-0.17283366981062634
RNA ridge,Activated CD4 T,ADT_FceRIa_A0115,38,-0.26023548253743933
RNA ridge,Activated CD4 T,ADT_FolateReceptorb(FR-b)_A0564,38,-0.2230686740469014
RNA ridge,Activated CD4 T,ADT_H-2KbboundtoSIINFEKL_A0231,38,-0.04715570087102271
RNA ridge,Activated CD4 T,ADT_I-A-I-E_A0117,38,0.08472637864358304
RNA ridge,Activated CD4 T,ADT_IRF4_A0249,38,0.002445702251362243
RNA ridge,Activated CD4 T,ADT_IgD_A0571,38,-0.06364910316021351
RNA ridge,Activated CD4 T,ADT_IgM_A0450,38,-0.2776950295218212
RNA ridge,Activated CD4 T,ADT_Ly-6A-E(Sca-1)_A0130,38,0.3114807998445993
RNA ridge,Activated CD4 T,ADT_Ly-6C_A0013,38,0.06475362863038113
RNA ridge,Activated CD4 T,ADT_MAdCAM-1_A0232,38,-0.08299739088434394
RNA ridge,Activated CD4 T,ADT_MERTK(Mer)_A0565,38,-0.01637413341960306
RNA ridge,Activated CD4 T,ADT_NK-1.1_A0118,38,-0.04572841287293416
RNA ridge,Activated CD4 T,ADT_Notch1_A0442,38,0.3371042283538999
RNA ridge,Activated CD4 T,ADT_PanendothelialCellAntigen_A0381,38,-0.13207046492745442
RNA ridge,Activated CD4 T,ADT_SiglecH_A0119,38,-0.14090836840805138
RNA ridge,Activated CD4 T,ADT_TCRVb5.1_5.2_A0354,38,0.19946732583060298
RNA ridge,Activated CD4 T,ADT_TCRVb8.1_8.2_A0235,38,0.16663678375423185
RNA ridge,Activated CD4 T,ADT_TCRVr1.1-Cr4_A0209,38,-0.2358767136850874
RNA ridge,Activated CD4 T,ADT_TCRVr2_A0211,38,0.058365343495428705
RNA ridge,Activated CD4 T,ADT_TCRVr3_A0210,38,-0.22885620748791854
RNA ridge,Activated CD4 T,ADT_TCRbchain_A0120,38,0.27745544145735357
RNA ridge,Activated CD4 T,ADT_TCRr-d_A0121,38,-0.2317883256982638
RNA ridge,Activated CD4 T,ADT_TER-119-ErythroidCells_A0122,38,-0.14781669655071647
RNA ridge,Activated CD4 T,ADT_Tim-4_A0567,38,0.0876672310939283
RNA ridge,Activated CD4 T,ADT_XCR1_A0568,38,0.0688957509590953
RNA ridge,Activated CD4 T,ADT_anti-P2RY12_A0415,38,0.4285099692808535
RNA ridge,Activated CD4 T,ADT_integrinb7_A0214,38,0.13917060870355064
RNA ridge,B doublets,ADT_CD102_A0104,77,0.40536152983745316
RNA ridge,B doublets,ADT_CD103_A0201,77,-0.1221473164440748
RNA ridge,B doublets,ADT_CD106_A0226,77,0.08004901718679186
RNA ridge,B doublets,ADT_CD115(CSF-1R)_A0105,77,0.28028658634512255
RNA ridge,B doublets,ADT_CD117(c-Kit)_A0012,77,-0.13163125450147947
RNA ridge,B doublets,ADT_CD11a_A0595,77,0.5728433045985518
RNA ridge,B doublets,ADT_CD11c_A0106,77,0.04284957357821417
RNA ridge,B doublets,ADT_CD122(IL-2Rb)_A0227,77,-0.13976047009159118
RNA ridge,B doublets,ADT_CD127(IL-7Ra)_A0198,77,0.12118348173049881
RNA ridge,B doublets,ADT_CD134(OX-40)_A0195,77,0.15307839808941537
RNA ridge,B doublets,ADT_CD135_A0098,77,0.06526936964309374
RNA ridge,B doublets,ADT_CD137_A0194,77,0.09323867744979178
RNA ridge,B doublets,ADT_CD14_A0424,77,0.263023229733118
RNA ridge,B doublets,ADT_CD140a_A0573,77,-0.019195728815675644
RNA ridge,B doublets,ADT_CD15(SSEA-1)_A0076,77,-0.005442949122522668
RNA ridge,B doublets,ADT_CD150(SLAM)_A0203,77,0.4572101452479799
RNA ridge,B doublets,ADT_CD16-32_A0109,77,-0.023908409318761974
RNA ridge,B doublets,ADT_CD169(Siglec-1)_A0440,77,0.08599885475060282
RNA ridge,B doublets,ADT_CD172a(SIRPa)_A0422,77,0.1272981967824116
RNA ridge,B doublets,ADT_CD183(CXCR3)_A0228,77,-0.2047012445985746
RNA ridge,B doublets,ADT_CD184(CXCR4)_A0444,77,0.10359843531258073
RNA ridge,B doublets,ADT_CD19_A0093,77,0.3085457392011834
RNA ridge,B doublets,ADT_CD192(CCR2)_A0426,77,0.24320634289514415
RNA ridge,B doublets,ADT_CD195(CCR5)_A0376,77,0.00551561811039015
RNA ridge,B doublets,ADT_CD196(CCR6)_A0225,77,0.07414661077877555
RNA ridge,B doublets,ADT_CD197(CCR7)_A0377,77,0.06545811862386564
RNA ridge,B doublets,ADT_CD20_A0192,77,0.3264620797003488
RNA ridge,B doublets,ADT_CD200(OX2)_A0079,77,0.4738106190899131
RNA ridge,B doublets,ADT_CD201(EPCR)_A0439,77,0.1736450478963479
RNA ridge,B doublets,ADT_CD204(Msr1)_A0448,77,-0.07057943733570604
RNA ridge,B doublets,ADT_CD206(MMR)_A0173,77,-0.19144397576467134
RNA ridge,B doublets,ADT_CD21-CD35(CR2-CR1)_A0107,77,0.6144077071270664
RNA ridge,B doublets,ADT_CD223(LAG-3)_A0378,77,0.11017389029940516
RNA ridge,B doublets,ADT_CD23_A0108,77,0.5353001589452397
RNA ridge,B doublets,ADT_CD24_A0212,77,0.6314267336676885
RNA ridge,B doublets,ADT_CD25_A0097,77,-0.1962652885076594
RNA ridge,B doublets,ADT_CD274(B7-H1_PD-L1)_A0190,77,0.5592197199224547
RNA ridge,B doublets,ADT_CD278(ICOS)_A0171,77,0.0590144616813731
RNA ridge,B doublets,ADT_CD279(PD-1)_A0004,77,0.11748015657470934
RNA ridge,B doublets,ADT_CD28_A0204,77,-0.24457044375874812
RNA ridge,B doublets,ADT_CD29_A0570,77,0.2873326144566144
RNA ridge,B doublets,ADT_CD300LG(Nepmucin)_A0416,77,0.012554879327719723
RNA ridge,B doublets,ADT_CD301a(MGL1)_A0551,77,0.0288678585569742
RNA ridge,B doublets,ADT_CD301b(MGL2)_A0566,77,-0.045671056081801074
RNA ridge,B doublets,ADT_CD304(Neuropilin-1)_A0552,77,0.054346394096975933
RNA ridge,B doublets,ADT_CD326(Ep-CAM)_A0449,77,0.16463165245617148
RNA ridge,B doublets,ADT_CD335(NKp46)_A0184,77,0.14334500097360472
RNA ridge,B doublets,ADT_CD357(GITR)_A0193,77,0.16598397534415996
RNA ridge,B doublets,ADT_CD36_A0555,77,0.16089712123912303
RNA ridge,B doublets,ADT_CD366(Tim-3)_A0003,77,0.07888067759184923
RNA ridge,B doublets,ADT_CD370(CLEC9A_DNGR1)_A0556,77,0.014124058862656408
RNA ridge,B doublets,ADT_CD38_A0557,77,0.42667665708674984
RNA ridge,B doublets,ADT_CD4_A0001,77,0.1338332796297879
RNA ridge,B doublets,ADT_CD41_A0443,77,0.11991889541766042
RNA ridge,B doublets,ADT_CD43_A0110,77,0.1440916791619185
RNA ridge,B doublets,ADT_CD45_A0096,77,0.442811510341303
RNA ridge,B doublets,ADT_CD45.1_A0178,77,0.056652871147953
RNA ridge,B doublets,ADT_CD45.2_A0157,77,0.506750763925844
RNA ridge,B doublets,ADT_CD45R-B220_A0103,77,0.3729976688748711
RNA ridge,B doublets,ADT_CD48_A0429,77,0.43352553329789284
RNA ridge,B doublets,ADT_CD49d_A0078,77,0.4174053546133012
RNA ridge,B doublets,ADT_CD5_A0111,77,0.013677009838399645
RNA ridge,B doublets,ADT_CD54_A0074,77,0.39714114629337804
RNA ridge,B doublets,ADT_CD55(DAF)_A0558,77,0.46458830581270055
RNA ridge,B doublets,ADT_CD62L_A0112,77,0.5874682053727206
RNA ridge,B doublets,ADT_CD62P(P-selectin)_A0229,77,0.12551024234752403
RNA ridge,B doublets,ADT_CD63_A0559,77,0.2964392041548473
RNA ridge,B doublets,ADT_CD64(FcrRI)_A0202,77,-0.11515568903407261
RNA ridge,B doublets,ADT_CD68_A0560,77,-0.10758931852944624
RNA ridge,B doublets,ADT_CD69_A0197,77,-0.046946209936474505
RNA ridge,B doublets,ADT_CD71_A0441,77,0.5875916282583741
RNA ridge,B doublets,ADT_CD73_A0077,77,0.057343045175771816
RNA ridge,B doublets,ADT_CD79b(Igb)_A0561,77,0.46096394125398615
RNA ridge,B doublets,ADT_CD83_A0562,77,0.00793219035840382
RNA ridge,B doublets,ADT_CD86_A0200,77,0.4037517850701932
RNA ridge,B doublets,ADT_CD8a_A0002,77,0.06283012356802355
RNA ridge,B doublets,ADT_CD8b(Ly-3)_A0230,77,-0.15222221485027904
RNA ridge,B doublets,ADT_CD90.1(Thy-1.1)_A0380,77,-0.07194385584011516
RNA ridge,B doublets,ADT_CD90.2_A0075,77,-0.14614689493428376
RNA ridge,B doublets,ADT_CD93(AA4.1_earlyBlineage)_A0113,77,0.1598680891539623
RNA ridge,B doublets,ADT_CX3CR1_A0563,77,-0.2883036921003857
RNA ridge,B doublets,ADT_ESAM_A0596,77,0.2409680989785437
RNA ridge,B doublets,ADT_F4-80_A0114,77,0.17557595646975052
RNA ridge,B doublets,ADT_FceRIa_A0115,77,-0.13960858859910752
RNA ridge,B doublets,ADT_FolateReceptorb(FR-b)_A0564,77,-0.0012625345347588657
RNA ridge,B doublets,ADT_H-2KbboundtoSIINFEKL_A0231,77,0.04016533444187764
RNA ridge,B doublets,ADT_I-A-I-E_A0117,77,0.4865557654109128
RNA ridge,B doublets,ADT_IRF4_A0249,77,0.04415078828229895
RNA ridge,B doublets,ADT_IgD_A0571,77,0.5002004587655932
RNA ridge,B doublets,ADT_IgM_A0450,77,0.34168937105338154
RNA ridge,B doublets,ADT_Ly-6A-E(Sca-1)_A0130,77,0.549242365785935
RNA ridge,B doublets,ADT_Ly-6C_A0013,77,-0.1423974917217166
RNA ridge,B doublets,ADT_MAdCAM-1_A0232,77,-0.1685044669064876
RNA ridge,B doublets,ADT_MERTK(Mer)_A0565,77,0.022291620716983665
RNA ridge,B doublets,ADT_NK-1.1_A0118,77,-0.03861572424554068
RNA ridge,B doublets,ADT_Notch1_A0442,77,-0.10704414601756729
RNA ridge,B doublets,ADT_PanendothelialCellAntigen_A0381,77,-0.10739403525696575
RNA ridge,B doublets,ADT_SiglecH_A0119,77,-0.06562440422172366
RNA ridge,B doublets,ADT_TCRVb5.1_5.2_A0354,77,0.0013597813420172617
RNA ridge,B doublets,ADT_TCRVb8.1_8.2_A0235,77,0.17220964207139502
RNA ridge,B doublets,ADT_TCRVr1.1-Cr4_A0209,77,0.015881140714624757
RNA ridge,B doublets,ADT_TCRVr2_A0211,77,-0.0018413466719218266
RNA ridge,B doublets,ADT_TCRVr3_A0210,77,0.09967218771968363
RNA ridge,B doublets,ADT_TCRbchain_A0120,77,0.16888238097954292
RNA ridge,B doublets,ADT_TCRr-d_A0121,77,0.21468048756609917
RNA ridge,B doublets,ADT_TER-119-ErythroidCells_A0122,77,-0.04791596117894228
RNA ridge,B doublets,ADT_Tim-4_A0567,77,0.25171535375283133
RNA ridge,B doublets,ADT_XCR1_A0568,77,0.07435427771948915
RNA ridge,B doublets,ADT_anti-P2RY12_A0415,77,0.05217205194674434
RNA ridge,B doublets,ADT_integrinb7_A0214,77,0.35769903418736587
RNA ridge,B-CD4 T cell doublets,ADT_CD102_A0104,62,0.46516436682221163
RNA ridge,B-CD4 T cell doublets,ADT_CD103_A0201,62,0.16019244198512064
RNA ridge,B-CD4 T cell doublets,ADT_CD106_A0226,62,0.16342168307906085
RNA ridge,B-CD4 T cell doublets,ADT_CD115(CSF-1R)_A0105,62,0.0034106451214994246
RNA ridge,B-CD4 T cell doublets,ADT_CD117(c-Kit)_A0012,62,0.21154085083382815
RNA ridge,B-CD4 T cell doublets,ADT_CD11a_A0595,62,0.551283832466543
RNA ridge,B-CD4 T cell doublets,ADT_CD11c_A0106,62,0.056671277522538664
RNA ridge,B-CD4 T cell doublets,ADT_CD122(IL-2Rb)_A0227,62,-0.016746450930023304
RNA ridge,B-CD4 T cell doublets,ADT_CD127(IL-7Ra)_A0198,62,0.368669016983957
RNA ridge,B-CD4 T cell doublets,ADT_CD134(OX-40)_A0195,62,0.4678868577518891
RNA ridge,B-CD4 T cell doublets,ADT_CD135_A0098,62,0.06545795695811268
RNA ridge,B-CD4 T cell doublets,ADT_CD137_A0194,62,0.06938947452936163
RNA ridge,B-CD4 T cell doublets,ADT_CD14_A0424,62,0.11818224079652773
RNA ridge,B-CD4 T cell doublets,ADT_CD140a_A0573,62,0.2873998780449019
RNA ridge,B-CD4 T cell doublets,ADT_CD15(SSEA-1)_A0076,62,0.04961365623768737
RNA ridge,B-CD4 T cell doublets,ADT_CD150(SLAM)_A0203,62,0.41110527493144833
RNA ridge,B-CD4 T cell doublets,ADT_CD16-32_A0109,62,-0.08044715358647629
RNA ridge,B-CD4 T cell doublets,ADT_CD169(Siglec-1)_A0440,62,-0.10898022407125359
RNA ridge,B-CD4 T cell doublets,ADT_CD172a(SIRPa)_A0422,62,0.21054067654015976
RNA ridge,B-CD4 T cell doublets,ADT_CD183(CXCR3)_A0228,62,0.2616477461471222
RNA ridge,B-CD4 T cell doublets,ADT_CD184(CXCR4)_A0444,62,0.5224842724290808
RNA ridge,B-CD4 T cell doublets,ADT_CD19_A0093,62,0.38612352980068515
RNA ridge,B-CD4 T cell doublets,ADT_CD192(CCR2)_A0426,62,-0.08856478188219015
RNA ridge,B-CD4 T cell doublets,ADT_CD195(CCR5)_A0376,62,0.038373235311935476
RNA ridge,B-CD4 T cell doublets,ADT_CD196(CCR6)_A0225,62,0.13120778445127493
RNA ridge,B-CD4 T cell doublets,ADT_CD197(CCR7)_A0377,62,0.09278044646738327
RNA ridge,B-CD4 T cell doublets,ADT_CD20_A0192,62,0.26765544237505096
RNA ridge,B-CD4 T cell doublets,ADT_CD200(OX2)_A0079,62,0.3530716147273384
RNA ridge,B-CD4 T cell doublets,ADT_CD201(EPCR)_A0439,62,-0.16152845691222104
RNA ridge,B-CD4 T cell doublets,ADT_CD204(Msr1)_A0448,62,-0.13483868335264484
RNA ridge,B-CD4 T cell doublets,ADT_CD206(MMR)_A0173,62,0.07625603367600056
RNA ridge,B-CD4 T cell doublets,ADT_CD21-CD35(CR2-CR1)_A0107,62,0.5298510332784108
RNA ridge,B-CD4 T cell doublets,ADT_CD223(LAG-3)_A0378,62,-0.012516542035697235
RNA ridge,B-CD4 T cell doublets,ADT_CD23_A0108,62,0.4209731054941022
RNA ridge,B-CD4 T cell doublets,ADT_CD24_A0212,62,0.5268486884218357
RNA ridge,B-CD4 T cell doublets,ADT_CD25_A0097,62,0.44307914918762775
RNA ridge,B-CD4 T cell doublets,ADT_CD274(B7-H1_PD-L1)_A0190,62,0.5436451244239516
RNA ridge,B-CD4 T cell doublets,ADT_CD278(ICOS)_A0171,62,0.40421593048561144
RNA ridge,B-CD4 T cell doublets,ADT_CD279(PD-1)_A0004,62,0.3103435768605667
RNA ridge,B-CD4 T cell doublets,ADT_CD28_A0204,62,0.02562930655621664
RNA ridge,B-CD4 T cell doublets,ADT_CD29_A0570,62,0.3701380985063323
RNA ridge,B-CD4 T cell doublets,ADT_CD300LG(Nepmucin)_A0416,62,0.037366565072993345
RNA ridge,B-CD4 T cell doublets,ADT_CD301a(MGL1)_A0551,62,-0.10728781140443054
RNA ridge,B-CD4 T cell doublets,ADT_CD301b(MGL2)_A0566,62,-0.07229563247016102
RNA ridge,B-CD4 T cell doublets,ADT_CD304(Neuropilin-1)_A0552,62,0.5092587541552164
RNA ridge,B-CD4 T cell doublets,ADT_CD326(Ep-CAM)_A0449,62,0.07269976555873225
RNA ridge,B-CD4 T cell doublets,ADT_CD335(NKp46)_A0184,62,0.021237395851142045
RNA ridge,B-CD4 T cell doublets,ADT_CD357(GITR)_A0193,62,0.6022113856002758
RNA ridge,B-CD4 T cell doublets,ADT_CD36_A0555,62,0.03960205532354804
RNA ridge,B-CD4 T cell doublets,ADT_CD366(Tim-3)_A0003,62,-0.15317517999770167
RNA ridge,B-CD4 T cell doublets,ADT_CD370(CLEC9A_DNGR1)_A0556,62,-0.0675071411572048
RNA ridge,B-CD4 T cell doublets,ADT_CD38_A0557,62,0.5052570618321766
RNA ridge,B-CD4 T cell doublets,ADT_CD4_A0001,62,0.15602176117256378
RNA ridge,B-CD4 T cell doublets,ADT_CD41_A0443,62,0.11472106625158507
RNA ridge,B-CD4 T cell doublets,ADT_CD43_A0110,62,0.42149665772243133
RNA ridge,B-CD4 T cell doublets,ADT_CD45_A0096,62,0.35770945078189925
RNA ridge,B-CD4 T cell doublets,ADT_CD45.1_A0178,62,0.2486240119679549
RNA ridge,B-CD4 T cell doublets,ADT_CD45.2_A0157,62,0.4509244553562469
RNA ridge,B-CD4 T cell doublets,ADT_CD45R-B220_A0103,62,0.34993829980870134
RNA ridge,B-CD4 T cell doublets,ADT_CD48_A0429,62,0.5222858521149396
RNA ridge,B-CD4 T cell doublets,ADT_CD49d_A0078,62,0.047313586085828745
RNA ridge,B-CD4 T cell doublets,ADT_CD5_A0111,62,0.2161869507189444
RNA ridge,B-CD4 T cell doublets,ADT_CD54_A0074,62,0.5332779873549361
RNA ridge,B-CD4 T cell doublets,ADT_CD55(DAF)_A0558,62,0.4466102561351145
RNA ridge,B-CD4 T cell doublets,ADT_CD62L_A0112,62,0.4465598884508769
RNA ridge,B-CD4 T cell doublets,ADT_CD62P(P-selectin)_A0229,62,0.09479255670646337
RNA ridge,B-CD4 T cell doublets,ADT_CD63_A0559,62,0.1057588104847156
RNA ridge,B-CD4 T cell doublets,ADT_CD64(FcrRI)_A0202,62,-0.14675903071196958
RNA ridge,B-CD4 T cell doublets,ADT_CD68_A0560,62,0.051233056837394965
RNA ridge,B-CD4 T cell doublets,ADT_CD69_A0197,62,0.39562393527785833
RNA ridge,B-CD4 T cell doublets,ADT_CD71_A0441,62,0.5052395147158717
RNA ridge,B-CD4 T cell doublets,ADT_CD73_A0077,62,0.6733484496183334
RNA ridge,B-CD4 T cell doublets,ADT_CD79b(Igb)_A0561,62,0.06781841625914296
RNA ridge,B-CD4 T cell doublets,ADT_CD83_A0562,62,0.08272148721798608
RNA ridge,B-CD4 T cell doublets,ADT_CD86_A0200,62,0.2830077310161237
RNA ridge,B-CD4 T cell doublets,ADT_CD8a_A0002,62,0.12106488720678726
RNA ridge,B-CD4 T cell doublets,ADT_CD8b(Ly-3)_A0230,62,0.36890965805828335
RNA ridge,B-CD4 T cell doublets,ADT_CD90.1(Thy-1.1)_A0380,62,0.1287211838797011
RNA ridge,B-CD4 T cell doublets,ADT_CD90.2_A0075,62,0.26586582124835934
RNA ridge,B-CD4 T cell doublets,ADT_CD93(AA4.1_earlyBlineage)_A0113,62,0.12364301020488334
RNA ridge,B-CD4 T cell doublets,ADT_CX3CR1_A0563,62,0.17534558071066086
RNA ridge,B-CD4 T cell doublets,ADT_ESAM_A0596,62,0.309502230004969
RNA ridge,B-CD4 T cell doublets,ADT_F4-80_A0114,62,0.05357185306979702
RNA ridge,B-CD4 T cell doublets,ADT_FceRIa_A0115,62,0.12222247822008979
RNA ridge,B-CD4 T cell doublets,ADT_FolateReceptorb(FR-b)_A0564,62,0.03711835315290652
RNA ridge,B-CD4 T cell doublets,ADT_H-2KbboundtoSIINFEKL_A0231,62,-0.11170797029102228
RNA ridge,B-CD4 T cell doublets,ADT_I-A-I-E_A0117,62,0.446154039898878
RNA ridge,B-CD4 T cell doublets,ADT_IRF4_A0249,62,0.013782537171019705
RNA ridge,B-CD4 T cell doublets,ADT_IgD_A0571,62,0.35275305022879055
RNA ridge,B-CD4 T cell doublets,ADT_IgM_A0450,62,0.03723174270609439
RNA ridge,B-CD4 T cell doublets,ADT_Ly-6A-E(Sca-1)_A0130,62,0.4896751449550652
RNA ridge,B-CD4 T cell doublets,ADT_Ly-6C_A0013,62,0.24772427074793268
RNA ridge,B-CD4 T cell doublets,ADT_MAdCAM-1_A0232,62,-0.02404197731724836
RNA ridge,B-CD4 T cell doublets,ADT_MERTK(Mer)_A0565,62,-0.06158451340388542
RNA ridge,B-CD4 T cell doublets,ADT_NK-1.1_A0118,62,-0.08826794513177155
RNA ridge,B-CD4 T cell doublets,ADT_Notch1_A0442,62,0.2426023421348992
RNA ridge,B-CD4 T cell doublets,ADT_PanendothelialCellAntigen_A0381,62,0.06816161453342459
RNA ridge,B-CD4 T cell doublets,ADT_SiglecH_A0119,62,-0.07841086647501706
RNA ridge,B-CD4 T cell doublets,ADT_TCRVb5.1_5.2_A0354,62,-0.07593785617060919
RNA ridge,B-CD4 T cell doublets,ADT_TCRVb8.1_8.2_A0235,62,0.07232917463257506
RNA ridge,B-CD4 T cell doublets,ADT_TCRVr1.1-Cr4_A0209,62,0.18499787672683443
RNA ridge,B-CD4 T cell doublets,ADT_TCRVr2_A0211,62,-0.11529712262964126
RNA ridge,B-CD4 T cell doublets,ADT_TCRVr3_A0210,62,0.13829429066675983
RNA ridge,B-CD4 T cell doublets,ADT_TCRbchain_A0120,62,0.25425373365667425
RNA ridge,B-CD4 T cell doublets,ADT_TCRr-d_A0121,62,0.14033555597501243
RNA ridge,B-CD4 T cell doublets,ADT_TER-119-ErythroidCells_A0122,62,0.18096313095078964
RNA ridge,B-CD4 T cell doublets,ADT_Tim-4_A0567,62,0.11610407375792754
RNA ridge,B-CD4 T cell doublets,ADT_XCR1_A0568,62,-0.03943844361757184
RNA ridge,B-CD4 T cell doublets,ADT_anti-P2RY12_A0415,62,0.12285625483801348
RNA ridge,B-CD4 T cell doublets,ADT_integrinb7_A0214,62,0.18499906605359331
RNA ridge,B-CD8 T cell doublets,ADT_CD102_A0104,50,0.5232639684062755
RNA ridge,B-CD8 T cell doublets,ADT_CD103_A0201,50,0.4017293403505279
RNA ridge,B-CD8 T cell doublets,ADT_CD106_A0226,50,0.09417476158068308
RNA ridge,B-CD8 T cell doublets,ADT_CD115(CSF-1R)_A0105,50,-0.0332352210818074
RNA ridge,B-CD8 T cell doublets,ADT_CD117(c-Kit)_A0012,50,-0.2200899347084166
RNA ridge,B-CD8 T cell doublets,ADT_CD11a_A0595,50,0.6028765592993831
RNA ridge,B-CD8 T cell doublets,ADT_CD11c_A0106,50,0.012082076514421046
RNA ridge,B-CD8 T cell doublets,ADT_CD122(IL-2Rb)_A0227,50,0.2360397202081315
RNA ridge,B-CD8 T cell doublets,ADT_CD127(IL-7Ra)_A0198,50,0.3819272523074206
RNA ridge,B-CD8 T cell doublets,ADT_CD134(OX-40)_A0195,50,0.20928426401276587
RNA ridge,B-CD8 T cell doublets,ADT_CD135_A0098,50,-0.04860654155859048
RNA ridge,B-CD8 T cell doublets,ADT_CD137_A0194,50,0.1908618444982648
RNA ridge,B-CD8 T cell doublets,ADT_CD14_A0424,50,-0.010023641840961058
RNA ridge,B-CD8 T cell doublets,ADT_CD140a_A0573,50,0.11024123893864222
RNA ridge,B-CD8 T cell doublets,ADT_CD15(SSEA-1)_A0076,50,-0.20594242766392698
RNA ridge,B-CD8 T cell doublets,ADT_CD150(SLAM)_A0203,50,0.5234709946131423
RNA ridge,B-CD8 T cell doublets,ADT_CD16-32_A0109,50,-0.021341978849078107
RNA ridge,B-CD8 T cell doublets,ADT_CD169(Siglec-1)_A0440,50,0.10814136211593141
RNA ridge,B-CD8 T cell doublets,ADT_CD172a(SIRPa)_A0422,50,0.15292373120166505
RNA ridge,B-CD8 T cell doublets,ADT_CD183(CXCR3)_A0228,50,0.596300735365644
RNA ridge,B-CD8 T cell doublets,ADT_CD184(CXCR4)_A0444,50,0.35799708056023105
RNA ridge,B-CD8 T cell doublets,ADT_CD19_A0093,50,0.34122563028262676
RNA ridge,B-CD8 T cell doublets,ADT_CD192(CCR2)_A0426,50,0.04596354722229789
RNA ridge,B-CD8 T cell doublets,ADT_CD195(CCR5)_A0376,50,-0.19017468097640525
RNA ridge,B-CD8 T cell doublets,ADT_CD196(CCR6)_A0225,50,0.16481962380144602
RNA ridge,B-CD8 T cell doublets,ADT_CD197(CCR7)_A0377,50,0.06028285681816466
RNA ridge,B-CD8 T cell doublets,ADT_CD20_A0192,50,0.15967894982644112
RNA ridge,B-CD8 T cell doublets,ADT_CD200(OX2)_A0079,50,0.5660300656882299
RNA ridge,B-CD8 T cell doublets,ADT_CD201(EPCR)_A0439,50,0.09279492234752537
RNA ridge,B-CD8 T cell doublets,ADT_CD204(Msr1)_A0448,50,0.08592317481833266
RNA ridge,B-CD8 T cell doublets,ADT_CD206(MMR)_A0173,50,-0.06418304605354101
RNA ridge,B-CD8 T cell doublets,ADT_CD21-CD35(CR2-CR1)_A0107,50,0.5912442202407151
RNA ridge,B-CD8 T cell doublets,ADT_CD223(LAG-3)_A0378,50,0.043594747297285096
RNA ridge,B-CD8 T cell doublets,ADT_CD23_A0108,50,0.5665570123443927
RNA ridge,B-CD8 T cell doublets,ADT_CD24_A0212,50,0.49885935915990703
RNA ridge,B-CD8 T cell doublets,ADT_CD25_A0097,50,-0.19802065151534795
RNA ridge,B-CD8 T cell doublets,ADT_CD274(B7-H1_PD-L1)_A0190,50,0.237524051063358
RNA ridge,B-CD8 T cell doublets,ADT_CD278(ICOS)_A0171,50,0.5710169887393199
RNA ridge,B-CD8 T cell doublets,ADT_CD279(PD-1)_A0004,50,0.17278648912442754
RNA ridge,B-CD8 T cell doublets,ADT_CD28_A0204,50,0.3347848297578325
RNA ridge,B-CD8 T cell doublets,ADT_CD29_A0570,50,0.5051302739006004
RNA ridge,B-CD8 T cell doublets,ADT_CD300LG(Nepmucin)_A0416,50,0.14429162888510658
RNA ridge,B-CD8 T cell doublets,ADT_CD301a(MGL1)_A0551,50,-0.05316663819268146
RNA ridge,B-CD8 T cell doublets,ADT_CD301b(MGL2)_A0566,50,0.14098314623015035
RNA ridge,B-CD8 T cell doublets,ADT_CD304(Neuropilin-1)_A0552,50,0.30720848022542
RNA ridge,B-CD8 T cell doublets,ADT_CD326(Ep-CAM)_A0449,50,-0.17256164289721626
RNA ridge,B-CD8 T cell doublets,ADT_CD335(NKp46)_A0184,50,0.1726652190538336
RNA ridge,B-CD8 T cell doublets,ADT_CD357(GITR)_A0193,50,0.4867630465195993
RNA ridge,B-CD8 T cell doublets,ADT_CD36_A0555,50,0.31842934478625323
RNA ridge,B-CD8 T cell doublets,ADT_CD366(Tim-3)_A0003,50,0.05107152921024831
RNA ridge,B-CD8 T cell doublets,ADT_CD370(CLEC9A_DNGR1)_A0556,50,-0.07382313555143886
RNA ridge,B-CD8 T cell doublets,ADT_CD38_A0557,50,0.06093783766072569
RNA ridge,B-CD8 T cell doublets,ADT_CD4_A0001,50,-0.06176834935049856
RNA ridge,B-CD8 T cell doublets,ADT_CD41_A0443,50,0.011075391322959994
RNA ridge,B-CD8 T cell doublets,ADT_CD43_A0110,50,0.5298595307729754
RNA ridge,B-CD8 T cell doublets,ADT_CD45_A0096,50,0.4385910160969625
RNA ridge,B-CD8 T cell doublets,ADT_CD45.1_A0178,50,0.04307247361542213
RNA ridge,B-CD8 T cell doublets,ADT_CD45.2_A0157,50,0.12098058942540739
RNA ridge,B-CD8 T cell doublets,ADT_CD45R-B220_A0103,50,0.41316202993601464
RNA ridge,B-CD8 T cell doublets,ADT_CD48_A0429,50,0.29099819110701974
RNA ridge,B-CD8 T cell doublets,ADT_CD49d_A0078,50,0.16285914711015412
RNA ridge,B-CD8 T cell doublets,ADT_CD5_A0111,50,0.6478907058459503
RNA ridge,B-CD8 T cell doublets,ADT_CD54_A0074,50,0.43883345097699145
RNA ridge,B-CD8 T cell doublets,ADT_CD55(DAF)_A0558,50,0.34125726517682153
RNA ridge,B-CD8 T cell doublets,ADT_CD62L_A0112,50,0.5772185945956327
RNA ridge,B-CD8 T cell doublets,ADT_CD62P(P-selectin)_A0229,50,0.15265586047396054
RNA ridge,B-CD8 T cell doublets,ADT_CD63_A0559,50,-0.1722775433846023
RNA ridge,B-CD8 T cell doublets,ADT_CD64(FcrRI)_A0202,50,-0.02091836926316936
RNA ridge,B-CD8 T cell doublets,ADT_CD68_A0560,50,0.1518094733994492
RNA ridge,B-CD8 T cell doublets,ADT_CD69_A0197,50,0.04549434147759328
RNA ridge,B-CD8 T cell doublets,ADT_CD71_A0441,50,0.3712836356846136
RNA ridge,B-CD8 T cell doublets,ADT_CD73_A0077,50,0.5550725136800214
RNA ridge,B-CD8 T cell doublets,ADT_CD79b(Igb)_A0561,50,0.3307151265615866
RNA ridge,B-CD8 T cell doublets,ADT_CD83_A0562,50,0.03844583666930967
RNA ridge,B-CD8 T cell doublets,ADT_CD86_A0200,50,0.3059445376889288
RNA ridge,B-CD8 T cell doublets,ADT_CD8a_A0002,50,0.07113181886080414
RNA ridge,B-CD8 T cell doublets,ADT_CD8b(Ly-3)_A0230,50,0.08653476767565142
RNA ridge,B-CD8 T cell doublets,ADT_CD90.1(Thy-1.1)_A0380,50,-0.03234607533022775
RNA ridge,B-CD8 T cell doublets,ADT_CD90.2_A0075,50,0.02775576845382147
RNA ridge,B-CD8 T cell doublets,ADT_CD93(AA4.1_earlyBlineage)_A0113,50,0.17336013908650594
RNA ridge,B-CD8 T cell doublets,ADT_CX3CR1_A0563,50,0.2636135929462849
RNA ridge,B-CD8 T cell doublets,ADT_ESAM_A0596,50,-0.18730271639640397
RNA ridge,B-CD8 T cell doublets,ADT_F4-80_A0114,50,-0.0011808714812707422
RNA ridge,B-CD8 T cell doublets,ADT_FceRIa_A0115,50,0.11472196296685706
RNA ridge,B-CD8 T cell doublets,ADT_FolateReceptorb(FR-b)_A0564,50,-0.09393532164885882
RNA ridge,B-CD8 T cell doublets,ADT_H-2KbboundtoSIINFEKL_A0231,50,-0.06310456189084455
RNA ridge,B-CD8 T cell doublets,ADT_I-A-I-E_A0117,50,0.5714079914387217
RNA ridge,B-CD8 T cell doublets,ADT_IRF4_A0249,50,-0.1858420501764003
RNA ridge,B-CD8 T cell doublets,ADT_IgD_A0571,50,0.4944894002792536
RNA ridge,B-CD8 T cell doublets,ADT_IgM_A0450,50,0.5951402133729008
RNA ridge,B-CD8 T cell doublets,ADT_Ly-6A-E(Sca-1)_A0130,50,0.3088044702911167
RNA ridge,B-CD8 T cell doublets,ADT_Ly-6C_A0013,50,0.46942341599221177
RNA ridge,B-CD8 T cell doublets,ADT_MAdCAM-1_A0232,50,-0.08079655661839444
RNA ridge,B-CD8 T cell doublets,ADT_MERTK(Mer)_A0565,50,-0.20441357808607466
RNA ridge,B-CD8 T cell doublets,ADT_NK-1.1_A0118,50,-0.11305151822060938
RNA ridge,B-CD8 T cell doublets,ADT_Notch1_A0442,50,0.16931630508297812
RNA ridge,B-CD8 T cell doublets,ADT_PanendothelialCellAntigen_A0381,50,-0.016345853561055754
RNA ridge,B-CD8 T cell doublets,ADT_SiglecH_A0119,50,0.04527085551053635
RNA ridge,B-CD8 T cell doublets,ADT_TCRVb5.1_5.2_A0354,50,-0.12203907978833055
RNA ridge,B-CD8 T cell doublets,ADT_TCRVb8.1_8.2_A0235,50,0.09252554580478692
RNA ridge,B-CD8 T cell doublets,ADT_TCRVr1.1-Cr4_A0209,50,0.11353424846911866
RNA ridge,B-CD8 T cell doublets,ADT_TCRVr2_A0211,50,0.0549212327237575
RNA ridge,B-CD8 T cell doublets,ADT_TCRVr3_A0210,50,0.15670116980334403
RNA ridge,B-CD8 T cell doublets,ADT_TCRbchain_A0120,50,-0.020513068788941834
RNA ridge,B-CD8 T cell doublets,ADT_TCRr-d_A0121,50,-0.09565971307273871
RNA ridge,B-CD8 T cell doublets,ADT_TER-119-ErythroidCells_A0122,50,-0.14284195423622073
RNA ridge,B-CD8 T cell doublets,ADT_Tim-4_A0567,50,0.14318728238168682
RNA ridge,B-CD8 T cell doublets,ADT_XCR1_A0568,50,0.11382559148722625
RNA ridge,B-CD8 T cell doublets,ADT_anti-P2RY12_A0415,50,0.04561681803745392
RNA ridge,B-CD8 T cell doublets,ADT_integrinb7_A0214,50,0.343027312831778
RNA ridge,B-macrophage doublets,ADT_CD102_A0104,74,0.4685461252669038
RNA ridge,B-macrophage doublets,ADT_CD103_A0201,74,0.09333026502082956
RNA ridge,B-macrophage doublets,ADT_CD106_A0226,74,0.7072912544857999
RNA ridge,B-macrophage doublets,ADT_CD115(CSF-1R)_A0105,74,0.27399654740603585
RNA ridge,B-macrophage doublets,ADT_CD117(c-Kit)_A0012,74,0.14258790890094702
RNA ridge,B-macrophage doublets,ADT_CD11a_A0595,74,0.3023490048537017
RNA ridge,B-macrophage doublets,ADT_CD11c_A0106,74,0.5628164840824453
RNA ridge,B-macrophage doublets,ADT_CD122(IL-2Rb)_A0227,74,0.0615730545307198
RNA ridge,B-macrophage doublets,ADT_CD127(IL-7Ra)_A0198,74,0.1368896416791569
RNA ridge,B-macrophage doublets,ADT_CD134(OX-40)_A0195,74,0.15243627094121606
RNA ridge,B-macrophage doublets,ADT_CD135_A0098,74,-0.06455582696095186
RNA ridge,B-macrophage doublets,ADT_CD137_A0194,74,0.0691563313579398
RNA ridge,B-macrophage doublets,ADT_CD14_A0424,74,0.8221447429035852
RNA ridge,B-macrophage doublets,ADT_CD140a_A0573,74,0.19388901600336056
RNA ridge,B-macrophage doublets,ADT_CD15(SSEA-1)_A0076,74,-0.07319006484554295
RNA ridge,B-macrophage doublets,ADT_CD150(SLAM)_A0203,74,0.39236307064609777
RNA ridge,B-macrophage doublets,ADT_CD16-32_A0109,74,-0.05026222304060346
RNA ridge,B-macrophage doublets,ADT_CD169(Siglec-1)_A0440,74,0.19931626569451602
RNA ridge,B-macrophage doublets,ADT_CD172a(SIRPa)_A0422,74,0.7622342201270242
RNA ridge,B-macrophage doublets,ADT_CD183(CXCR3)_A0228,74,-0.12209352656226151
RNA ridge,B-macrophage doublets,ADT_CD184(CXCR4)_A0444,74,0.3358998552892346
RNA ridge,B-macrophage doublets,ADT_CD19_A0093,74,0.6840982817353578
RNA ridge,B-macrophage doublets,ADT_CD192(CCR2)_A0426,74,0.10904184559615493
RNA ridge,B-macrophage doublets,ADT_CD195(CCR5)_A0376,74,-0.06382003866596243
RNA ridge,B-macrophage doublets,ADT_CD196(CCR6)_A0225,74,0.1214001283832365
RNA ridge,B-macrophage doublets,ADT_CD197(CCR7)_A0377,74,-0.14297152692609494
RNA ridge,B-macrophage doublets,ADT_CD20_A0192,74,0.33352878438634104
RNA ridge,B-macrophage doublets,ADT_CD200(OX2)_A0079,74,0.16927486766672561
RNA ridge,B-macrophage doublets,ADT_CD201(EPCR)_A0439,74,0.09311825056156874
RNA ridge,B-macrophage doublets,ADT_CD204(Msr1)_A0448,74,-0.19311474511374915
RNA ridge,B-macrophage doublets,ADT_CD206(MMR)_A0173,74,0.3920537616528787
RNA ridge,B-macrophage doublets,ADT_CD21-CD35(CR2-CR1)_A0107,74,0.6376616304371155
RNA ridge,B-macrophage doublets,ADT_CD223(LAG-3)_A0378,74,0.331435783842745
RNA ridge,B-macrophage doublets,ADT_CD23_A0108,74,0.6155840239203229
RNA ridge,B-macrophage doublets,ADT_CD24_A0212,74,0.5661858362864463
RNA ridge,B-macrophage doublets,ADT_CD25_A0097,74,0.2333831550925631
RNA ridge,B-macrophage doublets,ADT_CD274(B7-H1_PD-L1)_A0190,74,0.49824053596324785
RNA ridge,B-macrophage doublets,ADT_CD278(ICOS)_A0171,74,0.19163168815267612
RNA ridge,B-macrophage doublets,ADT_CD279(PD-1)_A0004,74,0.2546403317839457
RNA ridge,B-macrophage doublets,ADT_CD28_A0204,74,0.2516721239759295
RNA ridge,B-macrophage doublets,ADT_CD29_A0570,74,0.6399976328236202
RNA ridge,B-macrophage doublets,ADT_CD300LG(Nepmucin)_A0416,74,0.001603962912797913
RNA ridge,B-macrophage doublets,ADT_CD301a(MGL1)_A0551,74,-0.09830487594287313
RNA ridge,B-macrophage doublets,ADT_CD301b(MGL2)_A0566,74,-0.2995250726783948
RNA ridge,B-macrophage doublets,ADT_CD304(Neuropilin-1)_A0552,74,0.03879793943174186
RNA ridge,B-macrophage doublets,ADT_CD326(Ep-CAM)_A0449,74,0.08183618269380274
RNA ridge,B-macrophage doublets,ADT_CD335(NKp46)_A0184,74,-0.027136885640681636
RNA ridge,B-macrophage doublets,ADT_CD357(GITR)_A0193,74,0.09356275175784155
RNA ridge,B-macrophage doublets,ADT_CD36_A0555,74,0.42200883865988803
RNA ridge,B-macrophage doublets,ADT_CD366(Tim-3)_A0003,74,0.11576415304337766
RNA ridge,B-macrophage doublets,ADT_CD370(CLEC9A_DNGR1)_A0556,74,0.03775838066949931
RNA ridge,B-macrophage doublets,ADT_CD38_A0557,74,0.4600518326545723
RNA ridge,B-macrophage doublets,ADT_CD4_A0001,74,0.17775577125937372
RNA ridge,B-macrophage doublets,ADT_CD41_A0443,74,0.2703864015496711
RNA ridge,B-macrophage doublets,ADT_CD43_A0110,74,0.12260986481301131
RNA ridge,B-macrophage doublets,ADT_CD45_A0096,74,0.4599059575887273
RNA ridge,B-macrophage doublets,ADT_CD45.1_A0178,74,0.08709968491988011
RNA ridge,B-macrophage doublets,ADT_CD45.2_A0157,74,0.6841177792480332
RNA ridge,B-macrophage doublets,ADT_CD45R-B220_A0103,74,0.6602138810953618
RNA ridge,B-macrophage doublets,ADT_CD48_A0429,74,0.5303030331530709
RNA ridge,B-macrophage doublets,ADT_CD49d_A0078,74,0.40175449033507826
RNA ridge,B-macrophage doublets,ADT_CD5_A0111,74,0.29835143988975643
RNA ridge,B-macrophage doublets,ADT_CD54_A0074,74,0.38214777691795887
RNA ridge,B-macrophage doublets,ADT_CD55(DAF)_A0558,74,0.5723700784617429
RNA ridge,B-macrophage doublets,ADT_CD62L_A0112,74,0.7497463780871407
RNA ridge,B-macrophage doublets,ADT_CD62P(P-selectin)_A0229,74,0.07075975610771676
RNA ridge,B-macrophage doublets,ADT_CD63_A0559,74,0.09908539051745602
RNA ridge,B-macrophage doublets,ADT_CD64(FcrRI)_A0202,74,0.6891320900262512
RNA ridge,B-macrophage doublets,ADT_CD68_A0560,74,0.21170647312470675
RNA ridge,B-macrophage doublets,ADT_CD69_A0197,74,0.03618852262109227
RNA ridge,B-macrophage doublets,ADT_CD71_A0441,74,0.3970068119776569
RNA ridge,B-macrophage doublets,ADT_CD73_A0077,74,0.4802232339589724
RNA ridge,B-macrophage doublets,ADT_CD79b(Igb)_A0561,74,0.6074179517754197
RNA ridge,B-macrophage doublets,ADT_CD83_A0562,74,0.1616620051082603
RNA ridge,B-macrophage doublets,ADT_CD86_A0200,74,0.48580467246170506
RNA ridge,B-macrophage doublets,ADT_CD8a_A0002,74,0.3281880459537549
RNA ridge,B-macrophage doublets,ADT_CD8b(Ly-3)_A0230,74,0.16885798766010693
RNA ridge,B-macrophage doublets,ADT_CD90.1(Thy-1.1)_A0380,74,-0.059269235415712565
RNA ridge,B-macrophage doublets,ADT_CD90.2_A0075,74,0.21372025342114812
RNA ridge,B-macrophage doublets,ADT_CD93(AA4.1_earlyBlineage)_A0113,74,0.27374742379509354
RNA ridge,B-macrophage doublets,ADT_CX3CR1_A0563,74,0.27634234355312215
RNA ridge,B-macrophage doublets,ADT_ESAM_A0596,74,0.40621561102464304
RNA ridge,B-macrophage doublets,ADT_F4-80_A0114,74,0.8800859164892343
RNA ridge,B-macrophage doublets,ADT_FceRIa_A0115,74,-0.012769715325731068
RNA ridge,B-macrophage doublets,ADT_FolateReceptorb(FR-b)_A0564,74,0.07326184843293948
RNA ridge,B-macrophage doublets,ADT_H-2KbboundtoSIINFEKL_A0231,74,0.10354265648068209
RNA ridge,B-macrophage doublets,ADT_I-A-I-E_A0117,74,0.3709726390043161
RNA ridge,B-macrophage doublets,ADT_IRF4_A0249,74,0.17549874795567183
RNA ridge,B-macrophage doublets,ADT_IgD_A0571,74,0.653851280591306
RNA ridge,B-macrophage doublets,ADT_IgM_A0450,74,0.07249318847665001
RNA ridge,B-macrophage doublets,ADT_Ly-6A-E(Sca-1)_A0130,74,0.6182693413936454
RNA ridge,B-macrophage doublets,ADT_Ly-6C_A0013,74,0.2461861224179823
RNA ridge,B-macrophage doublets,ADT_MAdCAM-1_A0232,74,-0.1293476368185204
RNA ridge,B-macrophage doublets,ADT_MERTK(Mer)_A0565,74,0.8098954441870828
RNA ridge,B-macrophage doublets,ADT_NK-1.1_A0118,74,-0.12584524502314004
RNA ridge,B-macrophage doublets,ADT_Notch1_A0442,74,0.2187746818623099
RNA ridge,B-macrophage doublets,ADT_PanendothelialCellAntigen_A0381,74,0.3198383779780597
RNA ridge,B-macrophage doublets,ADT_SiglecH_A0119,74,0.20733456042846243
RNA ridge,B-macrophage doublets,ADT_TCRVb5.1_5.2_A0354,74,0.04887341659206841
RNA ridge,B-macrophage doublets,ADT_TCRVb8.1_8.2_A0235,74,0.025736431703408915
RNA ridge,B-macrophage doublets,ADT_TCRVr1.1-Cr4_A0209,74,0.04595640262362972
RNA ridge,B-macrophage doublets,ADT_TCRVr2_A0211,74,-0.10050377341819226
RNA ridge,B-macrophage doublets,ADT_TCRVr3_A0210,74,-0.0324890322595501
RNA ridge,B-macrophage doublets,ADT_TCRbchain_A0120,74,0.15312569172835086
RNA ridge,B-macrophage doublets,ADT_TCRr-d_A0121,74,-0.048077349094559095
RNA ridge,B-macrophage doublets,ADT_TER-119-ErythroidCells_A0122,74,0.18739081430581242
RNA ridge,B-macrophage doublets,ADT_Tim-4_A0567,74,0.5624430836611186
RNA ridge,B-macrophage doublets,ADT_XCR1_A0568,74,0.036947042610351866
RNA ridge,B-macrophage doublets,ADT_anti-P2RY12_A0415,74,0.2999768674699171
RNA ridge,B-macrophage doublets,ADT_integrinb7_A0214,74,0.3403064066744069
RNA ridge,B1 B,ADT_CD102_A0104,162,0.5297680221331987
RNA ridge,B1 B,ADT_CD103_A0201,162,0.08295277937337162
RNA ridge,B1 B,ADT_CD106_A0226,162,0.05341587318447237
RNA ridge,B1 B,ADT_CD115(CSF-1R)_A0105,162,0.1695463496216045
RNA ridge,B1 B,ADT_CD117(c-Kit)_A0012,162,0.006733432193078936
RNA ridge,B1 B,ADT_CD11a_A0595,162,0.5218962306699871
RNA ridge,B1 B,ADT_CD11c_A0106,162,0.0860600111477978
RNA ridge,B1 B,ADT_CD122(IL-2Rb)_A0227,162,0.01228551834101085
RNA ridge,B1 B,ADT_CD127(IL-7Ra)_A0198,162,0.09373990501607332
RNA ridge,B1 B,ADT_CD134(OX-40)_A0195,162,0.07525835796664776
RNA ridge,B1 B,ADT_CD135_A0098,162,-0.07849655549431109
RNA ridge,B1 B,ADT_CD137_A0194,162,-0.02675670966559877
RNA ridge,B1 B,ADT_CD14_A0424,162,0.1693654731836833
RNA ridge,B1 B,ADT_CD140a_A0573,162,0.022445412691592403
RNA ridge,B1 B,ADT_CD15(SSEA-1)_A0076,162,-0.09013478848036556
RNA ridge,B1 B,ADT_CD150(SLAM)_A0203,162,0.3526673597839773
RNA ridge,B1 B,ADT_CD16-32_A0109,162,0.06253405999194726
RNA ridge,B1 B,ADT_CD169(Siglec-1)_A0440,162,-0.0883447863268315
RNA ridge,B1 B,ADT_CD172a(SIRPa)_A0422,162,0.4959158641969277
RNA ridge,B1 B,ADT_CD183(CXCR3)_A0228,162,-0.0012012131498241273
RNA ridge,B1 B,ADT_CD184(CXCR4)_A0444,162,0.11977410893594419
RNA ridge,B1 B,ADT_CD19_A0093,162,0.45679586497259284
RNA ridge,B1 B,ADT_CD192(CCR2)_A0426,162,0.06367867398934662
RNA ridge,B1 B,ADT_CD195(CCR5)_A0376,162,-0.055611518057837574
RNA ridge,B1 B,ADT_CD196(CCR6)_A0225,162,0.013644550659097412
RNA ridge,B1 B,ADT_CD197(CCR7)_A0377,162,0.14399980463389192
RNA ridge,B1 B,ADT_CD20_A0192,162,0.4422694521193562
RNA ridge,B1 B,ADT_CD200(OX2)_A0079,162,0.14095974591989804
RNA ridge,B1 B,ADT_CD201(EPCR)_A0439,162,-0.1639969789118882
RNA ridge,B1 B,ADT_CD204(Msr1)_A0448,162,-0.024318341480636257
RNA ridge,B1 B,ADT_CD206(MMR)_A0173,162,0.014084615885333366
RNA ridge,B1 B,ADT_CD21-CD35(CR2-CR1)_A0107,162,0.33558595486878817
RNA ridge,B1 B,ADT_CD223(LAG-3)_A0378,162,0.011611019878220864
RNA ridge,B1 B,ADT_CD23_A0108,162,0.6387702370151953
RNA ridge,B1 B,ADT_CD24_A0212,162,0.6043632132886786
RNA ridge,B1 B,ADT_CD25_A0097,162,0.0906408910258098
RNA ridge,B1 B,ADT_CD274(B7-H1_PD-L1)_A0190,162,0.49394377681246715
RNA ridge,B1 B,ADT_CD278(ICOS)_A0171,162,0.01025360047527093
RNA ridge,B1 B,ADT_CD279(PD-1)_A0004,162,0.21899678422417226
RNA ridge,B1 B,ADT_CD28_A0204,162,-0.06914148475321209
RNA ridge,B1 B,ADT_CD29_A0570,162,0.6977834994173757
RNA ridge,B1 B,ADT_CD300LG(Nepmucin)_A0416,162,0.03850790445797198
RNA ridge,B1 B,ADT_CD301a(MGL1)_A0551,162,0.1468683962226675
RNA ridge,B1 B,ADT_CD301b(MGL2)_A0566,162,-0.10559274958392971
RNA ridge,B1 B,ADT_CD304(Neuropilin-1)_A0552,162,-0.10245865246327303
RNA ridge,B1 B,ADT_CD326(Ep-CAM)_A0449,162,0.43458507595129375
RNA ridge,B1 B,ADT_CD335(NKp46)_A0184,162,0.07897770755075213
RNA ridge,B1 B,ADT_CD357(GITR)_A0193,162,0.2830344776803874
RNA ridge,B1 B,ADT_CD36_A0555,162,-0.0664279439666769
RNA ridge,B1 B,ADT_CD366(Tim-3)_A0003,162,-0.011693903950055365
RNA ridge,B1 B,ADT_CD370(CLEC9A_DNGR1)_A0556,162,0.13733636142359562
RNA ridge,B1 B,ADT_CD38_A0557,162,0.5294169119030269
RNA ridge,B1 B,ADT_CD4_A0001,162,0.2175789727459978
RNA ridge,B1 B,ADT_CD41_A0443,162,0.02108142637651795
RNA ridge,B1 B,ADT_CD43_A0110,162,0.7439581224474805
RNA ridge,B1 B,ADT_CD45_A0096,162,0.3545467574242664
RNA ridge,B1 B,ADT_CD45.1_A0178,162,0.0479863840418126
RNA ridge,B1 B,ADT_CD45.2_A0157,162,0.312488124178953
RNA ridge,B1 B,ADT_CD45R-B220_A0103,162,0.49943719567414746
RNA ridge,B1 B,ADT_CD48_A0429,162,0.5671077035146994
RNA ridge,B1 B,ADT_CD49d_A0078,162,0.5210903016700783
RNA ridge,B1 B,ADT_CD5_A0111,162,0.6707520334365722
RNA ridge,B1 B,ADT_CD54_A0074,162,0.569506613440575
RNA ridge,B1 B,ADT_CD55(DAF)_A0558,162,0.5413371159969316
RNA ridge,B1 B,ADT_CD62L_A0112,162,0.45933689753042156
RNA ridge,B1 B,ADT_CD62P(P-selectin)_A0229,162,0.11136512113171765
RNA ridge,B1 B,ADT_CD63_A0559,162,0.023983410190175712
RNA ridge,B1 B,ADT_CD64(FcrRI)_A0202,162,0.016239316512207513
RNA ridge,B1 B,ADT_CD68_A0560,162,0.0427220606582482
RNA ridge,B1 B,ADT_CD69_A0197,162,0.0822822721006824
RNA ridge,B1 B,ADT_CD71_A0441,162,0.6334978410573664
RNA ridge,B1 B,ADT_CD73_A0077,162,0.3627108771507561
RNA ridge,B1 B,ADT_CD79b(Igb)_A0561,162,0.6192347431065849
RNA ridge,B1 B,ADT_CD83_A0562,162,0.1060853388900979
RNA ridge,B1 B,ADT_CD86_A0200,162,0.57811277579136
RNA ridge,B1 B,ADT_CD8a_A0002,162,-0.020209323013845284
RNA ridge,B1 B,ADT_CD8b(Ly-3)_A0230,162,-0.009632718676202589
RNA ridge,B1 B,ADT_CD90.1(Thy-1.1)_A0380,162,0.09185021599596811
RNA ridge,B1 B,ADT_CD90.2_A0075,162,0.2797566294061488
RNA ridge,B1 B,ADT_CD93(AA4.1_earlyBlineage)_A0113,162,0.16385318464323959
RNA ridge,B1 B,ADT_CX3CR1_A0563,162,0.13875117250864472
RNA ridge,B1 B,ADT_ESAM_A0596,162,0.03759833723691868
RNA ridge,B1 B,ADT_F4-80_A0114,162,0.10621082726058835
RNA ridge,B1 B,ADT_FceRIa_A0115,162,0.04091466494352433
RNA ridge,B1 B,ADT_FolateReceptorb(FR-b)_A0564,162,0.020323070269129568
RNA ridge,B1 B,ADT_H-2KbboundtoSIINFEKL_A0231,162,0.2310247924439492
RNA ridge,B1 B,ADT_I-A-I-E_A0117,162,0.35880818326418357
RNA ridge,B1 B,ADT_IRF4_A0249,162,0.1325578736347135
RNA ridge,B1 B,ADT_IgD_A0571,162,0.5810672062792644
RNA ridge,B1 B,ADT_IgM_A0450,162,0.24022217315807354
RNA ridge,B1 B,ADT_Ly-6A-E(Sca-1)_A0130,162,0.560596940473454
RNA ridge,B1 B,ADT_Ly-6C_A0013,162,0.01125543549413959
RNA ridge,B1 B,ADT_MAdCAM-1_A0232,162,0.06185153355907705
RNA ridge,B1 B,ADT_MERTK(Mer)_A0565,162,0.1785378196678969
RNA ridge,B1 B,ADT_NK-1.1_A0118,162,0.09573834590658815
RNA ridge,B1 B,ADT_Notch1_A0442,162,-0.07227997642922973
RNA ridge,B1 B,ADT_PanendothelialCellAntigen_A0381,162,-0.06485589790733329
RNA ridge,B1 B,ADT_SiglecH_A0119,162,0.003999670489514203
RNA ridge,B1 B,ADT_TCRVb5.1_5.2_A0354,162,0.0641395136230251
RNA ridge,B1 B,ADT_TCRVb8.1_8.2_A0235,162,0.010122035223345045
RNA ridge,B1 B,ADT_TCRVr1.1-Cr4_A0209,162,-0.0003373528760099431
RNA ridge,B1 B,ADT_TCRVr2_A0211,162,0.16170117160599443
RNA ridge,B1 B,ADT_TCRVr3_A0210,162,0.1928949430902375
RNA ridge,B1 B,ADT_TCRbchain_A0120,162,0.08256084160397975
RNA ridge,B1 B,ADT_TCRr-d_A0121,162,-0.019829661687506855
RNA ridge,B1 B,ADT_TER-119-ErythroidCells_A0122,162,-0.035803809354582584
RNA ridge,B1 B,ADT_Tim-4_A0567,162,0.013935822374731404
RNA ridge,B1 B,ADT_XCR1_A0568,162,-0.0829029241174233
RNA ridge,B1 B,ADT_anti-P2RY12_A0415,162,0.06402288009794536
RNA ridge,B1 B,ADT_integrinb7_A0214,162,0.6794821091871923
RNA ridge,CD122+ CD8 T,ADT_CD102_A0104,258,0.24870149673090972
RNA ridge,CD122+ CD8 T,ADT_CD103_A0201,258,0.5130845359011339
RNA ridge,CD122+ CD8 T,ADT_CD106_A0226,258,0.10857606800331622
RNA ridge,CD122+ CD8 T,ADT_CD115(CSF-1R)_A0105,258,-0.055390177301349694
RNA ridge,CD122+ CD8 T,ADT_CD117(c-Kit)_A0012,258,0.14570665858272214
RNA ridge,CD122+ CD8 T,ADT_CD11a_A0595,258,0.5398268322202943
RNA ridge,CD122+ CD8 T,ADT_CD11c_A0106,258,0.01164695580536329
RNA ridge,CD122+ CD8 T,ADT_CD122(IL-2Rb)_A0227,258,0.2768719639389727
RNA ridge,CD122+ CD8 T,ADT_CD127(IL-7Ra)_A0198,258,0.19698587999767803
RNA ridge,CD122+ CD8 T,ADT_CD134(OX-40)_A0195,258,-0.04081336757321278
RNA ridge,CD122+ CD8 T,ADT_CD135_A0098,258,-0.045696291183359765
RNA ridge,CD122+ CD8 T,ADT_CD137_A0194,258,-0.029122510833970175
RNA ridge,CD122+ CD8 T,ADT_CD14_A0424,258,0.07550277701828707
RNA ridge,CD122+ CD8 T,ADT_CD140a_A0573,258,0.036955386671056654
RNA ridge,CD122+ CD8 T,ADT_CD15(SSEA-1)_A0076,258,-0.0014204247225941206
RNA ridge,CD122+ CD8 T,ADT_CD150(SLAM)_A0203,258,0.30784738327650507
RNA ridge,CD122+ CD8 T,ADT_CD16-32_A0109,258,0.10741180075878858
RNA ridge,CD122+ CD8 T,ADT_CD169(Siglec-1)_A0440,258,-0.09179852529578837
RNA ridge,CD122+ CD8 T,ADT_CD172a(SIRPa)_A0422,258,0.029512771997091545
RNA ridge,CD122+ CD8 T,ADT_CD183(CXCR3)_A0228,258,0.5951152242519919
RNA ridge,CD122+ CD8 T,ADT_CD184(CXCR4)_A0444,258,0.1187710228569084
RNA ridge,CD122+ CD8 T,ADT_CD19_A0093,258,0.09913799646113454
RNA ridge,CD122+ CD8 T,ADT_CD192(CCR2)_A0426,258,-0.01852090444483552
RNA ridge,CD122+ CD8 T,ADT_CD195(CCR5)_A0376,258,-0.05756133738975352
RNA ridge,CD122+ CD8 T,ADT_CD196(CCR6)_A0225,258,0.02763691810316292
RNA ridge,CD122+ CD8 T,ADT_CD197(CCR7)_A0377,258,0.046275874339134056
RNA ridge,CD122+ CD8 T,ADT_CD20_A0192,258,0.1597539930402285
RNA ridge,CD122+ CD8 T,ADT_CD200(OX2)_A0079,258,0.17364895381554507
RNA ridge,CD122+ CD8 T,ADT_CD201(EPCR)_A0439,258,0.0021015894281515737
RNA ridge,CD122+ CD8 T,ADT_CD204(Msr1)_A0448,258,-0.001551085483551659
RNA ridge,CD122+ CD8 T,ADT_CD206(MMR)_A0173,258,-0.043982264091415674
RNA ridge,CD122+ CD8 T,ADT_CD21-CD35(CR2-CR1)_A0107,258,-0.14433569825905287
RNA ridge,CD122+ CD8 T,ADT_CD223(LAG-3)_A0378,258,-0.05840530112832338
RNA ridge,CD122+ CD8 T,ADT_CD23_A0108,258,0.003961642424994857
RNA ridge,CD122+ CD8 T,ADT_CD24_A0212,258,0.07071597624706417
RNA ridge,CD122+ CD8 T,ADT_CD25_A0097,258,-0.01623857606912183
RNA ridge,CD122+ CD8 T,ADT_CD274(B7-H1_PD-L1)_A0190,258,0.07624057978368323
RNA ridge,CD122+ CD8 T,ADT_CD278(ICOS)_A0171,258,0.29185642371764337
RNA ridge,CD122+ CD8 T,ADT_CD279(PD-1)_A0004,258,0.10878583044926367
RNA ridge,CD122+ CD8 T,ADT_CD28_A0204,258,0.3137686150739496
RNA ridge,CD122+ CD8 T,ADT_CD29_A0570,258,0.3654224237976326
RNA ridge,CD122+ CD8 T,ADT_CD300LG(Nepmucin)_A0416,258,-0.04329551573093172
RNA ridge,CD122+ CD8 T,ADT_CD301a(MGL1)_A0551,258,0.06219188031658869
RNA ridge,CD122+ CD8 T,ADT_CD301b(MGL2)_A0566,258,0.26392788748975404
RNA ridge,CD122+ CD8 T,ADT_CD304(Neuropilin-1)_A0552,258,-0.04033709029810446
RNA ridge,CD122+ CD8 T,ADT_CD326(Ep-CAM)_A0449,258,0.050532272777029326
RNA ridge,CD122+ CD8 T,ADT_CD335(NKp46)_A0184,258,0.08264984130254854
RNA ridge,CD122+ CD8 T,ADT_CD357(GITR)_A0193,258,-0.0421189848934438
RNA ridge,CD122+ CD8 T,ADT_CD36_A0555,258,0.535631456755601
RNA ridge,CD122+ CD8 T,ADT_CD366(Tim-3)_A0003,258,-0.03454609883224628
RNA ridge,CD122+ CD8 T,ADT_CD370(CLEC9A_DNGR1)_A0556,258,0.029513290194772723
RNA ridge,CD122+ CD8 T,ADT_CD38_A0557,258,0.24355205414034653
RNA ridge,CD122+ CD8 T,ADT_CD4_A0001,258,0.12546704165882744
RNA ridge,CD122+ CD8 T,ADT_CD41_A0443,258,-0.10062629714428778
RNA ridge,CD122+ CD8 T,ADT_CD43_A0110,258,0.2818840067274577
RNA ridge,CD122+ CD8 T,ADT_CD45_A0096,258,0.22250576793915405
RNA ridge,CD122+ CD8 T,ADT_CD45.1_A0178,258,0.12125802710784318
RNA ridge,CD122+ CD8 T,ADT_CD45.2_A0157,258,0.25560617213389675
RNA ridge,CD122+ CD8 T,ADT_CD45R-B220_A0103,258,0.0157850511549946
RNA ridge,CD122+ CD8 T,ADT_CD48_A0429,258,0.1445314346187728
RNA ridge,CD122+ CD8 T,ADT_CD49d_A0078,258,0.26653043614777117
RNA ridge,CD122+ CD8 T,ADT_CD5_A0111,258,0.28052876433609464
RNA ridge,CD122+ CD8 T,ADT_CD54_A0074,258,0.2326295959926536
RNA ridge,CD122+ CD8 T,ADT_CD55(DAF)_A0558,258,0.3280442340603681
RNA ridge,CD122+ CD8 T,ADT_CD62L_A0112,258,0.30105333261560735
RNA ridge,CD122+ CD8 T,ADT_CD62P(P-selectin)_A0229,258,0.017746160415801557
RNA ridge,CD122+ CD8 T,ADT_CD63_A0559,258,0.056739828254639454
RNA ridge,CD122+ CD8 T,ADT_CD64(FcrRI)_A0202,258,0.0007360539561134027
RNA ridge,CD122+ CD8 T,ADT_CD68_A0560,258,0.13769812379962534
RNA ridge,CD122+ CD8 T,ADT_CD69_A0197,258,0.1469279098267984
RNA ridge,CD122+ CD8 T,ADT_CD71_A0441,258,0.05875276292536672
RNA ridge,CD122+ CD8 T,ADT_CD73_A0077,258,0.1318482789827486
RNA ridge,CD122+ CD8 T,ADT_CD79b(Igb)_A0561,258,-0.055761005733248103
RNA ridge,CD122+ CD8 T,ADT_CD83_A0562,258,0.0844208937816756
RNA ridge,CD122+ CD8 T,ADT_CD86_A0200,258,0.08256665213079038
RNA ridge,CD122+ CD8 T,ADT_CD8a_A0002,258,0.20835568037974617
RNA ridge,CD122+ CD8 T,ADT_CD8b(Ly-3)_A0230,258,0.1851865504037421
RNA ridge,CD122+ CD8 T,ADT_CD90.1(Thy-1.1)_A0380,258,0.04750402702303086
RNA ridge,CD122+ CD8 T,ADT_CD90.2_A0075,258,0.2092220356666905
RNA ridge,CD122+ CD8 T,ADT_CD93(AA4.1_earlyBlineage)_A0113,258,-0.03328598557058683
RNA ridge,CD122+ CD8 T,ADT_CX3CR1_A0563,258,-0.01442804220226583
RNA ridge,CD122+ CD8 T,ADT_ESAM_A0596,258,-0.02551569982968086
RNA ridge,CD122+ CD8 T,ADT_F4-80_A0114,258,-0.04473842397851507
RNA ridge,CD122+ CD8 T,ADT_FceRIa_A0115,258,0.011258732134085393
RNA ridge,CD122+ CD8 T,ADT_FolateReceptorb(FR-b)_A0564,258,-0.007860346750609731
RNA ridge,CD122+ CD8 T,ADT_H-2KbboundtoSIINFEKL_A0231,258,0.07389725366636585
RNA ridge,CD122+ CD8 T,ADT_I-A-I-E_A0117,258,0.0301199044120233
RNA ridge,CD122+ CD8 T,ADT_IRF4_A0249,258,0.05012535840701229
RNA ridge,CD122+ CD8 T,ADT_IgD_A0571,258,-0.012204837788373644
RNA ridge,CD122+ CD8 T,ADT_IgM_A0450,258,-0.017706859605258706
RNA ridge,CD122+ CD8 T,ADT_Ly-6A-E(Sca-1)_A0130,258,0.22955194103748655
RNA ridge,CD122+ CD8 T,ADT_Ly-6C_A0013,258,0.6098279577373501
RNA ridge,CD122+ CD8 T,ADT_MAdCAM-1_A0232,258,-0.04380308092251079
RNA ridge,CD122+ CD8 T,ADT_MERTK(Mer)_A0565,258,0.03377808414134711
RNA ridge,CD122+ CD8 T,ADT_NK-1.1_A0118,258,0.03889046919757247
RNA ridge,CD122+ CD8 T,ADT_Notch1_A0442,258,0.0204012033779869
RNA ridge,CD122+ CD8 T,ADT_PanendothelialCellAntigen_A0381,258,0.09121181122747708
RNA ridge,CD122+ CD8 T,ADT_SiglecH_A0119,258,-0.02554050237206529
RNA ridge,CD122+ CD8 T,ADT_TCRVb5.1_5.2_A0354,258,-0.03738360181419649
RNA ridge,CD122+ CD8 T,ADT_TCRVb8.1_8.2_A0235,258,-0.07291154468442258
RNA ridge,CD122+ CD8 T,ADT_TCRVr1.1-Cr4_A0209,258,0.03855407510270769
RNA ridge,CD122+ CD8 T,ADT_TCRVr2_A0211,258,0.13779706663047708
RNA ridge,CD122+ CD8 T,ADT_TCRVr3_A0210,258,0.024202033073187808
RNA ridge,CD122+ CD8 T,ADT_TCRbchain_A0120,258,0.2196274819303798
RNA ridge,CD122+ CD8 T,ADT_TCRr-d_A0121,258,-0.012307097014178101
RNA ridge,CD122+ CD8 T,ADT_TER-119-ErythroidCells_A0122,258,-0.06809949535775274
RNA ridge,CD122+ CD8 T,ADT_Tim-4_A0567,258,-0.07446006229924051
RNA ridge,CD122+ CD8 T,ADT_XCR1_A0568,258,0.0824662911958955
RNA ridge,CD122+ CD8 T,ADT_anti-P2RY12_A0415,258,0.06002061741632048
RNA ridge,CD122+ CD8 T,ADT_integrinb7_A0214,258,0.5760785451246622
RNA ridge,CD4 T,ADT_CD102_A0104,1077,0.26281566100595577
RNA ridge,CD4 T,ADT_CD103_A0201,1077,0.03212918578015446
RNA ridge,CD4 T,ADT_CD106_A0226,1077,0.03160263751600917
RNA ridge,CD4 T,ADT_CD115(CSF-1R)_A0105,1077,-0.06507038868547459
RNA ridge,CD4 T,ADT_CD117(c-Kit)_A0012,1077,0.11591193784466113
RNA ridge,CD4 T,ADT_CD11a_A0595,1077,0.3465873953351498
RNA ridge,CD4 T,ADT_CD11c_A0106,1077,-0.0022760087412434247
RNA ridge,CD4 T,ADT_CD122(IL-2Rb)_A0227,1077,0.03068133210130013
RNA ridge,CD4 T,ADT_CD127(IL-7Ra)_A0198,1077,0.4066746064929423
RNA ridge,CD4 T,ADT_CD134(OX-40)_A0195,1077,0.06971395988611567
RNA ridge,CD4 T,ADT_CD135_A0098,1077,0.0008726143215433595
RNA ridge,CD4 T,ADT_CD137_A0194,1077,0.04917874701640106
RNA ridge,CD4 T,ADT_CD14_A0424,1077,0.013045143232745283
RNA ridge,CD4 T,ADT_CD140a_A0573,1077,-0.006594148914161416
RNA ridge,CD4 T,ADT_CD15(SSEA-1)_A0076,1077,0.049628212794481395
RNA ridge,CD4 T,ADT_CD150(SLAM)_A0203,1077,0.21489579759877037
RNA ridge,CD4 T,ADT_CD16-32_A0109,1077,-0.00020070174279214836
RNA ridge,CD4 T,ADT_CD169(Siglec-1)_A0440,1077,-0.02974313416510568
RNA ridge,CD4 T,ADT_CD172a(SIRPa)_A0422,1077,0.028890146909402174
RNA ridge,CD4 T,ADT_CD183(CXCR3)_A0228,1077,0.030194426778394234
RNA ridge,CD4 T,ADT_CD184(CXCR4)_A0444,1077,0.11738728407790257
RNA ridge,CD4 T,ADT_CD19_A0093,1077,0.02969196989821271
RNA ridge,CD4 T,ADT_CD192(CCR2)_A0426,1077,0.026860848737302385
RNA ridge,CD4 T,ADT_CD195(CCR5)_A0376,1077,0.018515294051296465
RNA ridge,CD4 T,ADT_CD196(CCR6)_A0225,1077,-0.002122796571396655
RNA ridge,CD4 T,ADT_CD197(CCR7)_A0377,1077,-0.008252368734992827
RNA ridge,CD4 T,ADT_CD20_A0192,1077,0.002474877022217774
RNA ridge,CD4 T,ADT_CD200(OX2)_A0079,1077,0.2871965576432543
RNA ridge,CD4 T,ADT_CD201(EPCR)_A0439,1077,0.07008819524762921
RNA ridge,CD4 T,ADT_CD204(Msr1)_A0448,1077,0.011303201557456701
RNA ridge,CD4 T,ADT_CD206(MMR)_A0173,1077,0.005278622559438542
RNA ridge,CD4 T,ADT_CD21-CD35(CR2-CR1)_A0107,1077,-0.013880754559800822
RNA ridge,CD4 T,ADT_CD223(LAG-3)_A0378,1077,0.03442024384210465
RNA ridge,CD4 T,ADT_CD23_A0108,1077,0.034132461420070294
RNA ridge,CD4 T,ADT_CD24_A0212,1077,0.17353249089153383
RNA ridge,CD4 T,ADT_CD25_A0097,1077,0.05927468577487282
RNA ridge,CD4 T,ADT_CD274(B7-H1_PD-L1)_A0190,1077,0.12687118155973984
RNA ridge,CD4 T,ADT_CD278(ICOS)_A0171,1077,0.314747160335172
RNA ridge,CD4 T,ADT_CD279(PD-1)_A0004,1077,0.10506841334657378
RNA ridge,CD4 T,ADT_CD28_A0204,1077,0.08338009178700787
RNA ridge,CD4 T,ADT_CD29_A0570,1077,0.1428951850118603
RNA ridge,CD4 T,ADT_CD300LG(Nepmucin)_A0416,1077,0.05380683987916527
RNA ridge,CD4 T,ADT_CD301a(MGL1)_A0551,1077,0.004516940133486311
RNA ridge,CD4 T,ADT_CD301b(MGL2)_A0566,1077,-0.04960308314310088
RNA ridge,CD4 T,ADT_CD304(Neuropilin-1)_A0552,1077,0.06682439875705794
RNA ridge,CD4 T,ADT_CD326(Ep-CAM)_A0449,1077,0.010869588202154197
RNA ridge,CD4 T,ADT_CD335(NKp46)_A0184,1077,0.03747503606319914
RNA ridge,CD4 T,ADT_CD357(GITR)_A0193,1077,0.2192283994356487
RNA ridge,CD4 T,ADT_CD36_A0555,1077,-0.022340545014139405
RNA ridge,CD4 T,ADT_CD366(Tim-3)_A0003,1077,-0.012943273747008198
RNA ridge,CD4 T,ADT_CD370(CLEC9A_DNGR1)_A0556,1077,0.00990396405372077
RNA ridge,CD4 T,ADT_CD38_A0557,1077,0.0755618577389579
RNA ridge,CD4 T,ADT_CD4_A0001,1077,0.1121518945744895
RNA ridge,CD4 T,ADT_CD41_A0443,1077,0.0606595034774827
RNA ridge,CD4 T,ADT_CD43_A0110,1077,0.3574872503030394
RNA ridge,CD4 T,ADT_CD45_A0096,1077,0.15642813233601974
RNA ridge,CD4 T,ADT_CD45.1_A0178,1077,0.07677395311787656
RNA ridge,CD4 T,ADT_CD45.2_A0157,1077,0.17342826771609832
RNA ridge,CD4 T,ADT_CD45R-B220_A0103,1077,0.0278700229327316
RNA ridge,CD4 T,ADT_CD48_A0429,1077,0.22710366233017962
RNA ridge,CD4 T,ADT_CD49d_A0078,1077,0.13887053633038507
RNA ridge,CD4 T,ADT_CD5_A0111,1077,0.3763761349953812
RNA ridge,CD4 T,ADT_CD54_A0074,1077,0.06701941328175584
RNA ridge,CD4 T,ADT_CD55(DAF)_A0558,1077,0.4923774540567639
RNA ridge,CD4 T,ADT_CD62L_A0112,1077,0.17495186855099532
RNA ridge,CD4 T,ADT_CD62P(P-selectin)_A0229,1077,0.00727057490063923
RNA ridge,CD4 T,ADT_CD63_A0559,1077,0.045187117935678645
RNA ridge,CD4 T,ADT_CD64(FcrRI)_A0202,1077,0.027779837739402513
RNA ridge,CD4 T,ADT_CD68_A0560,1077,0.04845101276047657
RNA ridge,CD4 T,ADT_CD69_A0197,1077,0.1603871463917692
RNA ridge,CD4 T,ADT_CD71_A0441,1077,0.06147143591938129
RNA ridge,CD4 T,ADT_CD73_A0077,1077,0.4300060501589349
RNA ridge,CD4 T,ADT_CD79b(Igb)_A0561,1077,0.05111140021918188
RNA ridge,CD4 T,ADT_CD83_A0562,1077,-0.055262245771268384
RNA ridge,CD4 T,ADT_CD86_A0200,1077,0.2104721569899029
RNA ridge,CD4 T,ADT_CD8a_A0002,1077,0.039939671055670214
RNA ridge,CD4 T,ADT_CD8b(Ly-3)_A0230,1077,0.016457189700638763
RNA ridge,CD4 T,ADT_CD90.1(Thy-1.1)_A0380,1077,0.0062003462092905135
RNA ridge,CD4 T,ADT_CD90.2_A0075,1077,0.1990932567115913
RNA ridge,CD4 T,ADT_CD93(AA4.1_earlyBlineage)_A0113,1077,-0.0035373552461276875
RNA ridge,CD4 T,ADT_CX3CR1_A0563,1077,0.045492328630208086
RNA ridge,CD4 T,ADT_ESAM_A0596,1077,0.002165987466212664
RNA ridge,CD4 T,ADT_F4-80_A0114,1077,-0.0006264905487051578
RNA ridge,CD4 T,ADT_FceRIa_A0115,1077,0.0031519308585838787
RNA ridge,CD4 T,ADT_FolateReceptorb(FR-b)_A0564,1077,-0.015116095963775876
RNA ridge,CD4 T,ADT_H-2KbboundtoSIINFEKL_A0231,1077,-0.01754728333357501
RNA ridge,CD4 T,ADT_I-A-I-E_A0117,1077,0.04121297294986045
RNA ridge,CD4 T,ADT_IRF4_A0249,1077,0.043542259324570017
RNA ridge,CD4 T,ADT_IgD_A0571,1077,0.06327241740783063
RNA ridge,CD4 T,ADT_IgM_A0450,1077,-0.010809574033356119
RNA ridge,CD4 T,ADT_Ly-6A-E(Sca-1)_A0130,1077,0.3521220135366394
RNA ridge,CD4 T,ADT_Ly-6C_A0013,1077,0.04202934346196979
RNA ridge,CD4 T,ADT_MAdCAM-1_A0232,1077,-0.009735697218778705
RNA ridge,CD4 T,ADT_MERTK(Mer)_A0565,1077,0.013024070334231677
RNA ridge,CD4 T,ADT_NK-1.1_A0118,1077,-0.019690428071846924
RNA ridge,CD4 T,ADT_Notch1_A0442,1077,-0.015433037521424517
RNA ridge,CD4 T,ADT_PanendothelialCellAntigen_A0381,1077,0.012294710238916358
RNA ridge,CD4 T,ADT_SiglecH_A0119,1077,-0.014605983278959787
RNA ridge,CD4 T,ADT_TCRVb5.1_5.2_A0354,1077,0.045498206101021656
RNA ridge,CD4 T,ADT_TCRVb8.1_8.2_A0235,1077,0.02468765864153013
RNA ridge,CD4 T,ADT_TCRVr1.1-Cr4_A0209,1077,-0.022919748127944988
RNA ridge,CD4 T,ADT_TCRVr2_A0211,1077,0.016503644467386332
RNA ridge,CD4 T,ADT_TCRVr3_A0210,1077,0.043921535649910776
RNA ridge,CD4 T,ADT_TCRbchain_A0120,1077,0.07455566502385065
RNA ridge,CD4 T,ADT_TCRr-d_A0121,1077,-0.008070717512856412
RNA ridge,CD4 T,ADT_TER-119-ErythroidCells_A0122,1077,0.008817152671377977
RNA ridge,CD4 T,ADT_Tim-4_A0567,1077,0.034427119873845204
RNA ridge,CD4 T,ADT_XCR1_A0568,1077,0.009087725828030689
RNA ridge,CD4 T,ADT_anti-P2RY12_A0415,1077,0.008720297086349
RNA ridge,CD4 T,ADT_integrinb7_A0214,1077,0.09675138256760021
RNA ridge,CD8 T,ADT_CD102_A0104,680,0.30362856094333096
RNA ridge,CD8 T,ADT_CD103_A0201,680,0.3164107190708808
RNA ridge,CD8 T,ADT_CD106_A0226,680,-0.039873249210083735
RNA ridge,CD8 T,ADT_CD115(CSF-1R)_A0105,680,0.06886302453472654
RNA ridge,CD8 T,ADT_CD117(c-Kit)_A0012,680,0.05817760986043658
RNA ridge,CD8 T,ADT_CD11a_A0595,680,0.41640145148619145
RNA ridge,CD8 T,ADT_CD11c_A0106,680,0.05534425442793846
RNA ridge,CD8 T,ADT_CD122(IL-2Rb)_A0227,680,0.0948537574550667
RNA ridge,CD8 T,ADT_CD127(IL-7Ra)_A0198,680,0.2291372846326156
RNA ridge,CD8 T,ADT_CD134(OX-40)_A0195,680,0.02426416319854331
RNA ridge,CD8 T,ADT_CD135_A0098,680,0.06809668479808155
RNA ridge,CD8 T,ADT_CD137_A0194,680,0.007568224320420304
RNA ridge,CD8 T,ADT_CD14_A0424,680,0.032767977923847995
RNA ridge,CD8 T,ADT_CD140a_A0573,680,0.039440380454021796
RNA ridge,CD8 T,ADT_CD15(SSEA-1)_A0076,680,0.07047764082287246
RNA ridge,CD8 T,ADT_CD150(SLAM)_A0203,680,0.3220210985344689
RNA ridge,CD8 T,ADT_CD16-32_A0109,680,0.04601424966332843
RNA ridge,CD8 T,ADT_CD169(Siglec-1)_A0440,680,0.07331126382629402
RNA ridge,CD8 T,ADT_CD172a(SIRPa)_A0422,680,0.09267348385303659
RNA ridge,CD8 T,ADT_CD183(CXCR3)_A0228,680,0.12578424992833684
RNA ridge,CD8 T,ADT_CD184(CXCR4)_A0444,680,0.05019021755830583
RNA ridge,CD8 T,ADT_CD19_A0093,680,0.09733923768870621
RNA ridge,CD8 T,ADT_CD192(CCR2)_A0426,680,0.01237211413556046
RNA ridge,CD8 T,ADT_CD195(CCR5)_A0376,680,0.04665599232224366
RNA ridge,CD8 T,ADT_CD196(CCR6)_A0225,680,-0.03322031373798301
RNA ridge,CD8 T,ADT_CD197(CCR7)_A0377,680,-0.050563604295209674
RNA ridge,CD8 T,ADT_CD20_A0192,680,0.05033791480512116
RNA ridge,CD8 T,ADT_CD200(OX2)_A0079,680,0.2508668327981352
RNA ridge,CD8 T,ADT_CD201(EPCR)_A0439,680,0.05191552396582321
RNA ridge,CD8 T,ADT_CD204(Msr1)_A0448,680,0.029861781308483538
RNA ridge,CD8 T,ADT_CD206(MMR)_A0173,680,-0.018074270647634994
RNA ridge,CD8 T,ADT_CD21-CD35(CR2-CR1)_A0107,680,0.04758924861284903
RNA ridge,CD8 T,ADT_CD223(LAG-3)_A0378,680,0.06064852879356868
RNA ridge,CD8 T,ADT_CD23_A0108,680,-0.009679741881721311
RNA ridge,CD8 T,ADT_CD24_A0212,680,0.18712090392883352
RNA ridge,CD8 T,ADT_CD25_A0097,680,0.009905422515562609
RNA ridge,CD8 T,ADT_CD274(B7-H1_PD-L1)_A0190,680,0.19260776530472304
RNA ridge,CD8 T,ADT_CD278(ICOS)_A0171,680,0.4089930284144008
RNA ridge,CD8 T,ADT_CD279(PD-1)_A0004,680,0.07775130058900544
RNA ridge,CD8 T,ADT_CD28_A0204,680,0.08568551409398936
RNA ridge,CD8 T,ADT_CD29_A0570,680,0.17157440064833104
RNA ridge,CD8 T,ADT_CD300LG(Nepmucin)_A0416,680,-0.003251231949463253
RNA ridge,CD8 T,ADT_CD301a(MGL1)_A0551,680,0.0023938046986544683
RNA ridge,CD8 T,ADT_CD301b(MGL2)_A0566,680,0.01372614771474889
RNA ridge,CD8 T,ADT_CD304(Neuropilin-1)_A0552,680,0.05484338366883219
RNA ridge,CD8 T,ADT_CD326(Ep-CAM)_A0449,680,0.03316389958368676
RNA ridge,CD8 T,ADT_CD335(NKp46)_A0184,680,0.10131948661325581
RNA ridge,CD8 T,ADT_CD357(GITR)_A0193,680,0.19125750954413903
RNA ridge,CD8 T,ADT_CD36_A0555,680,0.010975528812482234
RNA ridge,CD8 T,ADT_CD366(Tim-3)_A0003,680,0.0008825954360592896
RNA ridge,CD8 T,ADT_CD370(CLEC9A_DNGR1)_A0556,680,-0.02695568919083419
RNA ridge,CD8 T,ADT_CD38_A0557,680,0.22289090197317865
RNA ridge,CD8 T,ADT_CD4_A0001,680,0.049636136779839385
RNA ridge,CD8 T,ADT_CD41_A0443,680,-0.012190258202954166
RNA ridge,CD8 T,ADT_CD43_A0110,680,0.33873255750378256
RNA ridge,CD8 T,ADT_CD45_A0096,680,0.1852130190914958
RNA ridge,CD8 T,ADT_CD45.1_A0178,680,0.07226366516136165
RNA ridge,CD8 T,ADT_CD45.2_A0157,680,0.17761098276125772
RNA ridge,CD8 T,ADT_CD45R-B220_A0103,680,-0.03122344420738107
RNA ridge,CD8 T,ADT_CD48_A0429,680,0.1690141475808551
RNA ridge,CD8 T,ADT_CD49d_A0078,680,0.15228102562447324
RNA ridge,CD8 T,ADT_CD5_A0111,680,0.4812352885095325
RNA ridge,CD8 T,ADT_CD54_A0074,680,0.21322698815535157
RNA ridge,CD8 T,ADT_CD55(DAF)_A0558,680,0.48049714044239694
RNA ridge,CD8 T,ADT_CD62L_A0112,680,0.31338359540362853
RNA ridge,CD8 T,ADT_CD62P(P-selectin)_A0229,680,0.04494078060919864
RNA ridge,CD8 T,ADT_CD63_A0559,680,-0.026129500835091857
RNA ridge,CD8 T,ADT_CD64(FcrRI)_A0202,680,-0.029894629146696917
RNA ridge,CD8 T,ADT_CD68_A0560,680,0.012712312225386718
RNA ridge,CD8 T,ADT_CD69_A0197,680,0.15999146630925531
RNA ridge,CD8 T,ADT_CD71_A0441,680,0.21308833251457607
RNA ridge,CD8 T,ADT_CD73_A0077,680,0.31979589992145063
RNA ridge,CD8 T,ADT_CD79b(Igb)_A0561,680,0.0652635198704795
RNA ridge,CD8 T,ADT_CD83_A0562,680,1.2951200029998865e-05
RNA ridge,CD8 T,ADT_CD86_A0200,680,0.1583862406564086
RNA ridge,CD8 T,ADT_CD8a_A0002,680,0.19246762470968737
RNA ridge,CD8 T,ADT_CD8b(Ly-3)_A0230,680,0.17521124508968405
RNA ridge,CD8 T,ADT_CD90.1(Thy-1.1)_A0380,680,-0.009902833015974489
RNA ridge,CD8 T,ADT_CD90.2_A0075,680,0.09905357447686582
RNA ridge,CD8 T,ADT_CD93(AA4.1_earlyBlineage)_A0113,680,-0.011261334072884847
RNA ridge,CD8 T,ADT_CX3CR1_A0563,680,0.03056457214126824
RNA ridge,CD8 T,ADT_ESAM_A0596,680,0.03347855119248976
RNA ridge,CD8 T,ADT_F4-80_A0114,680,0.0004250497814896316
RNA ridge,CD8 T,ADT_FceRIa_A0115,680,0.12344607435672164
RNA ridge,CD8 T,ADT_FolateReceptorb(FR-b)_A0564,680,0.019869860311631155
RNA ridge,CD8 T,ADT_H-2KbboundtoSIINFEKL_A0231,680,0.00578958605782875
RNA ridge,CD8 T,ADT_I-A-I-E_A0117,680,0.1584017941614035
RNA ridge,CD8 T,ADT_IRF4_A0249,680,0.050881589772146775
RNA ridge,CD8 T,ADT_IgD_A0571,680,0.04047722677355696
RNA ridge,CD8 T,ADT_IgM_A0450,680,0.005653017736976158
RNA ridge,CD8 T,ADT_Ly-6A-E(Sca-1)_A0130,680,0.13351603279500288
RNA ridge,CD8 T,ADT_Ly-6C_A0013,680,0.2087234125033634
RNA ridge,CD8 T,ADT_MAdCAM-1_A0232,680,0.03646104514031448
RNA ridge,CD8 T,ADT_MERTK(Mer)_A0565,680,0.08684708193793124
RNA ridge,CD8 T,ADT_NK-1.1_A0118,680,0.02793335081946138
RNA ridge,CD8 T,ADT_Notch1_A0442,680,0.1264844508648194
RNA ridge,CD8 T,ADT_PanendothelialCellAntigen_A0381,680,0.09818676546649976
RNA ridge,CD8 T,ADT_SiglecH_A0119,680,-0.027384645289861863
RNA ridge,CD8 T,ADT_TCRVb5.1_5.2_A0354,680,0.014037933251895444
RNA ridge,CD8 T,ADT_TCRVb8.1_8.2_A0235,680,-0.012988163829081974
RNA ridge,CD8 T,ADT_TCRVr1.1-Cr4_A0209,680,-0.001105998043483471
RNA ridge,CD8 T,ADT_TCRVr2_A0211,680,0.05715257558356659
RNA ridge,CD8 T,ADT_TCRVr3_A0210,680,0.08812195544253615
RNA ridge,CD8 T,ADT_TCRbchain_A0120,680,0.04376834329194102
RNA ridge,CD8 T,ADT_TCRr-d_A0121,680,-0.013794026640650173
RNA ridge,CD8 T,ADT_TER-119-ErythroidCells_A0122,680,-0.030336771574086027
RNA ridge,CD8 T,ADT_Tim-4_A0567,680,-0.03854028093665419
RNA ridge,CD8 T,ADT_XCR1_A0568,680,-0.05868397155684923
RNA ridge,CD8 T,ADT_anti-P2RY12_A0415,680,0.02601925874059562
RNA ridge,CD8 T,ADT_integrinb7_A0214,680,0.3308764550551205
RNA ridge,Cycling B/T cells,ADT_CD102_A0104,81,0.5716673763047986
RNA ridge,Cycling B/T cells,ADT_CD103_A0201,81,0.4470484357564571
RNA ridge,Cycling B/T cells,ADT_CD106_A0226,81,0.1966542129993059
RNA ridge,Cycling B/T cells,ADT_CD115(CSF-1R)_A0105,81,0.3905416995572441
RNA ridge,Cycling B/T cells,ADT_CD117(c-Kit)_A0012,81,0.6654734777521361
RNA ridge,Cycling B/T cells,ADT_CD11a_A0595,81,0.9057556155473394
RNA ridge,Cycling B/T cells,ADT_CD11c_A0106,81,0.3157206004533551
RNA ridge,Cycling B/T cells,ADT_CD122(IL-2Rb)_A0227,81,0.3483757108368115
RNA ridge,Cycling B/T cells,ADT_CD127(IL-7Ra)_A0198,81,0.3056067605974436
RNA ridge,Cycling B/T cells,ADT_CD134(OX-40)_A0195,81,0.33760879281446154
RNA ridge,Cycling B/T cells,ADT_CD135_A0098,81,0.08658678425632972
RNA ridge,Cycling B/T cells,ADT_CD137_A0194,81,0.23179579929012978
RNA ridge,Cycling B/T cells,ADT_CD14_A0424,81,0.25129608723677616
RNA ridge,Cycling B/T cells,ADT_CD140a_A0573,81,0.30312229867768986
RNA ridge,Cycling B/T cells,ADT_CD15(SSEA-1)_A0076,81,0.1875357983301411
RNA ridge,Cycling B/T cells,ADT_CD150(SLAM)_A0203,81,0.6814870513131509
RNA ridge,Cycling B/T cells,ADT_CD16-32_A0109,81,0.06817556546927823
RNA ridge,Cycling B/T cells,ADT_CD169(Siglec-1)_A0440,81,0.1443795110793527
RNA ridge,Cycling B/T cells,ADT_CD172a(SIRPa)_A0422,81,0.3039921839540801
RNA ridge,Cycling B/T cells,ADT_CD183(CXCR3)_A0228,81,0.1289232110339463
RNA ridge,Cycling B/T cells,ADT_CD184(CXCR4)_A0444,81,0.08985608646961804
RNA ridge,Cycling B/T cells,ADT_CD19_A0093,81,0.858647697969221
RNA ridge,Cycling B/T cells,ADT_CD192(CCR2)_A0426,81,0.0029434804392627478
RNA ridge,Cycling B/T cells,ADT_CD195(CCR5)_A0376,81,0.23109462525383975
RNA ridge,Cycling B/T cells,ADT_CD196(CCR6)_A0225,81,0.2586627234874051
RNA ridge,Cycling B/T cells,ADT_CD197(CCR7)_A0377,81,-0.16568508241054203
RNA ridge,Cycling B/T cells,ADT_CD20_A0192,81,0.7473347016052884
RNA ridge,Cycling B/T cells,ADT_CD200(OX2)_A0079,81,0.6234768444285451
RNA ridge,Cycling B/T cells,ADT_CD201(EPCR)_A0439,81,-0.03333841362130755
RNA ridge,Cycling B/T cells,ADT_CD204(Msr1)_A0448,81,-0.06644287471305006
RNA ridge,Cycling B/T cells,ADT_CD206(MMR)_A0173,81,-0.009627548632975033
RNA ridge,Cycling B/T cells,ADT_CD21-CD35(CR2-CR1)_A0107,81,0.8275455590784472
RNA ridge,Cycling B/T cells,ADT_CD223(LAG-3)_A0378,81,0.34244154486240885
RNA ridge,Cycling B/T cells,ADT_CD23_A0108,81,0.6310371326643265
RNA ridge,Cycling B/T cells,ADT_CD24_A0212,81,0.8867603250119226
RNA ridge,Cycling B/T cells,ADT_CD25_A0097,81,0.3700494968798284
RNA ridge,Cycling B/T cells,ADT_CD274(B7-H1_PD-L1)_A0190,81,0.5628340842819559
RNA ridge,Cycling B/T cells,ADT_CD278(ICOS)_A0171,81,0.7478940395412942
RNA ridge,Cycling B/T cells,ADT_CD279(PD-1)_A0004,81,0.4748211485591586
RNA ridge,Cycling B/T cells,ADT_CD28_A0204,81,0.7168635499399251
RNA ridge,Cycling B/T cells,ADT_CD29_A0570,81,0.6814837481021696
RNA ridge,Cycling B/T cells,ADT_CD300LG(Nepmucin)_A0416,81,0.15868641401972985
RNA ridge,Cycling B/T cells,ADT_CD301a(MGL1)_A0551,81,0.1747553693105938
RNA ridge,Cycling B/T cells,ADT_CD301b(MGL2)_A0566,81,-0.005794755087622017
RNA ridge,Cycling B/T cells,ADT_CD304(Neuropilin-1)_A0552,81,0.38148342096692495
RNA ridge,Cycling B/T cells,ADT_CD326(Ep-CAM)_A0449,81,0.3606637539724936
RNA ridge,Cycling B/T cells,ADT_CD335(NKp46)_A0184,81,0.08683203391623016
RNA ridge,Cycling B/T cells,ADT_CD357(GITR)_A0193,81,0.7086333473062022
RNA ridge,Cycling B/T cells,ADT_CD36_A0555,81,0.15608655232460175
RNA ridge,Cycling B/T cells,ADT_CD366(Tim-3)_A0003,81,0.06486971997111277
RNA ridge,Cycling B/T cells,ADT_CD370(CLEC9A_DNGR1)_A0556,81,0.0028042610766470313
RNA ridge,Cycling B/T cells,ADT_CD38_A0557,81,0.8585592835650739
RNA ridge,Cycling B/T cells,ADT_CD4_A0001,81,0.6862263789313201
RNA ridge,Cycling B/T cells,ADT_CD41_A0443,81,-0.07613599841411538
RNA ridge,Cycling B/T cells,ADT_CD43_A0110,81,0.8618471994985243
RNA ridge,Cycling B/T cells,ADT_CD45_A0096,81,0.7785563055356526
RNA ridge,Cycling B/T cells,ADT_CD45.1_A0178,81,0.051480465084567946
RNA ridge,Cycling B/T cells,ADT_CD45.2_A0157,81,0.7414552920989147
RNA ridge,Cycling B/T cells,ADT_CD45R-B220_A0103,81,0.8642255769334456
RNA ridge,Cycling B/T cells,ADT_CD48_A0429,81,0.7210787636109478
RNA ridge,Cycling B/T cells,ADT_CD49d_A0078,81,0.49563518781738963
RNA ridge,Cycling B/T cells,ADT_CD5_A0111,81,0.8038727011475676
RNA ridge,Cycling B/T cells,ADT_CD54_A0074,81,0.7089732615435154
RNA ridge,Cycling B/T cells,ADT_CD55(DAF)_A0558,81,0.6727176692980399
RNA ridge,Cycling B/T cells,ADT_CD62L_A0112,81,0.5958492356742398
RNA ridge,Cycling B/T cells,ADT_CD62P(P-selectin)_A0229,81,0.3319963817347364
RNA ridge,Cycling B/T cells,ADT_CD63_A0559,81,-0.021626033754156483
RNA ridge,Cycling B/T cells,ADT_CD64(FcrRI)_A0202,81,0.0615675351950371
RNA ridge,Cycling B/T cells,ADT_CD68_A0560,81,0.219531433388471
RNA ridge,Cycling B/T cells,ADT_CD69_A0197,81,0.4534116686967601
RNA ridge,Cycling B/T cells,ADT_CD71_A0441,81,0.8254606567304745
RNA ridge,Cycling B/T cells,ADT_CD73_A0077,81,0.6999005101071122
RNA ridge,Cycling B/T cells,ADT_CD79b(Igb)_A0561,81,0.8377248932994112
RNA ridge,Cycling B/T cells,ADT_CD83_A0562,81,0.14106711578737843
RNA ridge,Cycling B/T cells,ADT_CD86_A0200,81,0.4279163022575494
RNA ridge,Cycling B/T cells,ADT_CD8a_A0002,81,0.5629949749365772
RNA ridge,Cycling B/T cells,ADT_CD8b(Ly-3)_A0230,81,0.6397228821859571
RNA ridge,Cycling B/T cells,ADT_CD90.1(Thy-1.1)_A0380,81,-0.11215419601690835
RNA ridge,Cycling B/T cells,ADT_CD90.2_A0075,81,0.826611035122919
RNA ridge,Cycling B/T cells,ADT_CD93(AA4.1_earlyBlineage)_A0113,81,0.36628726809000856
RNA ridge,Cycling B/T cells,ADT_CX3CR1_A0563,81,0.08828886606056512
RNA ridge,Cycling B/T cells,ADT_ESAM_A0596,81,0.14502394824073808
RNA ridge,Cycling B/T cells,ADT_F4-80_A0114,81,0.24672105360615684
RNA ridge,Cycling B/T cells,ADT_FceRIa_A0115,81,0.15702904397523282
RNA ridge,Cycling B/T cells,ADT_FolateReceptorb(FR-b)_A0564,81,0.02881320959800812
RNA ridge,Cycling B/T cells,ADT_H-2KbboundtoSIINFEKL_A0231,81,0.18728453850628346
RNA ridge,Cycling B/T cells,ADT_I-A-I-E_A0117,81,0.8515095240268623
RNA ridge,Cycling B/T cells,ADT_IRF4_A0249,81,0.0683721417746759
RNA ridge,Cycling B/T cells,ADT_IgD_A0571,81,0.7918662037487451
RNA ridge,Cycling B/T cells,ADT_IgM_A0450,81,0.2741846432889691
RNA ridge,Cycling B/T cells,ADT_Ly-6A-E(Sca-1)_A0130,81,0.6587406502620811
RNA ridge,Cycling B/T cells,ADT_Ly-6C_A0013,81,0.22914226625863518
RNA ridge,Cycling B/T cells,ADT_MAdCAM-1_A0232,81,0.2387401570581967
RNA ridge,Cycling B/T cells,ADT_MERTK(Mer)_A0565,81,-0.04279718801587671
RNA ridge,Cycling B/T cells,ADT_NK-1.1_A0118,81,0.2040203198985753
RNA ridge,Cycling B/T cells,ADT_Notch1_A0442,81,0.4237413240286577
RNA ridge,Cycling B/T cells,ADT_PanendothelialCellAntigen_A0381,81,0.14414383137381082
RNA ridge,Cycling B/T cells,ADT_SiglecH_A0119,81,0.04020166379803921
RNA ridge,Cycling B/T cells,ADT_TCRVb5.1_5.2_A0354,81,0.07713254952071387
RNA ridge,Cycling B/T cells,ADT_TCRVb8.1_8.2_A0235,81,0.039321345290196284
RNA ridge,Cycling B/T cells,ADT_TCRVr1.1-Cr4_A0209,81,0.08476074416801398
RNA ridge,Cycling B/T cells,ADT_TCRVr2_A0211,81,0.08546385235907641
RNA ridge,Cycling B/T cells,ADT_TCRVr3_A0210,81,0.06621087343269161
RNA ridge,Cycling B/T cells,ADT_TCRbchain_A0120,81,0.6923239614904114
RNA ridge,Cycling B/T cells,ADT_TCRr-d_A0121,81,0.16094648280538007
RNA ridge,Cycling B/T cells,ADT_TER-119-ErythroidCells_A0122,81,-0.1905909795113091
RNA ridge,Cycling B/T cells,ADT_Tim-4_A0567,81,0.21198033865424953
RNA ridge,Cycling B/T cells,ADT_XCR1_A0568,81,-0.057184167828381795
RNA ridge,Cycling B/T cells,ADT_anti-P2RY12_A0415,81,0.15645556739823158
RNA ridge,Cycling B/T cells,ADT_integrinb7_A0214,81,0.5247091002423859
RNA ridge,GD T,ADT_CD102_A0104,73,0.5850124503160964
RNA ridge,GD T,ADT_CD103_A0201,73,0.7526683337598084
RNA ridge,GD T,ADT_CD106_A0226,73,0.051978904106922054
RNA ridge,GD T,ADT_CD115(CSF-1R)_A0105,73,0.3253700973318991
RNA ridge,GD T,ADT_CD117(c-Kit)_A0012,73,0.3968117282933468
RNA ridge,GD T,ADT_CD11a_A0595,73,0.12298104069463911
RNA ridge,GD T,ADT_CD11c_A0106,73,0.06743733301996997
RNA ridge,GD T,ADT_CD122(IL-2Rb)_A0227,73,0.23478428132807377
RNA ridge,GD T,ADT_CD127(IL-7Ra)_A0198,73,0.6231549945085164
RNA ridge,GD T,ADT_CD134(OX-40)_A0195,73,0.029229977507415576
RNA ridge,GD T,ADT_CD135_A0098,73,-0.19057783332923695
RNA ridge,GD T,ADT_CD137_A0194,73,0.08695114325907362
RNA ridge,GD T,ADT_CD14_A0424,73,0.19600285375161666
RNA ridge,GD T,ADT_CD140a_A0573,73,0.08067696145829707
RNA ridge,GD T,ADT_CD15(SSEA-1)_A0076,73,0.07160045739242096
RNA ridge,GD T,ADT_CD150(SLAM)_A0203,73,0.008196723034137862
RNA ridge,GD T,ADT_CD16-32_A0109,73,0.2883148925649854
RNA ridge,GD T,ADT_CD169(Siglec-1)_A0440,73,0.32995582917448124
RNA ridge,GD T,ADT_CD172a(SIRPa)_A0422,73,0.2995927259700299
RNA ridge,GD T,ADT_CD183(CXCR3)_A0228,73,0.6220388557854523
RNA ridge,GD T,ADT_CD184(CXCR4)_A0444,73,0.30598016009201917
RNA ridge,GD T,ADT_CD19_A0093,73,0.12325534424573825
RNA ridge,GD T,ADT_CD192(CCR2)_A0426,73,-0.023868961891640277
RNA ridge,GD T,ADT_CD195(CCR5)_A0376,73,0.07119549752356678
RNA ridge,GD T,ADT_CD196(CCR6)_A0225,73,-0.022396985341501283
RNA ridge,GD T,ADT_CD197(CCR7)_A0377,73,0.010991908408577803
RNA ridge,GD T,ADT_CD20_A0192,73,0.18033989399800854
RNA ridge,GD T,ADT_CD200(OX2)_A0079,73,0.47488776568807756
RNA ridge,GD T,ADT_CD201(EPCR)_A0439,73,0.15501032267044293
RNA ridge,GD T,ADT_CD204(Msr1)_A0448,73,-0.14814986420764772
RNA ridge,GD T,ADT_CD206(MMR)_A0173,73,0.15359017413900677
RNA ridge,GD T,ADT_CD21-CD35(CR2-CR1)_A0107,73,0.044068664237433657
RNA ridge,GD T,ADT_CD223(LAG-3)_A0378,73,0.11353786065753782
RNA ridge,GD T,ADT_CD23_A0108,73,0.23289449820161212
RNA ridge,GD T,ADT_CD24_A0212,73,0.32365070371188154
RNA ridge,GD T,ADT_CD25_A0097,73,0.35858487864817734
RNA ridge,GD T,ADT_CD274(B7-H1_PD-L1)_A0190,73,0.29498867037243676
RNA ridge,GD T,ADT_CD278(ICOS)_A0171,73,0.6472045155387034
RNA ridge,GD T,ADT_CD279(PD-1)_A0004,73,0.40333151729599404
RNA ridge,GD T,ADT_CD28_A0204,73,0.31355533510923456
RNA ridge,GD T,ADT_CD29_A0570,73,0.44299043815481604
RNA ridge,GD T,ADT_CD300LG(Nepmucin)_A0416,73,-0.10150853255531457
RNA ridge,GD T,ADT_CD301a(MGL1)_A0551,73,0.0457845944529292
RNA ridge,GD T,ADT_CD301b(MGL2)_A0566,73,-0.04061307092336685
RNA ridge,GD T,ADT_CD304(Neuropilin-1)_A0552,73,0.520873400517948
RNA ridge,GD T,ADT_CD326(Ep-CAM)_A0449,73,0.35070204983019493
RNA ridge,GD T,ADT_CD335(NKp46)_A0184,73,0.07672824828677655
RNA ridge,GD T,ADT_CD357(GITR)_A0193,73,-0.32129714669015086
RNA ridge,GD T,ADT_CD36_A0555,73,0.18011989682364107
RNA ridge,GD T,ADT_CD366(Tim-3)_A0003,73,0.17663481209820095
RNA ridge,GD T,ADT_CD370(CLEC9A_DNGR1)_A0556,73,0.24000339007826543
RNA ridge,GD T,ADT_CD38_A0557,73,0.20128678178593945
RNA ridge,GD T,ADT_CD4_A0001,73,0.3623488055247703
RNA ridge,GD T,ADT_CD41_A0443,73,0.1799628867668087
RNA ridge,GD T,ADT_CD43_A0110,73,0.5363426701534227
RNA ridge,GD T,ADT_CD45_A0096,73,0.1597142946056552
RNA ridge,GD T,ADT_CD45.1_A0178,73,-0.050531044230164135
RNA ridge,GD T,ADT_CD45.2_A0157,73,0.26187676575151797
RNA ridge,GD T,ADT_CD45R-B220_A0103,73,-0.12156047850252648
RNA ridge,GD T,ADT_CD48_A0429,73,0.30138550671923225
RNA ridge,GD T,ADT_CD49d_A0078,73,0.49504138048690954
RNA ridge,GD T,ADT_CD5_A0111,73,0.5134099029604551
RNA ridge,GD T,ADT_CD54_A0074,73,0.2734482319172318
RNA ridge,GD T,ADT_CD55(DAF)_A0558,73,0.20730333585813318
RNA ridge,GD T,ADT_CD62L_A0112,73,-0.045132778810587665
RNA ridge,GD T,ADT_CD62P(P-selectin)_A0229,73,0.13462966062474363
RNA ridge,GD T,ADT_CD63_A0559,73,0.33604689098591056
RNA ridge,GD T,ADT_CD64(FcrRI)_A0202,73,0.01626205114838358
RNA ridge,GD T,ADT_CD68_A0560,73,0.3600725440092132
RNA ridge,GD T,ADT_CD69_A0197,73,-0.0011466404037371407
RNA ridge,GD T,ADT_CD71_A0441,73,0.43206386818269144
RNA ridge,GD T,ADT_CD73_A0077,73,0.4568633737949547
RNA ridge,GD T,ADT_CD79b(Igb)_A0561,73,0.18752309792529204
RNA ridge,GD T,ADT_CD83_A0562,73,-0.045748297963498594
RNA ridge,GD T,ADT_CD86_A0200,73,0.11383294878005291
RNA ridge,GD T,ADT_CD8a_A0002,73,0.1650183427977118
RNA ridge,GD T,ADT_CD8b(Ly-3)_A0230,73,0.050216707031371405
RNA ridge,GD T,ADT_CD90.1(Thy-1.1)_A0380,73,0.012536692456286894
RNA ridge,GD T,ADT_CD90.2_A0075,73,0.4383200278854885
RNA ridge,GD T,ADT_CD93(AA4.1_earlyBlineage)_A0113,73,-0.0749196950368691
RNA ridge,GD T,ADT_CX3CR1_A0563,73,0.0724411080422631
RNA ridge,GD T,ADT_ESAM_A0596,73,-0.07097565564951658
RNA ridge,GD T,ADT_F4-80_A0114,73,0.17248647107942428
RNA ridge,GD T,ADT_FceRIa_A0115,73,0.047383538688655476
RNA ridge,GD T,ADT_FolateReceptorb(FR-b)_A0564,73,0.32494997166658857
RNA ridge,GD T,ADT_H-2KbboundtoSIINFEKL_A0231,73,0.20282167213678556
RNA ridge,GD T,ADT_I-A-I-E_A0117,73,0.30192156958043287
RNA ridge,GD T,ADT_IRF4_A0249,73,0.014872936295647109
RNA ridge,GD T,ADT_IgD_A0571,73,0.1064910742919092
RNA ridge,GD T,ADT_IgM_A0450,73,-0.1359165107021889
RNA ridge,GD T,ADT_Ly-6A-E(Sca-1)_A0130,73,0.44578666610810636
RNA ridge,GD T,ADT_Ly-6C_A0013,73,0.2820850344710971
RNA ridge,GD T,ADT_MAdCAM-1_A0232,73,-0.24662475409003218
RNA ridge,GD T,ADT_MERTK(Mer)_A0565,73,0.009752969736152427
RNA ridge,GD T,ADT_NK-1.1_A0118,73,0.5445974325505413
RNA ridge,GD T,ADT_Notch1_A0442,73,-0.0643214215924923
RNA ridge,GD T,ADT_PanendothelialCellAntigen_A0381,73,0.08794033564706959
RNA ridge,GD T,ADT_SiglecH_A0119,73,0.0944935556615104
RNA ridge,GD T,ADT_TCRVb5.1_5.2_A0354,73,0.15315073438376525
RNA ridge,GD T,ADT_TCRVb8.1_8.2_A0235,73,0.14432431375239296
RNA ridge,GD T,ADT_TCRVr1.1-Cr4_A0209,73,-0.001835330999226858
RNA ridge,GD T,ADT_TCRVr2_A0211,73,-0.18592518658415547
RNA ridge,GD T,ADT_TCRVr3_A0210,73,-0.11336396744202462
RNA ridge,GD T,ADT_TCRbchain_A0120,73,0.4551428843189601
RNA ridge,GD T,ADT_TCRr-d_A0121,73,-0.09925121775648002
RNA ridge,GD T,ADT_TER-119-ErythroidCells_A0122,73,-0.18074673954528037
RNA ridge,GD T,ADT_Tim-4_A0567,73,0.3228160561628739
RNA ridge,GD T,ADT_XCR1_A0568,73,-0.03188515291556321
RNA ridge,GD T,ADT_anti-P2RY12_A0415,73,0.06208190669228965
RNA ridge,GD T,ADT_integrinb7_A0214,73,0.7876155735984244
RNA ridge,ICOS-high Tregs,ADT_CD102_A0104,91,0.3125400869130152
RNA ridge,ICOS-high Tregs,ADT_CD103_A0201,91,0.230332135865853
RNA ridge,ICOS-high Tregs,ADT_CD106_A0226,91,0.29782463412844035
RNA ridge,ICOS-high Tregs,ADT_CD115(CSF-1R)_A0105,91,0.11820846206779546
RNA ridge,ICOS-high Tregs,ADT_CD117(c-Kit)_A0012,91,0.28344838882252044
RNA ridge,ICOS-high Tregs,ADT_CD11a_A0595,91,0.4319036099613264
RNA ridge,ICOS-high Tregs,ADT_CD11c_A0106,91,0.21921881283127387
RNA ridge,ICOS-high Tregs,ADT_CD122(IL-2Rb)_A0227,91,0.13347431864708828
RNA ridge,ICOS-high Tregs,ADT_CD127(IL-7Ra)_A0198,91,0.06478151415684771
RNA ridge,ICOS-high Tregs,ADT_CD134(OX-40)_A0195,91,0.3820440806862139
RNA ridge,ICOS-high Tregs,ADT_CD135_A0098,91,-0.10903119052688699
RNA ridge,ICOS-high Tregs,ADT_CD137_A0194,91,0.17601111299496877
RNA ridge,ICOS-high Tregs,ADT_CD14_A0424,91,0.37395352987595176
RNA ridge,ICOS-high Tregs,ADT_CD140a_A0573,91,-0.026086256827421644
RNA ridge,ICOS-high Tregs,ADT_CD15(SSEA-1)_A0076,91,0.10534358931684153
RNA ridge,ICOS-high Tregs,ADT_CD150(SLAM)_A0203,91,0.4771112778054814
RNA ridge,ICOS-high Tregs,ADT_CD16-32_A0109,91,-0.12922270652079845
RNA ridge,ICOS-high Tregs,ADT_CD169(Siglec-1)_A0440,91,-0.02139410213687971
RNA ridge,ICOS-high Tregs,ADT_CD172a(SIRPa)_A0422,91,0.19270359149313654
RNA ridge,ICOS-high Tregs,ADT_CD183(CXCR3)_A0228,91,0.30322817103038413
RNA ridge,ICOS-high Tregs,ADT_CD184(CXCR4)_A0444,91,0.4064653998736344
RNA ridge,ICOS-high Tregs,ADT_CD19_A0093,91,0.10630756688017791
RNA ridge,ICOS-high Tregs,ADT_CD192(CCR2)_A0426,91,-0.05834360931013718
RNA ridge,ICOS-high Tregs,ADT_CD195(CCR5)_A0376,91,0.048139918476202644
RNA ridge,ICOS-high Tregs,ADT_CD196(CCR6)_A0225,91,-0.0904105319510499
RNA ridge,ICOS-high Tregs,ADT_CD197(CCR7)_A0377,91,0.07273421749046494
RNA ridge,ICOS-high Tregs,ADT_CD20_A0192,91,0.09135422503413271
RNA ridge,ICOS-high Tregs,ADT_CD200(OX2)_A0079,91,0.3033005119416903
RNA ridge,ICOS-high Tregs,ADT_CD201(EPCR)_A0439,91,-0.09842562157232715
RNA ridge,ICOS-high Tregs,ADT_CD204(Msr1)_A0448,91,0.06170180015620185
RNA ridge,ICOS-high Tregs,ADT_CD206(MMR)_A0173,91,0.12431998560936687
RNA ridge,ICOS-high Tregs,ADT_CD21-CD35(CR2-CR1)_A0107,91,0.18376203760048734
RNA ridge,ICOS-high Tregs,ADT_CD223(LAG-3)_A0378,91,0.06649214413366374
RNA ridge,ICOS-high Tregs,ADT_CD23_A0108,91,0.1398408855161621
RNA ridge,ICOS-high Tregs,ADT_CD24_A0212,91,0.0560446739176475
RNA ridge,ICOS-high Tregs,ADT_CD25_A0097,91,0.5884390600809583
RNA ridge,ICOS-high Tregs,ADT_CD274(B7-H1_PD-L1)_A0190,91,0.270057338135605
RNA ridge,ICOS-high Tregs,ADT_CD278(ICOS)_A0171,91,0.669767259973422
RNA ridge,ICOS-high Tregs,ADT_CD279(PD-1)_A0004,91,0.5272622125306313
RNA ridge,ICOS-high Tregs,ADT_CD28_A0204,91,0.32639466760880503
RNA ridge,ICOS-high Tregs,ADT_CD29_A0570,91,0.3770546653303475
RNA ridge,ICOS-high Tregs,ADT_CD300LG(Nepmucin)_A0416,91,8.792113233254244e-05
RNA ridge,ICOS-high Tregs,ADT_CD301a(MGL1)_A0551,91,0.15352464224742576
RNA ridge,ICOS-high Tregs,ADT_CD301b(MGL2)_A0566,91,0.09327746075634981
RNA ridge,ICOS-high Tregs,ADT_CD304(Neuropilin-1)_A0552,91,0.4633055692297112
RNA ridge,ICOS-high Tregs,ADT_CD326(Ep-CAM)_A0449,91,0.28527571818948194
RNA ridge,ICOS-high Tregs,ADT_CD335(NKp46)_A0184,91,-0.004421294500361922
RNA ridge,ICOS-high Tregs,ADT_CD357(GITR)_A0193,91,0.5510911188102358
RNA ridge,ICOS-high Tregs,ADT_CD36_A0555,91,0.16749154488764945
RNA ridge,ICOS-high Tregs,ADT_CD366(Tim-3)_A0003,91,0.1279635040590964
RNA ridge,ICOS-high Tregs,ADT_CD370(CLEC9A_DNGR1)_A0556,91,0.023290051783324533
RNA ridge,ICOS-high Tregs,ADT_CD38_A0557,91,0.44921188604246
RNA ridge,ICOS-high Tregs,ADT_CD4_A0001,91,0.35283952704507665
RNA ridge,ICOS-high Tregs,ADT_CD41_A0443,91,-0.06036522389778835
RNA ridge,ICOS-high Tregs,ADT_CD43_A0110,91,0.4707489062281621
RNA ridge,ICOS-high Tregs,ADT_CD45_A0096,91,0.5072385291060414
RNA ridge,ICOS-high Tregs,ADT_CD45.1_A0178,91,0.03355906462041928
RNA ridge,ICOS-high Tregs,ADT_CD45.2_A0157,91,0.426802626881303
RNA ridge,ICOS-high Tregs,ADT_CD45R-B220_A0103,91,-0.050265843296668215
RNA ridge,ICOS-high Tregs,ADT_CD48_A0429,91,0.4393289636871769
RNA ridge,ICOS-high Tregs,ADT_CD49d_A0078,91,0.42491102818924875
RNA ridge,ICOS-high Tregs,ADT_CD5_A0111,91,0.202010710557441
RNA ridge,ICOS-high Tregs,ADT_CD54_A0074,91,0.6522322733940114
RNA ridge,ICOS-high Tregs,ADT_CD55(DAF)_A0558,91,0.32921867437580793
RNA ridge,ICOS-high Tregs,ADT_CD62L_A0112,91,0.21136481143909513
RNA ridge,ICOS-high Tregs,ADT_CD62P(P-selectin)_A0229,91,-0.11721644679569729
RNA ridge,ICOS-high Tregs,ADT_CD63_A0559,91,0.16210541573606105
RNA ridge,ICOS-high Tregs,ADT_CD64(FcrRI)_A0202,91,0.06695200223880253
RNA ridge,ICOS-high Tregs,ADT_CD68_A0560,91,0.07599677864250134
RNA ridge,ICOS-high Tregs,ADT_CD69_A0197,91,0.24197387868522136
RNA ridge,ICOS-high Tregs,ADT_CD71_A0441,91,0.34011823669422714
RNA ridge,ICOS-high Tregs,ADT_CD73_A0077,91,0.4565219140070827
RNA ridge,ICOS-high Tregs,ADT_CD79b(Igb)_A0561,91,0.045777433720305134
RNA ridge,ICOS-high Tregs,ADT_CD83_A0562,91,0.14397375218996142
RNA ridge,ICOS-high Tregs,ADT_CD86_A0200,91,0.055237839115450854
RNA ridge,ICOS-high Tregs,ADT_CD8a_A0002,91,0.173328660328163
RNA ridge,ICOS-high Tregs,ADT_CD8b(Ly-3)_A0230,91,-0.002583185378890195
RNA ridge,ICOS-high Tregs,ADT_CD90.1(Thy-1.1)_A0380,91,0.05737218707611102
RNA ridge,ICOS-high Tregs,ADT_CD90.2_A0075,91,0.2802811013674807
RNA ridge,ICOS-high Tregs,ADT_CD93(AA4.1_earlyBlineage)_A0113,91,0.11987273545192564
RNA ridge,ICOS-high Tregs,ADT_CX3CR1_A0563,91,0.129517231083081
RNA ridge,ICOS-high Tregs,ADT_ESAM_A0596,91,0.1548561835838325
RNA ridge,ICOS-high Tregs,ADT_F4-80_A0114,91,0.23221488577333763
RNA ridge,ICOS-high Tregs,ADT_FceRIa_A0115,91,-0.05954978080721396
RNA ridge,ICOS-high Tregs,ADT_FolateReceptorb(FR-b)_A0564,91,-0.06214875588688571
RNA ridge,ICOS-high Tregs,ADT_H-2KbboundtoSIINFEKL_A0231,91,0.041026559146077016
RNA ridge,ICOS-high Tregs,ADT_I-A-I-E_A0117,91,0.11896758265414835
RNA ridge,ICOS-high Tregs,ADT_IRF4_A0249,91,0.01338100957524978
RNA ridge,ICOS-high Tregs,ADT_IgD_A0571,91,0.28349498198811157
RNA ridge,ICOS-high Tregs,ADT_IgM_A0450,91,0.12676696200201507
RNA ridge,ICOS-high Tregs,ADT_Ly-6A-E(Sca-1)_A0130,91,0.5578074741355418
RNA ridge,ICOS-high Tregs,ADT_Ly-6C_A0013,91,0.08773992466514416
RNA ridge,ICOS-high Tregs,ADT_MAdCAM-1_A0232,91,0.02463230000873808
RNA ridge,ICOS-high Tregs,ADT_MERTK(Mer)_A0565,91,0.31835099878145684
RNA ridge,ICOS-high Tregs,ADT_NK-1.1_A0118,91,-0.0046554293800361015
RNA ridge,ICOS-high Tregs,ADT_Notch1_A0442,91,0.22415028805247877
RNA ridge,ICOS-high Tregs,ADT_PanendothelialCellAntigen_A0381,91,0.0064051406930199515
RNA ridge,ICOS-high Tregs,ADT_SiglecH_A0119,91,-0.09046637702200169
RNA ridge,ICOS-high Tregs,ADT_TCRVb5.1_5.2_A0354,91,0.1663511713704243
RNA ridge,ICOS-high Tregs,ADT_TCRVb8.1_8.2_A0235,91,0.1146924635089631
RNA ridge,ICOS-high Tregs,ADT_TCRVr1.1-Cr4_A0209,91,0.0658456237270049
RNA ridge,ICOS-high Tregs,ADT_TCRVr2_A0211,91,-0.22064138842272268
RNA ridge,ICOS-high Tregs,ADT_TCRVr3_A0210,91,0.06389484609633946
RNA ridge,ICOS-high Tregs,ADT_TCRbchain_A0120,91,0.3692797922156521
RNA ridge,ICOS-high Tregs,ADT_TCRr-d_A0121,91,0.08577979868681508
RNA ridge,ICOS-high Tregs,ADT_TER-119-ErythroidCells_A0122,91,-0.1658850826219137
RNA ridge,ICOS-high Tregs,ADT_Tim-4_A0567,91,0.28265903096590894
RNA ridge,ICOS-high Tregs,ADT_XCR1_A0568,91,-0.047926999380613226
RNA ridge,ICOS-high Tregs,ADT_anti-P2RY12_A0415,91,0.1478494351530106
RNA ridge,ICOS-high Tregs,ADT_integrinb7_A0214,91,0.08138838190050537
RNA ridge,Ifit3-high B,ADT_CD102_A0104,249,0.4245562266295729
RNA ridge,Ifit3-high B,ADT_CD103_A0201,249,-0.030272471444292726
RNA ridge,Ifit3-high B,ADT_CD106_A0226,249,0.1502395218410333
RNA ridge,Ifit3-high B,ADT_CD115(CSF-1R)_A0105,249,-0.1273281110372341
RNA ridge,Ifit3-high B,ADT_CD117(c-Kit)_A0012,249,-0.1433075313479913
RNA ridge,Ifit3-high B,ADT_CD11a_A0595,249,0.40389481580788594
RNA ridge,Ifit3-high B,ADT_CD11c_A0106,249,-0.018681832701483447
RNA ridge,Ifit3-high B,ADT_CD122(IL-2Rb)_A0227,249,0.04236400455230487
RNA ridge,Ifit3-high B,ADT_CD127(IL-7Ra)_A0198,249,-0.028879013832039113
RNA ridge,Ifit3-high B,ADT_CD134(OX-40)_A0195,249,0.08445855309824378
RNA ridge,Ifit3-high B,ADT_CD135_A0098,249,-0.030979851813523085
RNA ridge,Ifit3-high B,ADT_CD137_A0194,249,-0.07117796311169391
RNA ridge,Ifit3-high B,ADT_CD14_A0424,249,0.10089948368274138
RNA ridge,Ifit3-high B,ADT_CD140a_A0573,249,0.037760528177345695
RNA ridge,Ifit3-high B,ADT_CD15(SSEA-1)_A0076,249,-0.004058377253265936
RNA ridge,Ifit3-high B,ADT_CD150(SLAM)_A0203,249,0.3010734236695555
RNA ridge,Ifit3-high B,ADT_CD16-32_A0109,249,-0.020675427299782664
RNA ridge,Ifit3-high B,ADT_CD169(Siglec-1)_A0440,249,0.13638330504852525
RNA ridge,Ifit3-high B,ADT_CD172a(SIRPa)_A0422,249,0.054263595161879646
RNA ridge,Ifit3-high B,ADT_CD183(CXCR3)_A0228,249,-0.0033651218184825556
RNA ridge,Ifit3-high B,ADT_CD184(CXCR4)_A0444,249,-0.07199511842716093
RNA ridge,Ifit3-high B,ADT_CD19_A0093,249,0.36796978677249853
RNA ridge,Ifit3-high B,ADT_CD192(CCR2)_A0426,249,-0.003995476480481745
RNA ridge,Ifit3-high B,ADT_CD195(CCR5)_A0376,249,0.03867902760694174
RNA ridge,Ifit3-high B,ADT_CD196(CCR6)_A0225,249,0.03182668548687231
RNA ridge,Ifit3-high B,ADT_CD197(CCR7)_A0377,249,-0.01374654260818386
RNA ridge,Ifit3-high B,ADT_CD20_A0192,249,0.27634787251137527
RNA ridge,Ifit3-high B,ADT_CD200(OX2)_A0079,249,0.07520127849329433
RNA ridge,Ifit3-high B,ADT_CD201(EPCR)_A0439,249,0.08248999573028963
RNA ridge,Ifit3-high B,ADT_CD204(Msr1)_A0448,249,0.032168764379204
RNA ridge,Ifit3-high B,ADT_CD206(MMR)_A0173,249,0.09901437635713435
RNA ridge,Ifit3-high B,ADT_CD21-CD35(CR2-CR1)_A0107,249,0.4256703448342721
RNA ridge,Ifit3-high B,ADT_CD223(LAG-3)_A0378,249,0.0669003736314483
RNA ridge,Ifit3-high B,ADT_CD23_A0108,249,0.3157734976717675
RNA ridge,Ifit3-high B,ADT_CD24_A0212,249,0.4478164418531381
RNA ridge,Ifit3-high B,ADT_CD25_A0097,249,0.08655214779421928
RNA ridge,Ifit3-high B,ADT_CD274(B7-H1_PD-L1)_A0190,249,0.22500522325339048
RNA ridge,Ifit3-high B,ADT_CD278(ICOS)_A0171,249,0.128823395466053
RNA ridge,Ifit3-high B,ADT_CD279(PD-1)_A0004,249,0.1201716587174947
RNA ridge,Ifit3-high B,ADT_CD28_A0204,249,-0.13394096620186283
RNA ridge,Ifit3-high B,ADT_CD29_A0570,249,0.1297506989070801
RNA ridge,Ifit3-high B,ADT_CD300LG(Nepmucin)_A0416,249,-0.09959314831848004
RNA ridge,Ifit3-high B,ADT_CD301a(MGL1)_A0551,249,0.08748437004598855
RNA ridge,Ifit3-high B,ADT_CD301b(MGL2)_A0566,249,0.05817309850942717
RNA ridge,Ifit3-high B,ADT_CD304(Neuropilin-1)_A0552,249,-0.08571996408710143
RNA ridge,Ifit3-high B,ADT_CD326(Ep-CAM)_A0449,249,0.09823741266765959
RNA ridge,Ifit3-high B,ADT_CD335(NKp46)_A0184,249,0.15629007943970027
RNA ridge,Ifit3-high B,ADT_CD357(GITR)_A0193,249,0.07813435593169556
RNA ridge,Ifit3-high B,ADT_CD36_A0555,249,-0.1259503452396732
RNA ridge,Ifit3-high B,ADT_CD366(Tim-3)_A0003,249,0.10485514913881461
RNA ridge,Ifit3-high B,ADT_CD370(CLEC9A_DNGR1)_A0556,249,-0.06057991734419155
RNA ridge,Ifit3-high B,ADT_CD38_A0557,249,0.26527879346108163
RNA ridge,Ifit3-high B,ADT_CD4_A0001,249,-0.015658606556236916
RNA ridge,Ifit3-high B,ADT_CD41_A0443,249,0.07764316839712564
RNA ridge,Ifit3-high B,ADT_CD43_A0110,249,0.17933432322284384
RNA ridge,Ifit3-high B,ADT_CD45_A0096,249,0.28750667531096724
RNA ridge,Ifit3-high B,ADT_CD45.1_A0178,249,0.11867492174117876
RNA ridge,Ifit3-high B,ADT_CD45.2_A0157,249,0.22719052483005903
RNA ridge,Ifit3-high B,ADT_CD45R-B220_A0103,249,0.3040463894803442
RNA ridge,Ifit3-high B,ADT_CD48_A0429,249,0.3803789365860509
RNA ridge,Ifit3-high B,ADT_CD49d_A0078,249,0.24873883335725055
RNA ridge,Ifit3-high B,ADT_CD5_A0111,249,0.1924868148103134
RNA ridge,Ifit3-high B,ADT_CD54_A0074,249,0.44391494454402547
RNA ridge,Ifit3-high B,ADT_CD55(DAF)_A0558,249,0.1600653429257003
RNA ridge,Ifit3-high B,ADT_CD62L_A0112,249,0.19095285995311168
RNA ridge,Ifit3-high B,ADT_CD62P(P-selectin)_A0229,249,0.009514798325735555
RNA ridge,Ifit3-high B,ADT_CD63_A0559,249,0.16688073097160425
RNA ridge,Ifit3-high B,ADT_CD64(FcrRI)_A0202,249,-0.09010572293664888
RNA ridge,Ifit3-high B,ADT_CD68_A0560,249,0.0029641661026442853
RNA ridge,Ifit3-high B,ADT_CD69_A0197,249,0.07360395623071027
RNA ridge,Ifit3-high B,ADT_CD71_A0441,249,0.36724577577237966
RNA ridge,Ifit3-high B,ADT_CD73_A0077,249,-0.010886174088994706
RNA ridge,Ifit3-high B,ADT_CD79b(Igb)_A0561,249,0.3412302104419388
RNA ridge,Ifit3-high B,ADT_CD83_A0562,249,-0.056476713324055856
RNA ridge,Ifit3-high B,ADT_CD86_A0200,249,0.2816656423240093
RNA ridge,Ifit3-high B,ADT_CD8a_A0002,249,0.009036538459153417
RNA ridge,Ifit3-high B,ADT_CD8b(Ly-3)_A0230,249,0.07071056199594926
RNA ridge,Ifit3-high B,ADT_CD90.1(Thy-1.1)_A0380,249,0.18527836629023936
RNA ridge,Ifit3-high B,ADT_CD90.2_A0075,249,0.10027931243432514
RNA ridge,Ifit3-high B,ADT_CD93(AA4.1_earlyBlineage)_A0113,249,-0.03773382651281479
RNA ridge,Ifit3-high B,ADT_CX3CR1_A0563,249,-0.02889573543562442
RNA ridge,Ifit3-high B,ADT_ESAM_A0596,249,-0.060074289894968366
RNA ridge,Ifit3-high B,ADT_F4-80_A0114,249,-0.03811745439494887
RNA ridge,Ifit3-high B,ADT_FceRIa_A0115,249,0.09098251044952826
RNA ridge,Ifit3-high B,ADT_FolateReceptorb(FR-b)_A0564,249,0.044008466455363555
RNA ridge,Ifit3-high B,ADT_H-2KbboundtoSIINFEKL_A0231,249,-0.05081899996527044
RNA ridge,Ifit3-high B,ADT_I-A-I-E_A0117,249,0.3688504058607619
RNA ridge,Ifit3-high B,ADT_IRF4_A0249,249,-0.04687255318016074
RNA ridge,Ifit3-high B,ADT_IgD_A0571,249,0.3292621690088022
RNA ridge,Ifit3-high B,ADT_IgM_A0450,249,0.19062034358185923
RNA ridge,Ifit3-high B,ADT_Ly-6A-E(Sca-1)_A0130,249,0.33911161529553446
RNA ridge,Ifit3-high B,ADT_Ly-6C_A0013,249,-0.032261995337726834
RNA ridge,Ifit3-high B,ADT_MAdCAM-1_A0232,249,0.02997929178726151
RNA ridge,Ifit3-high B,ADT_MERTK(Mer)_A0565,249,-0.15840043037611087
RNA ridge,Ifit3-high B,ADT_NK-1.1_A0118,249,0.11604126404528418
RNA ridge,Ifit3-high B,ADT_Notch1_A0442,249,0.09272253302252557
RNA ridge,Ifit3-high B,ADT_PanendothelialCellAntigen_A0381,249,0.022667296939463788
RNA ridge,Ifit3-high B,ADT_SiglecH_A0119,249,0.03786627525388683
RNA ridge,Ifit3-high B,ADT_TCRVb5.1_5.2_A0354,249,0.025254109210630694
RNA ridge,Ifit3-high B,ADT_TCRVb8.1_8.2_A0235,249,-0.05268069944369586
RNA ridge,Ifit3-high B,ADT_TCRVr1.1-Cr4_A0209,249,-0.03157375233077635
RNA ridge,Ifit3-high B,ADT_TCRVr2_A0211,249,-0.04831211349274856
RNA ridge,Ifit3-high B,ADT_TCRVr3_A0210,249,0.025889686747848834
RNA ridge,Ifit3-high B,ADT_TCRbchain_A0120,249,0.10416273046376756
RNA ridge,Ifit3-high B,ADT_TCRr-d_A0121,249,-0.01461751642012819
RNA ridge,Ifit3-high B,ADT_TER-119-ErythroidCells_A0122,249,-0.0110744381738003
RNA ridge,Ifit3-high B,ADT_Tim-4_A0567,249,0.09121230947619724
RNA ridge,Ifit3-high B,ADT_XCR1_A0568,249,-0.07138681640470808
RNA ridge,Ifit3-high B,ADT_anti-P2RY12_A0415,249,0.08818869595777368
RNA ridge,Ifit3-high B,ADT_integrinb7_A0214,249,0.16928333813151525
RNA ridge,Ifit3-high CD4 T,ADT_CD102_A0104,132,0.23653848803944053
RNA ridge,Ifit3-high CD4 T,ADT_CD103_A0201,132,0.008996138405425569
RNA ridge,Ifit3-high CD4 T,ADT_CD106_A0226,132,-0.05454672975309892
RNA ridge,Ifit3-high CD4 T,ADT_CD115(CSF-1R)_A0105,132,-0.28324925237749504
RNA ridge,Ifit3-high CD4 T,ADT_CD117(c-Kit)_A0012,132,0.26801449545710226
RNA ridge,Ifit3-high CD4 T,ADT_CD11a_A0595,132,0.303662983253307
RNA ridge,Ifit3-high CD4 T,ADT_CD11c_A0106,132,-0.02424078236032034
RNA ridge,Ifit3-high CD4 T,ADT_CD122(IL-2Rb)_A0227,132,-0.014873159738833646
RNA ridge,Ifit3-high CD4 T,ADT_CD127(IL-7Ra)_A0198,132,0.17707711883788355
RNA ridge,Ifit3-high CD4 T,ADT_CD134(OX-40)_A0195,132,-0.020684775032937523
RNA ridge,Ifit3-high CD4 T,ADT_CD135_A0098,132,0.025360048737879858
RNA ridge,Ifit3-high CD4 T,ADT_CD137_A0194,132,-0.09351028273808146
RNA ridge,Ifit3-high CD4 T,ADT_CD14_A0424,132,0.13784389188783777
RNA ridge,Ifit3-high CD4 T,ADT_CD140a_A0573,132,-0.03418932563465649
RNA ridge,Ifit3-high CD4 T,ADT_CD15(SSEA-1)_A0076,132,0.000752341501325762
RNA ridge,Ifit3-high CD4 T,ADT_CD150(SLAM)_A0203,132,0.2712777390705838
RNA ridge,Ifit3-high CD4 T,ADT_CD16-32_A0109,132,0.018103663637567772
RNA ridge,Ifit3-high CD4 T,ADT_CD169(Siglec-1)_A0440,132,-0.1502816702676062
RNA ridge,Ifit3-high CD4 T,ADT_CD172a(SIRPa)_A0422,132,0.25339855111943776
RNA ridge,Ifit3-high CD4 T,ADT_CD183(CXCR3)_A0228,132,-0.13023017380594845
RNA ridge,Ifit3-high CD4 T,ADT_CD184(CXCR4)_A0444,132,0.10921990598023834
RNA ridge,Ifit3-high CD4 T,ADT_CD19_A0093,132,0.02643732726830557
RNA ridge,Ifit3-high CD4 T,ADT_CD192(CCR2)_A0426,132,0.09405130489562295
RNA ridge,Ifit3-high CD4 T,ADT_CD195(CCR5)_A0376,132,-0.15552575458261894
RNA ridge,Ifit3-high CD4 T,ADT_CD196(CCR6)_A0225,132,-0.07050425801985688
RNA ridge,Ifit3-high CD4 T,ADT_CD197(CCR7)_A0377,132,-0.09556994229230677
RNA ridge,Ifit3-high CD4 T,ADT_CD20_A0192,132,0.1035474622287923
RNA ridge,Ifit3-high CD4 T,ADT_CD200(OX2)_A0079,132,0.11233151037202245
RNA ridge,Ifit3-high CD4 T,ADT_CD201(EPCR)_A0439,132,0.20150789353072676
RNA ridge,Ifit3-high CD4 T,ADT_CD204(Msr1)_A0448,132,0.04959780945506349
RNA ridge,Ifit3-high CD4 T,ADT_CD206(MMR)_A0173,132,0.007140147886597995
RNA ridge,Ifit3-high CD4 T,ADT_CD21-CD35(CR2-CR1)_A0107,132,0.16826357314198948
RNA ridge,Ifit3-high CD4 T,ADT_CD223(LAG-3)_A0378,132,0.019499224378610226
RNA ridge,Ifit3-high CD4 T,ADT_CD23_A0108,132,0.1519553705635161
RNA ridge,Ifit3-high CD4 T,ADT_CD24_A0212,132,0.0713561208185879
RNA ridge,Ifit3-high CD4 T,ADT_CD25_A0097,132,0.03229298896283881
RNA ridge,Ifit3-high CD4 T,ADT_CD274(B7-H1_PD-L1)_A0190,132,0.14870381783453107
RNA ridge,Ifit3-high CD4 T,ADT_CD278(ICOS)_A0171,132,0.2761375199767275
RNA ridge,Ifit3-high CD4 T,ADT_CD279(PD-1)_A0004,132,0.12214884548484085
RNA ridge,Ifit3-high CD4 T,ADT_CD28_A0204,132,0.001908479328389835
RNA ridge,Ifit3-high CD4 T,ADT_CD29_A0570,132,-0.04295256984815315
RNA ridge,Ifit3-high CD4 T,ADT_CD300LG(Nepmucin)_A0416,132,-0.08355947326776342
RNA ridge,Ifit3-high CD4 T,ADT_CD301a(MGL1)_A0551,132,0.07465787406907669
RNA ridge,Ifit3-high CD4 T,ADT_CD301b(MGL2)_A0566,132,0.07824473628373073
RNA ridge,Ifit3-high CD4 T,ADT_CD304(Neuropilin-1)_A0552,132,-0.10987666991985721
RNA ridge,Ifit3-high CD4 T,ADT_CD326(Ep-CAM)_A0449,132,0.06660857893435564
RNA ridge,Ifit3-high CD4 T,ADT_CD335(NKp46)_A0184,132,-0.05875614873530539
RNA ridge,Ifit3-high CD4 T,ADT_CD357(GITR)_A0193,132,0.2879408401963926
RNA ridge,Ifit3-high CD4 T,ADT_CD36_A0555,132,0.04513084872565421
RNA ridge,Ifit3-high CD4 T,ADT_CD366(Tim-3)_A0003,132,0.02327670599333312
RNA ridge,Ifit3-high CD4 T,ADT_CD370(CLEC9A_DNGR1)_A0556,132,0.08983037609574554
RNA ridge,Ifit3-high CD4 T,ADT_CD38_A0557,132,0.05287893100911751
RNA ridge,Ifit3-high CD4 T,ADT_CD4_A0001,132,0.08317201082150684
RNA ridge,Ifit3-high CD4 T,ADT_CD41_A0443,132,0.13215100944522845
RNA ridge,Ifit3-high CD4 T,ADT_CD43_A0110,132,0.40956408803068656
RNA ridge,Ifit3-high CD4 T,ADT_CD45_A0096,132,0.23030182867158933
RNA ridge,Ifit3-high CD4 T,ADT_CD45.1_A0178,132,-0.06765240448371204
RNA ridge,Ifit3-high CD4 T,ADT_CD45.2_A0157,132,0.015889041430137946
RNA ridge,Ifit3-high CD4 T,ADT_CD45R-B220_A0103,132,0.20656665207743574
RNA ridge,Ifit3-high CD4 T,ADT_CD48_A0429,132,0.35267853935892424
RNA ridge,Ifit3-high CD4 T,ADT_CD49d_A0078,132,0.13562226524910262
RNA ridge,Ifit3-high CD4 T,ADT_CD5_A0111,132,0.255112489793906
RNA ridge,Ifit3-high CD4 T,ADT_CD54_A0074,132,0.08622474905751086
RNA ridge,Ifit3-high CD4 T,ADT_CD55(DAF)_A0558,132,0.4017713993928382
RNA ridge,Ifit3-high CD4 T,ADT_CD62L_A0112,132,0.2038235508974161
RNA ridge,Ifit3-high CD4 T,ADT_CD62P(P-selectin)_A0229,132,0.030567118810964397
RNA ridge,Ifit3-high CD4 T,ADT_CD63_A0559,132,-0.11620418265803144
RNA ridge,Ifit3-high CD4 T,ADT_CD64(FcrRI)_A0202,132,0.12956698901958358
RNA ridge,Ifit3-high CD4 T,ADT_CD68_A0560,132,0.05544875236929925
RNA ridge,Ifit3-high CD4 T,ADT_CD69_A0197,132,0.0718831410497714
RNA ridge,Ifit3-high CD4 T,ADT_CD71_A0441,132,0.01953282516718604
RNA ridge,Ifit3-high CD4 T,ADT_CD73_A0077,132,0.5014483369751893
RNA ridge,Ifit3-high CD4 T,ADT_CD79b(Igb)_A0561,132,-0.04898129109495684
RNA ridge,Ifit3-high CD4 T,ADT_CD83_A0562,132,0.0029118628456454936
RNA ridge,Ifit3-high CD4 T,ADT_CD86_A0200,132,0.18094914782866614
RNA ridge,Ifit3-high CD4 T,ADT_CD8a_A0002,132,0.01710496886489464
RNA ridge,Ifit3-high CD4 T,ADT_CD8b(Ly-3)_A0230,132,0.029983629028301876
RNA ridge,Ifit3-high CD4 T,ADT_CD90.1(Thy-1.1)_A0380,132,0.0018504722789952504
RNA ridge,Ifit3-high CD4 T,ADT_CD90.2_A0075,132,0.32481170058038644
RNA ridge,Ifit3-high CD4 T,ADT_CD93(AA4.1_earlyBlineage)_A0113,132,-0.021251795870753685
RNA ridge,Ifit3-high CD4 T,ADT_CX3CR1_A0563,132,-0.06933564975030329
RNA ridge,Ifit3-high CD4 T,ADT_ESAM_A0596,132,0.10030932981792404
RNA ridge,Ifit3-high CD4 T,ADT_F4-80_A0114,132,-0.04344812604788693
RNA ridge,Ifit3-high CD4 T,ADT_FceRIa_A0115,132,-0.0929984387242958
RNA ridge,Ifit3-high CD4 T,ADT_FolateReceptorb(FR-b)_A0564,132,0.07877225148996593
RNA ridge,Ifit3-high CD4 T,ADT_H-2KbboundtoSIINFEKL_A0231,132,0.018370977355166355
RNA ridge,Ifit3-high CD4 T,ADT_I-A-I-E_A0117,132,0.10140056036153364
RNA ridge,Ifit3-high CD4 T,ADT_IRF4_A0249,132,0.03868535488151644
RNA ridge,Ifit3-high CD4 T,ADT_IgD_A0571,132,0.01353688834103775
RNA ridge,Ifit3-high CD4 T,ADT_IgM_A0450,132,-0.07268776919687676
RNA ridge,Ifit3-high CD4 T,ADT_Ly-6A-E(Sca-1)_A0130,132,0.43270476471616165
RNA ridge,Ifit3-high CD4 T,ADT_Ly-6C_A0013,132,0.11906518544284748
RNA ridge,Ifit3-high CD4 T,ADT_MAdCAM-1_A0232,132,0.04606037597920496
RNA ridge,Ifit3-high CD4 T,ADT_MERTK(Mer)_A0565,132,0.02975949326120039
RNA ridge,Ifit3-high CD4 T,ADT_NK-1.1_A0118,132,0.057870519173071844
RNA ridge,Ifit3-high CD4 T,ADT_Notch1_A0442,132,-0.09636273385315994
RNA ridge,Ifit3-high CD4 T,ADT_PanendothelialCellAntigen_A0381,132,-0.1154850569900316
RNA ridge,Ifit3-high CD4 T,ADT_SiglecH_A0119,132,0.1155616458969247
RNA ridge,Ifit3-high CD4 T,ADT_TCRVb5.1_5.2_A0354,132,-0.1893506455013491
RNA ridge,Ifit3-high CD4 T,ADT_TCRVb8.1_8.2_A0235,132,-0.12575490019757107
RNA ridge,Ifit3-high CD4 T,ADT_TCRVr1.1-Cr4_A0209,132,-0.18736132005488995
RNA ridge,Ifit3-high CD4 T,ADT_TCRVr2_A0211,132,-0.16398153351937061
RNA ridge,Ifit3-high CD4 T,ADT_TCRVr3_A0210,132,0.007619245488733954
RNA ridge,Ifit3-high CD4 T,ADT_TCRbchain_A0120,132,0.11170585465958226
RNA ridge,Ifit3-high CD4 T,ADT_TCRr-d_A0121,132,0.1207679157492883
RNA ridge,Ifit3-high CD4 T,ADT_TER-119-ErythroidCells_A0122,132,-0.01986055715423784
RNA ridge,Ifit3-high CD4 T,ADT_Tim-4_A0567,132,0.0021419811958221647
RNA ridge,Ifit3-high CD4 T,ADT_XCR1_A0568,132,0.0609200034375509
RNA ridge,Ifit3-high CD4 T,ADT_anti-P2RY12_A0415,132,0.07324255296489013
RNA ridge,Ifit3-high CD4 T,ADT_integrinb7_A0214,132,0.09985941378670038
RNA ridge,Ifit3-high CD8 T,ADT_CD102_A0104,100,0.020672909156539025
RNA ridge,Ifit3-high CD8 T,ADT_CD103_A0201,100,0.4713692999033489
RNA ridge,Ifit3-high CD8 T,ADT_CD106_A0226,100,0.05684395345667083
RNA ridge,Ifit3-high CD8 T,ADT_CD115(CSF-1R)_A0105,100,-0.06320063892228267
RNA ridge,Ifit3-high CD8 T,ADT_CD117(c-Kit)_A0012,100,0.07417184170686479
RNA ridge,Ifit3-high CD8 T,ADT_CD11a_A0595,100,0.4409912363406082
RNA ridge,Ifit3-high CD8 T,ADT_CD11c_A0106,100,0.12545824254821378
RNA ridge,Ifit3-high CD8 T,ADT_CD122(IL-2Rb)_A0227,100,0.10964222040922236
RNA ridge,Ifit3-high CD8 T,ADT_CD127(IL-7Ra)_A0198,100,0.20119675811244342
RNA ridge,Ifit3-high CD8 T,ADT_CD134(OX-40)_A0195,100,-0.12410502117231556
RNA ridge,Ifit3-high CD8 T,ADT_CD135_A0098,100,-0.09461158260484796
RNA ridge,Ifit3-high CD8 T,ADT_CD137_A0194,100,-0.08072656838118725
RNA ridge,Ifit3-high CD8 T,ADT_CD14_A0424,100,0.002896291903912136
RNA ridge,Ifit3-high CD8 T,ADT_CD140a_A0573,100,0.01091995448686536
RNA ridge,Ifit3-high CD8 T,ADT_CD15(SSEA-1)_A0076,100,0.14679791925933647
RNA ridge,Ifit3-high CD8 T,ADT_CD150(SLAM)_A0203,100,0.3075209621474894
RNA ridge,Ifit3-high CD8 T,ADT_CD16-32_A0109,100,-0.009155389257217641
RNA ridge,Ifit3-high CD8 T,ADT_CD169(Siglec-1)_A0440,100,-0.012154087310069376
RNA ridge,Ifit3-high CD8 T,ADT_CD172a(SIRPa)_A0422,100,0.03772812536132229
RNA ridge,Ifit3-high CD8 T,ADT_CD183(CXCR3)_A0228,100,0.5134505537614495
RNA ridge,Ifit3-high CD8 T,ADT_CD184(CXCR4)_A0444,100,0.08708287889097543
RNA ridge,Ifit3-high CD8 T,ADT_CD19_A0093,100,0.0705459395471584
RNA ridge,Ifit3-high CD8 T,ADT_CD192(CCR2)_A0426,100,0.13754290237110273
RNA ridge,Ifit3-high CD8 T,ADT_CD195(CCR5)_A0376,100,-0.14511053184286474
RNA ridge,Ifit3-high CD8 T,ADT_CD196(CCR6)_A0225,100,-0.11451857875431755
RNA ridge,Ifit3-high CD8 T,ADT_CD197(CCR7)_A0377,100,0.14546302104178743
RNA ridge,Ifit3-high CD8 T,ADT_CD20_A0192,100,0.06792334562930419
RNA ridge,Ifit3-high CD8 T,ADT_CD200(OX2)_A0079,100,0.19142197797516874
RNA ridge,Ifit3-high CD8 T,ADT_CD201(EPCR)_A0439,100,0.17814417817697636
RNA ridge,Ifit3-high CD8 T,ADT_CD204(Msr1)_A0448,100,-0.06692354613431355
RNA ridge,Ifit3-high CD8 T,ADT_CD206(MMR)_A0173,100,0.20466681015604782
RNA ridge,Ifit3-high CD8 T,ADT_CD21-CD35(CR2-CR1)_A0107,100,0.0427990839003683
RNA ridge,Ifit3-high CD8 T,ADT_CD223(LAG-3)_A0378,100,-0.03946608632334255
RNA ridge,Ifit3-high CD8 T,ADT_CD23_A0108,100,-0.011766843874743117
RNA ridge,Ifit3-high CD8 T,ADT_CD24_A0212,100,0.09064447982502574
RNA ridge,Ifit3-high CD8 T,ADT_CD25_A0097,100,0.06216581064114117
RNA ridge,Ifit3-high CD8 T,ADT_CD274(B7-H1_PD-L1)_A0190,100,0.26330627250926525
RNA ridge,Ifit3-high CD8 T,ADT_CD278(ICOS)_A0171,100,0.19111501354605462
RNA ridge,Ifit3-high CD8 T,ADT_CD279(PD-1)_A0004,100,0.22185285682663622
RNA ridge,Ifit3-high CD8 T,ADT_CD28_A0204,100,0.13270792879611598
RNA ridge,Ifit3-high CD8 T,ADT_CD29_A0570,100,0.2487405695932836
RNA ridge,Ifit3-high CD8 T,ADT_CD300LG(Nepmucin)_A0416,100,-0.021538605475932057
RNA ridge,Ifit3-high CD8 T,ADT_CD301a(MGL1)_A0551,100,-0.003150215184900957
RNA ridge,Ifit3-high CD8 T,ADT_CD301b(MGL2)_A0566,100,0.1982588627423039
RNA ridge,Ifit3-high CD8 T,ADT_CD304(Neuropilin-1)_A0552,100,-0.03555987939147966
RNA ridge,Ifit3-high CD8 T,ADT_CD326(Ep-CAM)_A0449,100,0.0844232229521351
RNA ridge,Ifit3-high CD8 T,ADT_CD335(NKp46)_A0184,100,0.17226942431071202
RNA ridge,Ifit3-high CD8 T,ADT_CD357(GITR)_A0193,100,0.23059900843152537
RNA ridge,Ifit3-high CD8 T,ADT_CD36_A0555,100,0.20937563261910264
RNA ridge,Ifit3-high CD8 T,ADT_CD366(Tim-3)_A0003,100,-0.11035388924754827
RNA ridge,Ifit3-high CD8 T,ADT_CD370(CLEC9A_DNGR1)_A0556,100,-0.07100731033976915
RNA ridge,Ifit3-high CD8 T,ADT_CD38_A0557,100,0.16514812300860496
RNA ridge,Ifit3-high CD8 T,ADT_CD4_A0001,100,0.09595412671984604
RNA ridge,Ifit3-high CD8 T,ADT_CD41_A0443,100,0.08638138928759283
RNA ridge,Ifit3-high CD8 T,ADT_CD43_A0110,100,0.31387892969563574
RNA ridge,Ifit3-high CD8 T,ADT_CD45_A0096,100,0.19166919201450194
RNA ridge,Ifit3-high CD8 T,ADT_CD45.1_A0178,100,0.17235757279431707
RNA ridge,Ifit3-high CD8 T,ADT_CD45.2_A0157,100,0.23107727292076508
RNA ridge,Ifit3-high CD8 T,ADT_CD45R-B220_A0103,100,0.061600680903146625
RNA ridge,Ifit3-high CD8 T,ADT_CD48_A0429,100,0.33167050707875595
RNA ridge,Ifit3-high CD8 T,ADT_CD49d_A0078,100,0.26957922202180656
RNA ridge,Ifit3-high CD8 T,ADT_CD5_A0111,100,0.32234157523234486
RNA ridge,Ifit3-high CD8 T,ADT_CD54_A0074,100,0.27951052558785744
RNA ridge,Ifit3-high CD8 T,ADT_CD55(DAF)_A0558,100,0.4041375295431122
RNA ridge,Ifit3-high CD8 T,ADT_CD62L_A0112,100,0.17679110449278984
RNA ridge,Ifit3-high CD8 T,ADT_CD62P(P-selectin)_A0229,100,0.09505720085997073
RNA ridge,Ifit3-high CD8 T,ADT_CD63_A0559,100,-0.017229745335024495
RNA ridge,Ifit3-high CD8 T,ADT_CD64(FcrRI)_A0202,100,0.0006117934587997995
RNA ridge,Ifit3-high CD8 T,ADT_CD68_A0560,100,0.16758757543327313
RNA ridge,Ifit3-high CD8 T,ADT_CD69_A0197,100,0.24323513807048872
RNA ridge,Ifit3-high CD8 T,ADT_CD71_A0441,100,0.171268830854543
RNA ridge,Ifit3-high CD8 T,ADT_CD73_A0077,100,0.3187636120018891
RNA ridge,Ifit3-high CD8 T,ADT_CD79b(Igb)_A0561,100,0.1104107563629591
RNA ridge,Ifit3-high CD8 T,ADT_CD83_A0562,100,-0.04210118741269342
RNA ridge,Ifit3-high CD8 T,ADT_CD86_A0200,100,0.2859150348595378
RNA ridge,Ifit3-high CD8 T,ADT_CD8a_A0002,100,0.07565955367575175
RNA ridge,Ifit3-high CD8 T,ADT_CD8b(Ly-3)_A0230,100,0.05288439902394432
RNA ridge,Ifit3-high CD8 T,ADT_CD90.1(Thy-1.1)_A0380,100,0.22621482791180078
RNA ridge,Ifit3-high CD8 T,ADT_CD90.2_A0075,100,0.2556258329177964
RNA ridge,Ifit3-high CD8 T,ADT_CD93(AA4.1_earlyBlineage)_A0113,100,-0.01620275648249299
RNA ridge,Ifit3-high CD8 T,ADT_CX3CR1_A0563,100,-0.005455330519470645
RNA ridge,Ifit3-high CD8 T,ADT_ESAM_A0596,100,0.013657320724779848
RNA ridge,Ifit3-high CD8 T,ADT_F4-80_A0114,100,-0.02782902641467976
RNA ridge,Ifit3-high CD8 T,ADT_FceRIa_A0115,100,0.016436694541835786
RNA ridge,Ifit3-high CD8 T,ADT_FolateReceptorb(FR-b)_A0564,100,0.05622460130360967
RNA ridge,Ifit3-high CD8 T,ADT_H-2KbboundtoSIINFEKL_A0231,100,0.09659486658898271
RNA ridge,Ifit3-high CD8 T,ADT_I-A-I-E_A0117,100,0.09035297104646386
RNA ridge,Ifit3-high CD8 T,ADT_IRF4_A0249,100,0.02221047953604754
RNA ridge,Ifit3-high CD8 T,ADT_IgD_A0571,100,0.06882017289163363
RNA ridge,Ifit3-high CD8 T,ADT_IgM_A0450,100,-0.028530691956386457
RNA ridge,Ifit3-high CD8 T,ADT_Ly-6A-E(Sca-1)_A0130,100,0.36622099424390564
RNA ridge,Ifit3-high CD8 T,ADT_Ly-6C_A0013,100,0.3990366994954037
RNA ridge,Ifit3-high CD8 T,ADT_MAdCAM-1_A0232,100,0.0882441216414758
RNA ridge,Ifit3-high CD8 T,ADT_MERTK(Mer)_A0565,100,0.03019146036603649
RNA ridge,Ifit3-high CD8 T,ADT_NK-1.1_A0118,100,-0.06351856632444823
RNA ridge,Ifit3-high CD8 T,ADT_Notch1_A0442,100,-0.09409138105247794
RNA ridge,Ifit3-high CD8 T,ADT_PanendothelialCellAntigen_A0381,100,-0.043226064891622736
RNA ridge,Ifit3-high CD8 T,ADT_SiglecH_A0119,100,0.08008223724524106
RNA ridge,Ifit3-high CD8 T,ADT_TCRVb5.1_5.2_A0354,100,0.04648694111468165
RNA ridge,Ifit3-high CD8 T,ADT_TCRVb8.1_8.2_A0235,100,0.011252311773311726
RNA ridge,Ifit3-high CD8 T,ADT_TCRVr1.1-Cr4_A0209,100,0.06279182010478598
RNA ridge,Ifit3-high CD8 T,ADT_TCRVr2_A0211,100,-0.0676464777860919
RNA ridge,Ifit3-high CD8 T,ADT_TCRVr3_A0210,100,-0.047283481272009584
RNA ridge,Ifit3-high CD8 T,ADT_TCRbchain_A0120,100,0.19989736807500094
RNA ridge,Ifit3-high CD8 T,ADT_TCRr-d_A0121,100,0.18973331662811171
RNA ridge,Ifit3-high CD8 T,ADT_TER-119-ErythroidCells_A0122,100,-0.15913003641196352
RNA ridge,Ifit3-high CD8 T,ADT_Tim-4_A0567,100,0.05331304844540491
RNA ridge,Ifit3-high CD8 T,ADT_XCR1_A0568,100,0.04857427157838323
RNA ridge,Ifit3-high CD8 T,ADT_anti-P2RY12_A0415,100,-0.1630663529369899
RNA ridge,Ifit3-high CD8 T,ADT_integrinb7_A0214,100,0.5585187153233994
RNA ridge,Low quality B cells,ADT_CD102_A0104,230,0.27351905665795695
RNA ridge,Low quality B cells,ADT_CD103_A0201,230,-0.011957147345107449
RNA ridge,Low quality B cells,ADT_CD106_A0226,230,0.05392671607409636
RNA ridge,Low quality B cells,ADT_CD115(CSF-1R)_A0105,230,-0.10308771022136409
RNA ridge,Low quality B cells,ADT_CD117(c-Kit)_A0012,230,0.07509042671006858
RNA ridge,Low quality B cells,ADT_CD11a_A0595,230,0.3867159311435703
RNA ridge,Low quality B cells,ADT_CD11c_A0106,230,0.09884988685712391
RNA ridge,Low quality B cells,ADT_CD122(IL-2Rb)_A0227,230,0.03233667907047013
RNA ridge,Low quality B cells,ADT_CD127(IL-7Ra)_A0198,230,-0.0832488390054954
RNA ridge,Low quality B cells,ADT_CD134(OX-40)_A0195,230,0.0639262970061098
RNA ridge,Low quality B cells,ADT_CD135_A0098,230,0.09742822327919096
RNA ridge,Low quality B cells,ADT_CD137_A0194,230,0.0710881899190147
RNA ridge,Low quality B cells,ADT_CD14_A0424,230,0.08328986935964028
RNA ridge,Low quality B cells,ADT_CD140a_A0573,230,-0.008849424091427166
RNA ridge,Low quality B cells,ADT_CD15(SSEA-1)_A0076,230,-0.09818123199721336
RNA ridge,Low quality B cells,ADT_CD150(SLAM)_A0203,230,0.4343648502018833
RNA ridge,Low quality B cells,ADT_CD16-32_A0109,230,0.08058272618860732
RNA ridge,Low quality B cells,ADT_CD169(Siglec-1)_A0440,230,0.10175731171272528
RNA ridge,Low quality B cells,ADT_CD172a(SIRPa)_A0422,230,0.13059277943902523
RNA ridge,Low quality B cells,ADT_CD183(CXCR3)_A0228,230,0.10624565098918455
RNA ridge,Low quality B cells,ADT_CD184(CXCR4)_A0444,230,-0.022399255726620996
RNA ridge,Low quality B cells,ADT_CD19_A0093,230,0.25096075654424616
RNA ridge,Low quality B cells,ADT_CD192(CCR2)_A0426,230,0.04149052053998689
RNA ridge,Low quality B cells,ADT_CD195(CCR5)_A0376,230,0.17125060893644192
RNA ridge,Low quality B cells,ADT_CD196(CCR6)_A0225,230,0.10199682409740757
RNA ridge,Low quality B cells,ADT_CD197(CCR7)_A0377,230,0.0893801582082451
RNA ridge,Low quality B cells,ADT_CD20_A0192,230,0.24180143735788964
RNA ridge,Low quality B cells,ADT_CD200(OX2)_A0079,230,0.4165512789325058
RNA ridge,Low quality B cells,ADT_CD201(EPCR)_A0439,230,0.1285196919310449
RNA ridge,Low quality B cells,ADT_CD204(Msr1)_A0448,230,0.03718622524169051
RNA ridge,Low quality B cells,ADT_CD206(MMR)_A0173,230,-0.08046752081721462
RNA ridge,Low quality B cells,ADT_CD21-CD35(CR2-CR1)_A0107,230,0.4398062445054182
RNA ridge,Low quality B cells,ADT_CD223(LAG-3)_A0378,230,0.01660961966430661
RNA ridge,Low quality B cells,ADT_CD23_A0108,230,0.3864358251283527
RNA ridge,Low quality B cells,ADT_CD24_A0212,230,0.4229457461525541
RNA ridge,Low quality B cells,ADT_CD25_A0097,230,0.10145507269292368
RNA ridge,Low quality B cells,ADT_CD274(B7-H1_PD-L1)_A0190,230,0.30317958474950285
RNA ridge,Low quality B cells,ADT_CD278(ICOS)_A0171,230,0.00043120275388878977
RNA ridge,Low quality B cells,ADT_CD279(PD-1)_A0004,230,0.022486587350816257
RNA ridge,Low quality B cells,ADT_CD28_A0204,230,-0.07925954630603878
RNA ridge,Low quality B cells,ADT_CD29_A0570,230,0.1787975834321213
RNA ridge,Low quality B cells,ADT_CD300LG(Nepmucin)_A0416,230,0.06084748117133594
RNA ridge,Low quality B cells,ADT_CD301a(MGL1)_A0551,230,0.022175837172120395
RNA ridge,Low quality B cells,ADT_CD301b(MGL2)_A0566,230,-0.030797204809687177
RNA ridge,Low quality B cells,ADT_CD304(Neuropilin-1)_A0552,230,0.03076869393840743
RNA ridge,Low quality B cells,ADT_CD326(Ep-CAM)_A0449,230,-0.10941480442375859
RNA ridge,Low quality B cells,ADT_CD335(NKp46)_A0184,230,-0.06079994463367333
RNA ridge,Low quality B cells,ADT_CD357(GITR)_A0193,230,0.07309669480531074
RNA ridge,Low quality B cells,ADT_CD36_A0555,230,0.09078621100152696
RNA ridge,Low quality B cells,ADT_CD366(Tim-3)_A0003,230,-0.006455240264594849
RNA ridge,Low quality B cells,ADT_CD370(CLEC9A_DNGR1)_A0556,230,0.18502097528527572
RNA ridge,Low quality B cells,ADT_CD38_A0557,230,0.17432281457299742
RNA ridge,Low quality B cells,ADT_CD4_A0001,230,0.0500565330134736
RNA ridge,Low quality B cells,ADT_CD41_A0443,230,0.006976691034696709
RNA ridge,Low quality B cells,ADT_CD43_A0110,230,0.19771996638021946
RNA ridge,Low quality B cells,ADT_CD45_A0096,230,0.285625869579523
RNA ridge,Low quality B cells,ADT_CD45.1_A0178,230,-0.021953130151379632
RNA ridge,Low quality B cells,ADT_CD45.2_A0157,230,0.35002592828357837
RNA ridge,Low quality B cells,ADT_CD45R-B220_A0103,230,0.11961734937779062
RNA ridge,Low quality B cells,ADT_CD48_A0429,230,0.3138404282631619
RNA ridge,Low quality B cells,ADT_CD49d_A0078,230,0.20536012193398603
RNA ridge,Low quality B cells,ADT_CD5_A0111,230,0.08151557525711024
RNA ridge,Low quality B cells,ADT_CD54_A0074,230,0.18653134259294282
RNA ridge,Low quality B cells,ADT_CD55(DAF)_A0558,230,0.16308462574708985
RNA ridge,Low quality B cells,ADT_CD62L_A0112,230,0.3288081663959205
RNA ridge,Low quality B cells,ADT_CD62P(P-selectin)_A0229,230,0.05438599822454243
RNA ridge,Low quality B cells,ADT_CD63_A0559,230,-0.02133654244842892
RNA ridge,Low quality B cells,ADT_CD64(FcrRI)_A0202,230,-0.06645827917834107
RNA ridge,Low quality B cells,ADT_CD68_A0560,230,-0.017836605493468792
RNA ridge,Low quality B cells,ADT_CD69_A0197,230,-0.07863658659940247
RNA ridge,Low quality B cells,ADT_CD71_A0441,230,0.18022849672327695
RNA ridge,Low quality B cells,ADT_CD73_A0077,230,0.10530467697751414
RNA ridge,Low quality B cells,ADT_CD79b(Igb)_A0561,230,0.2974588975055828
RNA ridge,Low quality B cells,ADT_CD83_A0562,230,0.053487988971970664
RNA ridge,Low quality B cells,ADT_CD86_A0200,230,0.21850079747466403
RNA ridge,Low quality B cells,ADT_CD8a_A0002,230,0.013737548148822063
RNA ridge,Low quality B cells,ADT_CD8b(Ly-3)_A0230,230,-0.07821598520085177
RNA ridge,Low quality B cells,ADT_CD90.1(Thy-1.1)_A0380,230,0.09058020477992548
RNA ridge,Low quality B cells,ADT_CD90.2_A0075,230,0.10806548670118779
RNA ridge,Low quality B cells,ADT_CD93(AA4.1_earlyBlineage)_A0113,230,0.3804561534916197
RNA ridge,Low quality B cells,ADT_CX3CR1_A0563,230,0.15556724531929725
RNA ridge,Low quality B cells,ADT_ESAM_A0596,230,0.0003798571234444657
RNA ridge,Low quality B cells,ADT_F4-80_A0114,230,0.09185713392039797
RNA ridge,Low quality B cells,ADT_FceRIa_A0115,230,0.015244399250815308
RNA ridge,Low quality B cells,ADT_FolateReceptorb(FR-b)_A0564,230,0.12318128727358452
RNA ridge,Low quality B cells,ADT_H-2KbboundtoSIINFEKL_A0231,230,0.0945478614390325
RNA ridge,Low quality B cells,ADT_I-A-I-E_A0117,230,0.3560651379040695
RNA ridge,Low quality B cells,ADT_IRF4_A0249,230,0.0913462240957527
RNA ridge,Low quality B cells,ADT_IgD_A0571,230,0.34897242406458984
RNA ridge,Low quality B cells,ADT_IgM_A0450,230,0.03410482105184438
RNA ridge,Low quality B cells,ADT_Ly-6A-E(Sca-1)_A0130,230,0.34873681131746753
RNA ridge,Low quality B cells,ADT_Ly-6C_A0013,230,0.001321524144783459
RNA ridge,Low quality B cells,ADT_MAdCAM-1_A0232,230,-0.0018797709684727803
RNA ridge,Low quality B cells,ADT_MERTK(Mer)_A0565,230,0.07036212242468197
RNA ridge,Low quality B cells,ADT_NK-1.1_A0118,230,0.1291485450532805
RNA ridge,Low quality B cells,ADT_Notch1_A0442,230,0.034496609996350604
RNA ridge,Low quality B cells,ADT_PanendothelialCellAntigen_A0381,230,0.06315544166514651
RNA ridge,Low quality B cells,ADT_SiglecH_A0119,230,0.038755655971003965
RNA ridge,Low quality B cells,ADT_TCRVb5.1_5.2_A0354,230,0.005220800922345842
RNA ridge,Low quality B cells,ADT_TCRVb8.1_8.2_A0235,230,0.0348858640385262
RNA ridge,Low quality B cells,ADT_TCRVr1.1-Cr4_A0209,230,0.002465500143754971
RNA ridge,Low quality B cells,ADT_TCRVr2_A0211,230,0.012467587187930038
RNA ridge,Low quality B cells,ADT_TCRVr3_A0210,230,-0.08902925292352555
RNA ridge,Low quality B cells,ADT_TCRbchain_A0120,230,0.10576547034874269
RNA ridge,Low quality B cells,ADT_TCRr-d_A0121,230,0.13830617308995818
RNA ridge,Low quality B cells,ADT_TER-119-ErythroidCells_A0122,230,-0.05125051315631608
RNA ridge,Low quality B cells,ADT_Tim-4_A0567,230,0.08122865541112963
RNA ridge,Low quality B cells,ADT_XCR1_A0568,230,0.008326217091374113
RNA ridge,Low quality B cells,ADT_anti-P2RY12_A0415,230,0.03178994957316494
RNA ridge,Low quality B cells,ADT_integrinb7_A0214,230,0.3132678747250269
RNA ridge,Low quality T cells,ADT_CD102_A0104,67,0.10388836135433739
RNA ridge,Low quality T cells,ADT_CD103_A0201,67,0.4914130238695566
RNA ridge,Low quality T cells,ADT_CD106_A0226,67,0.13026162824351983
RNA ridge,Low quality T cells,ADT_CD115(CSF-1R)_A0105,67,0.030310034482999154
RNA ridge,Low quality T cells,ADT_CD117(c-Kit)_A0012,67,0.06633093155868575
RNA ridge,Low quality T cells,ADT_CD11a_A0595,67,0.4783771425072324
RNA ridge,Low quality T cells,ADT_CD11c_A0106,67,-0.11363015886759978
RNA ridge,Low quality T cells,ADT_CD122(IL-2Rb)_A0227,67,0.05529855445913696
RNA ridge,Low quality T cells,ADT_CD127(IL-7Ra)_A0198,67,0.14226807034964978
RNA ridge,Low quality T cells,ADT_CD134(OX-40)_A0195,67,0.1692126992422361
RNA ridge,Low quality T cells,ADT_CD135_A0098,67,-0.06819994179758618
RNA ridge,Low quality T cells,ADT_CD137_A0194,67,-0.027702327483709394
RNA ridge,Low quality T cells,ADT_CD14_A0424,67,-0.05690898756173418
RNA ridge,Low quality T cells,ADT_CD140a_A0573,67,-0.0614105623130551
RNA ridge,Low quality T cells,ADT_CD15(SSEA-1)_A0076,67,-0.06659395221923284
RNA ridge,Low quality T cells,ADT_CD150(SLAM)_A0203,67,0.4704545257208687
RNA ridge,Low quality T cells,ADT_CD16-32_A0109,67,-0.03354323800587584
RNA ridge,Low quality T cells,ADT_CD169(Siglec-1)_A0440,67,-0.08965359591086938
RNA ridge,Low quality T cells,ADT_CD172a(SIRPa)_A0422,67,-0.06742117348191494
RNA ridge,Low quality T cells,ADT_CD183(CXCR3)_A0228,67,-0.1174898416398874
RNA ridge,Low quality T cells,ADT_CD184(CXCR4)_A0444,67,0.3524595976114506
RNA ridge,Low quality T cells,ADT_CD19_A0093,67,0.014531134274855013
RNA ridge,Low quality T cells,ADT_CD192(CCR2)_A0426,67,0.1820182046756352
RNA ridge,Low quality T cells,ADT_CD195(CCR5)_A0376,67,-0.05383034244443468
RNA ridge,Low quality T cells,ADT_CD196(CCR6)_A0225,67,-0.019025189305059705
RNA ridge,Low quality T cells,ADT_CD197(CCR7)_A0377,67,0.12100996623416582
RNA ridge,Low quality T cells,ADT_CD20_A0192,67,0.00563063535042364
RNA ridge,Low quality T cells,ADT_CD200(OX2)_A0079,67,0.4535769515743653
RNA ridge,Low quality T cells,ADT_CD201(EPCR)_A0439,67,0.09908919790690648
RNA ridge,Low quality T cells,ADT_CD204(Msr1)_A0448,67,0.14356392988508454
RNA ridge,Low quality T cells,ADT_CD206(MMR)_A0173,67,-0.15415239831507543
RNA ridge,Low quality T cells,ADT_CD21-CD35(CR2-CR1)_A0107,67,-0.11893920385175005
RNA ridge,Low quality T cells,ADT_CD223(LAG-3)_A0378,67,-0.08257773283550959
RNA ridge,Low quality T cells,ADT_CD23_A0108,67,0.08230633825148038
RNA ridge,Low quality T cells,ADT_CD24_A0212,67,0.2218373712116624
RNA ridge,Low quality T cells,ADT_CD25_A0097,67,0.08333818913925128
RNA ridge,Low quality T cells,ADT_CD274(B7-H1_PD-L1)_A0190,67,0.10248660087129859
RNA ridge,Low quality T cells,ADT_CD278(ICOS)_A0171,67,0.3733997187142849
RNA ridge,Low quality T cells,ADT_CD279(PD-1)_A0004,67,0.23179782210362557
RNA ridge,Low quality T cells,ADT_CD28_A0204,67,0.34026010054014827
RNA ridge,Low quality T cells,ADT_CD29_A0570,67,0.09991837305784954
RNA ridge,Low quality T cells,ADT_CD300LG(Nepmucin)_A0416,67,0.10456991314694886
RNA ridge,Low quality T cells,ADT_CD301a(MGL1)_A0551,67,0.13705461285821194
RNA ridge,Low quality T cells,ADT_CD301b(MGL2)_A0566,67,0.08357110227594299
RNA ridge,Low quality T cells,ADT_CD304(Neuropilin-1)_A0552,67,0.15612157940857607
RNA ridge,Low quality T cells,ADT_CD326(Ep-CAM)_A0449,67,-0.09812952601018532
RNA ridge,Low quality T cells,ADT_CD335(NKp46)_A0184,67,-0.10942626682378201
RNA ridge,Low quality T cells,ADT_CD357(GITR)_A0193,67,0.34136408331795015
RNA ridge,Low quality T cells,ADT_CD36_A0555,67,0.08118771524785988
RNA ridge,Low quality T cells,ADT_CD366(Tim-3)_A0003,67,0.1363814961027205
RNA ridge,Low quality T cells,ADT_CD370(CLEC9A_DNGR1)_A0556,67,-0.02023399979557496
RNA ridge,Low quality T cells,ADT_CD38_A0557,67,-0.04635615192276199
RNA ridge,Low quality T cells,ADT_CD4_A0001,67,0.6208129316703883
RNA ridge,Low quality T cells,ADT_CD41_A0443,67,0.18720080409186066
RNA ridge,Low quality T cells,ADT_CD43_A0110,67,0.3789834979752081
RNA ridge,Low quality T cells,ADT_CD45_A0096,67,0.12491519345861916
RNA ridge,Low quality T cells,ADT_CD45.1_A0178,67,0.013984425913470355
RNA ridge,Low quality T cells,ADT_CD45.2_A0157,67,0.29698840143366945
RNA ridge,Low quality T cells,ADT_CD45R-B220_A0103,67,-0.1341166461129294
RNA ridge,Low quality T cells,ADT_CD48_A0429,67,0.372049924001751
RNA ridge,Low quality T cells,ADT_CD49d_A0078,67,0.1086350225867723
RNA ridge,Low quality T cells,ADT_CD5_A0111,67,0.37290232472753604
RNA ridge,Low quality T cells,ADT_CD54_A0074,67,0.30221478553601283
RNA ridge,Low quality T cells,ADT_CD55(DAF)_A0558,67,0.2796745775521633
RNA ridge,Low quality T cells,ADT_CD62L_A0112,67,0.06992476736529843
RNA ridge,Low quality T cells,ADT_CD62P(P-selectin)_A0229,67,-0.011689245951083423
RNA ridge,Low quality T cells,ADT_CD63_A0559,67,-0.08106631872108394
RNA ridge,Low quality T cells,ADT_CD64(FcrRI)_A0202,67,0.21121934616915308
RNA ridge,Low quality T cells,ADT_CD68_A0560,67,0.11025619334009526
RNA ridge,Low quality T cells,ADT_CD69_A0197,67,0.25551575656581316
RNA ridge,Low quality T cells,ADT_CD71_A0441,67,0.06416182932912999
RNA ridge,Low quality T cells,ADT_CD73_A0077,67,0.4004982451470586
RNA ridge,Low quality T cells,ADT_CD79b(Igb)_A0561,67,-0.10440903461251023
RNA ridge,Low quality T cells,ADT_CD83_A0562,67,0.0557855533125236
RNA ridge,Low quality T cells,ADT_CD86_A0200,67,0.03766690523764089
RNA ridge,Low quality T cells,ADT_CD8a_A0002,67,0.6584453590877802
RNA ridge,Low quality T cells,ADT_CD8b(Ly-3)_A0230,67,0.5719618550401832
RNA ridge,Low quality T cells,ADT_CD90.1(Thy-1.1)_A0380,67,0.046748656699772934
RNA ridge,Low quality T cells,ADT_CD90.2_A0075,67,0.291221839166501
RNA ridge,Low quality T cells,ADT_CD93(AA4.1_earlyBlineage)_A0113,67,0.022676048831149473
RNA ridge,Low quality T cells,ADT_CX3CR1_A0563,67,-0.03354474684811534
RNA ridge,Low quality T cells,ADT_ESAM_A0596,67,0.155183562104193
RNA ridge,Low quality T cells,ADT_F4-80_A0114,67,0.08504378534914435
RNA ridge,Low quality T cells,ADT_FceRIa_A0115,67,0.001045154078591116
RNA ridge,Low quality T cells,ADT_FolateReceptorb(FR-b)_A0564,67,0.17119289659611148
RNA ridge,Low quality T cells,ADT_H-2KbboundtoSIINFEKL_A0231,67,-0.13123584144991698
RNA ridge,Low quality T cells,ADT_I-A-I-E_A0117,67,0.17258189243698985
RNA ridge,Low quality T cells,ADT_IRF4_A0249,67,0.005035278376762498
RNA ridge,Low quality T cells,ADT_IgD_A0571,67,-0.04888129896892803
RNA ridge,Low quality T cells,ADT_IgM_A0450,67,-0.1220125332690275
RNA ridge,Low quality T cells,ADT_Ly-6A-E(Sca-1)_A0130,67,0.40174103804927
RNA ridge,Low quality T cells,ADT_Ly-6C_A0013,67,0.07662709271200731
RNA ridge,Low quality T cells,ADT_MAdCAM-1_A0232,67,0.025706346155035524
RNA ridge,Low quality T cells,ADT_MERTK(Mer)_A0565,67,0.07463855602776813
RNA ridge,Low quality T cells,ADT_NK-1.1_A0118,67,-0.0640757006957147
RNA ridge,Low quality T cells,ADT_Notch1_A0442,67,-0.17462070029271803
RNA ridge,Low quality T cells,ADT_PanendothelialCellAntigen_A0381,67,0.205146033057153
RNA ridge,Low quality T cells,ADT_SiglecH_A0119,67,0.25033822140045314
RNA ridge,Low quality T cells,ADT_TCRVb5.1_5.2_A0354,67,0.10306098595421596
RNA ridge,Low quality T cells,ADT_TCRVb8.1_8.2_A0235,67,-0.10289712666794269
RNA ridge,Low quality T cells,ADT_TCRVr1.1-Cr4_A0209,67,0.026881470852643648
RNA ridge,Low quality T cells,ADT_TCRVr2_A0211,67,-0.019533427683214477
RNA ridge,Low quality T cells,ADT_TCRVr3_A0210,67,0.2590825832504019
RNA ridge,Low quality T cells,ADT_TCRbchain_A0120,67,0.015229693737073127
RNA ridge,Low quality T cells,ADT_TCRr-d_A0121,67,-0.025547589560192895
RNA ridge,Low quality T cells,ADT_TER-119-ErythroidCells_A0122,67,0.08836974314228316
RNA ridge,Low quality T cells,ADT_Tim-4_A0567,67,0.12618167329333083
RNA ridge,Low quality T cells,ADT_XCR1_A0568,67,0.07027645946857196
RNA ridge,Low quality T cells,ADT_anti-P2RY12_A0415,67,-0.1152429506860878
RNA ridge,Low quality T cells,ADT_integrinb7_A0214,67,0.6066941026142594
RNA ridge,Ly6-high mono,ADT_CD102_A0104,77,0.27761269988017073
RNA ridge,Ly6-high mono,ADT_CD103_A0201,77,-0.06795182197132792
RNA ridge,Ly6-high mono,ADT_CD106_A0226,77,0.7249377444691498
RNA ridge,Ly6-high mono,ADT_CD115(CSF-1R)_A0105,77,0.24049742718376577
RNA ridge,Ly6-high mono,ADT_CD117(c-Kit)_A0012,77,0.5952093303779228
RNA ridge,Ly6-high mono,ADT_CD11a_A0595,77,0.3385519363895758
RNA ridge,Ly6-high mono,ADT_CD11c_A0106,77,0.5739155149710563
RNA ridge,Ly6-high mono,ADT_CD122(IL-2Rb)_A0227,77,0.06516653096526213
RNA ridge,Ly6-high mono,ADT_CD127(IL-7Ra)_A0198,77,0.13132606446929534
RNA ridge,Ly6-high mono,ADT_CD134(OX-40)_A0195,77,0.2586688022484611
RNA ridge,Ly6-high mono,ADT_CD135_A0098,77,-0.01496093969450681
RNA ridge,Ly6-high mono,ADT_CD137_A0194,77,0.17752599812139036
RNA ridge,Ly6-high mono,ADT_CD14_A0424,77,0.5399135120713927
RNA ridge,Ly6-high mono,ADT_CD140a_A0573,77,0.2803266516484714
RNA ridge,Ly6-high mono,ADT_CD15(SSEA-1)_A0076,77,-0.32750549125043454
RNA ridge,Ly6-high mono,ADT_CD150(SLAM)_A0203,77,0.22935003373567528
RNA ridge,Ly6-high mono,ADT_CD16-32_A0109,77,0.07784227600615445
RNA ridge,Ly6-high mono,ADT_CD169(Siglec-1)_A0440,77,0.07830761861813403
RNA ridge,Ly6-high mono,ADT_CD172a(SIRPa)_A0422,77,0.5203429908097031
RNA ridge,Ly6-high mono,ADT_CD183(CXCR3)_A0228,77,-0.13583860701742378
RNA ridge,Ly6-high mono,ADT_CD184(CXCR4)_A0444,77,0.08552407529762707
RNA ridge,Ly6-high mono,ADT_CD19_A0093,77,0.5656800452131414
RNA ridge,Ly6-high mono,ADT_CD192(CCR2)_A0426,77,0.07920721583368578
RNA ridge,Ly6-high mono,ADT_CD195(CCR5)_A0376,77,-0.2590408781558406
RNA ridge,Ly6-high mono,ADT_CD196(CCR6)_A0225,77,0.1564728310801829
RNA ridge,Ly6-high mono,ADT_CD197(CCR7)_A0377,77,0.09687733034781752
RNA ridge,Ly6-high mono,ADT_CD20_A0192,77,0.48141381183154347
RNA ridge,Ly6-high mono,ADT_CD200(OX2)_A0079,77,0.5278393714183426
RNA ridge,Ly6-high mono,ADT_CD201(EPCR)_A0439,77,0.2653378661369811
RNA ridge,Ly6-high mono,ADT_CD204(Msr1)_A0448,77,0.18770991193024647
RNA ridge,Ly6-high mono,ADT_CD206(MMR)_A0173,77,0.20394955200322534
RNA ridge,Ly6-high mono,ADT_CD21-CD35(CR2-CR1)_A0107,77,0.5272715016037994
RNA ridge,Ly6-high mono,ADT_CD223(LAG-3)_A0378,77,0.2282682405232318
RNA ridge,Ly6-high mono,ADT_CD23_A0108,77,0.19272327037505207
RNA ridge,Ly6-high mono,ADT_CD24_A0212,77,0.43917792006026213
RNA ridge,Ly6-high mono,ADT_CD25_A0097,77,0.025815320950912986
RNA ridge,Ly6-high mono,ADT_CD274(B7-H1_PD-L1)_A0190,77,0.6087028134592679
RNA ridge,Ly6-high mono,ADT_CD278(ICOS)_A0171,77,0.02102329433125616
RNA ridge,Ly6-high mono,ADT_CD279(PD-1)_A0004,77,-0.05211263018437908
RNA ridge,Ly6-high mono,ADT_CD28_A0204,77,0.08419093938476209
RNA ridge,Ly6-high mono,ADT_CD29_A0570,77,0.2891339787360178
RNA ridge,Ly6-high mono,ADT_CD300LG(Nepmucin)_A0416,77,0.3832779406306434
RNA ridge,Ly6-high mono,ADT_CD301a(MGL1)_A0551,77,0.205241942422406
RNA ridge,Ly6-high mono,ADT_CD301b(MGL2)_A0566,77,0.39896026622409503
RNA ridge,Ly6-high mono,ADT_CD304(Neuropilin-1)_A0552,77,0.2793433814617944
RNA ridge,Ly6-high mono,ADT_CD326(Ep-CAM)_A0449,77,-0.19611820993510307
RNA ridge,Ly6-high mono,ADT_CD335(NKp46)_A0184,77,0.23322310916670924
RNA ridge,Ly6-high mono,ADT_CD357(GITR)_A0193,77,0.35058864851731486
RNA ridge,Ly6-high mono,ADT_CD36_A0555,77,0.3056278582221891
RNA ridge,Ly6-high mono,ADT_CD366(Tim-3)_A0003,77,0.3351409288271436
RNA ridge,Ly6-high mono,ADT_CD370(CLEC9A_DNGR1)_A0556,77,0.29906090072137576
RNA ridge,Ly6-high mono,ADT_CD38_A0557,77,0.6307063434644405
RNA ridge,Ly6-high mono,ADT_CD4_A0001,77,0.22014519675871672
RNA ridge,Ly6-high mono,ADT_CD41_A0443,77,0.23620656684874583
RNA ridge,Ly6-high mono,ADT_CD43_A0110,77,0.2202752620907562
RNA ridge,Ly6-high mono,ADT_CD45_A0096,77,0.6445387987607543
RNA ridge,Ly6-high mono,ADT_CD45.1_A0178,77,0.29149673133931087
RNA ridge,Ly6-high mono,ADT_CD45.2_A0157,77,0.6626068431327895
RNA ridge,Ly6-high mono,ADT_CD45R-B220_A0103,77,0.5091695067882434
RNA ridge,Ly6-high mono,ADT_CD48_A0429,77,0.16888076884249273
RNA ridge,Ly6-high mono,ADT_CD49d_A0078,77,0.43753823933476377
RNA ridge,Ly6-high mono,ADT_CD5_A0111,77,0.16299737122624686
RNA ridge,Ly6-high mono,ADT_CD54_A0074,77,0.6251232563886909
RNA ridge,Ly6-high mono,ADT_CD55(DAF)_A0558,77,0.406515583572329
RNA ridge,Ly6-high mono,ADT_CD62L_A0112,77,0.6665702663037548
RNA ridge,Ly6-high mono,ADT_CD62P(P-selectin)_A0229,77,0.24440919767532382
RNA ridge,Ly6-high mono,ADT_CD63_A0559,77,0.07927537394634797
RNA ridge,Ly6-high mono,ADT_CD64(FcrRI)_A0202,77,0.4367667248517857
RNA ridge,Ly6-high mono,ADT_CD68_A0560,77,0.3609202540147311
RNA ridge,Ly6-high mono,ADT_CD69_A0197,77,0.1015206357703783
RNA ridge,Ly6-high mono,ADT_CD71_A0441,77,0.44905815946292543
RNA ridge,Ly6-high mono,ADT_CD73_A0077,77,0.4381952189293191
RNA ridge,Ly6-high mono,ADT_CD79b(Igb)_A0561,77,0.44365883925537375
RNA ridge,Ly6-high mono,ADT_CD83_A0562,77,0.247376056499885
RNA ridge,Ly6-high mono,ADT_CD86_A0200,77,0.4709481848485623
RNA ridge,Ly6-high mono,ADT_CD8a_A0002,77,0.33531650948961195
RNA ridge,Ly6-high mono,ADT_CD8b(Ly-3)_A0230,77,0.25721903552028463
RNA ridge,Ly6-high mono,ADT_CD90.1(Thy-1.1)_A0380,77,0.011276321983808424
RNA ridge,Ly6-high mono,ADT_CD90.2_A0075,77,0.1679543478424751
RNA ridge,Ly6-high mono,ADT_CD93(AA4.1_earlyBlineage)_A0113,77,0.2104066842785427
RNA ridge,Ly6-high mono,ADT_CX3CR1_A0563,77,0.019406141729420096
RNA ridge,Ly6-high mono,ADT_ESAM_A0596,77,0.3974262680656479
RNA ridge,Ly6-high mono,ADT_F4-80_A0114,77,0.7577326976771143
RNA ridge,Ly6-high mono,ADT_FceRIa_A0115,77,0.06379133170058157
RNA ridge,Ly6-high mono,ADT_FolateReceptorb(FR-b)_A0564,77,0.012538949423356682
RNA ridge,Ly6-high mono,ADT_H-2KbboundtoSIINFEKL_A0231,77,0.2418476567632147
RNA ridge,Ly6-high mono,ADT_I-A-I-E_A0117,77,0.47923269570617655
RNA ridge,Ly6-high mono,ADT_IRF4_A0249,77,0.04796166567138757
RNA ridge,Ly6-high mono,ADT_IgD_A0571,77,0.5189892667064427
RNA ridge,Ly6-high mono,ADT_IgM_A0450,77,-0.052932631165767956
RNA ridge,Ly6-high mono,ADT_Ly-6A-E(Sca-1)_A0130,77,0.43130946662726766
RNA ridge,Ly6-high mono,ADT_Ly-6C_A0013,77,0.5767936484891554
RNA ridge,Ly6-high mono,ADT_MAdCAM-1_A0232,77,0.3120955535803118
RNA ridge,Ly6-high mono,ADT_MERTK(Mer)_A0565,77,0.6637641252437833
RNA ridge,Ly6-high mono,ADT_NK-1.1_A0118,77,0.17226169224348042
RNA ridge,Ly6-high mono,ADT_Notch1_A0442,77,0.06539125336266415
RNA ridge,Ly6-high mono,ADT_PanendothelialCellAntigen_A0381,77,0.35971247380679433
RNA ridge,Ly6-high mono,ADT_SiglecH_A0119,77,0.10407359853783267
RNA ridge,Ly6-high mono,ADT_TCRVb5.1_5.2_A0354,77,0.014612129253142741
RNA ridge,Ly6-high mono,ADT_TCRVb8.1_8.2_A0235,77,-0.04274572288451142
RNA ridge,Ly6-high mono,ADT_TCRVr1.1-Cr4_A0209,77,-0.0058209254467836416
RNA ridge,Ly6-high mono,ADT_TCRVr2_A0211,77,-0.03203977789403898
RNA ridge,Ly6-high mono,ADT_TCRVr3_A0210,77,0.16818382209025023
RNA ridge,Ly6-high mono,ADT_TCRbchain_A0120,77,0.2648726469875713
RNA ridge,Ly6-high mono,ADT_TCRr-d_A0121,77,0.09917731441984214
RNA ridge,Ly6-high mono,ADT_TER-119-ErythroidCells_A0122,77,0.1515704660759058
RNA ridge,Ly6-high mono,ADT_Tim-4_A0567,77,0.6417101793936391
RNA ridge,Ly6-high mono,ADT_XCR1_A0568,77,0.3835174563739048
RNA ridge,Ly6-high mono,ADT_anti-P2RY12_A0415,77,0.14153774046293816
RNA ridge,Ly6-high mono,ADT_integrinb7_A0214,77,-0.0768017075868656
RNA ridge,MZ B,ADT_CD102_A0104,205,0.45732738105690834
RNA ridge,MZ B,ADT_CD103_A0201,205,0.015153883986778884
RNA ridge,MZ B,ADT_CD106_A0226,205,0.21358981728790832
RNA ridge,MZ B,ADT_CD115(CSF-1R)_A0105,205,0.22130736876126367
RNA ridge,MZ B,ADT_CD117(c-Kit)_A0012,205,0.09252994144026723
RNA ridge,MZ B,ADT_CD11a_A0595,205,0.6237029328892151
RNA ridge,MZ B,ADT_CD11c_A0106,205,0.16129018743401224
RNA ridge,MZ B,ADT_CD122(IL-2Rb)_A0227,205,0.0961239716366538
RNA ridge,MZ B,ADT_CD127(IL-7Ra)_A0198,205,-0.010249780840609844
RNA ridge,MZ B,ADT_CD134(OX-40)_A0195,205,0.0910368587509845
RNA ridge,MZ B,ADT_CD135_A0098,205,0.01403467627623628
RNA ridge,MZ B,ADT_CD137_A0194,205,-0.07869558933733736
RNA ridge,MZ B,ADT_CD14_A0424,205,0.09054751849733911
RNA ridge,MZ B,ADT_CD140a_A0573,205,0.11180936257686855
RNA ridge,MZ B,ADT_CD15(SSEA-1)_A0076,205,0.14676814318248343
RNA ridge,MZ B,ADT_CD150(SLAM)_A0203,205,0.5434886064431997
RNA ridge,MZ B,ADT_CD16-32_A0109,205,0.020361419601022546
RNA ridge,MZ B,ADT_CD169(Siglec-1)_A0440,205,0.09111615120126502
RNA ridge,MZ B,ADT_CD172a(SIRPa)_A0422,205,0.5166825036103138
RNA ridge,MZ B,ADT_CD183(CXCR3)_A0228,205,0.12388986801191783
RNA ridge,MZ B,ADT_CD184(CXCR4)_A0444,205,0.09611267134913726
RNA ridge,MZ B,ADT_CD19_A0093,205,0.4225788940426642
RNA ridge,MZ B,ADT_CD192(CCR2)_A0426,205,-0.04465633240233882
RNA ridge,MZ B,ADT_CD195(CCR5)_A0376,205,-0.0013341196348074322
RNA ridge,MZ B,ADT_CD196(CCR6)_A0225,205,0.2183593174637439
RNA ridge,MZ B,ADT_CD197(CCR7)_A0377,205,0.05070729894535938
RNA ridge,MZ B,ADT_CD20_A0192,205,0.3984859905881521
RNA ridge,MZ B,ADT_CD200(OX2)_A0079,205,0.2529883877556559
RNA ridge,MZ B,ADT_CD201(EPCR)_A0439,205,0.05498504376406173
RNA ridge,MZ B,ADT_CD204(Msr1)_A0448,205,0.03395649793212491
RNA ridge,MZ B,ADT_CD206(MMR)_A0173,205,0.09812060572544369
RNA ridge,MZ B,ADT_CD21-CD35(CR2-CR1)_A0107,205,0.6005838621767955
RNA ridge,MZ B,ADT_CD223(LAG-3)_A0378,205,0.05418320926245147
RNA ridge,MZ B,ADT_CD23_A0108,205,0.6517038234650774
RNA ridge,MZ B,ADT_CD24_A0212,205,0.5760328916568574
RNA ridge,MZ B,ADT_CD25_A0097,205,0.04158362479119386
RNA ridge,MZ B,ADT_CD274(B7-H1_PD-L1)_A0190,205,0.6635948998527755
RNA ridge,MZ B,ADT_CD278(ICOS)_A0171,205,-0.004829169741365822
RNA ridge,MZ B,ADT_CD279(PD-1)_A0004,205,0.19031542405840382
RNA ridge,MZ B,ADT_CD28_A0204,205,-0.03666243907300125
RNA ridge,MZ B,ADT_CD29_A0570,205,0.5826916870155656
RNA ridge,MZ B,ADT_CD300LG(Nepmucin)_A0416,205,0.09130048742940043
RNA ridge,MZ B,ADT_CD301a(MGL1)_A0551,205,0.13135855659561843
RNA ridge,MZ B,ADT_CD301b(MGL2)_A0566,205,0.05563738579049602
RNA ridge,MZ B,ADT_CD304(Neuropilin-1)_A0552,205,0.07982085745471902
RNA ridge,MZ B,ADT_CD326(Ep-CAM)_A0449,205,0.213637386153197
RNA ridge,MZ B,ADT_CD335(NKp46)_A0184,205,0.07655799375747199
RNA ridge,MZ B,ADT_CD357(GITR)_A0193,205,0.3031850924121026
RNA ridge,MZ B,ADT_CD36_A0555,205,0.041686894226213925
RNA ridge,MZ B,ADT_CD366(Tim-3)_A0003,205,-0.05662944203010086
RNA ridge,MZ B,ADT_CD370(CLEC9A_DNGR1)_A0556,205,0.04831286513862914
RNA ridge,MZ B,ADT_CD38_A0557,205,0.47257948195009514
RNA ridge,MZ B,ADT_CD4_A0001,205,0.005423191554344179
RNA ridge,MZ B,ADT_CD41_A0443,205,0.10569799911695207
RNA ridge,MZ B,ADT_CD43_A0110,205,0.48632212011129156
RNA ridge,MZ B,ADT_CD45_A0096,205,0.41941822902246045
RNA ridge,MZ B,ADT_CD45.1_A0178,205,0.034620167758759784
RNA ridge,MZ B,ADT_CD45.2_A0157,205,0.4659919409025924
RNA ridge,MZ B,ADT_CD45R-B220_A0103,205,0.36439085798031867
RNA ridge,MZ B,ADT_CD48_A0429,205,0.5584792059799644
RNA ridge,MZ B,ADT_CD49d_A0078,205,0.5107527545299271
RNA ridge,MZ B,ADT_CD5_A0111,205,0.3415230407340491
RNA ridge,MZ B,ADT_CD54_A0074,205,0.4435715427190765
RNA ridge,MZ B,ADT_CD55(DAF)_A0558,205,0.5877343279907479
RNA ridge,MZ B,ADT_CD62L_A0112,205,0.5184820430727984
RNA ridge,MZ B,ADT_CD62P(P-selectin)_A0229,205,0.08659679896342765
RNA ridge,MZ B,ADT_CD63_A0559,205,0.09663908104416874
RNA ridge,MZ B,ADT_CD64(FcrRI)_A0202,205,0.0015768572392710076
RNA ridge,MZ B,ADT_CD68_A0560,205,0.0552061377838656
RNA ridge,MZ B,ADT_CD69_A0197,205,0.12659476519059068
RNA ridge,MZ B,ADT_CD71_A0441,205,0.5408417087728823
RNA ridge,MZ B,ADT_CD73_A0077,205,0.17766743089095846
RNA ridge,MZ B,ADT_CD79b(Igb)_A0561,205,0.48515503741325244
RNA ridge,MZ B,ADT_CD83_A0562,205,0.08401493126483289
RNA ridge,MZ B,ADT_CD86_A0200,205,0.4656087682559237
RNA ridge,MZ B,ADT_CD8a_A0002,205,-0.006862559994067831
RNA ridge,MZ B,ADT_CD8b(Ly-3)_A0230,205,-0.011097679024703936
RNA ridge,MZ B,ADT_CD90.1(Thy-1.1)_A0380,205,-0.021178069657661596
RNA ridge,MZ B,ADT_CD90.2_A0075,205,-0.054745692044577625
RNA ridge,MZ B,ADT_CD93(AA4.1_earlyBlineage)_A0113,205,0.22937732405727854
RNA ridge,MZ B,ADT_CX3CR1_A0563,205,0.05764477947578608
RNA ridge,MZ B,ADT_ESAM_A0596,205,-0.008153880574266779
RNA ridge,MZ B,ADT_F4-80_A0114,205,0.22938176406323768
RNA ridge,MZ B,ADT_FceRIa_A0115,205,-0.08562195777728876
RNA ridge,MZ B,ADT_FolateReceptorb(FR-b)_A0564,205,0.02631854509797242
RNA ridge,MZ B,ADT_H-2KbboundtoSIINFEKL_A0231,205,0.16680447936781975
RNA ridge,MZ B,ADT_I-A-I-E_A0117,205,0.2772908466548929
RNA ridge,MZ B,ADT_IRF4_A0249,205,0.021152439349553766
RNA ridge,MZ B,ADT_IgD_A0571,205,0.581387242243164
RNA ridge,MZ B,ADT_IgM_A0450,205,0.38789145108919343
RNA ridge,MZ B,ADT_Ly-6A-E(Sca-1)_A0130,205,0.6056402281901024
RNA ridge,MZ B,ADT_Ly-6C_A0013,205,-0.056261854088264666
RNA ridge,MZ B,ADT_MAdCAM-1_A0232,205,0.07586904358027496
RNA ridge,MZ B,ADT_MERTK(Mer)_A0565,205,0.18182874911442654
RNA ridge,MZ B,ADT_NK-1.1_A0118,205,-0.07005367140544205
RNA ridge,MZ B,ADT_Notch1_A0442,205,0.10664556837373
RNA ridge,MZ B,ADT_PanendothelialCellAntigen_A0381,205,0.02690039746621398
RNA ridge,MZ B,ADT_SiglecH_A0119,205,0.04203584423684628
RNA ridge,MZ B,ADT_TCRVb5.1_5.2_A0354,205,-0.05309833162527261
RNA ridge,MZ B,ADT_TCRVb8.1_8.2_A0235,205,-0.05282040538181152
RNA ridge,MZ B,ADT_TCRVr1.1-Cr4_A0209,205,-0.13861065994861116
RNA ridge,MZ B,ADT_TCRVr2_A0211,205,-0.014589698662687526
RNA ridge,MZ B,ADT_TCRVr3_A0210,205,0.16156676870765538
RNA ridge,MZ B,ADT_TCRbchain_A0120,205,0.029876569181605955
RNA ridge,MZ B,ADT_TCRr-d_A0121,205,0.028963268435552948
RNA ridge,MZ B,ADT_TER-119-ErythroidCells_A0122,205,0.08526558682722839
RNA ridge,MZ B,ADT_Tim-4_A0567,205,0.2342188319544106
RNA ridge,MZ B,ADT_XCR1_A0568,205,-0.02946748155044224
RNA ridge,MZ B,ADT_anti-P2RY12_A0415,205,0.14918474647993113
RNA ridge,MZ B,ADT_integrinb7_A0214,205,0.3809478927789999
RNA ridge,MZ/Marco-high macrophages,ADT_CD102_A0104,36,0.381019880569218
RNA ridge,MZ/Marco-high macrophages,ADT_CD103_A0201,36,0.21436135199222703
RNA ridge,MZ/Marco-high macrophages,ADT_CD106_A0226,36,0.05130856760660775
RNA ridge,MZ/Marco-high macrophages,ADT_CD115(CSF-1R)_A0105,36,0.3804927854667181
RNA ridge,MZ/Marco-high macrophages,ADT_CD117(c-Kit)_A0012,36,0.22690736270780076
RNA ridge,MZ/Marco-high macrophages,ADT_CD11a_A0595,36,0.23826994072281715
RNA ridge,MZ/Marco-high macrophages,ADT_CD11c_A0106,36,0.16731497526615774
RNA ridge,MZ/Marco-high macrophages,ADT_CD122(IL-2Rb)_A0227,36,-0.3540408036625664
RNA ridge,MZ/Marco-high macrophages,ADT_CD127(IL-7Ra)_A0198,36,0.25927291127254276
RNA ridge,MZ/Marco-high macrophages,ADT_CD134(OX-40)_A0195,36,0.10284074487584179
RNA ridge,MZ/Marco-high macrophages,ADT_CD135_A0098,36,-0.15363369755072698
RNA ridge,MZ/Marco-high macrophages,ADT_CD137_A0194,36,-0.19751671706886714
RNA ridge,MZ/Marco-high macrophages,ADT_CD14_A0424,36,0.562913410490474
RNA ridge,MZ/Marco-high macrophages,ADT_CD140a_A0573,36,0.20273258434981076
RNA ridge,MZ/Marco-high macrophages,ADT_CD15(SSEA-1)_A0076,36,-0.06144979489377654
RNA ridge,MZ/Marco-high macrophages,ADT_CD150(SLAM)_A0203,36,0.2797135341359985
RNA ridge,MZ/Marco-high macrophages,ADT_CD16-32_A0109,36,0.0405719343106015
RNA ridge,MZ/Marco-high macrophages,ADT_CD169(Siglec-1)_A0440,36,0.20557745338958275
RNA ridge,MZ/Marco-high macrophages,ADT_CD172a(SIRPa)_A0422,36,0.362418791419977
RNA ridge,MZ/Marco-high macrophages,ADT_CD183(CXCR3)_A0228,36,0.21140571367268401
RNA ridge,MZ/Marco-high macrophages,ADT_CD184(CXCR4)_A0444,36,0.33581402512279424
RNA ridge,MZ/Marco-high macrophages,ADT_CD19_A0093,36,0.46936831599831863
RNA ridge,MZ/Marco-high macrophages,ADT_CD192(CCR2)_A0426,36,0.17266653297654067
RNA ridge,MZ/Marco-high macrophages,ADT_CD195(CCR5)_A0376,36,0.05463273775776376
RNA ridge,MZ/Marco-high macrophages,ADT_CD196(CCR6)_A0225,36,-0.09354277935646681
RNA ridge,MZ/Marco-high macrophages,ADT_CD197(CCR7)_A0377,36,0.0673855150439434
RNA ridge,MZ/Marco-high macrophages,ADT_CD20_A0192,36,0.3117107487238368
RNA ridge,MZ/Marco-high macrophages,ADT_CD200(OX2)_A0079,36,0.07390241313469276
RNA ridge,MZ/Marco-high macrophages,ADT_CD201(EPCR)_A0439,36,0.2844983406040924
RNA ridge,MZ/Marco-high macrophages,ADT_CD204(Msr1)_A0448,36,0.22689215826037593
RNA ridge,MZ/Marco-high macrophages,ADT_CD206(MMR)_A0173,36,0.08904560977092553
RNA ridge,MZ/Marco-high macrophages,ADT_CD21-CD35(CR2-CR1)_A0107,36,0.3343643531564777
RNA ridge,MZ/Marco-high macrophages,ADT_CD223(LAG-3)_A0378,36,0.19454686346416808
RNA ridge,MZ/Marco-high macrophages,ADT_CD23_A0108,36,0.2515999079845767
RNA ridge,MZ/Marco-high macrophages,ADT_CD24_A0212,36,0.3667976965046534
RNA ridge,MZ/Marco-high macrophages,ADT_CD25_A0097,36,0.012927148040155502
RNA ridge,MZ/Marco-high macrophages,ADT_CD274(B7-H1_PD-L1)_A0190,36,0.23496847381674962
RNA ridge,MZ/Marco-high macrophages,ADT_CD278(ICOS)_A0171,36,0.11437803472048676
RNA ridge,MZ/Marco-high macrophages,ADT_CD279(PD-1)_A0004,36,0.12263143592274303
RNA ridge,MZ/Marco-high macrophages,ADT_CD28_A0204,36,-0.13011709499665383
RNA ridge,MZ/Marco-high macrophages,ADT_CD29_A0570,36,0.3715720632521312
RNA ridge,MZ/Marco-high macrophages,ADT_CD300LG(Nepmucin)_A0416,36,0.09246518922947351
RNA ridge,MZ/Marco-high macrophages,ADT_CD301a(MGL1)_A0551,36,0.09871960519464107
RNA ridge,MZ/Marco-high macrophages,ADT_CD301b(MGL2)_A0566,36,0.09877012359308068
RNA ridge,MZ/Marco-high macrophages,ADT_CD304(Neuropilin-1)_A0552,36,0.15709562719910686
RNA ridge,MZ/Marco-high macrophages,ADT_CD326(Ep-CAM)_A0449,36,0.12450525521761699
RNA ridge,MZ/Marco-high macrophages,ADT_CD335(NKp46)_A0184,36,-0.16982905394191944
RNA ridge,MZ/Marco-high macrophages,ADT_CD357(GITR)_A0193,36,-0.04305655949266147
RNA ridge,MZ/Marco-high macrophages,ADT_CD36_A0555,36,0.42951343717873003
RNA ridge,MZ/Marco-high macrophages,ADT_CD366(Tim-3)_A0003,36,0.009422079160750173
RNA ridge,MZ/Marco-high macrophages,ADT_CD370(CLEC9A_DNGR1)_A0556,36,0.25409531924579204
RNA ridge,MZ/Marco-high macrophages,ADT_CD38_A0557,36,0.12406692406692407
RNA ridge,MZ/Marco-high macrophages,ADT_CD4_A0001,36,0.1868725868725869
RNA ridge,MZ/Marco-high macrophages,ADT_CD41_A0443,36,0.13653256490832172
RNA ridge,MZ/Marco-high macrophages,ADT_CD43_A0110,36,0.1285043623421747
RNA ridge,MZ/Marco-high macrophages,ADT_CD45_A0096,36,0.27260441526299123
RNA ridge,MZ/Marco-high macrophages,ADT_CD45.1_A0178,36,-0.0027771502959644486
RNA ridge,MZ/Marco-high macrophages,ADT_CD45.2_A0157,36,0.3192066221068083
RNA ridge,MZ/Marco-high macrophages,ADT_CD45R-B220_A0103,36,0.3434141878697907
RNA ridge,MZ/Marco-high macrophages,ADT_CD48_A0429,36,0.2708199275877878
RNA ridge,MZ/Marco-high macrophages,ADT_CD49d_A0078,36,0.271319867502603
RNA ridge,MZ/Marco-high macrophages,ADT_CD5_A0111,36,0.1729321914883174
RNA ridge,MZ/Marco-high macrophages,ADT_CD54_A0074,36,0.23243243243243245
RNA ridge,MZ/Marco-high macrophages,ADT_CD55(DAF)_A0558,36,0.5480881057741935
RNA ridge,MZ/Marco-high macrophages,ADT_CD62L_A0112,36,0.3338483575927846
RNA ridge,MZ/Marco-high macrophages,ADT_CD62P(P-selectin)_A0229,36,0.004024558314670741
RNA ridge,MZ/Marco-high macrophages,ADT_CD63_A0559,36,0.058846260702985
RNA ridge,MZ/Marco-high macrophages,ADT_CD64(FcrRI)_A0202,36,0.377071235862301
RNA ridge,MZ/Marco-high macrophages,ADT_CD68_A0560,36,-0.1942650796142189
RNA ridge,MZ/Marco-high macrophages,ADT_CD69_A0197,36,0.17921579004586613
RNA ridge,MZ/Marco-high macrophages,ADT_CD71_A0441,36,0.25040503060886754
RNA ridge,MZ/Marco-high macrophages,ADT_CD73_A0077,36,0.32167303966144467
RNA ridge,MZ/Marco-high macrophages,ADT_CD79b(Igb)_A0561,36,0.5157814587362987
RNA ridge,MZ/Marco-high macrophages,ADT_CD83_A0562,36,0.06513615099749755
RNA ridge,MZ/Marco-high macrophages,ADT_CD86_A0200,36,0.22369521894574068
RNA ridge,MZ/Marco-high macrophages,ADT_CD8a_A0002,36,0.40007937970296603
RNA ridge,MZ/Marco-high macrophages,ADT_CD8b(Ly-3)_A0230,36,0.027576874338951975
RNA ridge,MZ/Marco-high macrophages,ADT_CD90.1(Thy-1.1)_A0380,36,0.35205241824322864
RNA ridge,MZ/Marco-high macrophages,ADT_CD90.2_A0075,36,0.4618762038687308
RNA ridge,MZ/Marco-high macrophages,ADT_CD93(AA4.1_earlyBlineage)_A0113,36,-0.06734489824787493
RNA ridge,MZ/Marco-high macrophages,ADT_CX3CR1_A0563,36,0.11628409071926935
RNA ridge,MZ/Marco-high macrophages,ADT_ESAM_A0596,36,0.015412821718345304
RNA ridge,MZ/Marco-high macrophages,ADT_F4-80_A0114,36,0.49913145836156736
RNA ridge,MZ/Marco-high macrophages,ADT_FceRIa_A0115,36,0.3219885684247364
RNA ridge,MZ/Marco-high macrophages,ADT_FolateReceptorb(FR-b)_A0564,36,0.2704832305416772
RNA ridge,MZ/Marco-high macrophages,ADT_H-2KbboundtoSIINFEKL_A0231,36,0.46193852217014914
RNA ridge,MZ/Marco-high macrophages,ADT_I-A-I-E_A0117,36,0.013643091604285678
RNA ridge,MZ/Marco-high macrophages,ADT_IRF4_A0249,36,-0.0013049264882441483
RNA ridge,MZ/Marco-high macrophages,ADT_IgD_A0571,36,0.40968201845747804
RNA ridge,MZ/Marco-high macrophages,ADT_IgM_A0450,36,0.16775999209373205
RNA ridge,MZ/Marco-high macrophages,ADT_Ly-6A-E(Sca-1)_A0130,36,0.4347154838802568
RNA ridge,MZ/Marco-high macrophages,ADT_Ly-6C_A0013,36,0.2741439190027634
RNA ridge,MZ/Marco-high macrophages,ADT_MAdCAM-1_A0232,36,-0.11574941217634556
RNA ridge,MZ/Marco-high macrophages,ADT_MERTK(Mer)_A0565,36,0.3683341848397646
RNA ridge,MZ/Marco-high macrophages,ADT_NK-1.1_A0118,36,-0.21947867472420537
RNA ridge,MZ/Marco-high macrophages,ADT_Notch1_A0442,36,0.39343571154045004
RNA ridge,MZ/Marco-high macrophages,ADT_PanendothelialCellAntigen_A0381,36,0.2415335688008465
RNA ridge,MZ/Marco-high macrophages,ADT_SiglecH_A0119,36,0.37758896224507305
RNA ridge,MZ/Marco-high macrophages,ADT_TCRVb5.1_5.2_A0354,36,0.047424700833028445
RNA ridge,MZ/Marco-high macrophages,ADT_TCRVb8.1_8.2_A0235,36,-0.14101150714534982
RNA ridge,MZ/Marco-high macrophages,ADT_TCRVr1.1-Cr4_A0209,36,-0.05962050122943504
RNA ridge,MZ/Marco-high macrophages,ADT_TCRVr2_A0211,36,-0.41450203796436286
RNA ridge,MZ/Marco-high macrophages,ADT_TCRVr3_A0210,36,-0.08576427642894015
RNA ridge,MZ/Marco-high macrophages,ADT_TCRbchain_A0120,36,0.1450460498884017
RNA ridge,MZ/Marco-high macrophages,ADT_TCRr-d_A0121,36,0.05974238970778304
RNA ridge,MZ/Marco-high macrophages,ADT_TER-119-ErythroidCells_A0122,36,-0.23801732167279413
RNA ridge,MZ/Marco-high macrophages,ADT_Tim-4_A0567,36,0.4544986522397712
RNA ridge,MZ/Marco-high macrophages,ADT_XCR1_A0568,36,0.040942990464026226
RNA ridge,MZ/Marco-high macrophages,ADT_anti-P2RY12_A0415,36,0.026115244980873857
RNA ridge,MZ/Marco-high macrophages,ADT_integrinb7_A0214,36,0.3407439165812602
RNA ridge,Mature B,ADT_CD102_A0104,2408,0.5248329451356082
RNA ridge,Mature B,ADT_CD103_A0201,2408,-0.04341622854009013
RNA ridge,Mature B,ADT_CD106_A0226,2408,0.04342327439430989
RNA ridge,Mature B,ADT_CD115(CSF-1R)_A0105,2408,0.06618214370313533
RNA ridge,Mature B,ADT_CD117(c-Kit)_A0012,2408,0.03134041405764344
RNA ridge,Mature B,ADT_CD11a_A0595,2408,0.38348193582496537
RNA ridge,Mature B,ADT_CD11c_A0106,2408,-3.1693453706837606e-05
RNA ridge,Mature B,ADT_CD122(IL-2Rb)_A0227,2408,0.01769121020112688
RNA ridge,Mature B,ADT_CD127(IL-7Ra)_A0198,2408,-0.01786119769089846
RNA ridge,Mature B,ADT_CD134(OX-40)_A0195,2408,0.052815332547636984
RNA ridge,Mature B,ADT_CD135_A0098,2408,0.023866957663501158
RNA ridge,Mature B,ADT_CD137_A0194,2408,0.018159474356796133
RNA ridge,Mature B,ADT_CD14_A0424,2408,0.08222983511242424
RNA ridge,Mature B,ADT_CD140a_A0573,2408,0.06237805879984675
RNA ridge,Mature B,ADT_CD15(SSEA-1)_A0076,2408,0.029282094951137656
RNA ridge,Mature B,ADT_CD150(SLAM)_A0203,2408,0.3385350091947197
RNA ridge,Mature B,ADT_CD16-32_A0109,2408,0.02030066694404482
RNA ridge,Mature B,ADT_CD169(Siglec-1)_A0440,2408,0.04958861380245366
RNA ridge,Mature B,ADT_CD172a(SIRPa)_A0422,2408,0.11142794532259068
RNA ridge,Mature B,ADT_CD183(CXCR3)_A0228,2408,0.008664108546313894
RNA ridge,Mature B,ADT_CD184(CXCR4)_A0444,2408,0.017757849939855738
RNA ridge,Mature B,ADT_CD19_A0093,2408,0.37714848477491747
RNA ridge,Mature B,ADT_CD192(CCR2)_A0426,2408,0.011817255073617987
RNA ridge,Mature B,ADT_CD195(CCR5)_A0376,2408,-0.010852083020397476
RNA ridge,Mature B,ADT_CD196(CCR6)_A0225,2408,0.0812734411056867
RNA ridge,Mature B,ADT_CD197(CCR7)_A0377,2408,-0.0012296596714336653
RNA ridge,Mature B,ADT_CD20_A0192,2408,0.3407323742680039
RNA ridge,Mature B,ADT_CD200(OX2)_A0079,2408,0.2206990079602056
RNA ridge,Mature B,ADT_CD201(EPCR)_A0439,2408,0.00823123113862921
RNA ridge,Mature B,ADT_CD204(Msr1)_A0448,2408,-0.0009161956105206825
RNA ridge,Mature B,ADT_CD206(MMR)_A0173,2408,0.02718944635457743
RNA ridge,Mature B,ADT_CD21-CD35(CR2-CR1)_A0107,2408,0.4320653900055032
RNA ridge,Mature B,ADT_CD223(LAG-3)_A0378,2408,0.04555450335837645
RNA ridge,Mature B,ADT_CD23_A0108,2408,0.3144214315183697
RNA ridge,Mature B,ADT_CD24_A0212,2408,0.4992408641334799
RNA ridge,Mature B,ADT_CD25_A0097,2408,0.05578169789331105
RNA ridge,Mature B,ADT_CD274(B7-H1_PD-L1)_A0190,2408,0.32488427948979337
RNA ridge,Mature B,ADT_CD278(ICOS)_A0171,2408,-0.003122569231691387
RNA ridge,Mature B,ADT_CD279(PD-1)_A0004,2408,0.07947862336810009
RNA ridge,Mature B,ADT_CD28_A0204,2408,0.018898951293980705
RNA ridge,Mature B,ADT_CD29_A0570,2408,0.32701961907273197
RNA ridge,Mature B,ADT_CD300LG(Nepmucin)_A0416,2408,0.05811970330439064
RNA ridge,Mature B,ADT_CD301a(MGL1)_A0551,2408,0.003186797337691079
RNA ridge,Mature B,ADT_CD301b(MGL2)_A0566,2408,0.007005135447661281
RNA ridge,Mature B,ADT_CD304(Neuropilin-1)_A0552,2408,0.03449798302960151
RNA ridge,Mature B,ADT_CD326(Ep-CAM)_A0449,2408,0.08078754595593736
RNA ridge,Mature B,ADT_CD335(NKp46)_A0184,2408,0.045593473718435196
RNA ridge,Mature B,ADT_CD357(GITR)_A0193,2408,0.16995863536412406
RNA ridge,Mature B,ADT_CD36_A0555,2408,0.015932459528670322
RNA ridge,Mature B,ADT_CD366(Tim-3)_A0003,2408,0.016530290861683658
RNA ridge,Mature B,ADT_CD370(CLEC9A_DNGR1)_A0556,2408,0.05093165184518587
RNA ridge,Mature B,ADT_CD38_A0557,2408,0.2959909648447607
RNA ridge,Mature B,ADT_CD4_A0001,2408,0.028683173961339622
RNA ridge,Mature B,ADT_CD41_A0443,2408,0.023856209404538007
RNA ridge,Mature B,ADT_CD43_A0110,2408,0.33763332062618584
RNA ridge,Mature B,ADT_CD45_A0096,2408,0.34843322545811106
RNA ridge,Mature B,ADT_CD45.1_A0178,2408,0.02795133116557489
RNA ridge,Mature B,ADT_CD45.2_A0157,2408,0.32329064149194864
RNA ridge,Mature B,ADT_CD45R-B220_A0103,2408,0.3773531260649254
RNA ridge,Mature B,ADT_CD48_A0429,2408,0.4517163948428895
RNA ridge,Mature B,ADT_CD49d_A0078,2408,0.35580850576259415
RNA ridge,Mature B,ADT_CD5_A0111,2408,0.22741389835115908
RNA ridge,Mature B,ADT_CD54_A0074,2408,0.46024174760774395
RNA ridge,Mature B,ADT_CD55(DAF)_A0558,2408,0.29643995478788265
RNA ridge,Mature B,ADT_CD62L_A0112,2408,0.35932734746866163
RNA ridge,Mature B,ADT_CD62P(P-selectin)_A0229,2408,0.0704209894034176
RNA ridge,Mature B,ADT_CD63_A0559,2408,0.0178547810939118
RNA ridge,Mature B,ADT_CD64(FcrRI)_A0202,2408,0.016130649718142
RNA ridge,Mature B,ADT_CD68_A0560,2408,-0.0067809753875393945
RNA ridge,Mature B,ADT_CD69_A0197,2408,0.034480746698215686
RNA ridge,Mature B,ADT_CD71_A0441,2408,0.4665010064599851
RNA ridge,Mature B,ADT_CD73_A0077,2408,0.030229817448904038
RNA ridge,Mature B,ADT_CD79b(Igb)_A0561,2408,0.4654055585794872
RNA ridge,Mature B,ADT_CD83_A0562,2408,0.07523483046888464
RNA ridge,Mature B,ADT_CD86_A0200,2408,0.363369828842995
RNA ridge,Mature B,ADT_CD8a_A0002,2408,0.024997509100873595
RNA ridge,Mature B,ADT_CD8b(Ly-3)_A0230,2408,0.04799906316427665
RNA ridge,Mature B,ADT_CD90.1(Thy-1.1)_A0380,2408,-0.019572049260528083
RNA ridge,Mature B,ADT_CD90.2_A0075,2408,0.06481246972673248
RNA ridge,Mature B,ADT_CD93(AA4.1_earlyBlineage)_A0113,2408,0.1387179502864443
RNA ridge,Mature B,ADT_CX3CR1_A0563,2408,0.00014496726053328694
RNA ridge,Mature B,ADT_ESAM_A0596,2408,0.00533718387682986
RNA ridge,Mature B,ADT_F4-80_A0114,2408,0.10014940043575944
RNA ridge,Mature B,ADT_FceRIa_A0115,2408,0.021075540450834776
RNA ridge,Mature B,ADT_FolateReceptorb(FR-b)_A0564,2408,-0.010280792028786971
RNA ridge,Mature B,ADT_H-2KbboundtoSIINFEKL_A0231,2408,0.1148527055919636
RNA ridge,Mature B,ADT_I-A-I-E_A0117,2408,0.42314032178949695
RNA ridge,Mature B,ADT_IRF4_A0249,2408,0.02340164363185301
RNA ridge,Mature B,ADT_IgD_A0571,2408,0.2841438734455205
RNA ridge,Mature B,ADT_IgM_A0450,2408,0.13188110472482545
RNA ridge,Mature B,ADT_Ly-6A-E(Sca-1)_A0130,2408,0.42727359333988885
RNA ridge,Mature B,ADT_Ly-6C_A0013,2408,0.019600542740993127
RNA ridge,Mature B,ADT_MAdCAM-1_A0232,2408,0.029410554661436456
RNA ridge,Mature B,ADT_MERTK(Mer)_A0565,2408,0.04355065316945429
RNA ridge,Mature B,ADT_NK-1.1_A0118,2408,0.039282842455151235
RNA ridge,Mature B,ADT_Notch1_A0442,2408,0.046232667485153194
RNA ridge,Mature B,ADT_PanendothelialCellAntigen_A0381,2408,0.0564750674161049
RNA ridge,Mature B,ADT_SiglecH_A0119,2408,0.05510983459907644
RNA ridge,Mature B,ADT_TCRVb5.1_5.2_A0354,2408,0.0023935720261790867
RNA ridge,Mature B,ADT_TCRVb8.1_8.2_A0235,2408,0.0010502781741116474
RNA ridge,Mature B,ADT_TCRVr1.1-Cr4_A0209,2408,0.0005771249858813786
RNA ridge,Mature B,ADT_TCRVr2_A0211,2408,0.02789270488399604
RNA ridge,Mature B,ADT_TCRVr3_A0210,2408,0.04537670449274214
RNA ridge,Mature B,ADT_TCRbchain_A0120,2408,-0.01660597220947342
RNA ridge,Mature B,ADT_TCRr-d_A0121,2408,0.050711568152448566
RNA ridge,Mature B,ADT_TER-119-ErythroidCells_A0122,2408,-0.0075331731425760376
RNA ridge,Mature B,ADT_Tim-4_A0567,2408,0.07202376184959776
RNA ridge,Mature B,ADT_XCR1_A0568,2408,-0.023026094441745734
RNA ridge,Mature B,ADT_anti-P2RY12_A0415,2408,0.044251192204905206
RNA ridge,Mature B,ADT_integrinb7_A0214,2408,0.32846589111929647
RNA ridge,NK,ADT_CD102_A0104,104,0.4484490400006059
RNA ridge,NK,ADT_CD103_A0201,104,-0.03472394156118245
RNA ridge,NK,ADT_CD106_A0226,104,0.447870308759793
RNA ridge,NK,ADT_CD115(CSF-1R)_A0105,104,0.2567166028925231
RNA ridge,NK,ADT_CD117(c-Kit)_A0012,104,0.0368596303850369
RNA ridge,NK,ADT_CD11a_A0595,104,0.25099558038812747
RNA ridge,NK,ADT_CD11c_A0106,104,0.2268307578441937
RNA ridge,NK,ADT_CD122(IL-2Rb)_A0227,104,0.36717844197104615
RNA ridge,NK,ADT_CD127(IL-7Ra)_A0198,104,0.15001143468291786
RNA ridge,NK,ADT_CD134(OX-40)_A0195,104,0.18381126629579364
RNA ridge,NK,ADT_CD135_A0098,104,0.13617235088857021
RNA ridge,NK,ADT_CD137_A0194,104,-0.0561519779922901
RNA ridge,NK,ADT_CD14_A0424,104,0.40977587899060375
RNA ridge,NK,ADT_CD140a_A0573,104,-0.1322057743519207
RNA ridge,NK,ADT_CD15(SSEA-1)_A0076,104,-0.028623169854399538
RNA ridge,NK,ADT_CD150(SLAM)_A0203,104,0.4384293217742186
RNA ridge,NK,ADT_CD16-32_A0109,104,0.23059647568024727
RNA ridge,NK,ADT_CD169(Siglec-1)_A0440,104,0.28221610409246456
RNA ridge,NK,ADT_CD172a(SIRPa)_A0422,104,0.43550562642467966
RNA ridge,NK,ADT_CD183(CXCR3)_A0228,104,0.22471785265719837
RNA ridge,NK,ADT_CD184(CXCR4)_A0444,104,-0.0805666782423596
RNA ridge,NK,ADT_CD19_A0093,104,0.4097290872047355
RNA ridge,NK,ADT_CD192(CCR2)_A0426,104,0.11728473121327501
RNA ridge,NK,ADT_CD195(CCR5)_A0376,104,-0.03346352063665463
RNA ridge,NK,ADT_CD196(CCR6)_A0225,104,0.020495356200846384
RNA ridge,NK,ADT_CD197(CCR7)_A0377,104,0.013523889579272464
RNA ridge,NK,ADT_CD20_A0192,104,0.2528598959812994
RNA ridge,NK,ADT_CD200(OX2)_A0079,104,0.3140574736314515
RNA ridge,NK,ADT_CD201(EPCR)_A0439,104,0.048294011337519184
RNA ridge,NK,ADT_CD204(Msr1)_A0448,104,-0.03780716895108502
RNA ridge,NK,ADT_CD206(MMR)_A0173,104,0.1371942846289081
RNA ridge,NK,ADT_CD21-CD35(CR2-CR1)_A0107,104,0.41424881995083407
RNA ridge,NK,ADT_CD223(LAG-3)_A0378,104,-0.05938044520458295
RNA ridge,NK,ADT_CD23_A0108,104,0.23008068141242674
RNA ridge,NK,ADT_CD24_A0212,104,0.43973486366886627
RNA ridge,NK,ADT_CD25_A0097,104,-0.08213624959412232
RNA ridge,NK,ADT_CD274(B7-H1_PD-L1)_A0190,104,0.47780861743073844
RNA ridge,NK,ADT_CD278(ICOS)_A0171,104,0.2765601939363386
RNA ridge,NK,ADT_CD279(PD-1)_A0004,104,-0.04800114269030539
RNA ridge,NK,ADT_CD28_A0204,104,0.3202177199326983
RNA ridge,NK,ADT_CD29_A0570,104,0.3965239474115017
RNA ridge,NK,ADT_CD300LG(Nepmucin)_A0416,104,0.08294480544247623
RNA ridge,NK,ADT_CD301a(MGL1)_A0551,104,0.17041872520312631
RNA ridge,NK,ADT_CD301b(MGL2)_A0566,104,-0.09549953381611656
RNA ridge,NK,ADT_CD304(Neuropilin-1)_A0552,104,0.01442236152746686
RNA ridge,NK,ADT_CD326(Ep-CAM)_A0449,104,0.11003985171796109
RNA ridge,NK,ADT_CD335(NKp46)_A0184,104,0.4772781833059906
RNA ridge,NK,ADT_CD357(GITR)_A0193,104,0.2692761930677779
RNA ridge,NK,ADT_CD36_A0555,104,0.13248156029774866
RNA ridge,NK,ADT_CD366(Tim-3)_A0003,104,-0.0212232774209214
RNA ridge,NK,ADT_CD370(CLEC9A_DNGR1)_A0556,104,0.10703541126297603
RNA ridge,NK,ADT_CD38_A0557,104,0.4563827932487035
RNA ridge,NK,ADT_CD4_A0001,104,0.27695530128378737
RNA ridge,NK,ADT_CD41_A0443,104,0.3677054184731981
RNA ridge,NK,ADT_CD43_A0110,104,0.10336089638607766
RNA ridge,NK,ADT_CD45_A0096,104,0.5053426157408317
RNA ridge,NK,ADT_CD45.1_A0178,104,-0.02047772863786359
RNA ridge,NK,ADT_CD45.2_A0157,104,0.46461657372741205
RNA ridge,NK,ADT_CD45R-B220_A0103,104,0.3251552670649772
RNA ridge,NK,ADT_CD48_A0429,104,0.5008684751712917
RNA ridge,NK,ADT_CD49d_A0078,104,0.4497498801526189
RNA ridge,NK,ADT_CD5_A0111,104,0.30215629894390367
RNA ridge,NK,ADT_CD54_A0074,104,0.486442370020099
RNA ridge,NK,ADT_CD55(DAF)_A0558,104,0.42562343363187344
RNA ridge,NK,ADT_CD62L_A0112,104,0.514608995680299
RNA ridge,NK,ADT_CD62P(P-selectin)_A0229,104,0.19232239619017605
RNA ridge,NK,ADT_CD63_A0559,104,0.0928009714324627
RNA ridge,NK,ADT_CD64(FcrRI)_A0202,104,0.350266739111995
RNA ridge,NK,ADT_CD68_A0560,104,0.09162220295770078
RNA ridge,NK,ADT_CD69_A0197,104,-0.06906283982014295
RNA ridge,NK,ADT_CD71_A0441,104,0.25289290995697833
RNA ridge,NK,ADT_CD73_A0077,104,0.1662975506373241
RNA ridge,NK,ADT_CD79b(Igb)_A0561,104,0.3166710577405719
RNA ridge,NK,ADT_CD83_A0562,104,-0.07796121847805186
RNA ridge,NK,ADT_CD86_A0200,104,0.48510448397788186
RNA ridge,NK,ADT_CD8a_A0002,104,0.3410813601581909
RNA ridge,NK,ADT_CD8b(Ly-3)_A0230,104,0.28774165862197215
RNA ridge,NK,ADT_CD90.1(Thy-1.1)_A0380,104,-0.0535630353755913
RNA ridge,NK,ADT_CD90.2_A0075,104,0.5269415686480622
RNA ridge,NK,ADT_CD93(AA4.1_earlyBlineage)_A0113,104,-0.0557395685397127
RNA ridge,NK,ADT_CX3CR1_A0563,104,0.08431172328670192
RNA ridge,NK,ADT_ESAM_A0596,104,0.20058129344566242
RNA ridge,NK,ADT_F4-80_A0114,104,0.4750712569789688
RNA ridge,NK,ADT_FceRIa_A0115,104,-0.1807897481516932
RNA ridge,NK,ADT_FolateReceptorb(FR-b)_A0564,104,-0.032144680871113086
RNA ridge,NK,ADT_H-2KbboundtoSIINFEKL_A0231,104,0.24382826310930078
RNA ridge,NK,ADT_I-A-I-E_A0117,104,0.5079542443660601
RNA ridge,NK,ADT_IRF4_A0249,104,0.27266934496454837
RNA ridge,NK,ADT_IgD_A0571,104,0.31269828735300853
RNA ridge,NK,ADT_IgM_A0450,104,0.028096685084372526
RNA ridge,NK,ADT_Ly-6A-E(Sca-1)_A0130,104,0.3606043601446357
RNA ridge,NK,ADT_Ly-6C_A0013,104,0.1429383651752064
RNA ridge,NK,ADT_MAdCAM-1_A0232,104,0.06539383388924755
RNA ridge,NK,ADT_MERTK(Mer)_A0565,104,0.33969294715360726
RNA ridge,NK,ADT_NK-1.1_A0118,104,0.40530908513012154
RNA ridge,NK,ADT_Notch1_A0442,104,0.060769694346797846
RNA ridge,NK,ADT_PanendothelialCellAntigen_A0381,104,0.2024169238319784
RNA ridge,NK,ADT_SiglecH_A0119,104,0.10010970850095921
RNA ridge,NK,ADT_TCRVb5.1_5.2_A0354,104,0.038942009313998945
RNA ridge,NK,ADT_TCRVb8.1_8.2_A0235,104,0.1671502803696632
RNA ridge,NK,ADT_TCRVr1.1-Cr4_A0209,104,0.2172152613625388
RNA ridge,NK,ADT_TCRVr2_A0211,104,0.08261112270923711
RNA ridge,NK,ADT_TCRVr3_A0210,104,0.06733327893892146
RNA ridge,NK,ADT_TCRbchain_A0120,104,0.4695650185912537
RNA ridge,NK,ADT_TCRr-d_A0121,104,0.12573857853261836
RNA ridge,NK,ADT_TER-119-ErythroidCells_A0122,104,-0.058957370259453475
RNA ridge,NK,ADT_Tim-4_A0567,104,0.45459347931678806
RNA ridge,NK,ADT_XCR1_A0568,104,0.16597030993138562
RNA ridge,NK,ADT_anti-P2RY12_A0415,104,0.089527405826554
RNA ridge,NK,ADT_integrinb7_A0214,104,0.35314437494849316
RNA ridge,NKT,ADT_CD102_A0104,117,0.5140919421168361
RNA ridge,NKT,ADT_CD103_A0201,117,0.4544520499827792
RNA ridge,NKT,ADT_CD106_A0226,117,0.2665562923772782
RNA ridge,NKT,ADT_CD115(CSF-1R)_A0105,117,0.2374810006269706
RNA ridge,NKT,ADT_CD117(c-Kit)_A0012,117,0.3175522792325524
RNA ridge,NKT,ADT_CD11a_A0595,117,0.6330775687079444
RNA ridge,NKT,ADT_CD11c_A0106,117,0.340946603213982
RNA ridge,NKT,ADT_CD122(IL-2Rb)_A0227,117,0.5728317345487127
RNA ridge,NKT,ADT_CD127(IL-7Ra)_A0198,117,0.5549328274312757
RNA ridge,NKT,ADT_CD134(OX-40)_A0195,117,0.044542899340332294
RNA ridge,NKT,ADT_CD135_A0098,117,-0.09568038241662313
RNA ridge,NKT,ADT_CD137_A0194,117,0.10007381505431136
RNA ridge,NKT,ADT_CD14_A0424,117,0.27017314964426503
RNA ridge,NKT,ADT_CD140a_A0573,117,-0.023611040402420146
RNA ridge,NKT,ADT_CD15(SSEA-1)_A0076,117,-0.0069856190921386094
RNA ridge,NKT,ADT_CD150(SLAM)_A0203,117,0.6063942868297765
RNA ridge,NKT,ADT_CD16-32_A0109,117,-0.004844496197636285
RNA ridge,NKT,ADT_CD169(Siglec-1)_A0440,117,0.20468601403965428
RNA ridge,NKT,ADT_CD172a(SIRPa)_A0422,117,0.43933970974972875
RNA ridge,NKT,ADT_CD183(CXCR3)_A0228,117,0.7486500259025346
RNA ridge,NKT,ADT_CD184(CXCR4)_A0444,117,0.3260040047247147
RNA ridge,NKT,ADT_CD19_A0093,117,0.2655981750464175
RNA ridge,NKT,ADT_CD192(CCR2)_A0426,117,-0.17672317505195742
RNA ridge,NKT,ADT_CD195(CCR5)_A0376,117,0.09791589853564937
RNA ridge,NKT,ADT_CD196(CCR6)_A0225,117,-0.20630218477468318
RNA ridge,NKT,ADT_CD197(CCR7)_A0377,117,0.2563281294949497
RNA ridge,NKT,ADT_CD20_A0192,117,0.19878469248221758
RNA ridge,NKT,ADT_CD200(OX2)_A0079,117,0.6697829429321126
RNA ridge,NKT,ADT_CD201(EPCR)_A0439,117,0.1283564702060207
RNA ridge,NKT,ADT_CD204(Msr1)_A0448,117,-0.004993728187476138
RNA ridge,NKT,ADT_CD206(MMR)_A0173,117,0.2110750974598316
RNA ridge,NKT,ADT_CD21-CD35(CR2-CR1)_A0107,117,0.26606189811940273
RNA ridge,NKT,ADT_CD223(LAG-3)_A0378,117,0.31925277936054247
RNA ridge,NKT,ADT_CD23_A0108,117,0.13002669006216933
RNA ridge,NKT,ADT_CD24_A0212,117,0.582255702520476
RNA ridge,NKT,ADT_CD25_A0097,117,0.05267837041042183
RNA ridge,NKT,ADT_CD274(B7-H1_PD-L1)_A0190,117,0.46468647201565494
RNA ridge,NKT,ADT_CD278(ICOS)_A0171,117,0.28620386023064387
RNA ridge,NKT,ADT_CD279(PD-1)_A0004,117,0.6841009670011472
RNA ridge,NKT,ADT_CD28_A0204,117,0.4160533804112334
RNA ridge,NKT,ADT_CD29_A0570,117,0.7122696419231265
RNA ridge,NKT,ADT_CD300LG(Nepmucin)_A0416,117,0.15726604874516065
RNA ridge,NKT,ADT_CD301a(MGL1)_A0551,117,0.2403550185175946
RNA ridge,NKT,ADT_CD301b(MGL2)_A0566,117,0.358067467964058
RNA ridge,NKT,ADT_CD304(Neuropilin-1)_A0552,117,0.08611761421937784
RNA ridge,NKT,ADT_CD326(Ep-CAM)_A0449,117,0.1216649719767047
RNA ridge,NKT,ADT_CD335(NKp46)_A0184,117,0.3331815714905589
RNA ridge,NKT,ADT_CD357(GITR)_A0193,117,0.30169446160988694
RNA ridge,NKT,ADT_CD36_A0555,117,0.5259302089236367
RNA ridge,NKT,ADT_CD366(Tim-3)_A0003,117,-0.06621045430119753
RNA ridge,NKT,ADT_CD370(CLEC9A_DNGR1)_A0556,117,0.13412027931595735
RNA ridge,NKT,ADT_CD38_A0557,117,0.6345572399009782
RNA ridge,NKT,ADT_CD4_A0001,117,0.3248965473513771
RNA ridge,NKT,ADT_CD41_A0443,117,0.21568427862268605
RNA ridge,NKT,ADT_CD43_A0110,117,0.47480049466868907
RNA ridge,NKT,ADT_CD45_A0096,117,0.4387371844849061
RNA ridge,NKT,ADT_CD45.1_A0178,117,-0.030336025593589316
RNA ridge,NKT,ADT_CD45.2_A0157,117,0.44211420344372754
RNA ridge,NKT,ADT_CD45R-B220_A0103,117,0.3152572220224421
RNA ridge,NKT,ADT_CD48_A0429,117,0.5427850448971493
RNA ridge,NKT,ADT_CD49d_A0078,117,0.3290215769698542
RNA ridge,NKT,ADT_CD5_A0111,117,0.6498818886190588
RNA ridge,NKT,ADT_CD54_A0074,117,0.7318381900681724
RNA ridge,NKT,ADT_CD55(DAF)_A0558,117,0.2678409819634761
RNA ridge,NKT,ADT_CD62L_A0112,117,0.5914555227352069
RNA ridge,NKT,ADT_CD62P(P-selectin)_A0229,117,-0.019074017223751148
RNA ridge,NKT,ADT_CD63_A0559,117,0.15326797289641053
RNA ridge,NKT,ADT_CD64(FcrRI)_A0202,117,0.18880319338839965
RNA ridge,NKT,ADT_CD68_A0560,117,0.08740114956876394
RNA ridge,NKT,ADT_CD69_A0197,117,0.4488506773387872
RNA ridge,NKT,ADT_CD71_A0441,117,0.37342915681022876
RNA ridge,NKT,ADT_CD73_A0077,117,0.21773952943344194
RNA ridge,NKT,ADT_CD79b(Igb)_A0561,117,0.37549612846374897
RNA ridge,NKT,ADT_CD83_A0562,117,-0.1216855244576247
RNA ridge,NKT,ADT_CD86_A0200,117,0.2407342166379393
RNA ridge,NKT,ADT_CD8a_A0002,117,0.44869575985210014
RNA ridge,NKT,ADT_CD8b(Ly-3)_A0230,117,0.3958338639217116
RNA ridge,NKT,ADT_CD90.1(Thy-1.1)_A0380,117,0.025661898534362494
RNA ridge,NKT,ADT_CD90.2_A0075,117,0.4167203682540846
RNA ridge,NKT,ADT_CD93(AA4.1_earlyBlineage)_A0113,117,0.09505519908989582
RNA ridge,NKT,ADT_CX3CR1_A0563,117,0.11393431400419622
RNA ridge,NKT,ADT_ESAM_A0596,117,0.07763847561897833
RNA ridge,NKT,ADT_F4-80_A0114,117,0.30790055812644956
RNA ridge,NKT,ADT_FceRIa_A0115,117,0.0893573501070089
RNA ridge,NKT,ADT_FolateReceptorb(FR-b)_A0564,117,0.16872385723364852
RNA ridge,NKT,ADT_H-2KbboundtoSIINFEKL_A0231,117,0.08877654211062942
RNA ridge,NKT,ADT_I-A-I-E_A0117,117,0.47171841462122827
RNA ridge,NKT,ADT_IRF4_A0249,117,0.15289995538806814
RNA ridge,NKT,ADT_IgD_A0571,117,0.21511653499855596
RNA ridge,NKT,ADT_IgM_A0450,117,-0.1629383555578104
RNA ridge,NKT,ADT_Ly-6A-E(Sca-1)_A0130,117,0.41800177232063934
RNA ridge,NKT,ADT_Ly-6C_A0013,117,0.7222810842118744
RNA ridge,NKT,ADT_MAdCAM-1_A0232,117,0.07865375033610957
RNA ridge,NKT,ADT_MERTK(Mer)_A0565,117,0.30779298887477213
RNA ridge,NKT,ADT_NK-1.1_A0118,117,0.652123654804341
RNA ridge,NKT,ADT_Notch1_A0442,117,0.09127608489426556
RNA ridge,NKT,ADT_PanendothelialCellAntigen_A0381,117,0.3793763789402774
RNA ridge,NKT,ADT_SiglecH_A0119,117,-0.021402269260035887
RNA ridge,NKT,ADT_TCRVb5.1_5.2_A0354,117,0.08607294764726389
RNA ridge,NKT,ADT_TCRVb8.1_8.2_A0235,117,0.07721429119310409
RNA ridge,NKT,ADT_TCRVr1.1-Cr4_A0209,117,-0.1334812685245797
RNA ridge,NKT,ADT_TCRVr2_A0211,117,-0.0160619455314094
RNA ridge,NKT,ADT_TCRVr3_A0210,117,0.04281751551435513
RNA ridge,NKT,ADT_TCRbchain_A0120,117,0.1411475876495805
RNA ridge,NKT,ADT_TCRr-d_A0121,117,0.022361878624168424
RNA ridge,NKT,ADT_TER-119-ErythroidCells_A0122,117,-0.06829715257016301
RNA ridge,NKT,ADT_Tim-4_A0567,117,0.4283759709527523
RNA ridge,NKT,ADT_XCR1_A0568,117,0.012115253448700635
RNA ridge,NKT,ADT_anti-P2RY12_A0415,117,0.02519031073091761
RNA ridge,NKT,ADT_integrinb7_A0214,117,0.5676907633977314
RNA ridge,Neutrophils,ADT_CD102_A0104,112,0.44679218807989046
RNA ridge,Neutrophils,ADT_CD103_A0201,112,-0.1745926926214242
RNA ridge,Neutrophils,ADT_CD106_A0226,112,0.4110537749496385
RNA ridge,Neutrophils,ADT_CD115(CSF-1R)_A0105,112,0.37209814225499366
RNA ridge,Neutrophils,ADT_CD117(c-Kit)_A0012,112,0.2779445237671016
RNA ridge,Neutrophils,ADT_CD11a_A0595,112,0.5593782839986201
RNA ridge,Neutrophils,ADT_CD11c_A0106,112,0.35166120167894355
RNA ridge,Neutrophils,ADT_CD122(IL-2Rb)_A0227,112,0.20442786135905605
RNA ridge,Neutrophils,ADT_CD127(IL-7Ra)_A0198,112,0.08647274311296285
RNA ridge,Neutrophils,ADT_CD134(OX-40)_A0195,112,0.22441256651593156
RNA ridge,Neutrophils,ADT_CD135_A0098,112,0.1905446546380853
RNA ridge,Neutrophils,ADT_CD137_A0194,112,0.10503508118565176
RNA ridge,Neutrophils,ADT_CD14_A0424,112,0.4364350138702803
RNA ridge,Neutrophils,ADT_CD140a_A0573,112,0.22959169915970304
RNA ridge,Neutrophils,ADT_CD15(SSEA-1)_A0076,112,0.05245251814229535
RNA ridge,Neutrophils,ADT_CD150(SLAM)_A0203,112,0.30630043141216046
RNA ridge,Neutrophils,ADT_CD16-32_A0109,112,-0.03673604553881395
RNA ridge,Neutrophils,ADT_CD169(Siglec-1)_A0440,112,0.2174788984881926
RNA ridge,Neutrophils,ADT_CD172a(SIRPa)_A0422,112,0.5485475383157247
RNA ridge,Neutrophils,ADT_CD183(CXCR3)_A0228,112,-0.043967516893241555
RNA ridge,Neutrophils,ADT_CD184(CXCR4)_A0444,112,0.21179199023858877
RNA ridge,Neutrophils,ADT_CD19_A0093,112,0.3201283341547401
RNA ridge,Neutrophils,ADT_CD192(CCR2)_A0426,112,0.14527156730078739
RNA ridge,Neutrophils,ADT_CD195(CCR5)_A0376,112,0.07650539199937409
RNA ridge,Neutrophils,ADT_CD196(CCR6)_A0225,112,0.2568424670177998
RNA ridge,Neutrophils,ADT_CD197(CCR7)_A0377,112,-0.07977820374904925
RNA ridge,Neutrophils,ADT_CD20_A0192,112,0.28304553991111076
RNA ridge,Neutrophils,ADT_CD200(OX2)_A0079,112,0.3944823192312839
RNA ridge,Neutrophils,ADT_CD201(EPCR)_A0439,112,0.04887149676360115
RNA ridge,Neutrophils,ADT_CD204(Msr1)_A0448,112,-0.017708413938221382
RNA ridge,Neutrophils,ADT_CD206(MMR)_A0173,112,0.303507702707688
RNA ridge,Neutrophils,ADT_CD21-CD35(CR2-CR1)_A0107,112,0.3847640454159562
RNA ridge,Neutrophils,ADT_CD223(LAG-3)_A0378,112,0.2330074700281162
RNA ridge,Neutrophils,ADT_CD23_A0108,112,0.3866414238154139
RNA ridge,Neutrophils,ADT_CD24_A0212,112,0.38239170271412964
RNA ridge,Neutrophils,ADT_CD25_A0097,112,0.0338598634713752
RNA ridge,Neutrophils,ADT_CD274(B7-H1_PD-L1)_A0190,112,0.44071175898379106
RNA ridge,Neutrophils,ADT_CD278(ICOS)_A0171,112,0.09922128237008425
RNA ridge,Neutrophils,ADT_CD279(PD-1)_A0004,112,0.04920745991213484
RNA ridge,Neutrophils,ADT_CD28_A0204,112,-0.07924382734771289
RNA ridge,Neutrophils,ADT_CD29_A0570,112,0.25995190400782614
RNA ridge,Neutrophils,ADT_CD300LG(Nepmucin)_A0416,112,0.2152228966219651
RNA ridge,Neutrophils,ADT_CD301a(MGL1)_A0551,112,-0.04945379865147606
RNA ridge,Neutrophils,ADT_CD301b(MGL2)_A0566,112,-0.05970739863348397
RNA ridge,Neutrophils,ADT_CD304(Neuropilin-1)_A0552,112,0.049198451560673116
RNA ridge,Neutrophils,ADT_CD326(Ep-CAM)_A0449,112,-0.015219062281449097
RNA ridge,Neutrophils,ADT_CD335(NKp46)_A0184,112,0.03635340990719622
RNA ridge,Neutrophils,ADT_CD357(GITR)_A0193,112,0.2769665485563655
RNA ridge,Neutrophils,ADT_CD36_A0555,112,0.40508472893459846
RNA ridge,Neutrophils,ADT_CD366(Tim-3)_A0003,112,0.1692488155672218
RNA ridge,Neutrophils,ADT_CD370(CLEC9A_DNGR1)_A0556,112,0.24861602964677088
RNA ridge,Neutrophils,ADT_CD38_A0557,112,0.5755529187249037
RNA ridge,Neutrophils,ADT_CD4_A0001,112,0.12460417886780059
RNA ridge,Neutrophils,ADT_CD41_A0443,112,0.17559223352538422
RNA ridge,Neutrophils,ADT_CD43_A0110,112,0.060412302074590925
RNA ridge,Neutrophils,ADT_CD45_A0096,112,0.4660422247938877
RNA ridge,Neutrophils,ADT_CD45.1_A0178,112,0.25324545041861013
RNA ridge,Neutrophils,ADT_CD45.2_A0157,112,0.4584747059820997
RNA ridge,Neutrophils,ADT_CD45R-B220_A0103,112,0.3626804347158448
RNA ridge,Neutrophils,ADT_CD48_A0429,112,0.6226314167705574
RNA ridge,Neutrophils,ADT_CD49d_A0078,112,0.47433362774790266
RNA ridge,Neutrophils,ADT_CD5_A0111,112,0.1815083781682543
RNA ridge,Neutrophils,ADT_CD54_A0074,112,0.4969621316996323
RNA ridge,Neutrophils,ADT_CD55(DAF)_A0558,112,0.4563589954779215
RNA ridge,Neutrophils,ADT_CD62L_A0112,112,0.3530778566425561
RNA ridge,Neutrophils,ADT_CD62P(P-selectin)_A0229,112,0.23900485478115874
RNA ridge,Neutrophils,ADT_CD63_A0559,112,0.24458111707761193
RNA ridge,Neutrophils,ADT_CD64(FcrRI)_A0202,112,0.3718382380170838
RNA ridge,Neutrophils,ADT_CD68_A0560,112,-0.10779327673647605
RNA ridge,Neutrophils,ADT_CD69_A0197,112,0.13920009368927097
RNA ridge,Neutrophils,ADT_CD71_A0441,112,0.33665095643607246
RNA ridge,Neutrophils,ADT_CD73_A0077,112,0.6021002493690322
RNA ridge,Neutrophils,ADT_CD79b(Igb)_A0561,112,0.4611343472222825
RNA ridge,Neutrophils,ADT_CD83_A0562,112,-0.12657905996327531
RNA ridge,Neutrophils,ADT_CD86_A0200,112,0.38445012710329474
RNA ridge,Neutrophils,ADT_CD8a_A0002,112,0.12209777680214792
RNA ridge,Neutrophils,ADT_CD8b(Ly-3)_A0230,112,0.13805007215230392
RNA ridge,Neutrophils,ADT_CD90.1(Thy-1.1)_A0380,112,0.008028193717995648
RNA ridge,Neutrophils,ADT_CD90.2_A0075,112,0.2814139267232147
RNA ridge,Neutrophils,ADT_CD93(AA4.1_earlyBlineage)_A0113,112,-0.02825622614331379
RNA ridge,Neutrophils,ADT_CX3CR1_A0563,112,0.017344498401080672
RNA ridge,Neutrophils,ADT_ESAM_A0596,112,0.27089800556171295
RNA ridge,Neutrophils,ADT_F4-80_A0114,112,0.33807727899087314
RNA ridge,Neutrophils,ADT_FceRIa_A0115,112,-0.10688283909889844
RNA ridge,Neutrophils,ADT_FolateReceptorb(FR-b)_A0564,112,-0.11093598229698548
RNA ridge,Neutrophils,ADT_H-2KbboundtoSIINFEKL_A0231,112,0.19749071911781077
RNA ridge,Neutrophils,ADT_I-A-I-E_A0117,112,0.33035250120976306
RNA ridge,Neutrophils,ADT_IRF4_A0249,112,0.2272735343441599
RNA ridge,Neutrophils,ADT_IgD_A0571,112,0.4440860131571981
RNA ridge,Neutrophils,ADT_IgM_A0450,112,0.10882837556803156
RNA ridge,Neutrophils,ADT_Ly-6A-E(Sca-1)_A0130,112,0.36507079441037704
RNA ridge,Neutrophils,ADT_Ly-6C_A0013,112,0.3653599379618562
RNA ridge,Neutrophils,ADT_MAdCAM-1_A0232,112,0.033033328395727965
RNA ridge,Neutrophils,ADT_MERTK(Mer)_A0565,112,0.1332647661234241
RNA ridge,Neutrophils,ADT_NK-1.1_A0118,112,0.004120171030420102
RNA ridge,Neutrophils,ADT_Notch1_A0442,112,0.055806000942419644
RNA ridge,Neutrophils,ADT_PanendothelialCellAntigen_A0381,112,0.2744826264415118
RNA ridge,Neutrophils,ADT_SiglecH_A0119,112,0.07278693702240006
RNA ridge,Neutrophils,ADT_TCRVb5.1_5.2_A0354,112,-0.09490883349774917
RNA ridge,Neutrophils,ADT_TCRVb8.1_8.2_A0235,112,-0.09407144693926722
RNA ridge,Neutrophils,ADT_TCRVr1.1-Cr4_A0209,112,-0.1496668493412051
RNA ridge,Neutrophils,ADT_TCRVr2_A0211,112,0.0134121097844338
RNA ridge,Neutrophils,ADT_TCRVr3_A0210,112,0.1674772728795587
RNA ridge,Neutrophils,ADT_TCRbchain_A0120,112,-0.0628903285497014
RNA ridge,Neutrophils,ADT_TCRr-d_A0121,112,-0.007039810592099379
RNA ridge,Neutrophils,ADT_TER-119-ErythroidCells_A0122,112,0.12735096815956765
RNA ridge,Neutrophils,ADT_Tim-4_A0567,112,0.4686641652502627
RNA ridge,Neutrophils,ADT_XCR1_A0568,112,0.15228670708089592
RNA ridge,Neutrophils,ADT_anti-P2RY12_A0415,112,0.2416448726869596
RNA ridge,Neutrophils,ADT_integrinb7_A0214,112,0.4024970383300534
RNA ridge,Red-pulp macrophages,ADT_CD102_A0104,35,0.3556642378266233
RNA ridge,Red-pulp macrophages,ADT_CD103_A0201,35,0.15296021893536552
RNA ridge,Red-pulp macrophages,ADT_CD106_A0226,35,0.3890916637387541
RNA ridge,Red-pulp macrophages,ADT_CD115(CSF-1R)_A0105,35,0.027988997392885476
RNA ridge,Red-pulp macrophages,ADT_CD117(c-Kit)_A0012,35,-0.04781138050213646
RNA ridge,Red-pulp macrophages,ADT_CD11a_A0595,35,0.519904865683643
RNA ridge,Red-pulp macrophages,ADT_CD11c_A0106,35,0.29774376257280366
RNA ridge,Red-pulp macrophages,ADT_CD122(IL-2Rb)_A0227,35,0.4328875542446902
RNA ridge,Red-pulp macrophages,ADT_CD127(IL-7Ra)_A0198,35,0.3024696517797461
RNA ridge,Red-pulp macrophages,ADT_CD134(OX-40)_A0195,35,0.0704398938265577
RNA ridge,Red-pulp macrophages,ADT_CD135_A0098,35,0.20596601218762745
RNA ridge,Red-pulp macrophages,ADT_CD137_A0194,35,0.18700368607857507
RNA ridge,Red-pulp macrophages,ADT_CD14_A0424,35,0.2739077390586706
RNA ridge,Red-pulp macrophages,ADT_CD140a_A0573,35,0.21499041759159943
RNA ridge,Red-pulp macrophages,ADT_CD15(SSEA-1)_A0076,35,-0.08999051644162319
RNA ridge,Red-pulp macrophages,ADT_CD150(SLAM)_A0203,35,0.4331782828646711
RNA ridge,Red-pulp macrophages,ADT_CD16-32_A0109,35,0.04188689311634943
RNA ridge,Red-pulp macrophages,ADT_CD169(Siglec-1)_A0440,35,0.1329501374012633
RNA ridge,Red-pulp macrophages,ADT_CD172a(SIRPa)_A0422,35,0.3571481187904097
RNA ridge,Red-pulp macrophages,ADT_CD183(CXCR3)_A0228,35,0.1130701789092633
RNA ridge,Red-pulp macrophages,ADT_CD184(CXCR4)_A0444,35,0.09477476881726458
RNA ridge,Red-pulp macrophages,ADT_CD19_A0093,35,0.3351576017722671
RNA ridge,Red-pulp macrophages,ADT_CD192(CCR2)_A0426,35,0.13588878148220326
RNA ridge,Red-pulp macrophages,ADT_CD195(CCR5)_A0376,35,0.022276119800079586
RNA ridge,Red-pulp macrophages,ADT_CD196(CCR6)_A0225,35,0.18528759710293277
RNA ridge,Red-pulp macrophages,ADT_CD197(CCR7)_A0377,35,-0.03563573272465941
RNA ridge,Red-pulp macrophages,ADT_CD20_A0192,35,0.13702678273739163
RNA ridge,Red-pulp macrophages,ADT_CD200(OX2)_A0079,35,0.42536800913999206
RNA ridge,Red-pulp macrophages,ADT_CD201(EPCR)_A0439,35,0.013597632773205533
RNA ridge,Red-pulp macrophages,ADT_CD204(Msr1)_A0448,35,-0.5774582694051751
RNA ridge,Red-pulp macrophages,ADT_CD206(MMR)_A0173,35,0.215097027232521
RNA ridge,Red-pulp macrophages,ADT_CD21-CD35(CR2-CR1)_A0107,35,0.5364977034670477
RNA ridge,Red-pulp macrophages,ADT_CD223(LAG-3)_A0378,35,0.23236728352776845
RNA ridge,Red-pulp macrophages,ADT_CD23_A0108,35,0.2819102802824307
RNA ridge,Red-pulp macrophages,ADT_CD24_A0212,35,0.15482913838936513
RNA ridge,Red-pulp macrophages,ADT_CD25_A0097,35,-0.15940335210946532
RNA ridge,Red-pulp macrophages,ADT_CD274(B7-H1_PD-L1)_A0190,35,0.35421242698014865
RNA ridge,Red-pulp macrophages,ADT_CD278(ICOS)_A0171,35,0.013925158032233096
RNA ridge,Red-pulp macrophages,ADT_CD279(PD-1)_A0004,35,0.1068790785435617
RNA ridge,Red-pulp macrophages,ADT_CD28_A0204,35,-0.07981266011505433
RNA ridge,Red-pulp macrophages,ADT_CD29_A0570,35,0.449642811527105
RNA ridge,Red-pulp macrophages,ADT_CD300LG(Nepmucin)_A0416,35,0.31966567048629163
RNA ridge,Red-pulp macrophages,ADT_CD301a(MGL1)_A0551,35,0.02243618878124574
RNA ridge,Red-pulp macrophages,ADT_CD301b(MGL2)_A0566,35,0.27644869841955155
RNA ridge,Red-pulp macrophages,ADT_CD304(Neuropilin-1)_A0552,35,-0.04725486866294218
RNA ridge,Red-pulp macrophages,ADT_CD326(Ep-CAM)_A0449,35,-0.05256981733257151
RNA ridge,Red-pulp macrophages,ADT_CD335(NKp46)_A0184,35,0.02819743280207734
RNA ridge,Red-pulp macrophages,ADT_CD357(GITR)_A0193,35,0.17965986765989403
RNA ridge,Red-pulp macrophages,ADT_CD36_A0555,35,0.31805961630098756
RNA ridge,Red-pulp macrophages,ADT_CD366(Tim-3)_A0003,35,-0.04201534778045969
RNA ridge,Red-pulp macrophages,ADT_CD370(CLEC9A_DNGR1)_A0556,35,-0.024404680726862287
RNA ridge,Red-pulp macrophages,ADT_CD38_A0557,35,0.5403361344537816
RNA ridge,Red-pulp macrophages,ADT_CD4_A0001,35,0.18212516693903727
RNA ridge,Red-pulp macrophages,ADT_CD41_A0443,35,0.2073390288324584
RNA ridge,Red-pulp macrophages,ADT_CD43_A0110,35,-0.04964882452104811
RNA ridge,Red-pulp macrophages,ADT_CD45_A0096,35,0.43087267546958724
RNA ridge,Red-pulp macrophages,ADT_CD45.1_A0178,35,-0.3395207890704543
RNA ridge,Red-pulp macrophages,ADT_CD45.2_A0157,35,0.3600928029264908
RNA ridge,Red-pulp macrophages,ADT_CD45R-B220_A0103,35,0.48904156726143383
RNA ridge,Red-pulp macrophages,ADT_CD48_A0429,35,0.28871766023999457
RNA ridge,Red-pulp macrophages,ADT_CD49d_A0078,35,0.2516245797736415
RNA ridge,Red-pulp macrophages,ADT_CD5_A0111,35,0.08352145719385877
RNA ridge,Red-pulp macrophages,ADT_CD54_A0074,35,0.35497654352355984
RNA ridge,Red-pulp macrophages,ADT_CD55(DAF)_A0558,35,0.2820298165962496
RNA ridge,Red-pulp macrophages,ADT_CD62L_A0112,35,0.26600299601261823
RNA ridge,Red-pulp macrophages,ADT_CD62P(P-selectin)_A0229,35,0.03307324194736631
RNA ridge,Red-pulp macrophages,ADT_CD63_A0559,35,0.09232360750764666
RNA ridge,Red-pulp macrophages,ADT_CD64(FcrRI)_A0202,35,-0.023427155008554752
RNA ridge,Red-pulp macrophages,ADT_CD68_A0560,35,0.19212099037844596
RNA ridge,Red-pulp macrophages,ADT_CD69_A0197,35,-0.11814535109267368
RNA ridge,Red-pulp macrophages,ADT_CD71_A0441,35,0.18433530813789054
RNA ridge,Red-pulp macrophages,ADT_CD73_A0077,35,0.16269453336890774
RNA ridge,Red-pulp macrophages,ADT_CD79b(Igb)_A0561,35,0.17238070534804262
RNA ridge,Red-pulp macrophages,ADT_CD83_A0562,35,-0.04913730355752523
RNA ridge,Red-pulp macrophages,ADT_CD86_A0200,35,0.38169343468766787
RNA ridge,Red-pulp macrophages,ADT_CD8a_A0002,35,0.35845362447167334
RNA ridge,Red-pulp macrophages,ADT_CD8b(Ly-3)_A0230,35,0.07007125708041573
RNA ridge,Red-pulp macrophages,ADT_CD90.1(Thy-1.1)_A0380,35,0.11559749569017415
RNA ridge,Red-pulp macrophages,ADT_CD90.2_A0075,35,0.37908893776679414
RNA ridge,Red-pulp macrophages,ADT_CD93(AA4.1_earlyBlineage)_A0113,35,0.2229158645974014
RNA ridge,Red-pulp macrophages,ADT_CX3CR1_A0563,35,0.02636216242274866
RNA ridge,Red-pulp macrophages,ADT_ESAM_A0596,35,0.14111813746940174
RNA ridge,Red-pulp macrophages,ADT_F4-80_A0114,35,0.3958246111215031
RNA ridge,Red-pulp macrophages,ADT_FceRIa_A0115,35,-0.1712760376267695
RNA ridge,Red-pulp macrophages,ADT_FolateReceptorb(FR-b)_A0564,35,0.28655097696305865
RNA ridge,Red-pulp macrophages,ADT_H-2KbboundtoSIINFEKL_A0231,35,0.2625072770904969
RNA ridge,Red-pulp macrophages,ADT_I-A-I-E_A0117,35,0.4656114347402172
RNA ridge,Red-pulp macrophages,ADT_IRF4_A0249,35,-0.04767301632615744
RNA ridge,Red-pulp macrophages,ADT_IgD_A0571,35,0.2720393099639949
RNA ridge,Red-pulp macrophages,ADT_IgM_A0450,35,-0.07366130527241462
RNA ridge,Red-pulp macrophages,ADT_Ly-6A-E(Sca-1)_A0130,35,0.3788368134119929
RNA ridge,Red-pulp macrophages,ADT_Ly-6C_A0013,35,-0.05583091694811314
RNA ridge,Red-pulp macrophages,ADT_MAdCAM-1_A0232,35,0.16525215561233247
RNA ridge,Red-pulp macrophages,ADT_MERTK(Mer)_A0565,35,0.31535427162430657
RNA ridge,Red-pulp macrophages,ADT_NK-1.1_A0118,35,0.1950946539501115
RNA ridge,Red-pulp macrophages,ADT_Notch1_A0442,35,-0.07326114441859696
RNA ridge,Red-pulp macrophages,ADT_PanendothelialCellAntigen_A0381,35,0.016236583926696958
RNA ridge,Red-pulp macrophages,ADT_SiglecH_A0119,35,0.22379980067755212
RNA ridge,Red-pulp macrophages,ADT_TCRVb5.1_5.2_A0354,35,0.000724098572137745
RNA ridge,Red-pulp macrophages,ADT_TCRVb8.1_8.2_A0235,35,0.14111183755319592
RNA ridge,Red-pulp macrophages,ADT_TCRVr1.1-Cr4_A0209,35,0.04525998724482465
RNA ridge,Red-pulp macrophages,ADT_TCRVr2_A0211,35,0.3349414743109447
RNA ridge,Red-pulp macrophages,ADT_TCRVr3_A0210,35,-0.1272580666946328
RNA ridge,Red-pulp macrophages,ADT_TCRbchain_A0120,35,-0.09024191475229032
RNA ridge,Red-pulp macrophages,ADT_TCRr-d_A0121,35,0.33696224488670956
RNA ridge,Red-pulp macrophages,ADT_TER-119-ErythroidCells_A0122,35,0.4732137114567148
RNA ridge,Red-pulp macrophages,ADT_Tim-4_A0567,35,0.3292915083980227
RNA ridge,Red-pulp macrophages,ADT_XCR1_A0568,35,0.2424710717695392
RNA ridge,Red-pulp macrophages,ADT_anti-P2RY12_A0415,35,-0.13676227450732503
RNA ridge,Red-pulp macrophages,ADT_integrinb7_A0214,35,0.13405539260223867
RNA ridge,T doublets,ADT_CD102_A0104,55,0.38145765022349853
RNA ridge,T doublets,ADT_CD103_A0201,55,0.5945355070374876
RNA ridge,T doublets,ADT_CD106_A0226,55,0.05693752760875503
RNA ridge,T doublets,ADT_CD115(CSF-1R)_A0105,55,-0.02119278174695326
RNA ridge,T doublets,ADT_CD117(c-Kit)_A0012,55,-0.14159742084366972
RNA ridge,T doublets,ADT_CD11a_A0595,55,0.3903011136049427
RNA ridge,T doublets,ADT_CD11c_A0106,55,0.01739111746411891
RNA ridge,T doublets,ADT_CD122(IL-2Rb)_A0227,55,0.40678407321868393
RNA ridge,T doublets,ADT_CD127(IL-7Ra)_A0198,55,0.23386802164618695
RNA ridge,T doublets,ADT_CD134(OX-40)_A0195,55,0.05445425226332596
RNA ridge,T doublets,ADT_CD135_A0098,55,0.06938892428424284
RNA ridge,T doublets,ADT_CD137_A0194,55,0.1710956755764716
RNA ridge,T doublets,ADT_CD14_A0424,55,-0.09192105176291492
RNA ridge,T doublets,ADT_CD140a_A0573,55,-0.18813529769311962
RNA ridge,T doublets,ADT_CD15(SSEA-1)_A0076,55,-0.11167064163239002
RNA ridge,T doublets,ADT_CD150(SLAM)_A0203,55,0.3216041462600953
RNA ridge,T doublets,ADT_CD16-32_A0109,55,-0.20988189927434012
RNA ridge,T doublets,ADT_CD169(Siglec-1)_A0440,55,-0.2164182377642865
RNA ridge,T doublets,ADT_CD172a(SIRPa)_A0422,55,-0.11557263986781462
RNA ridge,T doublets,ADT_CD183(CXCR3)_A0228,55,0.3170767911269318
RNA ridge,T doublets,ADT_CD184(CXCR4)_A0444,55,-0.02714768204032116
RNA ridge,T doublets,ADT_CD19_A0093,55,0.1247540565100834
RNA ridge,T doublets,ADT_CD192(CCR2)_A0426,55,0.35549467809277063
RNA ridge,T doublets,ADT_CD195(CCR5)_A0376,55,-0.018812328509164845
RNA ridge,T doublets,ADT_CD196(CCR6)_A0225,55,-0.13884677041968488
RNA ridge,T doublets,ADT_CD197(CCR7)_A0377,55,0.10532324983724768
RNA ridge,T doublets,ADT_CD20_A0192,55,-0.09955710165402576
RNA ridge,T doublets,ADT_CD200(OX2)_A0079,55,0.28768771213203315
RNA ridge,T doublets,ADT_CD201(EPCR)_A0439,55,-0.25168539423095904
RNA ridge,T doublets,ADT_CD204(Msr1)_A0448,55,-0.077045473266305
RNA ridge,T doublets,ADT_CD206(MMR)_A0173,55,-0.045055145476874704
RNA ridge,T doublets,ADT_CD21-CD35(CR2-CR1)_A0107,55,0.1804323657487515
RNA ridge,T doublets,ADT_CD223(LAG-3)_A0378,55,-0.16672522044955465
RNA ridge,T doublets,ADT_CD23_A0108,55,0.105286377919708
RNA ridge,T doublets,ADT_CD24_A0212,55,0.3465754657677805
RNA ridge,T doublets,ADT_CD25_A0097,55,-0.22124810695392816
RNA ridge,T doublets,ADT_CD274(B7-H1_PD-L1)_A0190,55,0.1015940140638262
RNA ridge,T doublets,ADT_CD278(ICOS)_A0171,55,0.07793311572557285
RNA ridge,T doublets,ADT_CD279(PD-1)_A0004,55,0.003333182902433396
RNA ridge,T doublets,ADT_CD28_A0204,55,0.46518968529669646
RNA ridge,T doublets,ADT_CD29_A0570,55,0.16263503165152376
RNA ridge,T doublets,ADT_CD300LG(Nepmucin)_A0416,55,-0.05491465793104336
RNA ridge,T doublets,ADT_CD301a(MGL1)_A0551,55,0.06575775917784485
RNA ridge,T doublets,ADT_CD301b(MGL2)_A0566,55,0.05824744839107398
RNA ridge,T doublets,ADT_CD304(Neuropilin-1)_A0552,55,-0.03586434526438375
RNA ridge,T doublets,ADT_CD326(Ep-CAM)_A0449,55,-0.21334272905180993
RNA ridge,T doublets,ADT_CD335(NKp46)_A0184,55,0.050016687592633946
RNA ridge,T doublets,ADT_CD357(GITR)_A0193,55,0.0028910133114521614
RNA ridge,T doublets,ADT_CD36_A0555,55,0.14578056741521964
RNA ridge,T doublets,ADT_CD366(Tim-3)_A0003,55,-0.03878683341763294
RNA ridge,T doublets,ADT_CD370(CLEC9A_DNGR1)_A0556,55,-0.2362321915985271
RNA ridge,T doublets,ADT_CD38_A0557,55,0.268158208134641
RNA ridge,T doublets,ADT_CD4_A0001,55,0.7284111387024188
RNA ridge,T doublets,ADT_CD41_A0443,55,-0.1775695847047689
RNA ridge,T doublets,ADT_CD43_A0110,55,0.35235123294391724
RNA ridge,T doublets,ADT_CD45_A0096,55,0.03077256083763299
RNA ridge,T doublets,ADT_CD45.1_A0178,55,0.08284392833930825
RNA ridge,T doublets,ADT_CD45.2_A0157,55,0.16111917557095662
RNA ridge,T doublets,ADT_CD45R-B220_A0103,55,0.20727092517459564
RNA ridge,T doublets,ADT_CD48_A0429,55,0.29656372257453845
RNA ridge,T doublets,ADT_CD49d_A0078,55,0.2941343494996847
RNA ridge,T doublets,ADT_CD5_A0111,55,0.41746031746031753
RNA ridge,T doublets,ADT_CD54_A0074,55,0.5582789918783783
RNA ridge,T doublets,ADT_CD55(DAF)_A0558,55,0.5820551404026014
RNA ridge,T doublets,ADT_CD62L_A0112,55,0.5757116604780389
RNA ridge,T doublets,ADT_CD62P(P-selectin)_A0229,55,-0.14250159045732694
RNA ridge,T doublets,ADT_CD63_A0559,55,0.012327034139250358
RNA ridge,T doublets,ADT_CD64(FcrRI)_A0202,55,-0.050330000215682034
RNA ridge,T doublets,ADT_CD68_A0560,55,-0.004958864700568752
RNA ridge,T doublets,ADT_CD69_A0197,55,0.08590560195646639
RNA ridge,T doublets,ADT_CD71_A0441,55,0.32928962856912
RNA ridge,T doublets,ADT_CD73_A0077,55,0.44957321832152075
RNA ridge,T doublets,ADT_CD79b(Igb)_A0561,55,0.04481274171797175
RNA ridge,T doublets,ADT_CD83_A0562,55,0.11308786850191001
RNA ridge,T doublets,ADT_CD86_A0200,55,0.1674911217641654
RNA ridge,T doublets,ADT_CD8a_A0002,55,0.7523636965897577
RNA ridge,T doublets,ADT_CD8b(Ly-3)_A0230,55,0.7327868299090483
RNA ridge,T doublets,ADT_CD90.1(Thy-1.1)_A0380,55,0.13777144904257635
RNA ridge,T doublets,ADT_CD90.2_A0075,55,0.3976838166063564
RNA ridge,T doublets,ADT_CD93(AA4.1_earlyBlineage)_A0113,55,-0.0019921262484229657
RNA ridge,T doublets,ADT_CX3CR1_A0563,55,-0.0014215231947436364
RNA ridge,T doublets,ADT_ESAM_A0596,55,0.2816608640760244
RNA ridge,T doublets,ADT_F4-80_A0114,55,0.016352463420438706
RNA ridge,T doublets,ADT_FceRIa_A0115,55,-0.0994911837833599
RNA ridge,T doublets,ADT_FolateReceptorb(FR-b)_A0564,55,0.0392743734260496
RNA ridge,T doublets,ADT_H-2KbboundtoSIINFEKL_A0231,55,0.03706870661823611
RNA ridge,T doublets,ADT_I-A-I-E_A0117,55,0.2793133711719167
RNA ridge,T doublets,ADT_IRF4_A0249,55,0.17208379933738777
RNA ridge,T doublets,ADT_IgD_A0571,55,0.25252630839305673
RNA ridge,T doublets,ADT_IgM_A0450,55,0.2699679574836939
RNA ridge,T doublets,ADT_Ly-6A-E(Sca-1)_A0130,55,0.31506580117615113
RNA ridge,T doublets,ADT_Ly-6C_A0013,55,0.3069425771125356
RNA ridge,T doublets,ADT_MAdCAM-1_A0232,55,0.0733345587641872
RNA ridge,T doublets,ADT_MERTK(Mer)_A0565,55,-0.04588866754741763
RNA ridge,T doublets,ADT_NK-1.1_A0118,55,-0.028696270966513567
RNA ridge,T doublets,ADT_Notch1_A0442,55,-0.20961313081924643
RNA ridge,T doublets,ADT_PanendothelialCellAntigen_A0381,55,-0.15695037035279466
RNA ridge,T doublets,ADT_SiglecH_A0119,55,-0.1161479307987988
RNA ridge,T doublets,ADT_TCRVb5.1_5.2_A0354,55,0.16461600700955326
RNA ridge,T doublets,ADT_TCRVb8.1_8.2_A0235,55,0.05555533704774233
RNA ridge,T doublets,ADT_TCRVr1.1-Cr4_A0209,55,0.1834104459152584
RNA ridge,T doublets,ADT_TCRVr2_A0211,55,-0.03919107127407891
RNA ridge,T doublets,ADT_TCRVr3_A0210,55,-0.05187228018210385
RNA ridge,T doublets,ADT_TCRbchain_A0120,55,0.4720423151168033
RNA ridge,T doublets,ADT_TCRr-d_A0121,55,0.13699115563238637
RNA ridge,T doublets,ADT_TER-119-ErythroidCells_A0122,55,-0.2803236902107917
RNA ridge,T doublets,ADT_Tim-4_A0567,55,-0.039825034792938516
RNA ridge,T doublets,ADT_XCR1_A0568,55,0.1346000352052128
RNA ridge,T doublets,ADT_anti-P2RY12_A0415,55,0.12134202939440186
RNA ridge,T doublets,ADT_integrinb7_A0214,55,0.6192263537471853
RNA ridge,Transitional B,ADT_CD102_A0104,580,0.18722046244342258
RNA ridge,Transitional B,ADT_CD103_A0201,580,0.0016999328637174176
RNA ridge,Transitional B,ADT_CD106_A0226,580,0.0730699154041005
RNA ridge,Transitional B,ADT_CD115(CSF-1R)_A0105,580,0.015221832308453854
RNA ridge,Transitional B,ADT_CD117(c-Kit)_A0012,580,0.06815756023147797
RNA ridge,Transitional B,ADT_CD11a_A0595,580,0.6476358996555084
RNA ridge,Transitional B,ADT_CD11c_A0106,580,-0.017571164648478976
RNA ridge,Transitional B,ADT_CD122(IL-2Rb)_A0227,580,0.10749849509393583
RNA ridge,Transitional B,ADT_CD127(IL-7Ra)_A0198,580,0.018884385150203173
RNA ridge,Transitional B,ADT_CD134(OX-40)_A0195,580,0.024703321632669563
RNA ridge,Transitional B,ADT_CD135_A0098,580,0.04013041759765435
RNA ridge,Transitional B,ADT_CD137_A0194,580,0.1165301762038012
RNA ridge,Transitional B,ADT_CD14_A0424,580,-0.005973836528847955
RNA ridge,Transitional B,ADT_CD140a_A0573,580,0.0667086994238609
RNA ridge,Transitional B,ADT_CD15(SSEA-1)_A0076,580,-0.028828299788332967
RNA ridge,Transitional B,ADT_CD150(SLAM)_A0203,580,0.5322047348946365
RNA ridge,Transitional B,ADT_CD16-32_A0109,580,0.012291874202838289
RNA ridge,Transitional B,ADT_CD169(Siglec-1)_A0440,580,0.05736562856350616
RNA ridge,Transitional B,ADT_CD172a(SIRPa)_A0422,580,0.06049113401308874
RNA ridge,Transitional B,ADT_CD183(CXCR3)_A0228,580,-0.003837531925827012
RNA ridge,Transitional B,ADT_CD184(CXCR4)_A0444,580,0.058599061276221706
RNA ridge,Transitional B,ADT_CD19_A0093,580,0.47959737953432857
RNA ridge,Transitional B,ADT_CD192(CCR2)_A0426,580,0.03065758719084059
RNA ridge,Transitional B,ADT_CD195(CCR5)_A0376,580,0.003240050723122288
RNA ridge,Transitional B,ADT_CD196(CCR6)_A0225,580,0.1491729972515438
RNA ridge,Transitional B,ADT_CD197(CCR7)_A0377,580,0.058532325240380954
RNA ridge,Transitional B,ADT_CD20_A0192,580,0.28764070703256506
RNA ridge,Transitional B,ADT_CD200(OX2)_A0079,580,0.5063063344308772
RNA ridge,Transitional B,ADT_CD201(EPCR)_A0439,580,-0.004541390249106412
RNA ridge,Transitional B,ADT_CD204(Msr1)_A0448,580,-0.04594964093571655
RNA ridge,Transitional B,ADT_CD206(MMR)_A0173,580,0.04499565128679763
RNA ridge,Transitional B,ADT_CD21-CD35(CR2-CR1)_A0107,580,0.6833445892724588
RNA ridge,Transitional B,ADT_CD223(LAG-3)_A0378,580,-0.016568114125868845
RNA ridge,Transitional B,ADT_CD23_A0108,580,0.6501231119715118
RNA ridge,Transitional B,ADT_CD24_A0212,580,0.43190592506966835
RNA ridge,Transitional B,ADT_CD25_A0097,580,0.03209696178995184
RNA ridge,Transitional B,ADT_CD274(B7-H1_PD-L1)_A0190,580,0.48547466463297434
RNA ridge,Transitional B,ADT_CD278(ICOS)_A0171,580,0.04922926128694991
RNA ridge,Transitional B,ADT_CD279(PD-1)_A0004,580,0.011618167445062635
RNA ridge,Transitional B,ADT_CD28_A0204,580,0.007238189480282691
RNA ridge,Transitional B,ADT_CD29_A0570,580,0.19746416525220245
RNA ridge,Transitional B,ADT_CD300LG(Nepmucin)_A0416,580,0.04505229981539538
RNA ridge,Transitional B,ADT_CD301a(MGL1)_A0551,580,0.07756562981546165
RNA ridge,Transitional B,ADT_CD301b(MGL2)_A0566,580,0.003241819093081359
RNA ridge,Transitional B,ADT_CD304(Neuropilin-1)_A0552,580,0.0011528845639517857
RNA ridge,Transitional B,ADT_CD326(Ep-CAM)_A0449,580,0.03448601430495603
RNA ridge,Transitional B,ADT_CD335(NKp46)_A0184,580,0.02517205597250128
RNA ridge,Transitional B,ADT_CD357(GITR)_A0193,580,0.12596703763936684
RNA ridge,Transitional B,ADT_CD36_A0555,580,0.04720407487795897
RNA ridge,Transitional B,ADT_CD366(Tim-3)_A0003,580,-0.04715084849327921
RNA ridge,Transitional B,ADT_CD370(CLEC9A_DNGR1)_A0556,580,0.03156053289811757
RNA ridge,Transitional B,ADT_CD38_A0557,580,0.035550618014770365
RNA ridge,Transitional B,ADT_CD4_A0001,580,0.028047108579416405
RNA ridge,Transitional B,ADT_CD41_A0443,580,0.06789456244444174
RNA ridge,Transitional B,ADT_CD43_A0110,580,0.33876844117021165
RNA ridge,Transitional B,ADT_CD45_A0096,580,0.48437048525373033
RNA ridge,Transitional B,ADT_CD45.1_A0178,580,0.04096669987186509
RNA ridge,Transitional B,ADT_CD45.2_A0157,580,0.5202475309472955
RNA ridge,Transitional B,ADT_CD45R-B220_A0103,580,0.4135163260591489
RNA ridge,Transitional B,ADT_CD48_A0429,580,0.27757681375888094
RNA ridge,Transitional B,ADT_CD49d_A0078,580,0.3473612429388366
RNA ridge,Transitional B,ADT_CD5_A0111,580,0.1484999664329031
RNA ridge,Transitional B,ADT_CD54_A0074,580,0.30477805307159045
RNA ridge,Transitional B,ADT_CD55(DAF)_A0558,580,0.45551438622022566
RNA ridge,Transitional B,ADT_CD62L_A0112,580,0.6541096179719968
RNA ridge,Transitional B,ADT_CD62P(P-selectin)_A0229,580,0.02761871209485632
RNA ridge,Transitional B,ADT_CD63_A0559,580,0.004029612045670724
RNA ridge,Transitional B,ADT_CD64(FcrRI)_A0202,580,-0.0460973917743501
RNA ridge,Transitional B,ADT_CD68_A0560,580,-0.0047293317731840106
RNA ridge,Transitional B,ADT_CD69_A0197,580,0.03903771334708804
RNA ridge,Transitional B,ADT_CD71_A0441,580,0.32962258802678557
RNA ridge,Transitional B,ADT_CD73_A0077,580,0.021101841108805204
RNA ridge,Transitional B,ADT_CD79b(Igb)_A0561,580,0.5220106111997495
RNA ridge,Transitional B,ADT_CD83_A0562,580,0.021520513471727534
RNA ridge,Transitional B,ADT_CD86_A0200,580,0.20162514405553766
RNA ridge,Transitional B,ADT_CD8a_A0002,580,-0.025053117456698668
RNA ridge,Transitional B,ADT_CD8b(Ly-3)_A0230,580,0.015005113423065977
RNA ridge,Transitional B,ADT_CD90.1(Thy-1.1)_A0380,580,-0.037039067612336884
RNA ridge,Transitional B,ADT_CD90.2_A0075,580,0.021757664489873124
RNA ridge,Transitional B,ADT_CD93(AA4.1_earlyBlineage)_A0113,580,0.6046532571370056
RNA ridge,Transitional B,ADT_CX3CR1_A0563,580,0.07263948239095831
RNA ridge,Transitional B,ADT_ESAM_A0596,580,0.033599066055072
RNA ridge,Transitional B,ADT_F4-80_A0114,580,0.08179072273470575
RNA ridge,Transitional B,ADT_FceRIa_A0115,580,0.047267835779243594
RNA ridge,Transitional B,ADT_FolateReceptorb(FR-b)_A0564,580,0.043930508678578895
RNA ridge,Transitional B,ADT_H-2KbboundtoSIINFEKL_A0231,580,0.11240237527769098
RNA ridge,Transitional B,ADT_I-A-I-E_A0117,580,0.621137202449566
RNA ridge,Transitional B,ADT_IRF4_A0249,580,0.04361868725365737
RNA ridge,Transitional B,ADT_IgD_A0571,580,0.6700918356933901
RNA ridge,Transitional B,ADT_IgM_A0450,580,0.18405154903057352
RNA ridge,Transitional B,ADT_Ly-6A-E(Sca-1)_A0130,580,0.41698157363188937
RNA ridge,Transitional B,ADT_Ly-6C_A0013,580,-0.028576323897592643
RNA ridge,Transitional B,ADT_MAdCAM-1_A0232,580,0.049587453525150246
RNA ridge,Transitional B,ADT_MERTK(Mer)_A0565,580,0.020083209609010867
RNA ridge,Transitional B,ADT_NK-1.1_A0118,580,-0.005998142074688804
RNA ridge,Transitional B,ADT_Notch1_A0442,580,0.06305960177240032
RNA ridge,Transitional B,ADT_PanendothelialCellAntigen_A0381,580,-0.04229026731016964
RNA ridge,Transitional B,ADT_SiglecH_A0119,580,0.02360048182079619
RNA ridge,Transitional B,ADT_TCRVb5.1_5.2_A0354,580,0.013577742063868891
RNA ridge,Transitional B,ADT_TCRVb8.1_8.2_A0235,580,0.04743040545533396
RNA ridge,Transitional B,ADT_TCRVr1.1-Cr4_A0209,580,-0.005631385094306641
RNA ridge,Transitional B,ADT_TCRVr2_A0211,580,0.041933535904880026
RNA ridge,Transitional B,ADT_TCRVr3_A0210,580,0.08401527105722545
RNA ridge,Transitional B,ADT_TCRbchain_A0120,580,0.052999854700782986
RNA ridge,Transitional B,ADT_TCRr-d_A0121,580,0.02092399217555098
RNA ridge,Transitional B,ADT_TER-119-ErythroidCells_A0122,580,-0.012180353732364781
RNA ridge,Transitional B,ADT_Tim-4_A0567,580,0.07763493688920647
RNA ridge,Transitional B,ADT_XCR1_A0568,580,-0.0020690222496779587
RNA ridge,Transitional B,ADT_anti-P2RY12_A0415,580,-0.018528815640450516
RNA ridge,Transitional B,ADT_integrinb7_A0214,580,0.5421271919692233
RNA ridge,Tregs,ADT_CD102_A0104,115,0.25725147230141016
RNA ridge,Tregs,ADT_CD103_A0201,115,0.24845405203020549
RNA ridge,Tregs,ADT_CD106_A0226,115,0.1143591591360546
RNA ridge,Tregs,ADT_CD115(CSF-1R)_A0105,115,0.16580706420785607
RNA ridge,Tregs,ADT_CD117(c-Kit)_A0012,115,0.08231366808648467
RNA ridge,Tregs,ADT_CD11a_A0595,115,0.63235830925801
RNA ridge,Tregs,ADT_CD11c_A0106,115,-0.055020883971778525
RNA ridge,Tregs,ADT_CD122(IL-2Rb)_A0227,115,0.23088161419270598
RNA ridge,Tregs,ADT_CD127(IL-7Ra)_A0198,115,0.021671275511995006
RNA ridge,Tregs,ADT_CD134(OX-40)_A0195,115,0.4637898107761866
RNA ridge,Tregs,ADT_CD135_A0098,115,0.06833130883035944
RNA ridge,Tregs,ADT_CD137_A0194,115,0.10370422755696794
RNA ridge,Tregs,ADT_CD14_A0424,115,-0.0719667735962104
RNA ridge,Tregs,ADT_CD140a_A0573,115,-0.09428894749767296
RNA ridge,Tregs,ADT_CD15(SSEA-1)_A0076,115,0.000622722272021337
RNA ridge,Tregs,ADT_CD150(SLAM)_A0203,115,0.4811354372392246
RNA ridge,Tregs,ADT_CD16-32_A0109,115,0.04803121501481439
RNA ridge,Tregs,ADT_CD169(Siglec-1)_A0440,115,-0.02909755023254844
RNA ridge,Tregs,ADT_CD172a(SIRPa)_A0422,115,-0.1540044290399653
RNA ridge,Tregs,ADT_CD183(CXCR3)_A0228,115,0.07672072428006187
RNA ridge,Tregs,ADT_CD184(CXCR4)_A0444,115,0.49083759843232183
RNA ridge,Tregs,ADT_CD19_A0093,115,0.09002652914597581
RNA ridge,Tregs,ADT_CD192(CCR2)_A0426,115,0.09278255055722912
RNA ridge,Tregs,ADT_CD195(CCR5)_A0376,115,-0.24167622156616134
RNA ridge,Tregs,ADT_CD196(CCR6)_A0225,115,-0.00463831103862431
RNA ridge,Tregs,ADT_CD197(CCR7)_A0377,115,0.08709036987919325
RNA ridge,Tregs,ADT_CD20_A0192,115,0.11271460287542082
RNA ridge,Tregs,ADT_CD200(OX2)_A0079,115,0.5372338258882211
RNA ridge,Tregs,ADT_CD201(EPCR)_A0439,115,0.15347519544456695
RNA ridge,Tregs,ADT_CD204(Msr1)_A0448,115,0.007562655567176153
RNA ridge,Tregs,ADT_CD206(MMR)_A0173,115,0.05711135231696206
RNA ridge,Tregs,ADT_CD21-CD35(CR2-CR1)_A0107,115,0.02161526011371018
RNA ridge,Tregs,ADT_CD223(LAG-3)_A0378,115,0.21450764182950866
RNA ridge,Tregs,ADT_CD23_A0108,115,0.21867114800628953
RNA ridge,Tregs,ADT_CD24_A0212,115,-0.06757612916433905
RNA ridge,Tregs,ADT_CD25_A0097,115,0.43394298780446017
RNA ridge,Tregs,ADT_CD274(B7-H1_PD-L1)_A0190,115,0.41478355043885035
RNA ridge,Tregs,ADT_CD278(ICOS)_A0171,115,0.5565937115345625
RNA ridge,Tregs,ADT_CD279(PD-1)_A0004,115,0.45440655326279195
RNA ridge,Tregs,ADT_CD28_A0204,115,0.261370444246129
RNA ridge,Tregs,ADT_CD29_A0570,115,0.5099338329438412
RNA ridge,Tregs,ADT_CD300LG(Nepmucin)_A0416,115,0.2426247445079442
RNA ridge,Tregs,ADT_CD301a(MGL1)_A0551,115,-0.12141659854339558
RNA ridge,Tregs,ADT_CD301b(MGL2)_A0566,115,0.08281359701433129
RNA ridge,Tregs,ADT_CD304(Neuropilin-1)_A0552,115,0.5254589400478181
RNA ridge,Tregs,ADT_CD326(Ep-CAM)_A0449,115,0.07288162854832084
RNA ridge,Tregs,ADT_CD335(NKp46)_A0184,115,0.019969652761773506
RNA ridge,Tregs,ADT_CD357(GITR)_A0193,115,0.4881854055429642
RNA ridge,Tregs,ADT_CD36_A0555,115,0.08060435154973906
RNA ridge,Tregs,ADT_CD366(Tim-3)_A0003,115,0.04463655132918035
RNA ridge,Tregs,ADT_CD370(CLEC9A_DNGR1)_A0556,115,0.18393562926460394
RNA ridge,Tregs,ADT_CD38_A0557,115,0.4954568903869777
RNA ridge,Tregs,ADT_CD4_A0001,115,0.285999503646561
RNA ridge,Tregs,ADT_CD41_A0443,115,0.16571186281689373
RNA ridge,Tregs,ADT_CD43_A0110,115,0.44562680688254624
RNA ridge,Tregs,ADT_CD45_A0096,115,0.30147028369190665
RNA ridge,Tregs,ADT_CD45.1_A0178,115,-0.0459999530551932
RNA ridge,Tregs,ADT_CD45.2_A0157,115,0.053631269687673504
RNA ridge,Tregs,ADT_CD45R-B220_A0103,115,-0.06583983752451564
RNA ridge,Tregs,ADT_CD48_A0429,115,0.5501886321011749
RNA ridge,Tregs,ADT_CD49d_A0078,115,0.10655271720745019
RNA ridge,Tregs,ADT_CD5_A0111,115,0.3338034976440454
RNA ridge,Tregs,ADT_CD54_A0074,115,0.5122236392876729
RNA ridge,Tregs,ADT_CD55(DAF)_A0558,115,0.4425136556190658
RNA ridge,Tregs,ADT_CD62L_A0112,115,0.49434110442872997
RNA ridge,Tregs,ADT_CD62P(P-selectin)_A0229,115,0.2437565338481949
RNA ridge,Tregs,ADT_CD63_A0559,115,-0.05101953479342859
RNA ridge,Tregs,ADT_CD64(FcrRI)_A0202,115,-0.10316834471922989
RNA ridge,Tregs,ADT_CD68_A0560,115,-0.00825279388938617
RNA ridge,Tregs,ADT_CD69_A0197,115,0.42914921035860853
RNA ridge,Tregs,ADT_CD71_A0441,115,0.23333897925036873
RNA ridge,Tregs,ADT_CD73_A0077,115,0.6352513715766944
RNA ridge,Tregs,ADT_CD79b(Igb)_A0561,115,0.027392232357631673
RNA ridge,Tregs,ADT_CD83_A0562,115,-0.05626905729499069
RNA ridge,Tregs,ADT_CD86_A0200,115,0.29266053023812266
RNA ridge,Tregs,ADT_CD8a_A0002,115,-0.0005160996692133723
RNA ridge,Tregs,ADT_CD8b(Ly-3)_A0230,115,0.28146435273662207
RNA ridge,Tregs,ADT_CD90.1(Thy-1.1)_A0380,115,0.12521916721248802
RNA ridge,Tregs,ADT_CD90.2_A0075,115,0.3100881633897306
RNA ridge,Tregs,ADT_CD93(AA4.1_earlyBlineage)_A0113,115,0.09988292787379609
RNA ridge,Tregs,ADT_CX3CR1_A0563,115,-0.04026867326714769
RNA ridge,Tregs,ADT_ESAM_A0596,115,-0.013348511405109216
RNA ridge,Tregs,ADT_F4-80_A0114,115,0.08415931926420052
RNA ridge,Tregs,ADT_FceRIa_A0115,115,0.11156387295183716
RNA ridge,Tregs,ADT_FolateReceptorb(FR-b)_A0564,115,-0.15172217126812856
RNA ridge,Tregs,ADT_H-2KbboundtoSIINFEKL_A0231,115,0.07715474347404186
RNA ridge,Tregs,ADT_I-A-I-E_A0117,115,0.12611636936041765
RNA ridge,Tregs,ADT_IRF4_A0249,115,0.06683956995286448
RNA ridge,Tregs,ADT_IgD_A0571,115,0.14653477790277486
RNA ridge,Tregs,ADT_IgM_A0450,115,0.0748847832556157
RNA ridge,Tregs,ADT_Ly-6A-E(Sca-1)_A0130,115,0.4571013757748688
RNA ridge,Tregs,ADT_Ly-6C_A0013,115,0.10303471306296995
RNA ridge,Tregs,ADT_MAdCAM-1_A0232,115,0.014642104763891474
RNA ridge,Tregs,ADT_MERTK(Mer)_A0565,115,0.02238589994969324
RNA ridge,Tregs,ADT_NK-1.1_A0118,115,-0.012243833095516979
RNA ridge,Tregs,ADT_Notch1_A0442,115,0.12031064355270123
RNA ridge,Tregs,ADT_PanendothelialCellAntigen_A0381,115,-0.04136541328394587
RNA ridge,Tregs,ADT_SiglecH_A0119,115,-0.061600101686279336
RNA ridge,Tregs,ADT_TCRVb5.1_5.2_A0354,115,0.08082218167008719
RNA ridge,Tregs,ADT_TCRVb8.1_8.2_A0235,115,-0.09798664745672656
RNA ridge,Tregs,ADT_TCRVr1.1-Cr4_A0209,115,0.05254171358067061
RNA ridge,Tregs,ADT_TCRVr2_A0211,115,-0.10132759031380148
RNA ridge,Tregs,ADT_TCRVr3_A0210,115,-0.10790875889982382
RNA ridge,Tregs,ADT_TCRbchain_A0120,115,0.13212651923961338
RNA ridge,Tregs,ADT_TCRr-d_A0121,115,-0.21521870779694624
RNA ridge,Tregs,ADT_TER-119-ErythroidCells_A0122,115,0.10200893843248326
RNA ridge,Tregs,ADT_Tim-4_A0567,115,0.06585334893261557
RNA ridge,Tregs,ADT_XCR1_A0568,115,-0.11463085000040374
RNA ridge,Tregs,ADT_anti-P2RY12_A0415,115,0.19646361692900177
RNA ridge,Tregs,ADT_integrinb7_A0214,115,0.3945370822125092
RNA ridge,cDC1s,ADT_CD102_A0104,62,0.8086354019904739
RNA ridge,cDC1s,ADT_CD103_A0201,62,0.24938630311029425
RNA ridge,cDC1s,ADT_CD106_A0226,62,0.6502690982649063
RNA ridge,cDC1s,ADT_CD115(CSF-1R)_A0105,62,0.3075553517283205
RNA ridge,cDC1s,ADT_CD117(c-Kit)_A0012,62,0.678018643291067
RNA ridge,cDC1s,ADT_CD11a_A0595,62,0.7232799456524467
RNA ridge,cDC1s,ADT_CD11c_A0106,62,0.7504627618399828
RNA ridge,cDC1s,ADT_CD122(IL-2Rb)_A0227,62,0.11586826759021335
RNA ridge,cDC1s,ADT_CD127(IL-7Ra)_A0198,62,0.0017545115677277605
RNA ridge,cDC1s,ADT_CD134(OX-40)_A0195,62,0.2748447000316357
RNA ridge,cDC1s,ADT_CD135_A0098,62,0.4672973961602952
RNA ridge,cDC1s,ADT_CD137_A0194,62,0.06041257756783758
RNA ridge,cDC1s,ADT_CD14_A0424,62,0.4394650133136556
RNA ridge,cDC1s,ADT_CD140a_A0573,62,-0.05218269378527232
RNA ridge,cDC1s,ADT_CD15(SSEA-1)_A0076,62,-0.20549861085154875
RNA ridge,cDC1s,ADT_CD150(SLAM)_A0203,62,0.34788568238495166
RNA ridge,cDC1s,ADT_CD16-32_A0109,62,-0.06400533997494501
RNA ridge,cDC1s,ADT_CD169(Siglec-1)_A0440,62,0.13627594283528727
RNA ridge,cDC1s,ADT_CD172a(SIRPa)_A0422,62,0.5046953189646478
RNA ridge,cDC1s,ADT_CD183(CXCR3)_A0228,62,-0.0016412984154400392
RNA ridge,cDC1s,ADT_CD184(CXCR4)_A0444,62,0.2416976553335241
RNA ridge,cDC1s,ADT_CD19_A0093,62,0.14511388059556743
RNA ridge,cDC1s,ADT_CD192(CCR2)_A0426,62,-0.07396222230043871
RNA ridge,cDC1s,ADT_CD195(CCR5)_A0376,62,0.13005915390383277
RNA ridge,cDC1s,ADT_CD196(CCR6)_A0225,62,0.09491687989153764
RNA ridge,cDC1s,ADT_CD197(CCR7)_A0377,62,-0.0979013014504967
RNA ridge,cDC1s,ADT_CD20_A0192,62,0.25630935416783046
RNA ridge,cDC1s,ADT_CD200(OX2)_A0079,62,0.44761687515281146
RNA ridge,cDC1s,ADT_CD201(EPCR)_A0439,62,0.27143499514183844
RNA ridge,cDC1s,ADT_CD204(Msr1)_A0448,62,0.08454817721627127
RNA ridge,cDC1s,ADT_CD206(MMR)_A0173,62,0.29224540591570547
RNA ridge,cDC1s,ADT_CD21-CD35(CR2-CR1)_A0107,62,0.11851588941458177
RNA ridge,cDC1s,ADT_CD223(LAG-3)_A0378,62,0.20765622989451304
RNA ridge,cDC1s,ADT_CD23_A0108,62,0.1808110690202337
RNA ridge,cDC1s,ADT_CD24_A0212,62,0.6958985597735416
RNA ridge,cDC1s,ADT_CD25_A0097,62,0.30893081026225633
RNA ridge,cDC1s,ADT_CD274(B7-H1_PD-L1)_A0190,62,0.5749660945863867
RNA ridge,cDC1s,ADT_CD278(ICOS)_A0171,62,0.3901437307144841
RNA ridge,cDC1s,ADT_CD279(PD-1)_A0004,62,0.04905274941203339
RNA ridge,cDC1s,ADT_CD28_A0204,62,0.220899910227888
RNA ridge,cDC1s,ADT_CD29_A0570,62,0.7515424724332646
RNA ridge,cDC1s,ADT_CD300LG(Nepmucin)_A0416,62,0.2591118511971471
RNA ridge,cDC1s,ADT_CD301a(MGL1)_A0551,62,-0.038390902827214086
RNA ridge,cDC1s,ADT_CD301b(MGL2)_A0566,62,0.13388113747203778
RNA ridge,cDC1s,ADT_CD304(Neuropilin-1)_A0552,62,0.5576391674235022
RNA ridge,cDC1s,ADT_CD326(Ep-CAM)_A0449,62,0.09213710681480895
RNA ridge,cDC1s,ADT_CD335(NKp46)_A0184,62,-0.09218152113407048
RNA ridge,cDC1s,ADT_CD357(GITR)_A0193,62,0.5462544958783266
RNA ridge,cDC1s,ADT_CD36_A0555,62,0.07814035561163944
RNA ridge,cDC1s,ADT_CD366(Tim-3)_A0003,62,0.38844632452724753
RNA ridge,cDC1s,ADT_CD370(CLEC9A_DNGR1)_A0556,62,0.7119656644843532
RNA ridge,cDC1s,ADT_CD38_A0557,62,0.6488119975920454
RNA ridge,cDC1s,ADT_CD4_A0001,62,0.26418483119102154
RNA ridge,cDC1s,ADT_CD41_A0443,62,0.27122617896744255
RNA ridge,cDC1s,ADT_CD43_A0110,62,0.7638686648044642
RNA ridge,cDC1s,ADT_CD45_A0096,62,0.767479633910826
RNA ridge,cDC1s,ADT_CD45.1_A0178,62,0.17198245065998372
RNA ridge,cDC1s,ADT_CD45.2_A0157,62,0.6873654307128794
RNA ridge,cDC1s,ADT_CD45R-B220_A0103,62,0.3579151202564824
RNA ridge,cDC1s,ADT_CD48_A0429,62,0.7320236829582699
RNA ridge,cDC1s,ADT_CD49d_A0078,62,0.7734606553811906
RNA ridge,cDC1s,ADT_CD5_A0111,62,0.605051856555083
RNA ridge,cDC1s,ADT_CD54_A0074,62,0.6919841858231828
RNA ridge,cDC1s,ADT_CD55(DAF)_A0558,62,0.37662895237988536
RNA ridge,cDC1s,ADT_CD62L_A0112,62,0.4634221286787554
RNA ridge,cDC1s,ADT_CD62P(P-selectin)_A0229,62,0.30220696776351197
RNA ridge,cDC1s,ADT_CD63_A0559,62,0.18894916427392427
RNA ridge,cDC1s,ADT_CD64(FcrRI)_A0202,62,0.6369786404892793
RNA ridge,cDC1s,ADT_CD68_A0560,62,0.1856234933534998
RNA ridge,cDC1s,ADT_CD69_A0197,62,0.19222486379252732
RNA ridge,cDC1s,ADT_CD71_A0441,62,0.6786852405957758
RNA ridge,cDC1s,ADT_CD73_A0077,62,0.20149333736859745
RNA ridge,cDC1s,ADT_CD79b(Igb)_A0561,62,0.14468698477845715
RNA ridge,cDC1s,ADT_CD83_A0562,62,0.10553692633230242
RNA ridge,cDC1s,ADT_CD86_A0200,62,0.5527686008409951
RNA ridge,cDC1s,ADT_CD8a_A0002,62,0.7538989644715706
RNA ridge,cDC1s,ADT_CD8b(Ly-3)_A0230,62,0.30589128575278396
RNA ridge,cDC1s,ADT_CD90.1(Thy-1.1)_A0380,62,0.14778122802766047
RNA ridge,cDC1s,ADT_CD90.2_A0075,62,0.42800000041865544
RNA ridge,cDC1s,ADT_CD93(AA4.1_earlyBlineage)_A0113,62,0.07745733926874332
RNA ridge,cDC1s,ADT_CX3CR1_A0563,62,0.3044354893375761
RNA ridge,cDC1s,ADT_ESAM_A0596,62,0.32116267838061296
RNA ridge,cDC1s,ADT_F4-80_A0114,62,0.4887623865778467
RNA ridge,cDC1s,ADT_FceRIa_A0115,62,0.11100377915860751
RNA ridge,cDC1s,ADT_FolateReceptorb(FR-b)_A0564,62,-0.002726478433891893
RNA ridge,cDC1s,ADT_H-2KbboundtoSIINFEKL_A0231,62,0.40159773977334534
RNA ridge,cDC1s,ADT_I-A-I-E_A0117,62,0.5666150421448931
RNA ridge,cDC1s,ADT_IRF4_A0249,62,-0.16306199258494095
RNA ridge,cDC1s,ADT_IgD_A0571,62,0.32531242545421135
RNA ridge,cDC1s,ADT_IgM_A0450,62,0.09180893122715902
RNA ridge,cDC1s,ADT_Ly-6A-E(Sca-1)_A0130,62,0.3743369571954623
RNA ridge,cDC1s,ADT_Ly-6C_A0013,62,-0.17084191446566305
RNA ridge,cDC1s,ADT_MAdCAM-1_A0232,62,0.28474701553950144
RNA ridge,cDC1s,ADT_MERTK(Mer)_A0565,62,0.5859202902434183
RNA ridge,cDC1s,ADT_NK-1.1_A0118,62,-0.22016712996853696
RNA ridge,cDC1s,ADT_Notch1_A0442,62,-0.017881321510763246
RNA ridge,cDC1s,ADT_PanendothelialCellAntigen_A0381,62,0.26041087317380834
RNA ridge,cDC1s,ADT_SiglecH_A0119,62,0.36735603946825124
RNA ridge,cDC1s,ADT_TCRVb5.1_5.2_A0354,62,0.14087703819757125
RNA ridge,cDC1s,ADT_TCRVb8.1_8.2_A0235,62,-0.01312483615627741
RNA ridge,cDC1s,ADT_TCRVr1.1-Cr4_A0209,62,0.01859400305207021
RNA ridge,cDC1s,ADT_TCRVr2_A0211,62,0.06501872903252535
RNA ridge,cDC1s,ADT_TCRVr3_A0210,62,0.13304690384871315
RNA ridge,cDC1s,ADT_TCRbchain_A0120,62,0.13258753416431487
RNA ridge,cDC1s,ADT_TCRr-d_A0121,62,-0.11760601951757445
RNA ridge,cDC1s,ADT_TER-119-ErythroidCells_A0122,62,0.11972243628013271
RNA ridge,cDC1s,ADT_Tim-4_A0567,62,0.5779863511473995
RNA ridge,cDC1s,ADT_XCR1_A0568,62,0.6920540933073337
RNA ridge,cDC1s,ADT_anti-P2RY12_A0415,62,0.20043101708431368
RNA ridge,cDC1s,ADT_integrinb7_A0214,62,0.5222813131812512
RNA ridge,cDC2s,ADT_CD102_A0104,65,0.21929224055988164
RNA ridge,cDC2s,ADT_CD103_A0201,65,0.17765710664679019
RNA ridge,cDC2s,ADT_CD106_A0226,65,0.35943710278544355
RNA ridge,cDC2s,ADT_CD115(CSF-1R)_A0105,65,0.5869230773276886
RNA ridge,cDC2s,ADT_CD117(c-Kit)_A0012,65,0.6084989558020686
RNA ridge,cDC2s,ADT_CD11a_A0595,65,0.6334112826953957
RNA ridge,cDC2s,ADT_CD11c_A0106,65,0.6976856015170207
RNA ridge,cDC2s,ADT_CD122(IL-2Rb)_A0227,65,-0.046715810584870794
RNA ridge,cDC2s,ADT_CD127(IL-7Ra)_A0198,65,-0.1398545931881237
RNA ridge,cDC2s,ADT_CD134(OX-40)_A0195,65,0.23588379742132137
RNA ridge,cDC2s,ADT_CD135_A0098,65,0.29605359394769415
RNA ridge,cDC2s,ADT_CD137_A0194,65,0.2274248438361588
RNA ridge,cDC2s,ADT_CD14_A0424,65,0.5673640275654088
RNA ridge,cDC2s,ADT_CD140a_A0573,65,0.0798517365019205
RNA ridge,cDC2s,ADT_CD15(SSEA-1)_A0076,65,0.059641839532108144
RNA ridge,cDC2s,ADT_CD150(SLAM)_A0203,65,0.18267319599193588
RNA ridge,cDC2s,ADT_CD16-32_A0109,65,-0.1587967843642268
RNA ridge,cDC2s,ADT_CD169(Siglec-1)_A0440,65,0.021015665428538433
RNA ridge,cDC2s,ADT_CD172a(SIRPa)_A0422,65,0.4165792489870639
RNA ridge,cDC2s,ADT_CD183(CXCR3)_A0228,65,0.0517670053226776
RNA ridge,cDC2s,ADT_CD184(CXCR4)_A0444,65,0.19300603149804466
RNA ridge,cDC2s,ADT_CD19_A0093,65,0.3952568927150977
RNA ridge,cDC2s,ADT_CD192(CCR2)_A0426,65,0.1684027828155475
RNA ridge,cDC2s,ADT_CD195(CCR5)_A0376,65,-0.12819315701453096
RNA ridge,cDC2s,ADT_CD196(CCR6)_A0225,65,0.31855547763750797
RNA ridge,cDC2s,ADT_CD197(CCR7)_A0377,65,-0.15117969590744473
RNA ridge,cDC2s,ADT_CD20_A0192,65,0.24341644447574978
RNA ridge,cDC2s,ADT_CD200(OX2)_A0079,65,0.2734209653737662
RNA ridge,cDC2s,ADT_CD201(EPCR)_A0439,65,0.23616333065585127
RNA ridge,cDC2s,ADT_CD204(Msr1)_A0448,65,-0.0668346001811929
RNA ridge,cDC2s,ADT_CD206(MMR)_A0173,65,0.09803134617744007
RNA ridge,cDC2s,ADT_CD21-CD35(CR2-CR1)_A0107,65,0.3720755246296477
RNA ridge,cDC2s,ADT_CD223(LAG-3)_A0378,65,0.22675362109308353
RNA ridge,cDC2s,ADT_CD23_A0108,65,0.39940042666689657
RNA ridge,cDC2s,ADT_CD24_A0212,65,0.33933637131114935
RNA ridge,cDC2s,ADT_CD25_A0097,65,0.25316099600772124
RNA ridge,cDC2s,ADT_CD274(B7-H1_PD-L1)_A0190,65,0.5860946059172941
RNA ridge,cDC2s,ADT_CD278(ICOS)_A0171,65,0.34631979326970275
RNA ridge,cDC2s,ADT_CD279(PD-1)_A0004,65,0.09188475246549718
RNA ridge,cDC2s,ADT_CD28_A0204,65,0.04068130273343831
RNA ridge,cDC2s,ADT_CD29_A0570,65,0.41217353540822677
RNA ridge,cDC2s,ADT_CD300LG(Nepmucin)_A0416,65,0.43641435351513697
RNA ridge,cDC2s,ADT_CD301a(MGL1)_A0551,65,0.37671953256140966
RNA ridge,cDC2s,ADT_CD301b(MGL2)_A0566,65,0.11880744911679242
RNA ridge,cDC2s,ADT_CD304(Neuropilin-1)_A0552,65,0.3199779942078385
RNA ridge,cDC2s,ADT_CD326(Ep-CAM)_A0449,65,0.34120568832563536
RNA ridge,cDC2s,ADT_CD335(NKp46)_A0184,65,-0.09843013508552538
RNA ridge,cDC2s,ADT_CD357(GITR)_A0193,65,0.15436551888550176
RNA ridge,cDC2s,ADT_CD36_A0555,65,0.12179535201718061
RNA ridge,cDC2s,ADT_CD366(Tim-3)_A0003,65,0.48432470462136423
RNA ridge,cDC2s,ADT_CD370(CLEC9A_DNGR1)_A0556,65,0.3161596877095569
RNA ridge,cDC2s,ADT_CD38_A0557,65,0.5499716079697525
RNA ridge,cDC2s,ADT_CD4_A0001,65,0.3034787345363556
RNA ridge,cDC2s,ADT_CD41_A0443,65,0.2529171992323
RNA ridge,cDC2s,ADT_CD43_A0110,65,0.6117364259014935
RNA ridge,cDC2s,ADT_CD45_A0096,65,0.6491548203492887
RNA ridge,cDC2s,ADT_CD45.1_A0178,65,0.04403486090358742
RNA ridge,cDC2s,ADT_CD45.2_A0157,65,0.7145950559246753
RNA ridge,cDC2s,ADT_CD45R-B220_A0103,65,0.38795614016608604
RNA ridge,cDC2s,ADT_CD48_A0429,65,0.5156156575544757
RNA ridge,cDC2s,ADT_CD49d_A0078,65,0.3675851952754603
RNA ridge,cDC2s,ADT_CD5_A0111,65,0.6092307180205492
RNA ridge,cDC2s,ADT_CD54_A0074,65,0.5831457494448898
RNA ridge,cDC2s,ADT_CD55(DAF)_A0558,65,0.33507470653430826
RNA ridge,cDC2s,ADT_CD62L_A0112,65,0.26312592574567245
RNA ridge,cDC2s,ADT_CD62P(P-selectin)_A0229,65,-0.025178328356352867
RNA ridge,cDC2s,ADT_CD63_A0559,65,0.06155106425430742
RNA ridge,cDC2s,ADT_CD64(FcrRI)_A0202,65,0.3186932579732164
RNA ridge,cDC2s,ADT_CD68_A0560,65,0.181063494142976
RNA ridge,cDC2s,ADT_CD69_A0197,65,0.15129367020541193
RNA ridge,cDC2s,ADT_CD71_A0441,65,0.5787690817675221
RNA ridge,cDC2s,ADT_CD73_A0077,65,0.33520585624519866
RNA ridge,cDC2s,ADT_CD79b(Igb)_A0561,65,0.31239701698525135
RNA ridge,cDC2s,ADT_CD83_A0562,65,-0.027504715857352407
RNA ridge,cDC2s,ADT_CD86_A0200,65,0.5308186618735401
RNA ridge,cDC2s,ADT_CD8a_A0002,65,0.34120609342226943
RNA ridge,cDC2s,ADT_CD8b(Ly-3)_A0230,65,0.1299397178028394
RNA ridge,cDC2s,ADT_CD90.1(Thy-1.1)_A0380,65,0.07208265342021743
RNA ridge,cDC2s,ADT_CD90.2_A0075,65,0.29406115197220467
RNA ridge,cDC2s,ADT_CD93(AA4.1_earlyBlineage)_A0113,65,0.24861042707461892
RNA ridge,cDC2s,ADT_CX3CR1_A0563,65,0.3535946910881229
RNA ridge,cDC2s,ADT_ESAM_A0596,65,0.4100222352227406
RNA ridge,cDC2s,ADT_F4-80_A0114,65,0.5350243743325673
RNA ridge,cDC2s,ADT_FceRIa_A0115,65,0.12654339758421385
RNA ridge,cDC2s,ADT_FolateReceptorb(FR-b)_A0564,65,0.23937926878740287
RNA ridge,cDC2s,ADT_H-2KbboundtoSIINFEKL_A0231,65,0.1791530348590852
RNA ridge,cDC2s,ADT_I-A-I-E_A0117,65,0.5590909090909091
RNA ridge,cDC2s,ADT_IRF4_A0249,65,0.18234482818115352
RNA ridge,cDC2s,ADT_IgD_A0571,65,0.29337724342730015
RNA ridge,cDC2s,ADT_IgM_A0450,65,-0.1459604402644453
RNA ridge,cDC2s,ADT_Ly-6A-E(Sca-1)_A0130,65,0.43422081867863255
RNA ridge,cDC2s,ADT_Ly-6C_A0013,65,0.46288015654468656
RNA ridge,cDC2s,ADT_MAdCAM-1_A0232,65,0.20273645720710176
RNA ridge,cDC2s,ADT_MERTK(Mer)_A0565,65,0.3336484508500568
RNA ridge,cDC2s,ADT_NK-1.1_A0118,65,0.038840740428682935
RNA ridge,cDC2s,ADT_Notch1_A0442,65,0.04034895567312753
RNA ridge,cDC2s,ADT_PanendothelialCellAntigen_A0381,65,0.25200321403800197
RNA ridge,cDC2s,ADT_SiglecH_A0119,65,0.17427758157897522
RNA ridge,cDC2s,ADT_TCRVb5.1_5.2_A0354,65,0.050845382185416926
RNA ridge,cDC2s,ADT_TCRVb8.1_8.2_A0235,65,-0.09349240077581995
RNA ridge,cDC2s,ADT_TCRVr1.1-Cr4_A0209,65,0.007353979874198112
RNA ridge,cDC2s,ADT_TCRVr2_A0211,65,-0.04437139275113386
RNA ridge,cDC2s,ADT_TCRVr3_A0210,65,0.2657997488413186
RNA ridge,cDC2s,ADT_TCRbchain_A0120,65,0.1993929899814584
RNA ridge,cDC2s,ADT_TCRr-d_A0121,65,0.07393538862074027
RNA ridge,cDC2s,ADT_TER-119-ErythroidCells_A0122,65,0.007968379568822528
RNA ridge,cDC2s,ADT_Tim-4_A0567,65,0.3927251466296151
RNA ridge,cDC2s,ADT_XCR1_A0568,65,0.15453724286511106
RNA ridge,cDC2s,ADT_anti-P2RY12_A0415,65,0.14284337617524895
RNA ridge,cDC2s,ADT_integrinb7_A0214,65,0.04581120417308521
RNA ridge,pDCs,ADT_CD102_A0104,30,0.49844178524700306
RNA ridge,pDCs,ADT_CD103_A0201,30,0.4118430264616676
RNA ridge,pDCs,ADT_CD106_A0226,30,0.0513683432140587
RNA ridge,pDCs,ADT_CD115(CSF-1R)_A0105,30,0.261513832971957
RNA ridge,pDCs,ADT_CD117(c-Kit)_A0012,30,0.14077853499880685
RNA ridge,pDCs,ADT_CD11a_A0595,30,0.5802647716404918
RNA ridge,pDCs,ADT_CD11c_A0106,30,0.3092164536436298
RNA ridge,pDCs,ADT_CD122(IL-2Rb)_A0227,30,0.31040968093069465
RNA ridge,pDCs,ADT_CD127(IL-7Ra)_A0198,30,0.10006493218867099
RNA ridge,pDCs,ADT_CD134(OX-40)_A0195,30,0.17146793931533885
RNA ridge,pDCs,ADT_CD135_A0098,30,0.3074161544402796
RNA ridge,pDCs,ADT_CD137_A0194,30,0.3110581816829566
RNA ridge,pDCs,ADT_CD14_A0424,30,0.28671860290141843
RNA ridge,pDCs,ADT_CD140a_A0573,30,0.12057703143751404
RNA ridge,pDCs,ADT_CD15(SSEA-1)_A0076,30,-0.2209002874739149
RNA ridge,pDCs,ADT_CD150(SLAM)_A0203,30,0.1073660212185243
RNA ridge,pDCs,ADT_CD16-32_A0109,30,-0.004082391030874286
RNA ridge,pDCs,ADT_CD169(Siglec-1)_A0440,30,0.11600297920213933
RNA ridge,pDCs,ADT_CD172a(SIRPa)_A0422,30,0.1213538668832322
RNA ridge,pDCs,ADT_CD183(CXCR3)_A0228,30,-0.20994116543933564
RNA ridge,pDCs,ADT_CD184(CXCR4)_A0444,30,0.328816954188171
RNA ridge,pDCs,ADT_CD19_A0093,30,0.4644747563402641
RNA ridge,pDCs,ADT_CD192(CCR2)_A0426,30,0.3377214863798091
RNA ridge,pDCs,ADT_CD195(CCR5)_A0376,30,-0.10075731276116683
RNA ridge,pDCs,ADT_CD196(CCR6)_A0225,30,0.06593280813196331
RNA ridge,pDCs,ADT_CD197(CCR7)_A0377,30,0.15901778848385562
RNA ridge,pDCs,ADT_CD20_A0192,30,0.3147809227647035
RNA ridge,pDCs,ADT_CD200(OX2)_A0079,30,0.214261876951608
RNA ridge,pDCs,ADT_CD201(EPCR)_A0439,30,0.15124229515020596
RNA ridge,pDCs,ADT_CD204(Msr1)_A0448,30,-0.07092886187418923
RNA ridge,pDCs,ADT_CD206(MMR)_A0173,30,0.04825695300604482
RNA ridge,pDCs,ADT_CD21-CD35(CR2-CR1)_A0107,30,-0.15064639075314437
RNA ridge,pDCs,ADT_CD223(LAG-3)_A0378,30,-0.02014814598405402
RNA ridge,pDCs,ADT_CD23_A0108,30,0.2615021312338347
RNA ridge,pDCs,ADT_CD24_A0212,30,0.28020187029941
RNA ridge,pDCs,ADT_CD25_A0097,30,0.0717282208622779
RNA ridge,pDCs,ADT_CD274(B7-H1_PD-L1)_A0190,30,0.032322847038292725
RNA ridge,pDCs,ADT_CD278(ICOS)_A0171,30,0.03036621675077046
RNA ridge,pDCs,ADT_CD279(PD-1)_A0004,30,0.1658126230352669
RNA ridge,pDCs,ADT_CD28_A0204,30,-0.04252721373198962
RNA ridge,pDCs,ADT_CD29_A0570,30,0.2855871338131344
RNA ridge,pDCs,ADT_CD300LG(Nepmucin)_A0416,30,0.12640429378758286
RNA ridge,pDCs,ADT_CD301a(MGL1)_A0551,30,-0.14511083571269526
RNA ridge,pDCs,ADT_CD301b(MGL2)_A0566,30,0.2901214996892544
RNA ridge,pDCs,ADT_CD304(Neuropilin-1)_A0552,30,0.1162432377421953
RNA ridge,pDCs,ADT_CD326(Ep-CAM)_A0449,30,0.17279604845945157
RNA ridge,pDCs,ADT_CD335(NKp46)_A0184,30,0.31923348348493874
RNA ridge,pDCs,ADT_CD357(GITR)_A0193,30,0.17689129052591004
RNA ridge,pDCs,ADT_CD36_A0555,30,0.4268877405251807
RNA ridge,pDCs,ADT_CD366(Tim-3)_A0003,30,0.2924368006648206
RNA ridge,pDCs,ADT_CD370(CLEC9A_DNGR1)_A0556,30,-0.010265615824766828
RNA ridge,pDCs,ADT_CD38_A0557,30,0.5136818687430478
RNA ridge,pDCs,ADT_CD4_A0001,30,0.17888530536769764
RNA ridge,pDCs,ADT_CD41_A0443,30,-0.10423974585630714
RNA ridge,pDCs,ADT_CD43_A0110,30,0.2630466375557556
RNA ridge,pDCs,ADT_CD45_A0096,30,0.43635960136829843
RNA ridge,pDCs,ADT_CD45.1_A0178,30,-0.06966041025151373
RNA ridge,pDCs,ADT_CD45.2_A0157,30,0.18076584619051653
RNA ridge,pDCs,ADT_CD45R-B220_A0103,30,0.55959941886689
RNA ridge,pDCs,ADT_CD48_A0429,30,0.57810415316412
RNA ridge,pDCs,ADT_CD49d_A0078,30,0.3874485583625808
RNA ridge,pDCs,ADT_CD5_A0111,30,0.35715890363432007
RNA ridge,pDCs,ADT_CD54_A0074,30,0.23191633724338295
RNA ridge,pDCs,ADT_CD55(DAF)_A0558,30,0.634571516668291
RNA ridge,pDCs,ADT_CD62L_A0112,30,0.5078597947104599
RNA ridge,pDCs,ADT_CD62P(P-selectin)_A0229,30,0.2774522612977346
RNA ridge,pDCs,ADT_CD63_A0559,30,0.0953664458800133
RNA ridge,pDCs,ADT_CD64(FcrRI)_A0202,30,-0.09445369419680853
RNA ridge,pDCs,ADT_CD68_A0560,30,-0.22145156266730742
RNA ridge,pDCs,ADT_CD69_A0197,30,0.08872830766034731
RNA ridge,pDCs,ADT_CD71_A0441,30,0.3389001566904209
RNA ridge,pDCs,ADT_CD73_A0077,30,0.22150894772424323
RNA ridge,pDCs,ADT_CD79b(Igb)_A0561,30,0.38012573978403436
RNA ridge,pDCs,ADT_CD83_A0562,30,0.029313538367133924
RNA ridge,pDCs,ADT_CD86_A0200,30,0.05930232896970253
RNA ridge,pDCs,ADT_CD8a_A0002,30,0.12610016564269175
RNA ridge,pDCs,ADT_CD8b(Ly-3)_A0230,30,0.4500614663803293
RNA ridge,pDCs,ADT_CD90.1(Thy-1.1)_A0380,30,-0.14717345800372347
RNA ridge,pDCs,ADT_CD90.2_A0075,30,-0.0011134623116782023
RNA ridge,pDCs,ADT_CD93(AA4.1_earlyBlineage)_A0113,30,0.13380163961038782
RNA ridge,pDCs,ADT_CX3CR1_A0563,30,0.2462833551312049
RNA ridge,pDCs,ADT_ESAM_A0596,30,0.10557009889771674
RNA ridge,pDCs,ADT_F4-80_A0114,30,0.18180946399707734
RNA ridge,pDCs,ADT_FceRIa_A0115,30,0.11306587889461214
RNA ridge,pDCs,ADT_FolateReceptorb(FR-b)_A0564,30,0.1448738037792575
RNA ridge,pDCs,ADT_H-2KbboundtoSIINFEKL_A0231,30,0.2896017199253853
RNA ridge,pDCs,ADT_I-A-I-E_A0117,30,0.38450417997181735
RNA ridge,pDCs,ADT_IRF4_A0249,30,0.20959506136749914
RNA ridge,pDCs,ADT_IgD_A0571,30,0.3481173351181613
RNA ridge,pDCs,ADT_IgM_A0450,30,0.46797509779442076
RNA ridge,pDCs,ADT_Ly-6A-E(Sca-1)_A0130,30,0.6309934403268539
RNA ridge,pDCs,ADT_Ly-6C_A0013,30,0.5337634920113267
RNA ridge,pDCs,ADT_MAdCAM-1_A0232,30,0.024891508923913258
RNA ridge,pDCs,ADT_MERTK(Mer)_A0565,30,0.3239997552032494
RNA ridge,pDCs,ADT_NK-1.1_A0118,30,-0.09827459865718743
RNA ridge,pDCs,ADT_Notch1_A0442,30,-0.1593882741164511
RNA ridge,pDCs,ADT_PanendothelialCellAntigen_A0381,30,0.06525793022252298
RNA ridge,pDCs,ADT_SiglecH_A0119,30,0.5197552279451823
RNA ridge,pDCs,ADT_TCRVb5.1_5.2_A0354,30,-0.2561981883860763
RNA ridge,pDCs,ADT_TCRVb8.1_8.2_A0235,30,-0.050672502370243094
RNA ridge,pDCs,ADT_TCRVr1.1-Cr4_A0209,30,-0.14554439145136588
RNA ridge,pDCs,ADT_TCRVr2_A0211,30,-0.06967964178551317
RNA ridge,pDCs,ADT_TCRVr3_A0210,30,-0.07361122155662274
RNA ridge,pDCs,ADT_TCRbchain_A0120,30,0.47454954957941226
RNA ridge,pDCs,ADT_TCRr-d_A0121,30,0.03169061077623455
RNA ridge,pDCs,ADT_TER-119-ErythroidCells_A0122,30,-0.18569783731943135
RNA ridge,pDCs,ADT_Tim-4_A0567,30,-0.017006329432947977
RNA ridge,pDCs,ADT_XCR1_A0568,30,0.09144243962182301
RNA ridge,pDCs,ADT_anti-P2RY12_A0415,30,0.18324295925436607
RNA ridge,pDCs,ADT_integrinb7_A0214,30,0.5543678757346395
