seed,readout,protein,rmsle
2026,totalVI helper-uncorrected,ADT_CD102_A0104,0.8476082822715181
2026,totalVI helper-uncorrected,ADT_CD103_A0201,1.056631250552439
2026,totalVI helper-uncorrected,ADT_CD106_A0226,0.9494014949933927
2026,totalVI helper-uncorrected,ADT_CD115(CSF-1R)_A0105,1.0430306454211005
2026,totalVI helper-uncorrected,ADT_CD117(c-Kit)_A0012,1.0827267664776237
2026,totalVI helper-uncorrected,ADT_CD11a_A0595,0.6554013828945386
2026,totalVI helper-uncorrected,ADT_CD11c_A0106,1.052831576292403
2026,totalVI helper-uncorrected,ADT_CD122(IL-2Rb)_A0227,0.9930140896697588
2026,totalVI helper-uncorrected,ADT_CD127(IL-7Ra)_A0198,0.9232441479542378
2026,totalVI helper-uncorrected,ADT_CD134(OX-40)_A0195,1.173690426159468
2026,totalVI helper-uncorrected,ADT_CD135_A0098,1.0973824414701125
2026,totalVI helper-uncorrected,ADT_CD137_A0194,1.1227754049795642
2026,totalVI helper-uncorrected,ADT_CD14_A0424,1.0905790549951968
2026,totalVI helper-uncorrected,ADT_CD140a_A0573,1.0781082808450348
2026,totalVI helper-uncorrected,ADT_CD15(SSEA-1)_A0076,1.1747682193356526
2026,totalVI helper-uncorrected,ADT_CD150(SLAM)_A0203,0.9958118920813268
2026,totalVI helper-uncorrected,ADT_CD16-32_A0109,1.0798856799720924
2026,totalVI helper-uncorrected,ADT_CD169(Siglec-1)_A0440,1.1180805678734034
2026,totalVI helper-uncorrected,ADT_CD172a(SIRPa)_A0422,1.0726174646535005
2026,totalVI helper-uncorrected,ADT_CD183(CXCR3)_A0228,1.096677522639363
2026,totalVI helper-uncorrected,ADT_CD184(CXCR4)_A0444,0.999545049273096
2026,totalVI helper-uncorrected,ADT_CD19_A0093,0.8043590987700906
2026,totalVI helper-uncorrected,ADT_CD192(CCR2)_A0426,1.0003998370356084
2026,totalVI helper-uncorrected,ADT_CD195(CCR5)_A0376,1.1630615329263116
2026,totalVI helper-uncorrected,ADT_CD196(CCR6)_A0225,0.994956943500207
2026,totalVI helper-uncorrected,ADT_CD197(CCR7)_A0377,1.0990746279749002
2026,totalVI helper-uncorrected,ADT_CD20_A0192,1.0123675813745987
2026,totalVI helper-uncorrected,ADT_CD200(OX2)_A0079,1.0702639635840268
2026,totalVI helper-uncorrected,ADT_CD201(EPCR)_A0439,1.061272266302778
2026,totalVI helper-uncorrected,ADT_CD204(Msr1)_A0448,0.6877267635188515
2026,totalVI helper-uncorrected,ADT_CD206(MMR)_A0173,1.2282126730299932
2026,totalVI helper-uncorrected,ADT_CD21-CD35(CR2-CR1)_A0107,1.1991912628848156
2026,totalVI helper-uncorrected,ADT_CD223(LAG-3)_A0378,1.0745445683805357
2026,totalVI helper-uncorrected,ADT_CD23_A0108,1.200892096166253
2026,totalVI helper-uncorrected,ADT_CD24_A0212,1.146334797566818
2026,totalVI helper-uncorrected,ADT_CD25_A0097,1.1615879160475426
2026,totalVI helper-uncorrected,ADT_CD274(B7-H1_PD-L1)_A0190,0.8511322322838164
2026,totalVI helper-uncorrected,ADT_CD278(ICOS)_A0171,0.9912732830642247
2026,totalVI helper-uncorrected,ADT_CD279(PD-1)_A0004,1.106887197709756
2026,totalVI helper-uncorrected,ADT_CD28_A0204,1.0650101034243857
2026,totalVI helper-uncorrected,ADT_CD29_A0570,0.8937827713950706
2026,totalVI helper-uncorrected,ADT_CD300LG(Nepmucin)_A0416,1.0942508916028502
2026,totalVI helper-uncorrected,ADT_CD301a(MGL1)_A0551,1.1715317573192026
2026,totalVI helper-uncorrected,ADT_CD301b(MGL2)_A0566,1.0738663808717577
2026,totalVI helper-uncorrected,ADT_CD304(Neuropilin-1)_A0552,1.1974441835075496
2026,totalVI helper-uncorrected,ADT_CD326(Ep-CAM)_A0449,1.0394422716344287
2026,totalVI helper-uncorrected,ADT_CD335(NKp46)_A0184,1.2072836393713655
2026,totalVI helper-uncorrected,ADT_CD357(GITR)_A0193,1.020494392129869
2026,totalVI helper-uncorrected,ADT_CD36_A0555,1.0499573036238503
2026,totalVI helper-uncorrected,ADT_CD366(Tim-3)_A0003,0.9217704597876675
2026,totalVI helper-uncorrected,ADT_CD370(CLEC9A_DNGR1)_A0556,1.0814792410087763
2026,totalVI helper-uncorrected,ADT_CD38_A0557,0.9351122495630235
2026,totalVI helper-uncorrected,ADT_CD4_A0001,1.3789294381534891
2026,totalVI helper-uncorrected,ADT_CD41_A0443,1.3762446571395697
2026,totalVI helper-uncorrected,ADT_CD43_A0110,0.9551654681001776
2026,totalVI helper-uncorrected,ADT_CD45_A0096,1.1800219563646737
2026,totalVI helper-uncorrected,ADT_CD45.1_A0178,1.1084914774749015
2026,totalVI helper-uncorrected,ADT_CD45.2_A0157,1.1488801942021714
2026,totalVI helper-uncorrected,ADT_CD45R-B220_A0103,1.013275577828108
2026,totalVI helper-uncorrected,ADT_CD48_A0429,0.8062970566881567
2026,totalVI helper-uncorrected,ADT_CD49d_A0078,0.9179722216206294
2026,totalVI helper-uncorrected,ADT_CD5_A0111,1.054689724801892
2026,totalVI helper-uncorrected,ADT_CD54_A0074,0.9432143042854931
2026,totalVI helper-uncorrected,ADT_CD55(DAF)_A0558,1.0433124458519534
2026,totalVI helper-uncorrected,ADT_CD62L_A0112,1.0804911127855632
2026,totalVI helper-uncorrected,ADT_CD62P(P-selectin)_A0229,1.1809313747043797
2026,totalVI helper-uncorrected,ADT_CD63_A0559,1.1085989462790726
2026,totalVI helper-uncorrected,ADT_CD64(FcrRI)_A0202,0.9634830013630599
2026,totalVI helper-uncorrected,ADT_CD68_A0560,0.7435844725998192
2026,totalVI helper-uncorrected,ADT_CD69_A0197,0.9712879006916009
2026,totalVI helper-uncorrected,ADT_CD71_A0441,1.1263186842045694
2026,totalVI helper-uncorrected,ADT_CD73_A0077,1.1652571344707552
2026,totalVI helper-uncorrected,ADT_CD79b(Igb)_A0561,1.037827216518754
2026,totalVI helper-uncorrected,ADT_CD83_A0562,0.5433941371619041
2026,totalVI helper-uncorrected,ADT_CD86_A0200,1.1656214187970895
2026,totalVI helper-uncorrected,ADT_CD8a_A0002,1.2846699898944554
2026,totalVI helper-uncorrected,ADT_CD8b(Ly-3)_A0230,1.3988852355256478
2026,totalVI helper-uncorrected,ADT_CD90.1(Thy-1.1)_A0380,0.6165752419668995
2026,totalVI helper-uncorrected,ADT_CD90.2_A0075,1.203599220239813
2026,totalVI helper-uncorrected,ADT_CD93(AA4.1_earlyBlineage)_A0113,1.1424745277024113
2026,totalVI helper-uncorrected,ADT_CX3CR1_A0563,0.8179451672801463
2026,totalVI helper-uncorrected,ADT_ESAM_A0596,1.0864017901290342
2026,totalVI helper-uncorrected,ADT_F4-80_A0114,1.0769433191596918
2026,totalVI helper-uncorrected,ADT_FceRIa_A0115,1.0887109483516788
2026,totalVI helper-uncorrected,ADT_FolateReceptorb(FR-b)_A0564,1.1019072017338647
2026,totalVI helper-uncorrected,ADT_H-2KbboundtoSIINFEKL_A0231,1.0824183971509542
2026,totalVI helper-uncorrected,ADT_I-A-I-E_A0117,1.4475401533535153
2026,totalVI helper-uncorrected,ADT_IRF4_A0249,1.062066731497949
2026,totalVI helper-uncorrected,ADT_IgD_A0571,1.1673164522827562
2026,totalVI helper-uncorrected,ADT_IgM_A0450,1.0990309335102921
2026,totalVI helper-uncorrected,ADT_Ly-6A-E(Sca-1)_A0130,1.330119285369253
2026,totalVI helper-uncorrected,ADT_Ly-6C_A0013,1.0842656723321524
2026,totalVI helper-uncorrected,ADT_MAdCAM-1_A0232,1.1057985588446049
2026,totalVI helper-uncorrected,ADT_MERTK(Mer)_A0565,1.1340804577328432
2026,totalVI helper-uncorrected,ADT_NK-1.1_A0118,1.2516531028271003
2026,totalVI helper-uncorrected,ADT_Notch1_A0442,1.1637632144031969
2026,totalVI helper-uncorrected,ADT_PanendothelialCellAntigen_A0381,1.0966416315066831
2026,totalVI helper-uncorrected,ADT_SiglecH_A0119,1.0931806094789511
2026,totalVI helper-uncorrected,ADT_TCRVb5.1_5.2_A0354,1.6051004096936803
2026,totalVI helper-uncorrected,ADT_TCRVb8.1_8.2_A0235,1.1283535494540577
2026,totalVI helper-uncorrected,ADT_TCRVr1.1-Cr4_A0209,0.6114848534709466
2026,totalVI helper-uncorrected,ADT_TCRVr2_A0211,1.1007640125045381
2026,totalVI helper-uncorrected,ADT_TCRVr3_A0210,1.0480566339071404
2026,totalVI helper-uncorrected,ADT_TCRbchain_A0120,1.236246640866913
2026,totalVI helper-uncorrected,ADT_TCRr-d_A0121,1.1270285595368668
2026,totalVI helper-uncorrected,ADT_TER-119-ErythroidCells_A0122,0.8215988809161766
2026,totalVI helper-uncorrected,ADT_Tim-4_A0567,1.087097796249439
2026,totalVI helper-uncorrected,ADT_XCR1_A0568,1.0659622476615902
2026,totalVI helper-uncorrected,ADT_anti-P2RY12_A0415,1.0987540240348188
2026,totalVI helper-uncorrected,ADT_integrinb7_A0214,0.8511619046475701
2026,totalVI likelihood-consistent,ADT_CD102_A0104,0.5057865791897542
2026,totalVI likelihood-consistent,ADT_CD103_A0201,0.51436637781195
2026,totalVI likelihood-consistent,ADT_CD106_A0226,0.5807400333342075
2026,totalVI likelihood-consistent,ADT_CD115(CSF-1R)_A0105,0.5938807072698542
2026,totalVI likelihood-consistent,ADT_CD117(c-Kit)_A0012,0.5652929596228851
2026,totalVI likelihood-consistent,ADT_CD11a_A0595,0.598643250532891
2026,totalVI likelihood-consistent,ADT_CD11c_A0106,0.6108024362841947
2026,totalVI likelihood-consistent,ADT_CD122(IL-2Rb)_A0227,0.5474777920469376
2026,totalVI likelihood-consistent,ADT_CD127(IL-7Ra)_A0198,0.5371103464695073
2026,totalVI likelihood-consistent,ADT_CD134(OX-40)_A0195,0.41821772707422983
2026,totalVI likelihood-consistent,ADT_CD135_A0098,0.5056118444659258
2026,totalVI likelihood-consistent,ADT_CD137_A0194,0.4535275886360217
2026,totalVI likelihood-consistent,ADT_CD14_A0424,0.5805269209441242
2026,totalVI likelihood-consistent,ADT_CD140a_A0573,0.3804988562389238
2026,totalVI likelihood-consistent,ADT_CD15(SSEA-1)_A0076,0.5669909277799011
2026,totalVI likelihood-consistent,ADT_CD150(SLAM)_A0203,0.6309555947676208
2026,totalVI likelihood-consistent,ADT_CD16-32_A0109,0.555058555585843
2026,totalVI likelihood-consistent,ADT_CD169(Siglec-1)_A0440,0.46544340062076794
2026,totalVI likelihood-consistent,ADT_CD172a(SIRPa)_A0422,0.5168281241310537
2026,totalVI likelihood-consistent,ADT_CD183(CXCR3)_A0228,0.6067218258749953
2026,totalVI likelihood-consistent,ADT_CD184(CXCR4)_A0444,0.4765332976973459
2026,totalVI likelihood-consistent,ADT_CD19_A0093,0.5958134574908949
2026,totalVI likelihood-consistent,ADT_CD192(CCR2)_A0426,0.4546934233355199
2026,totalVI likelihood-consistent,ADT_CD195(CCR5)_A0376,0.5600108557558771
2026,totalVI likelihood-consistent,ADT_CD196(CCR6)_A0225,0.5594957496753
2026,totalVI likelihood-consistent,ADT_CD197(CCR7)_A0377,0.49802254169345944
2026,totalVI likelihood-consistent,ADT_CD20_A0192,0.4516659429564127
2026,totalVI likelihood-consistent,ADT_CD200(OX2)_A0079,0.5688191337773344
2026,totalVI likelihood-consistent,ADT_CD201(EPCR)_A0439,0.5153298089582358
2026,totalVI likelihood-consistent,ADT_CD204(Msr1)_A0448,0.4200928877626239
2026,totalVI likelihood-consistent,ADT_CD206(MMR)_A0173,0.5613123939774878
2026,totalVI likelihood-consistent,ADT_CD21-CD35(CR2-CR1)_A0107,0.7043583020379177
2026,totalVI likelihood-consistent,ADT_CD223(LAG-3)_A0378,0.3916524592133952
2026,totalVI likelihood-consistent,ADT_CD23_A0108,0.6781974993792127
2026,totalVI likelihood-consistent,ADT_CD24_A0212,0.5897955494024805
2026,totalVI likelihood-consistent,ADT_CD25_A0097,0.6823104436151932
2026,totalVI likelihood-consistent,ADT_CD274(B7-H1_PD-L1)_A0190,0.5058627465544091
2026,totalVI likelihood-consistent,ADT_CD278(ICOS)_A0171,0.4798288035817423
2026,totalVI likelihood-consistent,ADT_CD279(PD-1)_A0004,0.4428267738782196
2026,totalVI likelihood-consistent,ADT_CD28_A0204,0.49002975663165427
2026,totalVI likelihood-consistent,ADT_CD29_A0570,0.6035737138095895
2026,totalVI likelihood-consistent,ADT_CD300LG(Nepmucin)_A0416,0.39671732842635393
2026,totalVI likelihood-consistent,ADT_CD301a(MGL1)_A0551,0.6240779047842288
2026,totalVI likelihood-consistent,ADT_CD301b(MGL2)_A0566,0.4777640402852928
2026,totalVI likelihood-consistent,ADT_CD304(Neuropilin-1)_A0552,0.6254810742935196
2026,totalVI likelihood-consistent,ADT_CD326(Ep-CAM)_A0449,0.6220384837575202
2026,totalVI likelihood-consistent,ADT_CD335(NKp46)_A0184,0.42286299538409244
2026,totalVI likelihood-consistent,ADT_CD357(GITR)_A0193,0.5832261404311152
2026,totalVI likelihood-consistent,ADT_CD36_A0555,0.5778546282447178
2026,totalVI likelihood-consistent,ADT_CD366(Tim-3)_A0003,0.5247387431173365
2026,totalVI likelihood-consistent,ADT_CD370(CLEC9A_DNGR1)_A0556,0.563305344380409
2026,totalVI likelihood-consistent,ADT_CD38_A0557,0.7171217620527381
2026,totalVI likelihood-consistent,ADT_CD4_A0001,0.8889111732214431
2026,totalVI likelihood-consistent,ADT_CD41_A0443,0.7134985969707499
2026,totalVI likelihood-consistent,ADT_CD43_A0110,0.5643076391235594
2026,totalVI likelihood-consistent,ADT_CD45_A0096,0.46575577284558956
2026,totalVI likelihood-consistent,ADT_CD45.1_A0178,0.5789838778442971
2026,totalVI likelihood-consistent,ADT_CD45.2_A0157,0.39579005205773027
2026,totalVI likelihood-consistent,ADT_CD45R-B220_A0103,0.5083610091206255
2026,totalVI likelihood-consistent,ADT_CD48_A0429,0.4573690931471737
2026,totalVI likelihood-consistent,ADT_CD49d_A0078,0.5423583580527236
2026,totalVI likelihood-consistent,ADT_CD5_A0111,0.6519072041082028
2026,totalVI likelihood-consistent,ADT_CD54_A0074,0.6683847466756905
2026,totalVI likelihood-consistent,ADT_CD55(DAF)_A0558,0.6657943144207487
2026,totalVI likelihood-consistent,ADT_CD62L_A0112,0.8644971856418167
2026,totalVI likelihood-consistent,ADT_CD62P(P-selectin)_A0229,0.48155604219734727
2026,totalVI likelihood-consistent,ADT_CD63_A0559,0.48339477621413984
2026,totalVI likelihood-consistent,ADT_CD64(FcrRI)_A0202,0.5534808925178167
2026,totalVI likelihood-consistent,ADT_CD68_A0560,0.46388894076747267
2026,totalVI likelihood-consistent,ADT_CD69_A0197,0.5257449743983506
2026,totalVI likelihood-consistent,ADT_CD71_A0441,0.5593954240203398
2026,totalVI likelihood-consistent,ADT_CD73_A0077,0.69916142223754
2026,totalVI likelihood-consistent,ADT_CD79b(Igb)_A0561,0.5439207566537934
2026,totalVI likelihood-consistent,ADT_CD83_A0562,0.3656791891806554
2026,totalVI likelihood-consistent,ADT_CD86_A0200,0.7557556501957402
2026,totalVI likelihood-consistent,ADT_CD8a_A0002,0.7378724140135741
2026,totalVI likelihood-consistent,ADT_CD8b(Ly-3)_A0230,0.897873835369219
2026,totalVI likelihood-consistent,ADT_CD90.1(Thy-1.1)_A0380,0.3849424471767741
2026,totalVI likelihood-consistent,ADT_CD90.2_A0075,0.7606887445640033
2026,totalVI likelihood-consistent,ADT_CD93(AA4.1_earlyBlineage)_A0113,0.5990525599127247
2026,totalVI likelihood-consistent,ADT_CX3CR1_A0563,0.4998322106591875
2026,totalVI likelihood-consistent,ADT_ESAM_A0596,0.539277651441255
2026,totalVI likelihood-consistent,ADT_F4-80_A0114,0.6144574073424075
2026,totalVI likelihood-consistent,ADT_FceRIa_A0115,0.567356090424044
2026,totalVI likelihood-consistent,ADT_FolateReceptorb(FR-b)_A0564,0.573453595783776
2026,totalVI likelihood-consistent,ADT_H-2KbboundtoSIINFEKL_A0231,0.5423147537919634
2026,totalVI likelihood-consistent,ADT_I-A-I-E_A0117,0.8691086126743416
2026,totalVI likelihood-consistent,ADT_IRF4_A0249,0.5159598376228237
2026,totalVI likelihood-consistent,ADT_IgD_A0571,0.7194148593888725
2026,totalVI likelihood-consistent,ADT_IgM_A0450,0.5354511602851343
2026,totalVI likelihood-consistent,ADT_Ly-6A-E(Sca-1)_A0130,0.8713589168046769
2026,totalVI likelihood-consistent,ADT_Ly-6C_A0013,0.5317334132458192
2026,totalVI likelihood-consistent,ADT_MAdCAM-1_A0232,0.5307935613952262
2026,totalVI likelihood-consistent,ADT_MERTK(Mer)_A0565,0.5469109116773677
2026,totalVI likelihood-consistent,ADT_NK-1.1_A0118,0.6311621937630345
2026,totalVI likelihood-consistent,ADT_Notch1_A0442,0.5190175417956263
2026,totalVI likelihood-consistent,ADT_PanendothelialCellAntigen_A0381,0.579002272177519
2026,totalVI likelihood-consistent,ADT_SiglecH_A0119,0.5445080387104282
2026,totalVI likelihood-consistent,ADT_TCRVb5.1_5.2_A0354,0.9232604122348208
2026,totalVI likelihood-consistent,ADT_TCRVb8.1_8.2_A0235,0.6232103789119046
2026,totalVI likelihood-consistent,ADT_TCRVr1.1-Cr4_A0209,0.3992901441133809
2026,totalVI likelihood-consistent,ADT_TCRVr2_A0211,0.5727380298191395
2026,totalVI likelihood-consistent,ADT_TCRVr3_A0210,0.4246386682701375
2026,totalVI likelihood-consistent,ADT_TCRbchain_A0120,0.6386412622934694
2026,totalVI likelihood-consistent,ADT_TCRr-d_A0121,0.5649089363574114
2026,totalVI likelihood-consistent,ADT_TER-119-ErythroidCells_A0122,0.49058559695290116
2026,totalVI likelihood-consistent,ADT_Tim-4_A0567,0.5534545798897146
2026,totalVI likelihood-consistent,ADT_XCR1_A0568,0.5470240277282522
2026,totalVI likelihood-consistent,ADT_anti-P2RY12_A0415,0.5441675787408576
2026,totalVI likelihood-consistent,ADT_integrinb7_A0214,0.5591064988541157
2026,totalVI-X affine,ADT_CD102_A0104,0.6283553205659512
2026,totalVI-X affine,ADT_CD103_A0201,0.5317714502995546
2026,totalVI-X affine,ADT_CD106_A0226,0.6339079296969254
2026,totalVI-X affine,ADT_CD115(CSF-1R)_A0105,0.5947073501860299
2026,totalVI-X affine,ADT_CD117(c-Kit)_A0012,0.5655078198043384
2026,totalVI-X affine,ADT_CD11a_A0595,0.7252783267099757
2026,totalVI-X affine,ADT_CD11c_A0106,0.5977376255320438
2026,totalVI-X affine,ADT_CD122(IL-2Rb)_A0227,0.5444293775276572
2026,totalVI-X affine,ADT_CD127(IL-7Ra)_A0198,0.560543671271658
2026,totalVI-X affine,ADT_CD134(OX-40)_A0195,0.3961238963250137
2026,totalVI-X affine,ADT_CD135_A0098,0.490417716078926
2026,totalVI-X affine,ADT_CD137_A0194,0.43682818982478505
2026,totalVI-X affine,ADT_CD14_A0424,0.5682394795869078
2026,totalVI-X affine,ADT_CD140a_A0573,0.3746094535174505
2026,totalVI-X affine,ADT_CD15(SSEA-1)_A0076,0.5307891277012187
2026,totalVI-X affine,ADT_CD150(SLAM)_A0203,0.7190042127260279
2026,totalVI-X affine,ADT_CD16-32_A0109,0.535137408575619
2026,totalVI-X affine,ADT_CD169(Siglec-1)_A0440,0.46519348990087533
2026,totalVI-X affine,ADT_CD172a(SIRPa)_A0422,0.5118766104791785
2026,totalVI-X affine,ADT_CD183(CXCR3)_A0228,0.5824310158614011
2026,totalVI-X affine,ADT_CD184(CXCR4)_A0444,0.48888854837685985
2026,totalVI-X affine,ADT_CD19_A0093,0.6797627665880764
2026,totalVI-X affine,ADT_CD192(CCR2)_A0426,0.47455821166335244
2026,totalVI-X affine,ADT_CD195(CCR5)_A0376,0.5293750464571408
2026,totalVI-X affine,ADT_CD196(CCR6)_A0225,0.5594606075686713
2026,totalVI-X affine,ADT_CD197(CCR7)_A0377,0.48784920522416014
2026,totalVI-X affine,ADT_CD20_A0192,0.48383957950858725
2026,totalVI-X affine,ADT_CD200(OX2)_A0079,0.5926301773741547
2026,totalVI-X affine,ADT_CD201(EPCR)_A0439,0.5102302877666758
2026,totalVI-X affine,ADT_CD204(Msr1)_A0448,0.40694140550066843
2026,totalVI-X affine,ADT_CD206(MMR)_A0173,0.5292613608910302
2026,totalVI-X affine,ADT_CD21-CD35(CR2-CR1)_A0107,0.721393134159939
2026,totalVI-X affine,ADT_CD223(LAG-3)_A0378,0.3860025612827344
2026,totalVI-X affine,ADT_CD23_A0108,0.7049409123870755
2026,totalVI-X affine,ADT_CD24_A0212,0.619895553851109
2026,totalVI-X affine,ADT_CD25_A0097,0.5842310456667936
2026,totalVI-X affine,ADT_CD274(B7-H1_PD-L1)_A0190,0.5901640161651384
2026,totalVI-X affine,ADT_CD278(ICOS)_A0171,0.5142360952688506
2026,totalVI-X affine,ADT_CD279(PD-1)_A0004,0.42994125041742914
2026,totalVI-X affine,ADT_CD28_A0204,0.48489389665591154
2026,totalVI-X affine,ADT_CD29_A0570,0.7059409091150799
2026,totalVI-X affine,ADT_CD300LG(Nepmucin)_A0416,0.3877927762245054
2026,totalVI-X affine,ADT_CD301a(MGL1)_A0551,0.5821316168769254
2026,totalVI-X affine,ADT_CD301b(MGL2)_A0566,0.4705880244539965
2026,totalVI-X affine,ADT_CD304(Neuropilin-1)_A0552,0.5841696098076765
2026,totalVI-X affine,ADT_CD326(Ep-CAM)_A0449,0.6109299374084554
2026,totalVI-X affine,ADT_CD335(NKp46)_A0184,0.40061109824112934
2026,totalVI-X affine,ADT_CD357(GITR)_A0193,0.6219994711152524
2026,totalVI-X affine,ADT_CD36_A0555,0.5735600578153928
2026,totalVI-X affine,ADT_CD366(Tim-3)_A0003,0.49379652418748665
2026,totalVI-X affine,ADT_CD370(CLEC9A_DNGR1)_A0556,0.5468959368737543
2026,totalVI-X affine,ADT_CD38_A0557,0.7816934279566446
2026,totalVI-X affine,ADT_CD4_A0001,0.8968092492541738
2026,totalVI-X affine,ADT_CD41_A0443,0.6242406833977705
2026,totalVI-X affine,ADT_CD43_A0110,0.6390152874663744
2026,totalVI-X affine,ADT_CD45_A0096,0.4528637550256602
2026,totalVI-X affine,ADT_CD45.1_A0178,0.5446455038962591
2026,totalVI-X affine,ADT_CD45.2_A0157,0.3812727153260475
2026,totalVI-X affine,ADT_CD45R-B220_A0103,0.5522915095101375
2026,totalVI-X affine,ADT_CD48_A0429,0.5808212071881381
2026,totalVI-X affine,ADT_CD49d_A0078,0.6576384336592285
2026,totalVI-X affine,ADT_CD5_A0111,0.7253663332875278
2026,totalVI-X affine,ADT_CD54_A0074,0.8712821851597187
2026,totalVI-X affine,ADT_CD55(DAF)_A0558,0.7227206037987236
2026,totalVI-X affine,ADT_CD62L_A0112,1.0133337961704272
2026,totalVI-X affine,ADT_CD62P(P-selectin)_A0229,0.4581582550291002
2026,totalVI-X affine,ADT_CD63_A0559,0.47843163722236165
2026,totalVI-X affine,ADT_CD64(FcrRI)_A0202,0.5370117316827187
2026,totalVI-X affine,ADT_CD68_A0560,0.45009305355599893
2026,totalVI-X affine,ADT_CD69_A0197,0.5519922528849945
2026,totalVI-X affine,ADT_CD71_A0441,0.585243833296773
2026,totalVI-X affine,ADT_CD73_A0077,0.7206919002580097
2026,totalVI-X affine,ADT_CD79b(Igb)_A0561,0.5781157749266336
2026,totalVI-X affine,ADT_CD83_A0562,0.3611273334665678
2026,totalVI-X affine,ADT_CD86_A0200,0.824656117003644
2026,totalVI-X affine,ADT_CD8a_A0002,0.7140986047051574
2026,totalVI-X affine,ADT_CD8b(Ly-3)_A0230,0.8721724494191677
2026,totalVI-X affine,ADT_CD90.1(Thy-1.1)_A0380,0.3743830632942595
2026,totalVI-X affine,ADT_CD90.2_A0075,0.7983636835904352
2026,totalVI-X affine,ADT_CD93(AA4.1_earlyBlineage)_A0113,0.5695395812302769
2026,totalVI-X affine,ADT_CX3CR1_A0563,0.48936591215761555
2026,totalVI-X affine,ADT_ESAM_A0596,0.5290194917915958
2026,totalVI-X affine,ADT_F4-80_A0114,0.6063007423740274
2026,totalVI-X affine,ADT_FceRIa_A0115,0.5417495758740252
2026,totalVI-X affine,ADT_FolateReceptorb(FR-b)_A0564,0.56996553746147
2026,totalVI-X affine,ADT_H-2KbboundtoSIINFEKL_A0231,0.529194014316517
2026,totalVI-X affine,ADT_I-A-I-E_A0117,0.8671749919363143
2026,totalVI-X affine,ADT_IRF4_A0249,0.5127397285596723
2026,totalVI-X affine,ADT_IgD_A0571,0.7853221230428774
2026,totalVI-X affine,ADT_IgM_A0450,0.5157040223798157
2026,totalVI-X affine,ADT_Ly-6A-E(Sca-1)_A0130,0.9827737351510986
2026,totalVI-X affine,ADT_Ly-6C_A0013,0.5537609265797045
2026,totalVI-X affine,ADT_MAdCAM-1_A0232,0.5174049232118495
2026,totalVI-X affine,ADT_MERTK(Mer)_A0565,0.5243060436391471
2026,totalVI-X affine,ADT_NK-1.1_A0118,0.5728647561859375
2026,totalVI-X affine,ADT_Notch1_A0442,0.4934339946196161
2026,totalVI-X affine,ADT_PanendothelialCellAntigen_A0381,0.5673175784981142
2026,totalVI-X affine,ADT_SiglecH_A0119,0.5255795686145727
2026,totalVI-X affine,ADT_TCRVb5.1_5.2_A0354,0.7422883960020874
2026,totalVI-X affine,ADT_TCRVb8.1_8.2_A0235,0.5930669150097093
2026,totalVI-X affine,ADT_TCRVr1.1-Cr4_A0209,0.3920418254632908
2026,totalVI-X affine,ADT_TCRVr2_A0211,0.5496670522825942
2026,totalVI-X affine,ADT_TCRVr3_A0210,0.42454635281860226
2026,totalVI-X affine,ADT_TCRbchain_A0120,0.6133667352845565
2026,totalVI-X affine,ADT_TCRr-d_A0121,0.5447041539265317
2026,totalVI-X affine,ADT_TER-119-ErythroidCells_A0122,0.4711470377445528
2026,totalVI-X affine,ADT_Tim-4_A0567,0.5539380884588858
2026,totalVI-X affine,ADT_XCR1_A0568,0.5369652754530365
2026,totalVI-X affine,ADT_anti-P2RY12_A0415,0.5352658989803967
2026,totalVI-X affine,ADT_integrinb7_A0214,0.6829215412278878
2026,totalVI likelihood-consistent + D1 head,ADT_CD102_A0104,0.6290527433024525
2026,totalVI likelihood-consistent + D1 head,ADT_CD103_A0201,0.5321979371308792
2026,totalVI likelihood-consistent + D1 head,ADT_CD106_A0226,0.6333131477750447
2026,totalVI likelihood-consistent + D1 head,ADT_CD115(CSF-1R)_A0105,0.594986289958072
2026,totalVI likelihood-consistent + D1 head,ADT_CD117(c-Kit)_A0012,0.5657286898946583
2026,totalVI likelihood-consistent + D1 head,ADT_CD11a_A0595,0.7256136044303051
2026,totalVI likelihood-consistent + D1 head,ADT_CD11c_A0106,0.5967581036987004
2026,totalVI likelihood-consistent + D1 head,ADT_CD122(IL-2Rb)_A0227,0.5442732018229581
2026,totalVI likelihood-consistent + D1 head,ADT_CD127(IL-7Ra)_A0198,0.561517699058497
2026,totalVI likelihood-consistent + D1 head,ADT_CD134(OX-40)_A0195,0.3961146414190681
2026,totalVI likelihood-consistent + D1 head,ADT_CD135_A0098,0.49037391879890657
2026,totalVI likelihood-consistent + D1 head,ADT_CD137_A0194,0.43679104362387067
2026,totalVI likelihood-consistent + D1 head,ADT_CD14_A0424,0.5679634951318169
2026,totalVI likelihood-consistent + D1 head,ADT_CD140a_A0573,0.37456764469889536
2026,totalVI likelihood-consistent + D1 head,ADT_CD15(SSEA-1)_A0076,0.5307425959192014
2026,totalVI likelihood-consistent + D1 head,ADT_CD150(SLAM)_A0203,0.7199133710123039
2026,totalVI likelihood-consistent + D1 head,ADT_CD16-32_A0109,0.5351107528548678
2026,totalVI likelihood-consistent + D1 head,ADT_CD169(Siglec-1)_A0440,0.46524458830910054
2026,totalVI likelihood-consistent + D1 head,ADT_CD172a(SIRPa)_A0422,0.5121865580201578
2026,totalVI likelihood-consistent + D1 head,ADT_CD183(CXCR3)_A0228,0.5809465181871343
2026,totalVI likelihood-consistent + D1 head,ADT_CD184(CXCR4)_A0444,0.48898216377507064
2026,totalVI likelihood-consistent + D1 head,ADT_CD19_A0093,0.6825785872845194
2026,totalVI likelihood-consistent + D1 head,ADT_CD192(CCR2)_A0426,0.47466744228889507
2026,totalVI likelihood-consistent + D1 head,ADT_CD195(CCR5)_A0376,0.529187178066443
2026,totalVI likelihood-consistent + D1 head,ADT_CD196(CCR6)_A0225,0.5592149046071607
2026,totalVI likelihood-consistent + D1 head,ADT_CD197(CCR7)_A0377,0.4878962544730385
2026,totalVI likelihood-consistent + D1 head,ADT_CD20_A0192,0.48443795074396756
2026,totalVI likelihood-consistent + D1 head,ADT_CD200(OX2)_A0079,0.5938386989890001
2026,totalVI likelihood-consistent + D1 head,ADT_CD201(EPCR)_A0439,0.5101554030702397
2026,totalVI likelihood-consistent + D1 head,ADT_CD204(Msr1)_A0448,0.40692893016668186
2026,totalVI likelihood-consistent + D1 head,ADT_CD206(MMR)_A0173,0.5292566038316803
2026,totalVI likelihood-consistent + D1 head,ADT_CD21-CD35(CR2-CR1)_A0107,0.7211316280571072
2026,totalVI likelihood-consistent + D1 head,ADT_CD223(LAG-3)_A0378,0.38599041289465114
2026,totalVI likelihood-consistent + D1 head,ADT_CD23_A0108,0.7040688611171428
2026,totalVI likelihood-consistent + D1 head,ADT_CD24_A0212,0.6197473259300152
2026,totalVI likelihood-consistent + D1 head,ADT_CD25_A0097,0.5817005956999414
2026,totalVI likelihood-consistent + D1 head,ADT_CD274(B7-H1_PD-L1)_A0190,0.5896246506683266
2026,totalVI likelihood-consistent + D1 head,ADT_CD278(ICOS)_A0171,0.514462456955208
2026,totalVI likelihood-consistent + D1 head,ADT_CD279(PD-1)_A0004,0.4300036639378915
2026,totalVI likelihood-consistent + D1 head,ADT_CD28_A0204,0.48504292383738135
2026,totalVI likelihood-consistent + D1 head,ADT_CD29_A0570,0.7047860637955653
2026,totalVI likelihood-consistent + D1 head,ADT_CD300LG(Nepmucin)_A0416,0.3877783749760126
2026,totalVI likelihood-consistent + D1 head,ADT_CD301a(MGL1)_A0551,0.5816867985601349
2026,totalVI likelihood-consistent + D1 head,ADT_CD301b(MGL2)_A0566,0.47056715235022784
2026,totalVI likelihood-consistent + D1 head,ADT_CD304(Neuropilin-1)_A0552,0.583788657736506
2026,totalVI likelihood-consistent + D1 head,ADT_CD326(Ep-CAM)_A0449,0.6108417173475026
2026,totalVI likelihood-consistent + D1 head,ADT_CD335(NKp46)_A0184,0.4005511927284416
2026,totalVI likelihood-consistent + D1 head,ADT_CD357(GITR)_A0193,0.6229741555723893
2026,totalVI likelihood-consistent + D1 head,ADT_CD36_A0555,0.5734082576272077
2026,totalVI likelihood-consistent + D1 head,ADT_CD366(Tim-3)_A0003,0.4938109161372194
2026,totalVI likelihood-consistent + D1 head,ADT_CD370(CLEC9A_DNGR1)_A0556,0.5466909497455588
2026,totalVI likelihood-consistent + D1 head,ADT_CD38_A0557,0.7822380402456449
2026,totalVI likelihood-consistent + D1 head,ADT_CD4_A0001,0.8902933119378814
2026,totalVI likelihood-consistent + D1 head,ADT_CD41_A0443,0.6243105774902015
2026,totalVI likelihood-consistent + D1 head,ADT_CD43_A0110,0.6394446712192314
2026,totalVI likelihood-consistent + D1 head,ADT_CD45_A0096,0.4528752590402
2026,totalVI likelihood-consistent + D1 head,ADT_CD45.1_A0178,0.544588398123093
2026,totalVI likelihood-consistent + D1 head,ADT_CD45.2_A0157,0.3813418978625409
2026,totalVI likelihood-consistent + D1 head,ADT_CD45R-B220_A0103,0.5537003921670772
2026,totalVI likelihood-consistent + D1 head,ADT_CD48_A0429,0.5808183121359215
2026,totalVI likelihood-consistent + D1 head,ADT_CD49d_A0078,0.6577293808297743
2026,totalVI likelihood-consistent + D1 head,ADT_CD5_A0111,0.725634489860922
2026,totalVI likelihood-consistent + D1 head,ADT_CD54_A0074,0.8722464499341932
2026,totalVI likelihood-consistent + D1 head,ADT_CD55(DAF)_A0558,0.722520185429547
2026,totalVI likelihood-consistent + D1 head,ADT_CD62L_A0112,1.0147036122408462
2026,totalVI likelihood-consistent + D1 head,ADT_CD62P(P-selectin)_A0229,0.45817533963981977
2026,totalVI likelihood-consistent + D1 head,ADT_CD63_A0559,0.4782995036832716
2026,totalVI likelihood-consistent + D1 head,ADT_CD64(FcrRI)_A0202,0.5370108777927838
2026,totalVI likelihood-consistent + D1 head,ADT_CD68_A0560,0.4510175625261708
2026,totalVI likelihood-consistent + D1 head,ADT_CD69_A0197,0.5518936790139711
2026,totalVI likelihood-consistent + D1 head,ADT_CD71_A0441,0.5860754199844066
2026,totalVI likelihood-consistent + D1 head,ADT_CD73_A0077,0.7197215513020445
2026,totalVI likelihood-consistent + D1 head,ADT_CD79b(Igb)_A0561,0.5791779281780266
2026,totalVI likelihood-consistent + D1 head,ADT_CD83_A0562,0.3611127511125719
2026,totalVI likelihood-consistent + D1 head,ADT_CD86_A0200,0.8252089266359602
2026,totalVI likelihood-consistent + D1 head,ADT_CD8a_A0002,0.7094218196171793
2026,totalVI likelihood-consistent + D1 head,ADT_CD8b(Ly-3)_A0230,0.8617331267342783
2026,totalVI likelihood-consistent + D1 head,ADT_CD90.1(Thy-1.1)_A0380,0.374566878314181
2026,totalVI likelihood-consistent + D1 head,ADT_CD90.2_A0075,0.7969162586305494
2026,totalVI likelihood-consistent + D1 head,ADT_CD93(AA4.1_earlyBlineage)_A0113,0.5690685355692465
2026,totalVI likelihood-consistent + D1 head,ADT_CX3CR1_A0563,0.4886163535785115
2026,totalVI likelihood-consistent + D1 head,ADT_ESAM_A0596,0.5288466340941959
2026,totalVI likelihood-consistent + D1 head,ADT_F4-80_A0114,0.6054680045970425
2026,totalVI likelihood-consistent + D1 head,ADT_FceRIa_A0115,0.5416815916818772
2026,totalVI likelihood-consistent + D1 head,ADT_FolateReceptorb(FR-b)_A0564,0.5699090265522453
2026,totalVI likelihood-consistent + D1 head,ADT_H-2KbboundtoSIINFEKL_A0231,0.5292964547264936
2026,totalVI likelihood-consistent + D1 head,ADT_I-A-I-E_A0117,0.866560116962685
2026,totalVI likelihood-consistent + D1 head,ADT_IRF4_A0249,0.5127898218466632
2026,totalVI likelihood-consistent + D1 head,ADT_IgD_A0571,0.7848779788276894
2026,totalVI likelihood-consistent + D1 head,ADT_IgM_A0450,0.5156951591128627
2026,totalVI likelihood-consistent + D1 head,ADT_Ly-6A-E(Sca-1)_A0130,0.9829113050051405
2026,totalVI likelihood-consistent + D1 head,ADT_Ly-6C_A0013,0.5525494140728946
2026,totalVI likelihood-consistent + D1 head,ADT_MAdCAM-1_A0232,0.517322015842774
2026,totalVI likelihood-consistent + D1 head,ADT_MERTK(Mer)_A0565,0.5242978446728713
2026,totalVI likelihood-consistent + D1 head,ADT_NK-1.1_A0118,0.5727012659822648
2026,totalVI likelihood-consistent + D1 head,ADT_Notch1_A0442,0.4934549620067508
2026,totalVI likelihood-consistent + D1 head,ADT_PanendothelialCellAntigen_A0381,0.5676229408724545
2026,totalVI likelihood-consistent + D1 head,ADT_SiglecH_A0119,0.5253035933557701
2026,totalVI likelihood-consistent + D1 head,ADT_TCRVb5.1_5.2_A0354,0.742093607838808
2026,totalVI likelihood-consistent + D1 head,ADT_TCRVb8.1_8.2_A0235,0.5930909089023019
2026,totalVI likelihood-consistent + D1 head,ADT_TCRVr1.1-Cr4_A0209,0.39196997429915437
2026,totalVI likelihood-consistent + D1 head,ADT_TCRVr2_A0211,0.5496544938700335
2026,totalVI likelihood-consistent + D1 head,ADT_TCRVr3_A0210,0.4244888867286231
2026,totalVI likelihood-consistent + D1 head,ADT_TCRbchain_A0120,0.6119970273594483
2026,totalVI likelihood-consistent + D1 head,ADT_TCRr-d_A0121,0.5443456116518026
2026,totalVI likelihood-consistent + D1 head,ADT_TER-119-ErythroidCells_A0122,0.46909632374917143
2026,totalVI likelihood-consistent + D1 head,ADT_Tim-4_A0567,0.5538923768204297
2026,totalVI likelihood-consistent + D1 head,ADT_XCR1_A0568,0.5364998514187943
2026,totalVI likelihood-consistent + D1 head,ADT_anti-P2RY12_A0415,0.5351226451265543
2026,totalVI likelihood-consistent + D1 head,ADT_integrinb7_A0214,0.683272385432999
2027,totalVI helper-uncorrected,ADT_CD102_A0104,0.8444389914905958
2027,totalVI helper-uncorrected,ADT_CD103_A0201,1.0619687012208834
2027,totalVI helper-uncorrected,ADT_CD106_A0226,0.9535417547955626
2027,totalVI helper-uncorrected,ADT_CD115(CSF-1R)_A0105,1.0466547413464167
2027,totalVI helper-uncorrected,ADT_CD117(c-Kit)_A0012,1.0668555177788073
2027,totalVI helper-uncorrected,ADT_CD11a_A0595,0.6620719732802719
2027,totalVI helper-uncorrected,ADT_CD11c_A0106,1.0553023239984394
2027,totalVI helper-uncorrected,ADT_CD122(IL-2Rb)_A0227,0.9883041044742177
2027,totalVI helper-uncorrected,ADT_CD127(IL-7Ra)_A0198,0.9213399311714942
2027,totalVI helper-uncorrected,ADT_CD134(OX-40)_A0195,1.1696476021423297
2027,totalVI helper-uncorrected,ADT_CD135_A0098,1.0940026170056212
2027,totalVI helper-uncorrected,ADT_CD137_A0194,1.1249589797692188
2027,totalVI helper-uncorrected,ADT_CD14_A0424,1.0954003775841605
2027,totalVI helper-uncorrected,ADT_CD140a_A0573,1.075694696010405
2027,totalVI helper-uncorrected,ADT_CD15(SSEA-1)_A0076,1.1736972121078242
2027,totalVI helper-uncorrected,ADT_CD150(SLAM)_A0203,0.9917136484193722
2027,totalVI helper-uncorrected,ADT_CD16-32_A0109,1.0800519593366391
2027,totalVI helper-uncorrected,ADT_CD169(Siglec-1)_A0440,1.1153001806474714
2027,totalVI helper-uncorrected,ADT_CD172a(SIRPa)_A0422,1.0734522629221241
2027,totalVI helper-uncorrected,ADT_CD183(CXCR3)_A0228,1.0837866131260372
2027,totalVI helper-uncorrected,ADT_CD184(CXCR4)_A0444,1.006120509631504
2027,totalVI helper-uncorrected,ADT_CD19_A0093,0.804898742314132
2027,totalVI helper-uncorrected,ADT_CD192(CCR2)_A0426,0.992143799607213
2027,totalVI helper-uncorrected,ADT_CD195(CCR5)_A0376,1.159485654935721
2027,totalVI helper-uncorrected,ADT_CD196(CCR6)_A0225,0.9897057626675333
2027,totalVI helper-uncorrected,ADT_CD197(CCR7)_A0377,1.0977521218824906
2027,totalVI helper-uncorrected,ADT_CD20_A0192,1.0192955346087893
2027,totalVI helper-uncorrected,ADT_CD200(OX2)_A0079,1.0674952788206131
2027,totalVI helper-uncorrected,ADT_CD201(EPCR)_A0439,1.0572214186759654
2027,totalVI helper-uncorrected,ADT_CD204(Msr1)_A0448,0.687561428130018
2027,totalVI helper-uncorrected,ADT_CD206(MMR)_A0173,1.219396418647738
2027,totalVI helper-uncorrected,ADT_CD21-CD35(CR2-CR1)_A0107,1.2187255010224476
2027,totalVI helper-uncorrected,ADT_CD223(LAG-3)_A0378,1.0735317433823792
2027,totalVI helper-uncorrected,ADT_CD23_A0108,1.1998034943565734
2027,totalVI helper-uncorrected,ADT_CD24_A0212,1.1321699113941095
2027,totalVI helper-uncorrected,ADT_CD25_A0097,0.8730169370453701
2027,totalVI helper-uncorrected,ADT_CD274(B7-H1_PD-L1)_A0190,0.8655799454330134
2027,totalVI helper-uncorrected,ADT_CD278(ICOS)_A0171,0.9929405276955652
2027,totalVI helper-uncorrected,ADT_CD279(PD-1)_A0004,1.1095789286387459
2027,totalVI helper-uncorrected,ADT_CD28_A0204,1.0714687554512081
2027,totalVI helper-uncorrected,ADT_CD29_A0570,0.8996311120025999
2027,totalVI helper-uncorrected,ADT_CD300LG(Nepmucin)_A0416,1.0944156669462837
2027,totalVI helper-uncorrected,ADT_CD301a(MGL1)_A0551,1.1688965877239792
2027,totalVI helper-uncorrected,ADT_CD301b(MGL2)_A0566,1.0784888887291852
2027,totalVI helper-uncorrected,ADT_CD304(Neuropilin-1)_A0552,1.1987703840284654
2027,totalVI helper-uncorrected,ADT_CD326(Ep-CAM)_A0449,1.0479760233729352
2027,totalVI helper-uncorrected,ADT_CD335(NKp46)_A0184,1.2066637705948753
2027,totalVI helper-uncorrected,ADT_CD357(GITR)_A0193,1.0149893506636762
2027,totalVI helper-uncorrected,ADT_CD36_A0555,1.054352224124386
2027,totalVI helper-uncorrected,ADT_CD366(Tim-3)_A0003,0.9194982209224031
2027,totalVI helper-uncorrected,ADT_CD370(CLEC9A_DNGR1)_A0556,1.0799161561284603
2027,totalVI helper-uncorrected,ADT_CD38_A0557,0.9529371064728454
2027,totalVI helper-uncorrected,ADT_CD4_A0001,1.3365250434494977
2027,totalVI helper-uncorrected,ADT_CD41_A0443,1.3796839358559052
2027,totalVI helper-uncorrected,ADT_CD43_A0110,0.9583913933021356
2027,totalVI helper-uncorrected,ADT_CD45_A0096,1.1814458227628872
2027,totalVI helper-uncorrected,ADT_CD45.1_A0178,1.1099755533905655
2027,totalVI helper-uncorrected,ADT_CD45.2_A0157,1.150925332782675
2027,totalVI helper-uncorrected,ADT_CD45R-B220_A0103,1.0082551349121707
2027,totalVI helper-uncorrected,ADT_CD48_A0429,0.80755610808563
2027,totalVI helper-uncorrected,ADT_CD49d_A0078,0.9072813928283902
2027,totalVI helper-uncorrected,ADT_CD5_A0111,1.0566793213392396
2027,totalVI helper-uncorrected,ADT_CD54_A0074,0.9344707009508144
2027,totalVI helper-uncorrected,ADT_CD55(DAF)_A0558,1.0375086575054377
2027,totalVI helper-uncorrected,ADT_CD62L_A0112,1.0826888655705784
2027,totalVI helper-uncorrected,ADT_CD62P(P-selectin)_A0229,1.1951579580074936
2027,totalVI helper-uncorrected,ADT_CD63_A0559,1.1073515725335787
2027,totalVI helper-uncorrected,ADT_CD64(FcrRI)_A0202,0.9277326526685519
2027,totalVI helper-uncorrected,ADT_CD68_A0560,0.7380775104363189
2027,totalVI helper-uncorrected,ADT_CD69_A0197,0.9726133390720721
2027,totalVI helper-uncorrected,ADT_CD71_A0441,1.115394488150258
2027,totalVI helper-uncorrected,ADT_CD73_A0077,1.1660961701178525
2027,totalVI helper-uncorrected,ADT_CD79b(Igb)_A0561,1.0339886982752027
2027,totalVI helper-uncorrected,ADT_CD83_A0562,0.5412216389515885
2027,totalVI helper-uncorrected,ADT_CD86_A0200,1.1694750994039809
2027,totalVI helper-uncorrected,ADT_CD8a_A0002,1.2920380637763718
2027,totalVI helper-uncorrected,ADT_CD8b(Ly-3)_A0230,1.4098639050773376
2027,totalVI helper-uncorrected,ADT_CD90.1(Thy-1.1)_A0380,0.6206336302856023
2027,totalVI helper-uncorrected,ADT_CD90.2_A0075,1.1840059445858313
2027,totalVI helper-uncorrected,ADT_CD93(AA4.1_earlyBlineage)_A0113,1.134765864226721
2027,totalVI helper-uncorrected,ADT_CX3CR1_A0563,0.8183065750548033
2027,totalVI helper-uncorrected,ADT_ESAM_A0596,1.0859103383581492
2027,totalVI helper-uncorrected,ADT_F4-80_A0114,1.0771291660530784
2027,totalVI helper-uncorrected,ADT_FceRIa_A0115,1.0862464650318286
2027,totalVI helper-uncorrected,ADT_FolateReceptorb(FR-b)_A0564,1.1015357567346562
2027,totalVI helper-uncorrected,ADT_H-2KbboundtoSIINFEKL_A0231,1.0878291980536887
2027,totalVI helper-uncorrected,ADT_I-A-I-E_A0117,1.4497022442601262
2027,totalVI helper-uncorrected,ADT_IRF4_A0249,1.0553058646851152
2027,totalVI helper-uncorrected,ADT_IgD_A0571,1.1631596112809055
2027,totalVI helper-uncorrected,ADT_IgM_A0450,1.0963021980478616
2027,totalVI helper-uncorrected,ADT_Ly-6A-E(Sca-1)_A0130,1.3250159728829523
2027,totalVI helper-uncorrected,ADT_Ly-6C_A0013,1.077941657281936
2027,totalVI helper-uncorrected,ADT_MAdCAM-1_A0232,1.1080779752048275
2027,totalVI helper-uncorrected,ADT_MERTK(Mer)_A0565,1.1320221828350634
2027,totalVI helper-uncorrected,ADT_NK-1.1_A0118,1.2557468780522494
2027,totalVI helper-uncorrected,ADT_Notch1_A0442,1.162054158372748
2027,totalVI helper-uncorrected,ADT_PanendothelialCellAntigen_A0381,1.0882072346208824
2027,totalVI helper-uncorrected,ADT_SiglecH_A0119,1.0891138027078662
2027,totalVI helper-uncorrected,ADT_TCRVb5.1_5.2_A0354,1.6302354890773316
2027,totalVI helper-uncorrected,ADT_TCRVb8.1_8.2_A0235,1.1218173889320495
2027,totalVI helper-uncorrected,ADT_TCRVr1.1-Cr4_A0209,0.6107051838289274
2027,totalVI helper-uncorrected,ADT_TCRVr2_A0211,1.098023096693085
2027,totalVI helper-uncorrected,ADT_TCRVr3_A0210,1.046494003149721
2027,totalVI helper-uncorrected,ADT_TCRbchain_A0120,1.2323557314436495
2027,totalVI helper-uncorrected,ADT_TCRr-d_A0121,1.1165074118335088
2027,totalVI helper-uncorrected,ADT_TER-119-ErythroidCells_A0122,0.815787891556359
2027,totalVI helper-uncorrected,ADT_Tim-4_A0567,1.0862774346505668
2027,totalVI helper-uncorrected,ADT_XCR1_A0568,1.0609813927505194
2027,totalVI helper-uncorrected,ADT_anti-P2RY12_A0415,1.0958156464124074
2027,totalVI helper-uncorrected,ADT_integrinb7_A0214,0.8418758205285162
2027,totalVI likelihood-consistent,ADT_CD102_A0104,0.5045441103747944
2027,totalVI likelihood-consistent,ADT_CD103_A0201,0.510877073012609
2027,totalVI likelihood-consistent,ADT_CD106_A0226,0.5876008657671937
2027,totalVI likelihood-consistent,ADT_CD115(CSF-1R)_A0105,0.5940730243801465
2027,totalVI likelihood-consistent,ADT_CD117(c-Kit)_A0012,0.5647318033071492
2027,totalVI likelihood-consistent,ADT_CD11a_A0595,0.5902065519468066
2027,totalVI likelihood-consistent,ADT_CD11c_A0106,0.609984342918113
2027,totalVI likelihood-consistent,ADT_CD122(IL-2Rb)_A0227,0.5460979896687626
2027,totalVI likelihood-consistent,ADT_CD127(IL-7Ra)_A0198,0.5364677824997347
2027,totalVI likelihood-consistent,ADT_CD134(OX-40)_A0195,0.41715243921611456
2027,totalVI likelihood-consistent,ADT_CD135_A0098,0.5054254998585765
2027,totalVI likelihood-consistent,ADT_CD137_A0194,0.4542713552842748
2027,totalVI likelihood-consistent,ADT_CD14_A0424,0.5851243439486787
2027,totalVI likelihood-consistent,ADT_CD140a_A0573,0.37980613813322334
2027,totalVI likelihood-consistent,ADT_CD15(SSEA-1)_A0076,0.5661203395110604
2027,totalVI likelihood-consistent,ADT_CD150(SLAM)_A0203,0.6371838957222586
2027,totalVI likelihood-consistent,ADT_CD16-32_A0109,0.5550613649618577
2027,totalVI likelihood-consistent,ADT_CD169(Siglec-1)_A0440,0.46368934199406453
2027,totalVI likelihood-consistent,ADT_CD172a(SIRPa)_A0422,0.5145096679400659
2027,totalVI likelihood-consistent,ADT_CD183(CXCR3)_A0228,0.6016148541116222
2027,totalVI likelihood-consistent,ADT_CD184(CXCR4)_A0444,0.4766814755964707
2027,totalVI likelihood-consistent,ADT_CD19_A0093,0.5952722478690501
2027,totalVI likelihood-consistent,ADT_CD192(CCR2)_A0426,0.4553193549857418
2027,totalVI likelihood-consistent,ADT_CD195(CCR5)_A0376,0.5580205728546125
2027,totalVI likelihood-consistent,ADT_CD196(CCR6)_A0225,0.5585163459312114
2027,totalVI likelihood-consistent,ADT_CD197(CCR7)_A0377,0.49769252410522136
2027,totalVI likelihood-consistent,ADT_CD20_A0192,0.44917876258729744
2027,totalVI likelihood-consistent,ADT_CD200(OX2)_A0079,0.5648614492412275
2027,totalVI likelihood-consistent,ADT_CD201(EPCR)_A0439,0.5150240079896596
2027,totalVI likelihood-consistent,ADT_CD204(Msr1)_A0448,0.4203058172143086
2027,totalVI likelihood-consistent,ADT_CD206(MMR)_A0173,0.5583606629032712
2027,totalVI likelihood-consistent,ADT_CD21-CD35(CR2-CR1)_A0107,0.7093449813763564
2027,totalVI likelihood-consistent,ADT_CD223(LAG-3)_A0378,0.3930140885730037
2027,totalVI likelihood-consistent,ADT_CD23_A0108,0.6802750525227644
2027,totalVI likelihood-consistent,ADT_CD24_A0212,0.5831264510448438
2027,totalVI likelihood-consistent,ADT_CD25_A0097,0.5319348269071372
2027,totalVI likelihood-consistent,ADT_CD274(B7-H1_PD-L1)_A0190,0.4899879561459792
2027,totalVI likelihood-consistent,ADT_CD278(ICOS)_A0171,0.47545391425491434
2027,totalVI likelihood-consistent,ADT_CD279(PD-1)_A0004,0.44398995218084386
2027,totalVI likelihood-consistent,ADT_CD28_A0204,0.4904535112868169
2027,totalVI likelihood-consistent,ADT_CD29_A0570,0.6081720634240617
2027,totalVI likelihood-consistent,ADT_CD300LG(Nepmucin)_A0416,0.39677155241395273
2027,totalVI likelihood-consistent,ADT_CD301a(MGL1)_A0551,0.622164491827792
2027,totalVI likelihood-consistent,ADT_CD301b(MGL2)_A0566,0.4808826188321622
2027,totalVI likelihood-consistent,ADT_CD304(Neuropilin-1)_A0552,0.6268106021117522
2027,totalVI likelihood-consistent,ADT_CD326(Ep-CAM)_A0449,0.6233119011178903
2027,totalVI likelihood-consistent,ADT_CD335(NKp46)_A0184,0.42217045047149204
2027,totalVI likelihood-consistent,ADT_CD357(GITR)_A0193,0.5806256061411268
2027,totalVI likelihood-consistent,ADT_CD36_A0555,0.5789001309202834
2027,totalVI likelihood-consistent,ADT_CD366(Tim-3)_A0003,0.5246207077326344
2027,totalVI likelihood-consistent,ADT_CD370(CLEC9A_DNGR1)_A0556,0.5633226087842099
2027,totalVI likelihood-consistent,ADT_CD38_A0557,0.718204126552251
2027,totalVI likelihood-consistent,ADT_CD4_A0001,0.8470222938394182
2027,totalVI likelihood-consistent,ADT_CD41_A0443,0.721634905336961
2027,totalVI likelihood-consistent,ADT_CD43_A0110,0.560595169409119
2027,totalVI likelihood-consistent,ADT_CD45_A0096,0.46152396764452525
2027,totalVI likelihood-consistent,ADT_CD45.1_A0178,0.5793043387293498
2027,totalVI likelihood-consistent,ADT_CD45.2_A0157,0.39444004042775527
2027,totalVI likelihood-consistent,ADT_CD45R-B220_A0103,0.5043180793382664
2027,totalVI likelihood-consistent,ADT_CD48_A0429,0.460213803848115
2027,totalVI likelihood-consistent,ADT_CD49d_A0078,0.544850830143942
2027,totalVI likelihood-consistent,ADT_CD5_A0111,0.6422022752641279
2027,totalVI likelihood-consistent,ADT_CD54_A0074,0.6674543377713882
2027,totalVI likelihood-consistent,ADT_CD55(DAF)_A0558,0.6603152658091017
2027,totalVI likelihood-consistent,ADT_CD62L_A0112,0.8555387615138619
2027,totalVI likelihood-consistent,ADT_CD62P(P-selectin)_A0229,0.48680196429248146
2027,totalVI likelihood-consistent,ADT_CD63_A0559,0.48285204772769386
2027,totalVI likelihood-consistent,ADT_CD64(FcrRI)_A0202,0.5306935929909766
2027,totalVI likelihood-consistent,ADT_CD68_A0560,0.4615855631746634
2027,totalVI likelihood-consistent,ADT_CD69_A0197,0.5265667188763716
2027,totalVI likelihood-consistent,ADT_CD71_A0441,0.5608774391661695
2027,totalVI likelihood-consistent,ADT_CD73_A0077,0.6998064139665262
2027,totalVI likelihood-consistent,ADT_CD79b(Igb)_A0561,0.542631975934206
2027,totalVI likelihood-consistent,ADT_CD83_A0562,0.36555833636859364
2027,totalVI likelihood-consistent,ADT_CD86_A0200,0.7518459911557017
2027,totalVI likelihood-consistent,ADT_CD8a_A0002,0.7388494268525398
2027,totalVI likelihood-consistent,ADT_CD8b(Ly-3)_A0230,0.904333192729024
2027,totalVI likelihood-consistent,ADT_CD90.1(Thy-1.1)_A0380,0.3856096001589229
2027,totalVI likelihood-consistent,ADT_CD90.2_A0075,0.7442548444859817
2027,totalVI likelihood-consistent,ADT_CD93(AA4.1_earlyBlineage)_A0113,0.5954582768923332
2027,totalVI likelihood-consistent,ADT_CX3CR1_A0563,0.4994599505662763
2027,totalVI likelihood-consistent,ADT_ESAM_A0596,0.540428954542399
2027,totalVI likelihood-consistent,ADT_F4-80_A0114,0.6190719983213722
2027,totalVI likelihood-consistent,ADT_FceRIa_A0115,0.5668897079428362
2027,totalVI likelihood-consistent,ADT_FolateReceptorb(FR-b)_A0564,0.5719212310819585
2027,totalVI likelihood-consistent,ADT_H-2KbboundtoSIINFEKL_A0231,0.5425425885838177
2027,totalVI likelihood-consistent,ADT_I-A-I-E_A0117,0.8705888382875362
2027,totalVI likelihood-consistent,ADT_IRF4_A0249,0.5160798140548112
2027,totalVI likelihood-consistent,ADT_IgD_A0571,0.7180865909258042
2027,totalVI likelihood-consistent,ADT_IgM_A0450,0.5356914164557746
2027,totalVI likelihood-consistent,ADT_Ly-6A-E(Sca-1)_A0130,0.8502821222241188
2027,totalVI likelihood-consistent,ADT_Ly-6C_A0013,0.5255105822775241
2027,totalVI likelihood-consistent,ADT_MAdCAM-1_A0232,0.5312770646311658
2027,totalVI likelihood-consistent,ADT_MERTK(Mer)_A0565,0.54665482354466
2027,totalVI likelihood-consistent,ADT_NK-1.1_A0118,0.6322406405200925
2027,totalVI likelihood-consistent,ADT_Notch1_A0442,0.5172975869804486
2027,totalVI likelihood-consistent,ADT_PanendothelialCellAntigen_A0381,0.5754774913983102
2027,totalVI likelihood-consistent,ADT_SiglecH_A0119,0.543415502686999
2027,totalVI likelihood-consistent,ADT_TCRVb5.1_5.2_A0354,0.9406694357842242
2027,totalVI likelihood-consistent,ADT_TCRVb8.1_8.2_A0235,0.623825523866486
2027,totalVI likelihood-consistent,ADT_TCRVr1.1-Cr4_A0209,0.4004025286207544
2027,totalVI likelihood-consistent,ADT_TCRVr2_A0211,0.571357109327867
2027,totalVI likelihood-consistent,ADT_TCRVr3_A0210,0.42468895128099954
2027,totalVI likelihood-consistent,ADT_TCRbchain_A0120,0.6365918619312765
2027,totalVI likelihood-consistent,ADT_TCRr-d_A0121,0.5617318498252521
2027,totalVI likelihood-consistent,ADT_TER-119-ErythroidCells_A0122,0.48921770486105004
2027,totalVI likelihood-consistent,ADT_Tim-4_A0567,0.5540533644135632
2027,totalVI likelihood-consistent,ADT_XCR1_A0568,0.5462255500962215
2027,totalVI likelihood-consistent,ADT_anti-P2RY12_A0415,0.5438094432058899
2027,totalVI likelihood-consistent,ADT_integrinb7_A0214,0.5528882642845191
2027,totalVI-X affine,ADT_CD102_A0104,0.6168160074640103
2027,totalVI-X affine,ADT_CD103_A0201,0.5177039445411908
2027,totalVI-X affine,ADT_CD106_A0226,0.6421744042413023
2027,totalVI-X affine,ADT_CD115(CSF-1R)_A0105,0.5965607073868616
2027,totalVI-X affine,ADT_CD117(c-Kit)_A0012,0.5605796848921217
2027,totalVI-X affine,ADT_CD11a_A0595,0.7183646320051914
2027,totalVI-X affine,ADT_CD11c_A0106,0.5988287875137366
2027,totalVI-X affine,ADT_CD122(IL-2Rb)_A0227,0.5436026413852458
2027,totalVI-X affine,ADT_CD127(IL-7Ra)_A0198,0.5550913218479105
2027,totalVI-X affine,ADT_CD134(OX-40)_A0195,0.3968934512176771
2027,totalVI-X affine,ADT_CD135_A0098,0.4917759159582867
2027,totalVI-X affine,ADT_CD137_A0194,0.43731276889230153
2027,totalVI-X affine,ADT_CD14_A0424,0.5728218805647158
2027,totalVI-X affine,ADT_CD140a_A0573,0.3744545836537036
2027,totalVI-X affine,ADT_CD15(SSEA-1)_A0076,0.5308848694592334
2027,totalVI-X affine,ADT_CD150(SLAM)_A0203,0.7164235720860798
2027,totalVI-X affine,ADT_CD16-32_A0109,0.5354472416096625
2027,totalVI-X affine,ADT_CD169(Siglec-1)_A0440,0.4594116021258269
2027,totalVI-X affine,ADT_CD172a(SIRPa)_A0422,0.5103541214032615
2027,totalVI-X affine,ADT_CD183(CXCR3)_A0228,0.5800582626513208
2027,totalVI-X affine,ADT_CD184(CXCR4)_A0444,0.4888037250651116
2027,totalVI-X affine,ADT_CD19_A0093,0.6799802713272123
2027,totalVI-X affine,ADT_CD192(CCR2)_A0426,0.47610236752203955
2027,totalVI-X affine,ADT_CD195(CCR5)_A0376,0.5282615514218993
2027,totalVI-X affine,ADT_CD196(CCR6)_A0225,0.55929589590319
2027,totalVI-X affine,ADT_CD197(CCR7)_A0377,0.4859578032914588
2027,totalVI-X affine,ADT_CD20_A0192,0.476740609021442
2027,totalVI-X affine,ADT_CD200(OX2)_A0079,0.5926545715632767
2027,totalVI-X affine,ADT_CD201(EPCR)_A0439,0.510985996575455
2027,totalVI-X affine,ADT_CD204(Msr1)_A0448,0.40727534860427383
2027,totalVI-X affine,ADT_CD206(MMR)_A0173,0.5274978103465604
2027,totalVI-X affine,ADT_CD21-CD35(CR2-CR1)_A0107,0.7262349774132498
2027,totalVI-X affine,ADT_CD223(LAG-3)_A0378,0.3882121819889269
2027,totalVI-X affine,ADT_CD23_A0108,0.7078065089313179
2027,totalVI-X affine,ADT_CD24_A0212,0.6073709628209311
2027,totalVI-X affine,ADT_CD25_A0097,0.5161149870150052
2027,totalVI-X affine,ADT_CD274(B7-H1_PD-L1)_A0190,0.5696074547048718
2027,totalVI-X affine,ADT_CD278(ICOS)_A0171,0.5112539374562304
2027,totalVI-X affine,ADT_CD279(PD-1)_A0004,0.429406198740311
2027,totalVI-X affine,ADT_CD28_A0204,0.48489347750833345
2027,totalVI-X affine,ADT_CD29_A0570,0.710106329137075
2027,totalVI-X affine,ADT_CD300LG(Nepmucin)_A0416,0.38758789026473034
2027,totalVI-X affine,ADT_CD301a(MGL1)_A0551,0.5811037216825722
2027,totalVI-X affine,ADT_CD301b(MGL2)_A0566,0.4726946993995949
2027,totalVI-X affine,ADT_CD304(Neuropilin-1)_A0552,0.5853069512236467
2027,totalVI-X affine,ADT_CD326(Ep-CAM)_A0449,0.6106665070981855
2027,totalVI-X affine,ADT_CD335(NKp46)_A0184,0.4000249376377031
2027,totalVI-X affine,ADT_CD357(GITR)_A0193,0.6136364418449693
2027,totalVI-X affine,ADT_CD36_A0555,0.5731225031927477
2027,totalVI-X affine,ADT_CD366(Tim-3)_A0003,0.4941127355552649
2027,totalVI-X affine,ADT_CD370(CLEC9A_DNGR1)_A0556,0.5479900401824379
2027,totalVI-X affine,ADT_CD38_A0557,0.7890142433056565
2027,totalVI-X affine,ADT_CD4_A0001,0.8534004830816939
2027,totalVI-X affine,ADT_CD41_A0443,0.6291651115719645
2027,totalVI-X affine,ADT_CD43_A0110,0.6291195165843466
2027,totalVI-X affine,ADT_CD45_A0096,0.44750361970775854
2027,totalVI-X affine,ADT_CD45.1_A0178,0.543926718133633
2027,totalVI-X affine,ADT_CD45.2_A0157,0.3758672661758819
2027,totalVI-X affine,ADT_CD45R-B220_A0103,0.5428061491441797
2027,totalVI-X affine,ADT_CD48_A0429,0.5538643181270954
2027,totalVI-X affine,ADT_CD49d_A0078,0.6436822395657645
2027,totalVI-X affine,ADT_CD5_A0111,0.7167582562441105
2027,totalVI-X affine,ADT_CD54_A0074,0.8651134284663828
2027,totalVI-X affine,ADT_CD55(DAF)_A0558,0.7077099211113407
2027,totalVI-X affine,ADT_CD62L_A0112,1.019819297607365
2027,totalVI-X affine,ADT_CD62P(P-selectin)_A0229,0.45595662121596986
2027,totalVI-X affine,ADT_CD63_A0559,0.4779160670879183
2027,totalVI-X affine,ADT_CD64(FcrRI)_A0202,0.5169366968519427
2027,totalVI-X affine,ADT_CD68_A0560,0.44671032511076636
2027,totalVI-X affine,ADT_CD69_A0197,0.5515836899673117
2027,totalVI-X affine,ADT_CD71_A0441,0.586727299423377
2027,totalVI-X affine,ADT_CD73_A0077,0.7205619008123522
2027,totalVI-X affine,ADT_CD79b(Igb)_A0561,0.5694456076269453
2027,totalVI-X affine,ADT_CD83_A0562,0.36175862680594945
2027,totalVI-X affine,ADT_CD86_A0200,0.819447516250582
2027,totalVI-X affine,ADT_CD8a_A0002,0.7139386532323786
2027,totalVI-X affine,ADT_CD8b(Ly-3)_A0230,0.8810294423108468
2027,totalVI-X affine,ADT_CD90.1(Thy-1.1)_A0380,0.3755558219449468
2027,totalVI-X affine,ADT_CD90.2_A0075,0.7784206502143676
2027,totalVI-X affine,ADT_CD93(AA4.1_earlyBlineage)_A0113,0.567999126995467
2027,totalVI-X affine,ADT_CX3CR1_A0563,0.48892662377114554
2027,totalVI-X affine,ADT_ESAM_A0596,0.5311310377077137
2027,totalVI-X affine,ADT_F4-80_A0114,0.6116151289546532
2027,totalVI-X affine,ADT_FceRIa_A0115,0.5434287194595547
2027,totalVI-X affine,ADT_FolateReceptorb(FR-b)_A0564,0.5659083017840568
2027,totalVI-X affine,ADT_H-2KbboundtoSIINFEKL_A0231,0.5278165436517522
2027,totalVI-X affine,ADT_I-A-I-E_A0117,0.8694544698482789
2027,totalVI-X affine,ADT_IRF4_A0249,0.5143833744254437
2027,totalVI-X affine,ADT_IgD_A0571,0.7870730299577482
2027,totalVI-X affine,ADT_IgM_A0450,0.5161916051692979
2027,totalVI-X affine,ADT_Ly-6A-E(Sca-1)_A0130,0.95764942977977
2027,totalVI-X affine,ADT_Ly-6C_A0013,0.5503163227648948
2027,totalVI-X affine,ADT_MAdCAM-1_A0232,0.5160850944032173
2027,totalVI-X affine,ADT_MERTK(Mer)_A0565,0.5249467198095876
2027,totalVI-X affine,ADT_NK-1.1_A0118,0.5737309342824827
2027,totalVI-X affine,ADT_Notch1_A0442,0.49158196992253106
2027,totalVI-X affine,ADT_PanendothelialCellAntigen_A0381,0.5640564548294894
2027,totalVI-X affine,ADT_SiglecH_A0119,0.5252212356992964
2027,totalVI-X affine,ADT_TCRVb5.1_5.2_A0354,0.7402823126332544
2027,totalVI-X affine,ADT_TCRVb8.1_8.2_A0235,0.5944365052474282
2027,totalVI-X affine,ADT_TCRVr1.1-Cr4_A0209,0.3936907367751885
2027,totalVI-X affine,ADT_TCRVr2_A0211,0.5510378020631422
2027,totalVI-X affine,ADT_TCRVr3_A0210,0.4248555570875015
2027,totalVI-X affine,ADT_TCRbchain_A0120,0.6107460341657063
2027,totalVI-X affine,ADT_TCRr-d_A0121,0.5444268245806151
2027,totalVI-X affine,ADT_TER-119-ErythroidCells_A0122,0.47237938080936254
2027,totalVI-X affine,ADT_Tim-4_A0567,0.5573269135177603
2027,totalVI-X affine,ADT_XCR1_A0568,0.5377738061496751
2027,totalVI-X affine,ADT_anti-P2RY12_A0415,0.5371658446356337
2027,totalVI-X affine,ADT_integrinb7_A0214,0.6634895464495043
2027,totalVI likelihood-consistent + D1 head,ADT_CD102_A0104,0.6174895018514175
2027,totalVI likelihood-consistent + D1 head,ADT_CD103_A0201,0.5178217864311739
2027,totalVI likelihood-consistent + D1 head,ADT_CD106_A0226,0.6416005105695494
2027,totalVI likelihood-consistent + D1 head,ADT_CD115(CSF-1R)_A0105,0.5964792968330379
2027,totalVI likelihood-consistent + D1 head,ADT_CD117(c-Kit)_A0012,0.5611842069830073
2027,totalVI likelihood-consistent + D1 head,ADT_CD11a_A0595,0.7186495241993177
2027,totalVI likelihood-consistent + D1 head,ADT_CD11c_A0106,0.596994601978166
2027,totalVI likelihood-consistent + D1 head,ADT_CD122(IL-2Rb)_A0227,0.543446046973738
2027,totalVI likelihood-consistent + D1 head,ADT_CD127(IL-7Ra)_A0198,0.5556622073923133
2027,totalVI likelihood-consistent + D1 head,ADT_CD134(OX-40)_A0195,0.3968672838771544
2027,totalVI likelihood-consistent + D1 head,ADT_CD135_A0098,0.49173346469007634
2027,totalVI likelihood-consistent + D1 head,ADT_CD137_A0194,0.43728972657571036
2027,totalVI likelihood-consistent + D1 head,ADT_CD14_A0424,0.572415288035946
2027,totalVI likelihood-consistent + D1 head,ADT_CD140a_A0573,0.37443126761576206
2027,totalVI likelihood-consistent + D1 head,ADT_CD15(SSEA-1)_A0076,0.5308224876251164
2027,totalVI likelihood-consistent + D1 head,ADT_CD150(SLAM)_A0203,0.7176536003202314
2027,totalVI likelihood-consistent + D1 head,ADT_CD16-32_A0109,0.5354173336473175
2027,totalVI likelihood-consistent + D1 head,ADT_CD169(Siglec-1)_A0440,0.45942691096695404
2027,totalVI likelihood-consistent + D1 head,ADT_CD172a(SIRPa)_A0422,0.5105641931758313
2027,totalVI likelihood-consistent + D1 head,ADT_CD183(CXCR3)_A0228,0.5789866604902557
2027,totalVI likelihood-consistent + D1 head,ADT_CD184(CXCR4)_A0444,0.48895710445063584
2027,totalVI likelihood-consistent + D1 head,ADT_CD19_A0093,0.6823878372388763
2027,totalVI likelihood-consistent + D1 head,ADT_CD192(CCR2)_A0426,0.47631371465261135
2027,totalVI likelihood-consistent + D1 head,ADT_CD195(CCR5)_A0376,0.5281681464478655
2027,totalVI likelihood-consistent + D1 head,ADT_CD196(CCR6)_A0225,0.5590836300736278
2027,totalVI likelihood-consistent + D1 head,ADT_CD197(CCR7)_A0377,0.48599455965777877
2027,totalVI likelihood-consistent + D1 head,ADT_CD20_A0192,0.47714767635045874
2027,totalVI likelihood-consistent + D1 head,ADT_CD200(OX2)_A0079,0.5936854493880929
2027,totalVI likelihood-consistent + D1 head,ADT_CD201(EPCR)_A0439,0.5109215130420095
2027,totalVI likelihood-consistent + D1 head,ADT_CD204(Msr1)_A0448,0.4073065906852069
2027,totalVI likelihood-consistent + D1 head,ADT_CD206(MMR)_A0173,0.5275039574941103
2027,totalVI likelihood-consistent + D1 head,ADT_CD21-CD35(CR2-CR1)_A0107,0.7251319450580832
2027,totalVI likelihood-consistent + D1 head,ADT_CD223(LAG-3)_A0378,0.38821156863667394
2027,totalVI likelihood-consistent + D1 head,ADT_CD23_A0108,0.7068310467921662
2027,totalVI likelihood-consistent + D1 head,ADT_CD24_A0212,0.6063536067341067
2027,totalVI likelihood-consistent + D1 head,ADT_CD25_A0097,0.5144934401128306
2027,totalVI likelihood-consistent + D1 head,ADT_CD274(B7-H1_PD-L1)_A0190,0.5691663414367637
2027,totalVI likelihood-consistent + D1 head,ADT_CD278(ICOS)_A0171,0.5115370843280775
2027,totalVI likelihood-consistent + D1 head,ADT_CD279(PD-1)_A0004,0.42953142113037796
2027,totalVI likelihood-consistent + D1 head,ADT_CD28_A0204,0.4850233629661164
2027,totalVI likelihood-consistent + D1 head,ADT_CD29_A0570,0.709377104710925
2027,totalVI likelihood-consistent + D1 head,ADT_CD300LG(Nepmucin)_A0416,0.3875706242816253
2027,totalVI likelihood-consistent + D1 head,ADT_CD301a(MGL1)_A0551,0.5807555781605317
2027,totalVI likelihood-consistent + D1 head,ADT_CD301b(MGL2)_A0566,0.47282990563027993
2027,totalVI likelihood-consistent + D1 head,ADT_CD304(Neuropilin-1)_A0552,0.5849455372085183
2027,totalVI likelihood-consistent + D1 head,ADT_CD326(Ep-CAM)_A0449,0.6106298096880273
2027,totalVI likelihood-consistent + D1 head,ADT_CD335(NKp46)_A0184,0.3999712367326133
2027,totalVI likelihood-consistent + D1 head,ADT_CD357(GITR)_A0193,0.6144133775232693
2027,totalVI likelihood-consistent + D1 head,ADT_CD36_A0555,0.5731696451145281
2027,totalVI likelihood-consistent + D1 head,ADT_CD366(Tim-3)_A0003,0.49396151496692947
2027,totalVI likelihood-consistent + D1 head,ADT_CD370(CLEC9A_DNGR1)_A0556,0.547682484455174
2027,totalVI likelihood-consistent + D1 head,ADT_CD38_A0557,0.7889358371722253
2027,totalVI likelihood-consistent + D1 head,ADT_CD4_A0001,0.8472467348387215
2027,totalVI likelihood-consistent + D1 head,ADT_CD41_A0443,0.6296006079071549
2027,totalVI likelihood-consistent + D1 head,ADT_CD43_A0110,0.6296083656444876
2027,totalVI likelihood-consistent + D1 head,ADT_CD45_A0096,0.44750355706723466
2027,totalVI likelihood-consistent + D1 head,ADT_CD45.1_A0178,0.5439469429429192
2027,totalVI likelihood-consistent + D1 head,ADT_CD45.2_A0157,0.3759065253334788
2027,totalVI likelihood-consistent + D1 head,ADT_CD45R-B220_A0103,0.5437126337037818
2027,totalVI likelihood-consistent + D1 head,ADT_CD48_A0429,0.5538088129773625
2027,totalVI likelihood-consistent + D1 head,ADT_CD49d_A0078,0.6438578014367043
2027,totalVI likelihood-consistent + D1 head,ADT_CD5_A0111,0.7168478385005006
2027,totalVI likelihood-consistent + D1 head,ADT_CD54_A0074,0.8662051996109872
2027,totalVI likelihood-consistent + D1 head,ADT_CD55(DAF)_A0558,0.7076532027317326
2027,totalVI likelihood-consistent + D1 head,ADT_CD62L_A0112,1.0209549442202834
2027,totalVI likelihood-consistent + D1 head,ADT_CD62P(P-selectin)_A0229,0.4559760065165717
2027,totalVI likelihood-consistent + D1 head,ADT_CD63_A0559,0.47777583340306323
2027,totalVI likelihood-consistent + D1 head,ADT_CD64(FcrRI)_A0202,0.5171131228465151
2027,totalVI likelihood-consistent + D1 head,ADT_CD68_A0560,0.44722257357771655
2027,totalVI likelihood-consistent + D1 head,ADT_CD69_A0197,0.5514792712751464
2027,totalVI likelihood-consistent + D1 head,ADT_CD71_A0441,0.5876939745491063
2027,totalVI likelihood-consistent + D1 head,ADT_CD73_A0077,0.7195362515075864
2027,totalVI likelihood-consistent + D1 head,ADT_CD79b(Igb)_A0561,0.5700681004286859
2027,totalVI likelihood-consistent + D1 head,ADT_CD83_A0562,0.36172247666433
2027,totalVI likelihood-consistent + D1 head,ADT_CD86_A0200,0.820083770603359
2027,totalVI likelihood-consistent + D1 head,ADT_CD8a_A0002,0.7089413328226942
2027,totalVI likelihood-consistent + D1 head,ADT_CD8b(Ly-3)_A0230,0.8699089373391078
2027,totalVI likelihood-consistent + D1 head,ADT_CD90.1(Thy-1.1)_A0380,0.3758200504763884
2027,totalVI likelihood-consistent + D1 head,ADT_CD90.2_A0075,0.7771149783429698
2027,totalVI likelihood-consistent + D1 head,ADT_CD93(AA4.1_earlyBlineage)_A0113,0.5675256057184687
2027,totalVI likelihood-consistent + D1 head,ADT_CX3CR1_A0563,0.48809703909002633
2027,totalVI likelihood-consistent + D1 head,ADT_ESAM_A0596,0.5309343858266238
2027,totalVI likelihood-consistent + D1 head,ADT_F4-80_A0114,0.6109285482192489
2027,totalVI likelihood-consistent + D1 head,ADT_FceRIa_A0115,0.5433637643756497
2027,totalVI likelihood-consistent + D1 head,ADT_FolateReceptorb(FR-b)_A0564,0.565652998291932
2027,totalVI likelihood-consistent + D1 head,ADT_H-2KbboundtoSIINFEKL_A0231,0.5278111028814778
2027,totalVI likelihood-consistent + D1 head,ADT_I-A-I-E_A0117,0.8687020052267121
2027,totalVI likelihood-consistent + D1 head,ADT_IRF4_A0249,0.5144394277076678
2027,totalVI likelihood-consistent + D1 head,ADT_IgD_A0571,0.7865174330741138
2027,totalVI likelihood-consistent + D1 head,ADT_IgM_A0450,0.5161828669047429
2027,totalVI likelihood-consistent + D1 head,ADT_Ly-6A-E(Sca-1)_A0130,0.9577663764349537
2027,totalVI likelihood-consistent + D1 head,ADT_Ly-6C_A0013,0.5491265764837746
2027,totalVI likelihood-consistent + D1 head,ADT_MAdCAM-1_A0232,0.5160385641406836
2027,totalVI likelihood-consistent + D1 head,ADT_MERTK(Mer)_A0565,0.524904775069925
2027,totalVI likelihood-consistent + D1 head,ADT_NK-1.1_A0118,0.5735468566780064
2027,totalVI likelihood-consistent + D1 head,ADT_Notch1_A0442,0.49157988226363025
2027,totalVI likelihood-consistent + D1 head,ADT_PanendothelialCellAntigen_A0381,0.5641879221967682
2027,totalVI likelihood-consistent + D1 head,ADT_SiglecH_A0119,0.5249334598096349
2027,totalVI likelihood-consistent + D1 head,ADT_TCRVb5.1_5.2_A0354,0.7401740070664593
2027,totalVI likelihood-consistent + D1 head,ADT_TCRVb8.1_8.2_A0235,0.5944929751056237
2027,totalVI likelihood-consistent + D1 head,ADT_TCRVr1.1-Cr4_A0209,0.3935651140437653
2027,totalVI likelihood-consistent + D1 head,ADT_TCRVr2_A0211,0.5509786526290672
2027,totalVI likelihood-consistent + D1 head,ADT_TCRVr3_A0210,0.42480742476811995
2027,totalVI likelihood-consistent + D1 head,ADT_TCRbchain_A0120,0.6093207433684177
2027,totalVI likelihood-consistent + D1 head,ADT_TCRr-d_A0121,0.5441579590973448
2027,totalVI likelihood-consistent + D1 head,ADT_TER-119-ErythroidCells_A0122,0.46977715167147555
2027,totalVI likelihood-consistent + D1 head,ADT_Tim-4_A0567,0.5571243062582074
2027,totalVI likelihood-consistent + D1 head,ADT_XCR1_A0568,0.5372902271416709
2027,totalVI likelihood-consistent + D1 head,ADT_anti-P2RY12_A0415,0.5369563937404574
2027,totalVI likelihood-consistent + D1 head,ADT_integrinb7_A0214,0.6637094002417232
2028,totalVI helper-uncorrected,ADT_CD102_A0104,0.88087127825528
2028,totalVI helper-uncorrected,ADT_CD103_A0201,1.0622828198797858
2028,totalVI helper-uncorrected,ADT_CD106_A0226,0.9490671189351573
2028,totalVI helper-uncorrected,ADT_CD115(CSF-1R)_A0105,1.0411489293396587
2028,totalVI helper-uncorrected,ADT_CD117(c-Kit)_A0012,1.0707883547956971
2028,totalVI helper-uncorrected,ADT_CD11a_A0595,0.6638733801163131
2028,totalVI helper-uncorrected,ADT_CD11c_A0106,1.0506083227321208
2028,totalVI helper-uncorrected,ADT_CD122(IL-2Rb)_A0227,0.9936248266288791
2028,totalVI helper-uncorrected,ADT_CD127(IL-7Ra)_A0198,0.9192128194197339
2028,totalVI helper-uncorrected,ADT_CD134(OX-40)_A0195,1.1675426929488957
2028,totalVI helper-uncorrected,ADT_CD135_A0098,1.0897761267540031
2028,totalVI helper-uncorrected,ADT_CD137_A0194,1.1194305589492615
2028,totalVI helper-uncorrected,ADT_CD14_A0424,1.092513895632717
2028,totalVI helper-uncorrected,ADT_CD140a_A0573,1.0738065673551462
2028,totalVI helper-uncorrected,ADT_CD15(SSEA-1)_A0076,1.1690093335863652
2028,totalVI helper-uncorrected,ADT_CD150(SLAM)_A0203,0.9995204186707907
2028,totalVI helper-uncorrected,ADT_CD16-32_A0109,1.0763309580262341
2028,totalVI helper-uncorrected,ADT_CD169(Siglec-1)_A0440,1.1102169648532054
2028,totalVI helper-uncorrected,ADT_CD172a(SIRPa)_A0422,1.0705516068146659
2028,totalVI helper-uncorrected,ADT_CD183(CXCR3)_A0228,1.0887809105259778
2028,totalVI helper-uncorrected,ADT_CD184(CXCR4)_A0444,1.001325825419857
2028,totalVI helper-uncorrected,ADT_CD19_A0093,0.8070329748320031
2028,totalVI helper-uncorrected,ADT_CD192(CCR2)_A0426,0.9852603833101735
2028,totalVI helper-uncorrected,ADT_CD195(CCR5)_A0376,1.1535309882493274
2028,totalVI helper-uncorrected,ADT_CD196(CCR6)_A0225,0.9809296630361912
2028,totalVI helper-uncorrected,ADT_CD197(CCR7)_A0377,1.0946977399301419
2028,totalVI helper-uncorrected,ADT_CD20_A0192,1.0004857890491505
2028,totalVI helper-uncorrected,ADT_CD200(OX2)_A0079,1.0662076146622699
2028,totalVI helper-uncorrected,ADT_CD201(EPCR)_A0439,1.0567663399288503
2028,totalVI helper-uncorrected,ADT_CD204(Msr1)_A0448,0.6845741852992749
2028,totalVI helper-uncorrected,ADT_CD206(MMR)_A0173,1.2185853478719002
2028,totalVI helper-uncorrected,ADT_CD21-CD35(CR2-CR1)_A0107,1.1978723604721102
2028,totalVI helper-uncorrected,ADT_CD223(LAG-3)_A0378,1.0704172136227634
2028,totalVI helper-uncorrected,ADT_CD23_A0108,1.2046889861270804
2028,totalVI helper-uncorrected,ADT_CD24_A0212,1.1471365300772702
2028,totalVI helper-uncorrected,ADT_CD25_A0097,0.8770281567862135
2028,totalVI helper-uncorrected,ADT_CD274(B7-H1_PD-L1)_A0190,0.8733489534247586
2028,totalVI helper-uncorrected,ADT_CD278(ICOS)_A0171,0.9888258098891799
2028,totalVI helper-uncorrected,ADT_CD279(PD-1)_A0004,1.1013126788352516
2028,totalVI helper-uncorrected,ADT_CD28_A0204,1.0655493043917528
2028,totalVI helper-uncorrected,ADT_CD29_A0570,0.8978414874424873
2028,totalVI helper-uncorrected,ADT_CD300LG(Nepmucin)_A0416,1.0878633018653592
2028,totalVI helper-uncorrected,ADT_CD301a(MGL1)_A0551,1.1721856636125345
2028,totalVI helper-uncorrected,ADT_CD301b(MGL2)_A0566,1.0766131758712736
2028,totalVI helper-uncorrected,ADT_CD304(Neuropilin-1)_A0552,1.1974821344840105
2028,totalVI helper-uncorrected,ADT_CD326(Ep-CAM)_A0449,1.0380464260279054
2028,totalVI helper-uncorrected,ADT_CD335(NKp46)_A0184,1.2021533310946362
2028,totalVI helper-uncorrected,ADT_CD357(GITR)_A0193,1.0169441219486044
2028,totalVI helper-uncorrected,ADT_CD36_A0555,1.0437944583691605
2028,totalVI helper-uncorrected,ADT_CD366(Tim-3)_A0003,0.91229463713276
2028,totalVI helper-uncorrected,ADT_CD370(CLEC9A_DNGR1)_A0556,1.0800697439559945
2028,totalVI helper-uncorrected,ADT_CD38_A0557,0.9389543518909664
2028,totalVI helper-uncorrected,ADT_CD4_A0001,1.3163950692252329
2028,totalVI helper-uncorrected,ADT_CD41_A0443,1.3666335263271523
2028,totalVI helper-uncorrected,ADT_CD43_A0110,0.9673772248591688
2028,totalVI helper-uncorrected,ADT_CD45_A0096,1.1858573503191179
2028,totalVI helper-uncorrected,ADT_CD45.1_A0178,1.1092578192801266
2028,totalVI helper-uncorrected,ADT_CD45.2_A0157,1.1532513008891054
2028,totalVI helper-uncorrected,ADT_CD45R-B220_A0103,1.0065560653835974
2028,totalVI helper-uncorrected,ADT_CD48_A0429,0.8179227635188635
2028,totalVI helper-uncorrected,ADT_CD49d_A0078,0.9157886078015124
2028,totalVI helper-uncorrected,ADT_CD5_A0111,1.0598841460103412
2028,totalVI helper-uncorrected,ADT_CD54_A0074,0.9529430530393724
2028,totalVI helper-uncorrected,ADT_CD55(DAF)_A0558,1.0444073000248348
2028,totalVI helper-uncorrected,ADT_CD62L_A0112,1.0810738281345087
2028,totalVI helper-uncorrected,ADT_CD62P(P-selectin)_A0229,1.175769736047539
2028,totalVI helper-uncorrected,ADT_CD63_A0559,1.0992038698864293
2028,totalVI helper-uncorrected,ADT_CD64(FcrRI)_A0202,0.9267904900495169
2028,totalVI helper-uncorrected,ADT_CD68_A0560,0.7349251402874276
2028,totalVI helper-uncorrected,ADT_CD69_A0197,0.9651448988882144
2028,totalVI helper-uncorrected,ADT_CD71_A0441,1.1233686734978505
2028,totalVI helper-uncorrected,ADT_CD73_A0077,1.1590417641400375
2028,totalVI helper-uncorrected,ADT_CD79b(Igb)_A0561,1.0385440289462313
2028,totalVI helper-uncorrected,ADT_CD83_A0562,0.5387061539057635
2028,totalVI helper-uncorrected,ADT_CD86_A0200,1.1705982591583066
2028,totalVI helper-uncorrected,ADT_CD8a_A0002,1.2914833699206707
2028,totalVI helper-uncorrected,ADT_CD8b(Ly-3)_A0230,1.420409680791397
2028,totalVI helper-uncorrected,ADT_CD90.1(Thy-1.1)_A0380,0.6126243011481594
2028,totalVI helper-uncorrected,ADT_CD90.2_A0075,1.1772928706397965
2028,totalVI helper-uncorrected,ADT_CD93(AA4.1_earlyBlineage)_A0113,1.141568507698891
2028,totalVI helper-uncorrected,ADT_CX3CR1_A0563,0.8159642065761468
2028,totalVI helper-uncorrected,ADT_ESAM_A0596,1.0821037446841097
2028,totalVI helper-uncorrected,ADT_F4-80_A0114,1.0709725191317854
2028,totalVI helper-uncorrected,ADT_FceRIa_A0115,1.0875018051795826
2028,totalVI helper-uncorrected,ADT_FolateReceptorb(FR-b)_A0564,1.0981083738520787
2028,totalVI helper-uncorrected,ADT_H-2KbboundtoSIINFEKL_A0231,1.083818811314007
2028,totalVI helper-uncorrected,ADT_I-A-I-E_A0117,1.4479768709281107
2028,totalVI helper-uncorrected,ADT_IRF4_A0249,1.0593972848225433
2028,totalVI helper-uncorrected,ADT_IgD_A0571,1.1469850819561125
2028,totalVI helper-uncorrected,ADT_IgM_A0450,1.1038490251085407
2028,totalVI helper-uncorrected,ADT_Ly-6A-E(Sca-1)_A0130,1.313760507411156
2028,totalVI helper-uncorrected,ADT_Ly-6C_A0013,1.0768529309632295
2028,totalVI helper-uncorrected,ADT_MAdCAM-1_A0232,1.1038554917181507
2028,totalVI helper-uncorrected,ADT_MERTK(Mer)_A0565,1.1283321362191052
2028,totalVI helper-uncorrected,ADT_NK-1.1_A0118,1.2530921548209182
2028,totalVI helper-uncorrected,ADT_Notch1_A0442,1.1618443951663222
2028,totalVI helper-uncorrected,ADT_PanendothelialCellAntigen_A0381,1.0918627571831176
2028,totalVI helper-uncorrected,ADT_SiglecH_A0119,1.090802395363428
2028,totalVI helper-uncorrected,ADT_TCRVb5.1_5.2_A0354,1.6178016081357454
2028,totalVI helper-uncorrected,ADT_TCRVb8.1_8.2_A0235,1.1212586379887046
2028,totalVI helper-uncorrected,ADT_TCRVr1.1-Cr4_A0209,0.6168427250133671
2028,totalVI helper-uncorrected,ADT_TCRVr2_A0211,1.0937764846273663
2028,totalVI helper-uncorrected,ADT_TCRVr3_A0210,1.0462888228562468
2028,totalVI helper-uncorrected,ADT_TCRbchain_A0120,1.227269475598701
2028,totalVI helper-uncorrected,ADT_TCRr-d_A0121,1.1238677988190666
2028,totalVI helper-uncorrected,ADT_TER-119-ErythroidCells_A0122,0.8263272157232578
2028,totalVI helper-uncorrected,ADT_Tim-4_A0567,1.0815782987886164
2028,totalVI helper-uncorrected,ADT_XCR1_A0568,1.0575713596184237
2028,totalVI helper-uncorrected,ADT_anti-P2RY12_A0415,1.0938477143944023
2028,totalVI helper-uncorrected,ADT_integrinb7_A0214,0.8544840028609886
2028,totalVI likelihood-consistent,ADT_CD102_A0104,0.5001850333883077
2028,totalVI likelihood-consistent,ADT_CD103_A0201,0.5158545905258706
2028,totalVI likelihood-consistent,ADT_CD106_A0226,0.5882849676244863
2028,totalVI likelihood-consistent,ADT_CD115(CSF-1R)_A0105,0.5924082616884948
2028,totalVI likelihood-consistent,ADT_CD117(c-Kit)_A0012,0.5614100607253364
2028,totalVI likelihood-consistent,ADT_CD11a_A0595,0.5928421067575347
2028,totalVI likelihood-consistent,ADT_CD11c_A0106,0.6096077221688876
2028,totalVI likelihood-consistent,ADT_CD122(IL-2Rb)_A0227,0.5467203734909344
2028,totalVI likelihood-consistent,ADT_CD127(IL-7Ra)_A0198,0.539182216493012
2028,totalVI likelihood-consistent,ADT_CD134(OX-40)_A0195,0.4166725040901731
2028,totalVI likelihood-consistent,ADT_CD135_A0098,0.5034237486234241
2028,totalVI likelihood-consistent,ADT_CD137_A0194,0.45288062879526986
2028,totalVI likelihood-consistent,ADT_CD14_A0424,0.5830934661286561
2028,totalVI likelihood-consistent,ADT_CD140a_A0573,0.38020380289524575
2028,totalVI likelihood-consistent,ADT_CD15(SSEA-1)_A0076,0.5644711413062764
2028,totalVI likelihood-consistent,ADT_CD150(SLAM)_A0203,0.6352304034682419
2028,totalVI likelihood-consistent,ADT_CD16-32_A0109,0.555066111493537
2028,totalVI likelihood-consistent,ADT_CD169(Siglec-1)_A0440,0.4638273938198461
2028,totalVI likelihood-consistent,ADT_CD172a(SIRPa)_A0422,0.5161504439044626
2028,totalVI likelihood-consistent,ADT_CD183(CXCR3)_A0228,0.6054097443847203
2028,totalVI likelihood-consistent,ADT_CD184(CXCR4)_A0444,0.4754474910415253
2028,totalVI likelihood-consistent,ADT_CD19_A0093,0.5909529417378806
2028,totalVI likelihood-consistent,ADT_CD192(CCR2)_A0426,0.45386143615204977
2028,totalVI likelihood-consistent,ADT_CD195(CCR5)_A0376,0.5557376648504929
2028,totalVI likelihood-consistent,ADT_CD196(CCR6)_A0225,0.5581655824338964
2028,totalVI likelihood-consistent,ADT_CD197(CCR7)_A0377,0.49710819090964226
2028,totalVI likelihood-consistent,ADT_CD20_A0192,0.4507204304519253
2028,totalVI likelihood-consistent,ADT_CD200(OX2)_A0079,0.5689941455523082
2028,totalVI likelihood-consistent,ADT_CD201(EPCR)_A0439,0.5135552354607135
2028,totalVI likelihood-consistent,ADT_CD204(Msr1)_A0448,0.4194635597839515
2028,totalVI likelihood-consistent,ADT_CD206(MMR)_A0173,0.5578839941110625
2028,totalVI likelihood-consistent,ADT_CD21-CD35(CR2-CR1)_A0107,0.6973381870262726
2028,totalVI likelihood-consistent,ADT_CD223(LAG-3)_A0378,0.3915220972093353
2028,totalVI likelihood-consistent,ADT_CD23_A0108,0.6784995988938224
2028,totalVI likelihood-consistent,ADT_CD24_A0212,0.5829152826034785
2028,totalVI likelihood-consistent,ADT_CD25_A0097,0.5350706880441867
2028,totalVI likelihood-consistent,ADT_CD274(B7-H1_PD-L1)_A0190,0.4936615342757146
2028,totalVI likelihood-consistent,ADT_CD278(ICOS)_A0171,0.4804200615873964
2028,totalVI likelihood-consistent,ADT_CD279(PD-1)_A0004,0.4419666501252411
2028,totalVI likelihood-consistent,ADT_CD28_A0204,0.4901519110915645
2028,totalVI likelihood-consistent,ADT_CD29_A0570,0.6088450447200754
2028,totalVI likelihood-consistent,ADT_CD300LG(Nepmucin)_A0416,0.39562578693272393
2028,totalVI likelihood-consistent,ADT_CD301a(MGL1)_A0551,0.624607692122999
2028,totalVI likelihood-consistent,ADT_CD301b(MGL2)_A0566,0.48055313359316665
2028,totalVI likelihood-consistent,ADT_CD304(Neuropilin-1)_A0552,0.6249905323084082
2028,totalVI likelihood-consistent,ADT_CD326(Ep-CAM)_A0449,0.6211840847362065
2028,totalVI likelihood-consistent,ADT_CD335(NKp46)_A0184,0.42018768209278823
2028,totalVI likelihood-consistent,ADT_CD357(GITR)_A0193,0.5822999656880294
2028,totalVI likelihood-consistent,ADT_CD36_A0555,0.5750297338161927
2028,totalVI likelihood-consistent,ADT_CD366(Tim-3)_A0003,0.5227582930633937
2028,totalVI likelihood-consistent,ADT_CD370(CLEC9A_DNGR1)_A0556,0.5637147706412339
2028,totalVI likelihood-consistent,ADT_CD38_A0557,0.7211552619907166
2028,totalVI likelihood-consistent,ADT_CD4_A0001,0.8402406348654827
2028,totalVI likelihood-consistent,ADT_CD41_A0443,0.709060386904092
2028,totalVI likelihood-consistent,ADT_CD43_A0110,0.5599020318455866
2028,totalVI likelihood-consistent,ADT_CD45_A0096,0.46155298785756715
2028,totalVI likelihood-consistent,ADT_CD45.1_A0178,0.5785278255969939
2028,totalVI likelihood-consistent,ADT_CD45.2_A0157,0.3942952461190555
2028,totalVI likelihood-consistent,ADT_CD45R-B220_A0103,0.504120836434542
2028,totalVI likelihood-consistent,ADT_CD48_A0429,0.45387168357493546
2028,totalVI likelihood-consistent,ADT_CD49d_A0078,0.5423906773984565
2028,totalVI likelihood-consistent,ADT_CD5_A0111,0.6520482013325666
2028,totalVI likelihood-consistent,ADT_CD54_A0074,0.6680826304892706
2028,totalVI likelihood-consistent,ADT_CD55(DAF)_A0558,0.6601206226856385
2028,totalVI likelihood-consistent,ADT_CD62L_A0112,0.8558149816916318
2028,totalVI likelihood-consistent,ADT_CD62P(P-selectin)_A0229,0.47937176552644617
2028,totalVI likelihood-consistent,ADT_CD63_A0559,0.48225470533381287
2028,totalVI likelihood-consistent,ADT_CD64(FcrRI)_A0202,0.5300563864144582
2028,totalVI likelihood-consistent,ADT_CD68_A0560,0.46114724357058995
2028,totalVI likelihood-consistent,ADT_CD69_A0197,0.5256657572991748
2028,totalVI likelihood-consistent,ADT_CD71_A0441,0.5604811406097817
2028,totalVI likelihood-consistent,ADT_CD73_A0077,0.6973652590501511
2028,totalVI likelihood-consistent,ADT_CD79b(Igb)_A0561,0.5407328007224257
2028,totalVI likelihood-consistent,ADT_CD83_A0562,0.3647016374156582
2028,totalVI likelihood-consistent,ADT_CD86_A0200,0.7575037907283049
2028,totalVI likelihood-consistent,ADT_CD8a_A0002,0.7419036576957572
2028,totalVI likelihood-consistent,ADT_CD8b(Ly-3)_A0230,0.9115360148337812
2028,totalVI likelihood-consistent,ADT_CD90.1(Thy-1.1)_A0380,0.3843733408336034
2028,totalVI likelihood-consistent,ADT_CD90.2_A0075,0.7526199619893448
2028,totalVI likelihood-consistent,ADT_CD93(AA4.1_earlyBlineage)_A0113,0.5991632263877494
2028,totalVI likelihood-consistent,ADT_CX3CR1_A0563,0.5003288183311912
2028,totalVI likelihood-consistent,ADT_ESAM_A0596,0.5397535818955301
2028,totalVI likelihood-consistent,ADT_F4-80_A0114,0.6141871529947334
2028,totalVI likelihood-consistent,ADT_FceRIa_A0115,0.5671318912648597
2028,totalVI likelihood-consistent,ADT_FolateReceptorb(FR-b)_A0564,0.5714903635628118
2028,totalVI likelihood-consistent,ADT_H-2KbboundtoSIINFEKL_A0231,0.5426890831002773
2028,totalVI likelihood-consistent,ADT_I-A-I-E_A0117,0.867369094195628
2028,totalVI likelihood-consistent,ADT_IRF4_A0249,0.515880915064762
2028,totalVI likelihood-consistent,ADT_IgD_A0571,0.7102913326505629
2028,totalVI likelihood-consistent,ADT_IgM_A0450,0.5372588200356575
2028,totalVI likelihood-consistent,ADT_Ly-6A-E(Sca-1)_A0130,0.8537816382339889
2028,totalVI likelihood-consistent,ADT_Ly-6C_A0013,0.5326979883093536
2028,totalVI likelihood-consistent,ADT_MAdCAM-1_A0232,0.5297437094949797
2028,totalVI likelihood-consistent,ADT_MERTK(Mer)_A0565,0.5455322217010374
2028,totalVI likelihood-consistent,ADT_NK-1.1_A0118,0.6305260095822273
2028,totalVI likelihood-consistent,ADT_Notch1_A0442,0.517846789734735
2028,totalVI likelihood-consistent,ADT_PanendothelialCellAntigen_A0381,0.5780540858790242
2028,totalVI likelihood-consistent,ADT_SiglecH_A0119,0.5442458428080323
2028,totalVI likelihood-consistent,ADT_TCRVb5.1_5.2_A0354,0.9332323547045156
2028,totalVI likelihood-consistent,ADT_TCRVb8.1_8.2_A0235,0.6236610364327708
2028,totalVI likelihood-consistent,ADT_TCRVr1.1-Cr4_A0209,0.399950054869802
2028,totalVI likelihood-consistent,ADT_TCRVr2_A0211,0.5692214160546981
2028,totalVI likelihood-consistent,ADT_TCRVr3_A0210,0.42509931824212793
2028,totalVI likelihood-consistent,ADT_TCRbchain_A0120,0.6404821292372538
2028,totalVI likelihood-consistent,ADT_TCRr-d_A0121,0.5639095171885457
2028,totalVI likelihood-consistent,ADT_TER-119-ErythroidCells_A0122,0.4940455842768805
2028,totalVI likelihood-consistent,ADT_Tim-4_A0567,0.5545522431924413
2028,totalVI likelihood-consistent,ADT_XCR1_A0568,0.5444690201096666
2028,totalVI likelihood-consistent,ADT_anti-P2RY12_A0415,0.5428251977285881
2028,totalVI likelihood-consistent,ADT_integrinb7_A0214,0.5542110180690972
2028,totalVI-X affine,ADT_CD102_A0104,0.5956422338704128
2028,totalVI-X affine,ADT_CD103_A0201,0.5214144000609532
2028,totalVI-X affine,ADT_CD106_A0226,0.642546913776287
2028,totalVI-X affine,ADT_CD115(CSF-1R)_A0105,0.5965230785657839
2028,totalVI-X affine,ADT_CD117(c-Kit)_A0012,0.5584163482445539
2028,totalVI-X affine,ADT_CD11a_A0595,0.7026964397521407
2028,totalVI-X affine,ADT_CD11c_A0106,0.5988209514782046
2028,totalVI-X affine,ADT_CD122(IL-2Rb)_A0227,0.5430633563762843
2028,totalVI-X affine,ADT_CD127(IL-7Ra)_A0198,0.5586267822875167
2028,totalVI-X affine,ADT_CD134(OX-40)_A0195,0.398244483173925
2028,totalVI-X affine,ADT_CD135_A0098,0.49065239189034787
2028,totalVI-X affine,ADT_CD137_A0194,0.4377774561223329
2028,totalVI-X affine,ADT_CD14_A0424,0.5709062434866591
2028,totalVI-X affine,ADT_CD140a_A0573,0.3753076410641475
2028,totalVI-X affine,ADT_CD15(SSEA-1)_A0076,0.5304195477225575
2028,totalVI-X affine,ADT_CD150(SLAM)_A0203,0.7041487209970404
2028,totalVI-X affine,ADT_CD16-32_A0109,0.5360874592727622
2028,totalVI-X affine,ADT_CD169(Siglec-1)_A0440,0.46044661109677487
2028,totalVI-X affine,ADT_CD172a(SIRPa)_A0422,0.5123311545738394
2028,totalVI-X affine,ADT_CD183(CXCR3)_A0228,0.583192174799894
2028,totalVI-X affine,ADT_CD184(CXCR4)_A0444,0.48866457239808603
2028,totalVI-X affine,ADT_CD19_A0093,0.6638298792946616
2028,totalVI-X affine,ADT_CD192(CCR2)_A0426,0.4745236234759118
2028,totalVI-X affine,ADT_CD195(CCR5)_A0376,0.5281533478718304
2028,totalVI-X affine,ADT_CD196(CCR6)_A0225,0.5616665488111808
2028,totalVI-X affine,ADT_CD197(CCR7)_A0377,0.48822240952662305
2028,totalVI-X affine,ADT_CD20_A0192,0.47316909421312714
2028,totalVI-X affine,ADT_CD200(OX2)_A0079,0.5882822735968509
2028,totalVI-X affine,ADT_CD201(EPCR)_A0439,0.5089033260803525
2028,totalVI-X affine,ADT_CD204(Msr1)_A0448,0.4071340711516835
2028,totalVI-X affine,ADT_CD206(MMR)_A0173,0.5293371458003989
2028,totalVI-X affine,ADT_CD21-CD35(CR2-CR1)_A0107,0.7138868079796726
2028,totalVI-X affine,ADT_CD223(LAG-3)_A0378,0.3872114287734263
2028,totalVI-X affine,ADT_CD23_A0108,0.6983092002200724
2028,totalVI-X affine,ADT_CD24_A0212,0.5973523688444972
2028,totalVI-X affine,ADT_CD25_A0097,0.5189225338678816
2028,totalVI-X affine,ADT_CD274(B7-H1_PD-L1)_A0190,0.5820635030536689
2028,totalVI-X affine,ADT_CD278(ICOS)_A0171,0.5139852606840036
2028,totalVI-X affine,ADT_CD279(PD-1)_A0004,0.42979129817913836
2028,totalVI-X affine,ADT_CD28_A0204,0.4860380746578796
2028,totalVI-X affine,ADT_CD29_A0570,0.6949399458944424
2028,totalVI-X affine,ADT_CD300LG(Nepmucin)_A0416,0.3880513335277258
2028,totalVI-X affine,ADT_CD301a(MGL1)_A0551,0.5804613945582248
2028,totalVI-X affine,ADT_CD301b(MGL2)_A0566,0.4727828442440369
2028,totalVI-X affine,ADT_CD304(Neuropilin-1)_A0552,0.5815391831637451
2028,totalVI-X affine,ADT_CD326(Ep-CAM)_A0449,0.6104988702870299
2028,totalVI-X affine,ADT_CD335(NKp46)_A0184,0.40143531265551186
2028,totalVI-X affine,ADT_CD357(GITR)_A0193,0.6181681766476677
2028,totalVI-X affine,ADT_CD36_A0555,0.5708754015150137
2028,totalVI-X affine,ADT_CD366(Tim-3)_A0003,0.49464263641473005
2028,totalVI-X affine,ADT_CD370(CLEC9A_DNGR1)_A0556,0.5477528525918376
2028,totalVI-X affine,ADT_CD38_A0557,0.7864519903315031
2028,totalVI-X affine,ADT_CD4_A0001,0.8546211687128645
2028,totalVI-X affine,ADT_CD41_A0443,0.6252206533324512
2028,totalVI-X affine,ADT_CD43_A0110,0.620124121154972
2028,totalVI-X affine,ADT_CD45_A0096,0.44793838618009313
2028,totalVI-X affine,ADT_CD45.1_A0178,0.5433292908710834
2028,totalVI-X affine,ADT_CD45.2_A0157,0.3780073304089397
2028,totalVI-X affine,ADT_CD45R-B220_A0103,0.5348019775748641
2028,totalVI-X affine,ADT_CD48_A0429,0.5476279143308554
2028,totalVI-X affine,ADT_CD49d_A0078,0.6428666632242651
2028,totalVI-X affine,ADT_CD5_A0111,0.7159973654818206
2028,totalVI-X affine,ADT_CD54_A0074,0.8339598575484864
2028,totalVI-X affine,ADT_CD55(DAF)_A0558,0.7200105314187526
2028,totalVI-X affine,ADT_CD62L_A0112,1.0012323782868915
2028,totalVI-X affine,ADT_CD62P(P-selectin)_A0229,0.46042692808498054
2028,totalVI-X affine,ADT_CD63_A0559,0.4780340786231976
2028,totalVI-X affine,ADT_CD64(FcrRI)_A0202,0.516608403528765
2028,totalVI-X affine,ADT_CD68_A0560,0.44686257590813383
2028,totalVI-X affine,ADT_CD69_A0197,0.5507127883942412
2028,totalVI-X affine,ADT_CD71_A0441,0.572828274838129
2028,totalVI-X affine,ADT_CD73_A0077,0.7273557882011297
2028,totalVI-X affine,ADT_CD79b(Igb)_A0561,0.5710034969357128
2028,totalVI-X affine,ADT_CD83_A0562,0.3608767494294997
2028,totalVI-X affine,ADT_CD86_A0200,0.8241548099938849
2028,totalVI-X affine,ADT_CD8a_A0002,0.7168472067719847
2028,totalVI-X affine,ADT_CD8b(Ly-3)_A0230,0.8823628448369519
2028,totalVI-X affine,ADT_CD90.1(Thy-1.1)_A0380,0.3741240029265256
2028,totalVI-X affine,ADT_CD90.2_A0075,0.7884448898804528
2028,totalVI-X affine,ADT_CD93(AA4.1_earlyBlineage)_A0113,0.5740757645765566
2028,totalVI-X affine,ADT_CX3CR1_A0563,0.490860224880739
2028,totalVI-X affine,ADT_ESAM_A0596,0.5308408784606402
2028,totalVI-X affine,ADT_F4-80_A0114,0.6062147295308528
2028,totalVI-X affine,ADT_FceRIa_A0115,0.5426563893632675
2028,totalVI-X affine,ADT_FolateReceptorb(FR-b)_A0564,0.5634896722324537
2028,totalVI-X affine,ADT_H-2KbboundtoSIINFEKL_A0231,0.5295889212930005
2028,totalVI-X affine,ADT_I-A-I-E_A0117,0.8485238951798688
2028,totalVI-X affine,ADT_IRF4_A0249,0.5134893934935794
2028,totalVI-X affine,ADT_IgD_A0571,0.7746748684143412
2028,totalVI-X affine,ADT_IgM_A0450,0.5165809882373353
2028,totalVI-X affine,ADT_Ly-6A-E(Sca-1)_A0130,0.9724708757003082
2028,totalVI-X affine,ADT_Ly-6C_A0013,0.5570357994875036
2028,totalVI-X affine,ADT_MAdCAM-1_A0232,0.5168815816700747
2028,totalVI-X affine,ADT_MERTK(Mer)_A0565,0.5236123530811014
2028,totalVI-X affine,ADT_NK-1.1_A0118,0.5738950800155379
2028,totalVI-X affine,ADT_Notch1_A0442,0.4924062875342478
2028,totalVI-X affine,ADT_PanendothelialCellAntigen_A0381,0.5662011971155553
2028,totalVI-X affine,ADT_SiglecH_A0119,0.5254974139528497
2028,totalVI-X affine,ADT_TCRVb5.1_5.2_A0354,0.740046539020183
2028,totalVI-X affine,ADT_TCRVb8.1_8.2_A0235,0.5943402988278189
2028,totalVI-X affine,ADT_TCRVr1.1-Cr4_A0209,0.39213884081753947
2028,totalVI-X affine,ADT_TCRVr2_A0211,0.5502807776162748
2028,totalVI-X affine,ADT_TCRVr3_A0210,0.4252941691540817
2028,totalVI-X affine,ADT_TCRbchain_A0120,0.6165655841961415
2028,totalVI-X affine,ADT_TCRr-d_A0121,0.5459618513619235
2028,totalVI-X affine,ADT_TER-119-ErythroidCells_A0122,0.47540067543197745
2028,totalVI-X affine,ADT_Tim-4_A0567,0.5577752225161651
2028,totalVI-X affine,ADT_XCR1_A0568,0.5362111657006416
2028,totalVI-X affine,ADT_anti-P2RY12_A0415,0.5368825703836245
2028,totalVI-X affine,ADT_integrinb7_A0214,0.675303498799245
2028,totalVI likelihood-consistent + D1 head,ADT_CD102_A0104,0.595782657678681
2028,totalVI likelihood-consistent + D1 head,ADT_CD103_A0201,0.521615475501864
2028,totalVI likelihood-consistent + D1 head,ADT_CD106_A0226,0.641835573779289
2028,totalVI likelihood-consistent + D1 head,ADT_CD115(CSF-1R)_A0105,0.5966470972779347
2028,totalVI likelihood-consistent + D1 head,ADT_CD117(c-Kit)_A0012,0.5588528735478965
2028,totalVI likelihood-consistent + D1 head,ADT_CD11a_A0595,0.702967458133178
2028,totalVI likelihood-consistent + D1 head,ADT_CD11c_A0106,0.5976735829176827
2028,totalVI likelihood-consistent + D1 head,ADT_CD122(IL-2Rb)_A0227,0.542944140992395
2028,totalVI likelihood-consistent + D1 head,ADT_CD127(IL-7Ra)_A0198,0.5593844683992044
2028,totalVI likelihood-consistent + D1 head,ADT_CD134(OX-40)_A0195,0.3982144447736991
2028,totalVI likelihood-consistent + D1 head,ADT_CD135_A0098,0.49059675661050006
2028,totalVI likelihood-consistent + D1 head,ADT_CD137_A0194,0.4377372506596702
2028,totalVI likelihood-consistent + D1 head,ADT_CD14_A0424,0.5704645212538731
2028,totalVI likelihood-consistent + D1 head,ADT_CD140a_A0573,0.375285006989826
2028,totalVI likelihood-consistent + D1 head,ADT_CD15(SSEA-1)_A0076,0.5303843556759157
2028,totalVI likelihood-consistent + D1 head,ADT_CD150(SLAM)_A0203,0.7054692372981853
2028,totalVI likelihood-consistent + D1 head,ADT_CD16-32_A0109,0.5360782082721831
2028,totalVI likelihood-consistent + D1 head,ADT_CD169(Siglec-1)_A0440,0.4604907352565619
2028,totalVI likelihood-consistent + D1 head,ADT_CD172a(SIRPa)_A0422,0.5125940599041272
2028,totalVI likelihood-consistent + D1 head,ADT_CD183(CXCR3)_A0228,0.5819337456138157
2028,totalVI likelihood-consistent + D1 head,ADT_CD184(CXCR4)_A0444,0.48876728719391743
2028,totalVI likelihood-consistent + D1 head,ADT_CD19_A0093,0.6659769172102542
2028,totalVI likelihood-consistent + D1 head,ADT_CD192(CCR2)_A0426,0.4747182160565873
2028,totalVI likelihood-consistent + D1 head,ADT_CD195(CCR5)_A0376,0.5280094904701116
2028,totalVI likelihood-consistent + D1 head,ADT_CD196(CCR6)_A0225,0.5616690641626696
2028,totalVI likelihood-consistent + D1 head,ADT_CD197(CCR7)_A0377,0.48825838520798653
2028,totalVI likelihood-consistent + D1 head,ADT_CD20_A0192,0.47358068780089096
2028,totalVI likelihood-consistent + D1 head,ADT_CD200(OX2)_A0079,0.5894973795462072
2028,totalVI likelihood-consistent + D1 head,ADT_CD201(EPCR)_A0439,0.5088964857919316
2028,totalVI likelihood-consistent + D1 head,ADT_CD204(Msr1)_A0448,0.40708914959171516
2028,totalVI likelihood-consistent + D1 head,ADT_CD206(MMR)_A0173,0.5293368758652841
2028,totalVI likelihood-consistent + D1 head,ADT_CD21-CD35(CR2-CR1)_A0107,0.7132705935760802
2028,totalVI likelihood-consistent + D1 head,ADT_CD223(LAG-3)_A0378,0.38721915101434334
2028,totalVI likelihood-consistent + D1 head,ADT_CD23_A0108,0.6968067324711443
2028,totalVI likelihood-consistent + D1 head,ADT_CD24_A0212,0.5963229814911719
2028,totalVI likelihood-consistent + D1 head,ADT_CD25_A0097,0.517504713819661
2028,totalVI likelihood-consistent + D1 head,ADT_CD274(B7-H1_PD-L1)_A0190,0.5814476834176096
2028,totalVI likelihood-consistent + D1 head,ADT_CD278(ICOS)_A0171,0.5141830290801682
2028,totalVI likelihood-consistent + D1 head,ADT_CD279(PD-1)_A0004,0.4298478770877318
2028,totalVI likelihood-consistent + D1 head,ADT_CD28_A0204,0.4861707169302541
2028,totalVI likelihood-consistent + D1 head,ADT_CD29_A0570,0.6943483072188813
2028,totalVI likelihood-consistent + D1 head,ADT_CD300LG(Nepmucin)_A0416,0.3880257514064241
2028,totalVI likelihood-consistent + D1 head,ADT_CD301a(MGL1)_A0551,0.5800214284147938
2028,totalVI likelihood-consistent + D1 head,ADT_CD301b(MGL2)_A0566,0.47283637711106163
2028,totalVI likelihood-consistent + D1 head,ADT_CD304(Neuropilin-1)_A0552,0.5810806331708359
2028,totalVI likelihood-consistent + D1 head,ADT_CD326(Ep-CAM)_A0449,0.6103197025231952
2028,totalVI likelihood-consistent + D1 head,ADT_CD335(NKp46)_A0184,0.4013770730550651
2028,totalVI likelihood-consistent + D1 head,ADT_CD357(GITR)_A0193,0.6193547356058318
2028,totalVI likelihood-consistent + D1 head,ADT_CD36_A0555,0.5706202365483851
2028,totalVI likelihood-consistent + D1 head,ADT_CD366(Tim-3)_A0003,0.49453162083046126
2028,totalVI likelihood-consistent + D1 head,ADT_CD370(CLEC9A_DNGR1)_A0556,0.547531328880127
2028,totalVI likelihood-consistent + D1 head,ADT_CD38_A0557,0.7866559144082338
2028,totalVI likelihood-consistent + D1 head,ADT_CD4_A0001,0.849206972068063
2028,totalVI likelihood-consistent + D1 head,ADT_CD41_A0443,0.6254108167855006
2028,totalVI likelihood-consistent + D1 head,ADT_CD43_A0110,0.6206571251427586
2028,totalVI likelihood-consistent + D1 head,ADT_CD45_A0096,0.4479433773494082
2028,totalVI likelihood-consistent + D1 head,ADT_CD45.1_A0178,0.5433347129346747
2028,totalVI likelihood-consistent + D1 head,ADT_CD45.2_A0157,0.37806564333758785
2028,totalVI likelihood-consistent + D1 head,ADT_CD45R-B220_A0103,0.5353782347754426
2028,totalVI likelihood-consistent + D1 head,ADT_CD48_A0429,0.5475437251208652
2028,totalVI likelihood-consistent + D1 head,ADT_CD49d_A0078,0.6430082564453398
2028,totalVI likelihood-consistent + D1 head,ADT_CD5_A0111,0.7161146142597413
2028,totalVI likelihood-consistent + D1 head,ADT_CD54_A0074,0.8352028652086031
2028,totalVI likelihood-consistent + D1 head,ADT_CD55(DAF)_A0558,0.7197238406408513
2028,totalVI likelihood-consistent + D1 head,ADT_CD62L_A0112,1.0023832789108895
2028,totalVI likelihood-consistent + D1 head,ADT_CD62P(P-selectin)_A0229,0.46039268063234723
2028,totalVI likelihood-consistent + D1 head,ADT_CD63_A0559,0.47795359094619283
2028,totalVI likelihood-consistent + D1 head,ADT_CD64(FcrRI)_A0202,0.5167728880147879
2028,totalVI likelihood-consistent + D1 head,ADT_CD68_A0560,0.4473151518318734
2028,totalVI likelihood-consistent + D1 head,ADT_CD69_A0197,0.5506274146216776
2028,totalVI likelihood-consistent + D1 head,ADT_CD71_A0441,0.5735296117011166
2028,totalVI likelihood-consistent + D1 head,ADT_CD73_A0077,0.7267499160236238
2028,totalVI likelihood-consistent + D1 head,ADT_CD79b(Igb)_A0561,0.5717317696727912
2028,totalVI likelihood-consistent + D1 head,ADT_CD83_A0562,0.36082217853224785
2028,totalVI likelihood-consistent + D1 head,ADT_CD86_A0200,0.824909403144236
2028,totalVI likelihood-consistent + D1 head,ADT_CD8a_A0002,0.7115461203484267
2028,totalVI likelihood-consistent + D1 head,ADT_CD8b(Ly-3)_A0230,0.8707036281288484
2028,totalVI likelihood-consistent + D1 head,ADT_CD90.1(Thy-1.1)_A0380,0.37433257567314837
2028,totalVI likelihood-consistent + D1 head,ADT_CD90.2_A0075,0.7877547972153882
2028,totalVI likelihood-consistent + D1 head,ADT_CD93(AA4.1_earlyBlineage)_A0113,0.5733524981162119
2028,totalVI likelihood-consistent + D1 head,ADT_CX3CR1_A0563,0.48967591402097244
2028,totalVI likelihood-consistent + D1 head,ADT_ESAM_A0596,0.5306849227538917
2028,totalVI likelihood-consistent + D1 head,ADT_F4-80_A0114,0.6054872728106545
2028,totalVI likelihood-consistent + D1 head,ADT_FceRIa_A0115,0.5426029412625214
2028,totalVI likelihood-consistent + D1 head,ADT_FolateReceptorb(FR-b)_A0564,0.5630244825986965
2028,totalVI likelihood-consistent + D1 head,ADT_H-2KbboundtoSIINFEKL_A0231,0.5296404185477881
2028,totalVI likelihood-consistent + D1 head,ADT_I-A-I-E_A0117,0.8478816675847124
2028,totalVI likelihood-consistent + D1 head,ADT_IRF4_A0249,0.5134949371769509
2028,totalVI likelihood-consistent + D1 head,ADT_IgD_A0571,0.774270036297089
2028,totalVI likelihood-consistent + D1 head,ADT_IgM_A0450,0.5165372123463001
2028,totalVI likelihood-consistent + D1 head,ADT_Ly-6A-E(Sca-1)_A0130,0.9726071878589094
2028,totalVI likelihood-consistent + D1 head,ADT_Ly-6C_A0013,0.5559077168909607
2028,totalVI likelihood-consistent + D1 head,ADT_MAdCAM-1_A0232,0.5169236291883673
2028,totalVI likelihood-consistent + D1 head,ADT_MERTK(Mer)_A0565,0.5235785752564072
2028,totalVI likelihood-consistent + D1 head,ADT_NK-1.1_A0118,0.5735632255704618
2028,totalVI likelihood-consistent + D1 head,ADT_Notch1_A0442,0.4924083420386243
2028,totalVI likelihood-consistent + D1 head,ADT_PanendothelialCellAntigen_A0381,0.5663749928559975
2028,totalVI likelihood-consistent + D1 head,ADT_SiglecH_A0119,0.5252402803205525
2028,totalVI likelihood-consistent + D1 head,ADT_TCRVb5.1_5.2_A0354,0.739817012835317
2028,totalVI likelihood-consistent + D1 head,ADT_TCRVb8.1_8.2_A0235,0.5943964574523422
2028,totalVI likelihood-consistent + D1 head,ADT_TCRVr1.1-Cr4_A0209,0.3919113497554267
2028,totalVI likelihood-consistent + D1 head,ADT_TCRVr2_A0211,0.550168995058091
2028,totalVI likelihood-consistent + D1 head,ADT_TCRVr3_A0210,0.42525390614175645
2028,totalVI likelihood-consistent + D1 head,ADT_TCRbchain_A0120,0.6152977705885561
2028,totalVI likelihood-consistent + D1 head,ADT_TCRr-d_A0121,0.5454860631966516
2028,totalVI likelihood-consistent + D1 head,ADT_TER-119-ErythroidCells_A0122,0.47259260837612904
2028,totalVI likelihood-consistent + D1 head,ADT_Tim-4_A0567,0.5576305192283609
2028,totalVI likelihood-consistent + D1 head,ADT_XCR1_A0568,0.5358731697500877
2028,totalVI likelihood-consistent + D1 head,ADT_anti-P2RY12_A0415,0.5368774397887026
2028,totalVI likelihood-consistent + D1 head,ADT_integrinb7_A0214,0.6754925762554733
2029,totalVI helper-uncorrected,ADT_CD102_A0104,0.8577966214234256
2029,totalVI helper-uncorrected,ADT_CD103_A0201,1.052976434292935
2029,totalVI helper-uncorrected,ADT_CD106_A0226,0.9457578799514688
2029,totalVI helper-uncorrected,ADT_CD115(CSF-1R)_A0105,1.03925556837899
2029,totalVI helper-uncorrected,ADT_CD117(c-Kit)_A0012,1.0659070544755709
2029,totalVI helper-uncorrected,ADT_CD11a_A0595,0.6703866730779724
2029,totalVI helper-uncorrected,ADT_CD11c_A0106,1.045493195004753
2029,totalVI helper-uncorrected,ADT_CD122(IL-2Rb)_A0227,0.992978888512448
2029,totalVI helper-uncorrected,ADT_CD127(IL-7Ra)_A0198,0.91883356127815
2029,totalVI helper-uncorrected,ADT_CD134(OX-40)_A0195,1.1786174072231619
2029,totalVI helper-uncorrected,ADT_CD135_A0098,1.0949786887666906
2029,totalVI helper-uncorrected,ADT_CD137_A0194,1.120963481979684
2029,totalVI helper-uncorrected,ADT_CD14_A0424,1.0911100158874085
2029,totalVI helper-uncorrected,ADT_CD140a_A0573,1.0758285607239062
2029,totalVI helper-uncorrected,ADT_CD15(SSEA-1)_A0076,1.1723659057702038
2029,totalVI helper-uncorrected,ADT_CD150(SLAM)_A0203,1.0155256539295385
2029,totalVI helper-uncorrected,ADT_CD16-32_A0109,1.07581000781831
2029,totalVI helper-uncorrected,ADT_CD169(Siglec-1)_A0440,1.1067075584843402
2029,totalVI helper-uncorrected,ADT_CD172a(SIRPa)_A0422,1.0689385071318822
2029,totalVI helper-uncorrected,ADT_CD183(CXCR3)_A0228,1.095546999300565
2029,totalVI helper-uncorrected,ADT_CD184(CXCR4)_A0444,1.0086925671618825
2029,totalVI helper-uncorrected,ADT_CD19_A0093,0.8074858914605557
2029,totalVI helper-uncorrected,ADT_CD192(CCR2)_A0426,0.9864404437199029
2029,totalVI helper-uncorrected,ADT_CD195(CCR5)_A0376,1.1576245970971475
2029,totalVI helper-uncorrected,ADT_CD196(CCR6)_A0225,0.9873476545031941
2029,totalVI helper-uncorrected,ADT_CD197(CCR7)_A0377,1.0954179221319262
2029,totalVI helper-uncorrected,ADT_CD20_A0192,1.003121072271947
2029,totalVI helper-uncorrected,ADT_CD200(OX2)_A0079,1.073328654415398
2029,totalVI helper-uncorrected,ADT_CD201(EPCR)_A0439,1.0555145290214434
2029,totalVI helper-uncorrected,ADT_CD204(Msr1)_A0448,0.685438818190186
2029,totalVI helper-uncorrected,ADT_CD206(MMR)_A0173,1.2260894406602982
2029,totalVI helper-uncorrected,ADT_CD21-CD35(CR2-CR1)_A0107,1.208141203943803
2029,totalVI helper-uncorrected,ADT_CD223(LAG-3)_A0378,1.0724247371550208
2029,totalVI helper-uncorrected,ADT_CD23_A0108,1.2160101612058591
2029,totalVI helper-uncorrected,ADT_CD24_A0212,1.1269289009702819
2029,totalVI helper-uncorrected,ADT_CD25_A0097,0.8677729268121355
2029,totalVI helper-uncorrected,ADT_CD274(B7-H1_PD-L1)_A0190,0.8751753092809273
2029,totalVI helper-uncorrected,ADT_CD278(ICOS)_A0171,0.9923587958764291
2029,totalVI helper-uncorrected,ADT_CD279(PD-1)_A0004,1.103917260080711
2029,totalVI helper-uncorrected,ADT_CD28_A0204,1.0647330961568389
2029,totalVI helper-uncorrected,ADT_CD29_A0570,0.8879717495707526
2029,totalVI helper-uncorrected,ADT_CD300LG(Nepmucin)_A0416,1.0918980526218762
2029,totalVI helper-uncorrected,ADT_CD301a(MGL1)_A0551,1.1698654255730299
2029,totalVI helper-uncorrected,ADT_CD301b(MGL2)_A0566,1.080144719212455
2029,totalVI helper-uncorrected,ADT_CD304(Neuropilin-1)_A0552,1.1944823592868639
2029,totalVI helper-uncorrected,ADT_CD326(Ep-CAM)_A0449,1.0468893893728797
2029,totalVI helper-uncorrected,ADT_CD335(NKp46)_A0184,1.2041248022147584
2029,totalVI helper-uncorrected,ADT_CD357(GITR)_A0193,1.0180115452401994
2029,totalVI helper-uncorrected,ADT_CD36_A0555,1.0500431558501144
2029,totalVI helper-uncorrected,ADT_CD366(Tim-3)_A0003,0.910367717282804
2029,totalVI helper-uncorrected,ADT_CD370(CLEC9A_DNGR1)_A0556,1.0813786483132681
2029,totalVI helper-uncorrected,ADT_CD38_A0557,0.9301812436786439
2029,totalVI helper-uncorrected,ADT_CD4_A0001,1.3438279729214857
2029,totalVI helper-uncorrected,ADT_CD41_A0443,1.3611190231715817
2029,totalVI helper-uncorrected,ADT_CD43_A0110,0.9606291803323141
2029,totalVI helper-uncorrected,ADT_CD45_A0096,1.190734119962547
2029,totalVI helper-uncorrected,ADT_CD45.1_A0178,1.109064350095955
2029,totalVI helper-uncorrected,ADT_CD45.2_A0157,1.1548970319679543
2029,totalVI helper-uncorrected,ADT_CD45R-B220_A0103,1.0066269478981908
2029,totalVI helper-uncorrected,ADT_CD48_A0429,0.8062807611770181
2029,totalVI helper-uncorrected,ADT_CD49d_A0078,0.9339115104106256
2029,totalVI helper-uncorrected,ADT_CD5_A0111,1.0490893167717386
2029,totalVI helper-uncorrected,ADT_CD54_A0074,0.9403610330614208
2029,totalVI helper-uncorrected,ADT_CD55(DAF)_A0558,1.045573595427608
2029,totalVI helper-uncorrected,ADT_CD62L_A0112,1.100277230412427
2029,totalVI helper-uncorrected,ADT_CD62P(P-selectin)_A0229,1.1814082263145664
2029,totalVI helper-uncorrected,ADT_CD63_A0559,1.1081749498873787
2029,totalVI helper-uncorrected,ADT_CD64(FcrRI)_A0202,0.928595437939401
2029,totalVI helper-uncorrected,ADT_CD68_A0560,0.7352688298279988
2029,totalVI helper-uncorrected,ADT_CD69_A0197,0.9675523599939828
2029,totalVI helper-uncorrected,ADT_CD71_A0441,1.1175991777272778
2029,totalVI helper-uncorrected,ADT_CD73_A0077,1.162861100276542
2029,totalVI helper-uncorrected,ADT_CD79b(Igb)_A0561,1.0348202790288534
2029,totalVI helper-uncorrected,ADT_CD83_A0562,0.5324758756427881
2029,totalVI helper-uncorrected,ADT_CD86_A0200,1.1707896621697895
2029,totalVI helper-uncorrected,ADT_CD8a_A0002,1.2667001320417433
2029,totalVI helper-uncorrected,ADT_CD8b(Ly-3)_A0230,1.3699985362027605
2029,totalVI helper-uncorrected,ADT_CD90.1(Thy-1.1)_A0380,0.6228089987383403
2029,totalVI helper-uncorrected,ADT_CD90.2_A0075,1.1792910407952784
2029,totalVI helper-uncorrected,ADT_CD93(AA4.1_earlyBlineage)_A0113,1.1361150685771229
2029,totalVI helper-uncorrected,ADT_CX3CR1_A0563,0.8116058470186494
2029,totalVI helper-uncorrected,ADT_ESAM_A0596,1.0855522820975838
2029,totalVI helper-uncorrected,ADT_F4-80_A0114,1.0762578701484413
2029,totalVI helper-uncorrected,ADT_FceRIa_A0115,1.091661795073328
2029,totalVI helper-uncorrected,ADT_FolateReceptorb(FR-b)_A0564,1.0971252026847198
2029,totalVI helper-uncorrected,ADT_H-2KbboundtoSIINFEKL_A0231,1.0884189039776364
2029,totalVI helper-uncorrected,ADT_I-A-I-E_A0117,1.4546123905850594
2029,totalVI helper-uncorrected,ADT_IRF4_A0249,1.0579363126016168
2029,totalVI helper-uncorrected,ADT_IgD_A0571,1.1715819101062157
2029,totalVI helper-uncorrected,ADT_IgM_A0450,1.104385735455644
2029,totalVI helper-uncorrected,ADT_Ly-6A-E(Sca-1)_A0130,1.3146401300689383
2029,totalVI helper-uncorrected,ADT_Ly-6C_A0013,1.09787003013594
2029,totalVI helper-uncorrected,ADT_MAdCAM-1_A0232,1.1063176047227825
2029,totalVI helper-uncorrected,ADT_MERTK(Mer)_A0565,1.134238289217932
2029,totalVI helper-uncorrected,ADT_NK-1.1_A0118,1.2500570694111646
2029,totalVI helper-uncorrected,ADT_Notch1_A0442,1.165375626917023
2029,totalVI helper-uncorrected,ADT_PanendothelialCellAntigen_A0381,1.0904067516473452
2029,totalVI helper-uncorrected,ADT_SiglecH_A0119,1.0892188515599701
2029,totalVI helper-uncorrected,ADT_TCRVb5.1_5.2_A0354,1.6104911784604272
2029,totalVI helper-uncorrected,ADT_TCRVb8.1_8.2_A0235,1.1203086863037297
2029,totalVI helper-uncorrected,ADT_TCRVr1.1-Cr4_A0209,0.612303676305798
2029,totalVI helper-uncorrected,ADT_TCRVr2_A0211,1.0942685992462537
2029,totalVI helper-uncorrected,ADT_TCRVr3_A0210,1.04630529024814
2029,totalVI helper-uncorrected,ADT_TCRbchain_A0120,1.2298417063566314
2029,totalVI helper-uncorrected,ADT_TCRr-d_A0121,1.1212017731133626
2029,totalVI helper-uncorrected,ADT_TER-119-ErythroidCells_A0122,0.8123749154598481
2029,totalVI helper-uncorrected,ADT_Tim-4_A0567,1.0813650099701668
2029,totalVI helper-uncorrected,ADT_XCR1_A0568,1.0626056532332206
2029,totalVI helper-uncorrected,ADT_anti-P2RY12_A0415,1.0974345145258775
2029,totalVI helper-uncorrected,ADT_integrinb7_A0214,0.864926822869692
2029,totalVI likelihood-consistent,ADT_CD102_A0104,0.4973434555185256
2029,totalVI likelihood-consistent,ADT_CD103_A0201,0.5149354761033222
2029,totalVI likelihood-consistent,ADT_CD106_A0226,0.5829220137770951
2029,totalVI likelihood-consistent,ADT_CD115(CSF-1R)_A0105,0.5914846446411993
2029,totalVI likelihood-consistent,ADT_CD117(c-Kit)_A0012,0.5626490949210823
2029,totalVI likelihood-consistent,ADT_CD11a_A0595,0.5835164131613729
2029,totalVI likelihood-consistent,ADT_CD11c_A0106,0.6087205162483369
2029,totalVI likelihood-consistent,ADT_CD122(IL-2Rb)_A0227,0.5457345945729105
2029,totalVI likelihood-consistent,ADT_CD127(IL-7Ra)_A0198,0.5378028953624706
2029,totalVI likelihood-consistent,ADT_CD134(OX-40)_A0195,0.420571223981597
2029,totalVI likelihood-consistent,ADT_CD135_A0098,0.5040095999008846
2029,totalVI likelihood-consistent,ADT_CD137_A0194,0.4532330734793073
2029,totalVI likelihood-consistent,ADT_CD14_A0424,0.5818421836799715
2029,totalVI likelihood-consistent,ADT_CD140a_A0573,0.3797323343007602
2029,totalVI likelihood-consistent,ADT_CD15(SSEA-1)_A0076,0.5658831715200997
2029,totalVI likelihood-consistent,ADT_CD150(SLAM)_A0203,0.6231173260520703
2029,totalVI likelihood-consistent,ADT_CD16-32_A0109,0.5540255427745778
2029,totalVI likelihood-consistent,ADT_CD169(Siglec-1)_A0440,0.46191748135021665
2029,totalVI likelihood-consistent,ADT_CD172a(SIRPa)_A0422,0.5162271273571949
2029,totalVI likelihood-consistent,ADT_CD183(CXCR3)_A0228,0.6058643554094751
2029,totalVI likelihood-consistent,ADT_CD184(CXCR4)_A0444,0.47549405508178955
2029,totalVI likelihood-consistent,ADT_CD19_A0093,0.5864082374169565
2029,totalVI likelihood-consistent,ADT_CD192(CCR2)_A0426,0.45237767075463
2029,totalVI likelihood-consistent,ADT_CD195(CCR5)_A0376,0.5577735118336583
2029,totalVI likelihood-consistent,ADT_CD196(CCR6)_A0225,0.5583328205597551
2029,totalVI likelihood-consistent,ADT_CD197(CCR7)_A0377,0.49701748937676166
2029,totalVI likelihood-consistent,ADT_CD20_A0192,0.45044906402612683
2029,totalVI likelihood-consistent,ADT_CD200(OX2)_A0079,0.5596559509550562
2029,totalVI likelihood-consistent,ADT_CD201(EPCR)_A0439,0.5137893167880057
2029,totalVI likelihood-consistent,ADT_CD204(Msr1)_A0448,0.41998193785413046
2029,totalVI likelihood-consistent,ADT_CD206(MMR)_A0173,0.560110293148335
2029,totalVI likelihood-consistent,ADT_CD21-CD35(CR2-CR1)_A0107,0.6977501522948925
2029,totalVI likelihood-consistent,ADT_CD223(LAG-3)_A0378,0.3924324704310616
2029,totalVI likelihood-consistent,ADT_CD23_A0108,0.6861045079248813
2029,totalVI likelihood-consistent,ADT_CD24_A0212,0.580918766514224
2029,totalVI likelihood-consistent,ADT_CD25_A0097,0.5297354994505529
2029,totalVI likelihood-consistent,ADT_CD274(B7-H1_PD-L1)_A0190,0.48817387427134307
2029,totalVI likelihood-consistent,ADT_CD278(ICOS)_A0171,0.4746499679334532
2029,totalVI likelihood-consistent,ADT_CD279(PD-1)_A0004,0.4418227109515502
2029,totalVI likelihood-consistent,ADT_CD28_A0204,0.489217920191123
2029,totalVI likelihood-consistent,ADT_CD29_A0570,0.602571115217514
2029,totalVI likelihood-consistent,ADT_CD300LG(Nepmucin)_A0416,0.3969234029288037
2029,totalVI likelihood-consistent,ADT_CD301a(MGL1)_A0551,0.6241529955722085
2029,totalVI likelihood-consistent,ADT_CD301b(MGL2)_A0566,0.4813621719761944
2029,totalVI likelihood-consistent,ADT_CD304(Neuropilin-1)_A0552,0.6239537978077058
2029,totalVI likelihood-consistent,ADT_CD326(Ep-CAM)_A0449,0.6240921845233379
2029,totalVI likelihood-consistent,ADT_CD335(NKp46)_A0184,0.4204524869883318
2029,totalVI likelihood-consistent,ADT_CD357(GITR)_A0193,0.5801877701816873
2029,totalVI likelihood-consistent,ADT_CD36_A0555,0.5762800207465096
2029,totalVI likelihood-consistent,ADT_CD366(Tim-3)_A0003,0.5224253165906826
2029,totalVI likelihood-consistent,ADT_CD370(CLEC9A_DNGR1)_A0556,0.5637343879502653
2029,totalVI likelihood-consistent,ADT_CD38_A0557,0.7100136075112503
2029,totalVI likelihood-consistent,ADT_CD4_A0001,0.8610888813361529
2029,totalVI likelihood-consistent,ADT_CD41_A0443,0.6959751727286672
2029,totalVI likelihood-consistent,ADT_CD43_A0110,0.5571384400951701
2029,totalVI likelihood-consistent,ADT_CD45_A0096,0.46372795151492846
2029,totalVI likelihood-consistent,ADT_CD45.1_A0178,0.5788832508052163
2029,totalVI likelihood-consistent,ADT_CD45.2_A0157,0.3939806987943737
2029,totalVI likelihood-consistent,ADT_CD45R-B220_A0103,0.501227749837481
2029,totalVI likelihood-consistent,ADT_CD48_A0429,0.45114724289253066
2029,totalVI likelihood-consistent,ADT_CD49d_A0078,0.5328237429780434
2029,totalVI likelihood-consistent,ADT_CD5_A0111,0.6377413083749834
2029,totalVI likelihood-consistent,ADT_CD54_A0074,0.6632108039028555
2029,totalVI likelihood-consistent,ADT_CD55(DAF)_A0558,0.6521932953491661
2029,totalVI likelihood-consistent,ADT_CD62L_A0112,0.8452293417927285
2029,totalVI likelihood-consistent,ADT_CD62P(P-selectin)_A0229,0.4817193763749658
2029,totalVI likelihood-consistent,ADT_CD63_A0559,0.48307676816089073
2029,totalVI likelihood-consistent,ADT_CD64(FcrRI)_A0202,0.5307287367617525
2029,totalVI likelihood-consistent,ADT_CD68_A0560,0.46083662430197203
2029,totalVI likelihood-consistent,ADT_CD69_A0197,0.5245468404145662
2029,totalVI likelihood-consistent,ADT_CD71_A0441,0.5656123011674771
2029,totalVI likelihood-consistent,ADT_CD73_A0077,0.7014942812071785
2029,totalVI likelihood-consistent,ADT_CD79b(Igb)_A0561,0.5393202810055331
2029,totalVI likelihood-consistent,ADT_CD83_A0562,0.36358921661370924
2029,totalVI likelihood-consistent,ADT_CD86_A0200,0.7519101201341246
2029,totalVI likelihood-consistent,ADT_CD8a_A0002,0.7273590075452303
2029,totalVI likelihood-consistent,ADT_CD8b(Ly-3)_A0230,0.8752923870062966
2029,totalVI likelihood-consistent,ADT_CD90.1(Thy-1.1)_A0380,0.38629732863281646
2029,totalVI likelihood-consistent,ADT_CD90.2_A0075,0.7494086656245623
2029,totalVI likelihood-consistent,ADT_CD93(AA4.1_earlyBlineage)_A0113,0.5934106014192275
2029,totalVI likelihood-consistent,ADT_CX3CR1_A0563,0.49746343901690476
2029,totalVI likelihood-consistent,ADT_ESAM_A0596,0.5397463824824699
2029,totalVI likelihood-consistent,ADT_F4-80_A0114,0.6152681759235177
2029,totalVI likelihood-consistent,ADT_FceRIa_A0115,0.5690470565166584
2029,totalVI likelihood-consistent,ADT_FolateReceptorb(FR-b)_A0564,0.5716224714057733
2029,totalVI likelihood-consistent,ADT_H-2KbboundtoSIINFEKL_A0231,0.5435589360308608
2029,totalVI likelihood-consistent,ADT_I-A-I-E_A0117,0.869576953569783
2029,totalVI likelihood-consistent,ADT_IRF4_A0249,0.5157809423515874
2029,totalVI likelihood-consistent,ADT_IgD_A0571,0.7140686556172868
2029,totalVI likelihood-consistent,ADT_IgM_A0450,0.5365107752885766
2029,totalVI likelihood-consistent,ADT_Ly-6A-E(Sca-1)_A0130,0.8554734832400342
2029,totalVI likelihood-consistent,ADT_Ly-6C_A0013,0.5475352741538748
2029,totalVI likelihood-consistent,ADT_MAdCAM-1_A0232,0.5307753444795235
2029,totalVI likelihood-consistent,ADT_MERTK(Mer)_A0565,0.5481489062481999
2029,totalVI likelihood-consistent,ADT_NK-1.1_A0118,0.6307112583792355
2029,totalVI likelihood-consistent,ADT_Notch1_A0442,0.5189546114398785
2029,totalVI likelihood-consistent,ADT_PanendothelialCellAntigen_A0381,0.5764176670496575
2029,totalVI likelihood-consistent,ADT_SiglecH_A0119,0.5435628407646999
2029,totalVI likelihood-consistent,ADT_TCRVb5.1_5.2_A0354,0.9275074353457293
2029,totalVI likelihood-consistent,ADT_TCRVb8.1_8.2_A0235,0.6230178264424812
2029,totalVI likelihood-consistent,ADT_TCRVr1.1-Cr4_A0209,0.4002241321038296
2029,totalVI likelihood-consistent,ADT_TCRVr2_A0211,0.5699096866473804
2029,totalVI likelihood-consistent,ADT_TCRVr3_A0210,0.4250259764907186
2029,totalVI likelihood-consistent,ADT_TCRbchain_A0120,0.6340157547885059
2029,totalVI likelihood-consistent,ADT_TCRr-d_A0121,0.5627354397560852
2029,totalVI likelihood-consistent,ADT_TER-119-ErythroidCells_A0122,0.48889629861062917
2029,totalVI likelihood-consistent,ADT_Tim-4_A0567,0.5545366703204766
2029,totalVI likelihood-consistent,ADT_XCR1_A0568,0.5456752171646714
2029,totalVI likelihood-consistent,ADT_anti-P2RY12_A0415,0.5448101906100866
2029,totalVI likelihood-consistent,ADT_integrinb7_A0214,0.5438893270570764
2029,totalVI-X affine,ADT_CD102_A0104,0.6159233699243972
2029,totalVI-X affine,ADT_CD103_A0201,0.5299374916376762
2029,totalVI-X affine,ADT_CD106_A0226,0.6342428226031231
2029,totalVI-X affine,ADT_CD115(CSF-1R)_A0105,0.5935274810421795
2029,totalVI-X affine,ADT_CD117(c-Kit)_A0012,0.5636814226014368
2029,totalVI-X affine,ADT_CD11a_A0595,0.6977156505008175
2029,totalVI-X affine,ADT_CD11c_A0106,0.5974197688363602
2029,totalVI-X affine,ADT_CD122(IL-2Rb)_A0227,0.5420181292146651
2029,totalVI-X affine,ADT_CD127(IL-7Ra)_A0198,0.5585202888789315
2029,totalVI-X affine,ADT_CD134(OX-40)_A0195,0.3960991155908029
2029,totalVI-X affine,ADT_CD135_A0098,0.4893361512724394
2029,totalVI-X affine,ADT_CD137_A0194,0.4379558025759277
2029,totalVI-X affine,ADT_CD14_A0424,0.5695811563380333
2029,totalVI-X affine,ADT_CD140a_A0573,0.37422554641358957
2029,totalVI-X affine,ADT_CD15(SSEA-1)_A0076,0.531495114073723
2029,totalVI-X affine,ADT_CD150(SLAM)_A0203,0.7023874851684633
2029,totalVI-X affine,ADT_CD16-32_A0109,0.5348980218080074
2029,totalVI-X affine,ADT_CD169(Siglec-1)_A0440,0.4598988440150547
2029,totalVI-X affine,ADT_CD172a(SIRPa)_A0422,0.5114008500962561
2029,totalVI-X affine,ADT_CD183(CXCR3)_A0228,0.581495163359496
2029,totalVI-X affine,ADT_CD184(CXCR4)_A0444,0.48837055005432684
2029,totalVI-X affine,ADT_CD19_A0093,0.6645107475247525
2029,totalVI-X affine,ADT_CD192(CCR2)_A0426,0.4768683730974563
2029,totalVI-X affine,ADT_CD195(CCR5)_A0376,0.5286201131771154
2029,totalVI-X affine,ADT_CD196(CCR6)_A0225,0.5594674254030743
2029,totalVI-X affine,ADT_CD197(CCR7)_A0377,0.4879278538966225
2029,totalVI-X affine,ADT_CD20_A0192,0.4784953677307866
2029,totalVI-X affine,ADT_CD200(OX2)_A0079,0.5735066727728668
2029,totalVI-X affine,ADT_CD201(EPCR)_A0439,0.5093874811086446
2029,totalVI-X affine,ADT_CD204(Msr1)_A0448,0.40729505278834593
2029,totalVI-X affine,ADT_CD206(MMR)_A0173,0.5294534118231092
2029,totalVI-X affine,ADT_CD21-CD35(CR2-CR1)_A0107,0.7095927469260008
2029,totalVI-X affine,ADT_CD223(LAG-3)_A0378,0.3871056536206434
2029,totalVI-X affine,ADT_CD23_A0108,0.702405846780177
2029,totalVI-X affine,ADT_CD24_A0212,0.6085473272045502
2029,totalVI-X affine,ADT_CD25_A0097,0.5150188052501556
2029,totalVI-X affine,ADT_CD274(B7-H1_PD-L1)_A0190,0.5662964849328422
2029,totalVI-X affine,ADT_CD278(ICOS)_A0171,0.5130669907228745
2029,totalVI-X affine,ADT_CD279(PD-1)_A0004,0.4296306634407196
2029,totalVI-X affine,ADT_CD28_A0204,0.48489639288894293
2029,totalVI-X affine,ADT_CD29_A0570,0.6918866838805956
2029,totalVI-X affine,ADT_CD300LG(Nepmucin)_A0416,0.3887041353746058
2029,totalVI-X affine,ADT_CD301a(MGL1)_A0551,0.583165648488297
2029,totalVI-X affine,ADT_CD301b(MGL2)_A0566,0.4733687024589249
2029,totalVI-X affine,ADT_CD304(Neuropilin-1)_A0552,0.5824713802036876
2029,totalVI-X affine,ADT_CD326(Ep-CAM)_A0449,0.610486752780728
2029,totalVI-X affine,ADT_CD335(NKp46)_A0184,0.40017013779344024
2029,totalVI-X affine,ADT_CD357(GITR)_A0193,0.6172426806193836
2029,totalVI-X affine,ADT_CD36_A0555,0.5714724221955503
2029,totalVI-X affine,ADT_CD366(Tim-3)_A0003,0.4944343720736032
2029,totalVI-X affine,ADT_CD370(CLEC9A_DNGR1)_A0556,0.5478258701681079
2029,totalVI-X affine,ADT_CD38_A0557,0.7632782163875542
2029,totalVI-X affine,ADT_CD4_A0001,0.865674016986984
2029,totalVI-X affine,ADT_CD41_A0443,0.616609416236825
2029,totalVI-X affine,ADT_CD43_A0110,0.6215521397929868
2029,totalVI-X affine,ADT_CD45_A0096,0.4467769253712061
2029,totalVI-X affine,ADT_CD45.1_A0178,0.544038223011201
2029,totalVI-X affine,ADT_CD45.2_A0157,0.3748260709572502
2029,totalVI-X affine,ADT_CD45R-B220_A0103,0.5364142699722544
2029,totalVI-X affine,ADT_CD48_A0429,0.5514599258433821
2029,totalVI-X affine,ADT_CD49d_A0078,0.6353833011660535
2029,totalVI-X affine,ADT_CD5_A0111,0.7068825146087314
2029,totalVI-X affine,ADT_CD54_A0074,0.8155363990326372
2029,totalVI-X affine,ADT_CD55(DAF)_A0558,0.6985959747841866
2029,totalVI-X affine,ADT_CD62L_A0112,0.9657561613825618
2029,totalVI-X affine,ADT_CD62P(P-selectin)_A0229,0.4588083946242288
2029,totalVI-X affine,ADT_CD63_A0559,0.47684864777976893
2029,totalVI-X affine,ADT_CD64(FcrRI)_A0202,0.5173378615159662
2029,totalVI-X affine,ADT_CD68_A0560,0.4471482488474779
2029,totalVI-X affine,ADT_CD69_A0197,0.5509236601338107
2029,totalVI-X affine,ADT_CD71_A0441,0.5858411687564008
2029,totalVI-X affine,ADT_CD73_A0077,0.726983572349583
2029,totalVI-X affine,ADT_CD79b(Igb)_A0561,0.5688368885738471
2029,totalVI-X affine,ADT_CD83_A0562,0.36011381851756336
2029,totalVI-X affine,ADT_CD86_A0200,0.8143311585027099
2029,totalVI-X affine,ADT_CD8a_A0002,0.7066252697902959
2029,totalVI-X affine,ADT_CD8b(Ly-3)_A0230,0.8521204075217057
2029,totalVI-X affine,ADT_CD90.1(Thy-1.1)_A0380,0.3758484492250646
2029,totalVI-X affine,ADT_CD90.2_A0075,0.7858774230704504
2029,totalVI-X affine,ADT_CD93(AA4.1_earlyBlineage)_A0113,0.5654762095145389
2029,totalVI-X affine,ADT_CX3CR1_A0563,0.4878750821338061
2029,totalVI-X affine,ADT_ESAM_A0596,0.5308164185490968
2029,totalVI-X affine,ADT_F4-80_A0114,0.6065468486776432
2029,totalVI-X affine,ADT_FceRIa_A0115,0.5425916409854236
2029,totalVI-X affine,ADT_FolateReceptorb(FR-b)_A0564,0.5672470227005165
2029,totalVI-X affine,ADT_H-2KbboundtoSIINFEKL_A0231,0.5284957197187824
2029,totalVI-X affine,ADT_I-A-I-E_A0117,0.8534820829633178
2029,totalVI-X affine,ADT_IRF4_A0249,0.5136916062435458
2029,totalVI-X affine,ADT_IgD_A0571,0.7684400975756596
2029,totalVI-X affine,ADT_IgM_A0450,0.5151229062319886
2029,totalVI-X affine,ADT_Ly-6A-E(Sca-1)_A0130,0.947293411331817
2029,totalVI-X affine,ADT_Ly-6C_A0013,0.5582305659980259
2029,totalVI-X affine,ADT_MAdCAM-1_A0232,0.5155777002038399
2029,totalVI-X affine,ADT_MERTK(Mer)_A0565,0.525573995358553
2029,totalVI-X affine,ADT_NK-1.1_A0118,0.5753993570964797
2029,totalVI-X affine,ADT_Notch1_A0442,0.4920600915731252
2029,totalVI-X affine,ADT_PanendothelialCellAntigen_A0381,0.5647070576139522
2029,totalVI-X affine,ADT_SiglecH_A0119,0.5253784274104204
2029,totalVI-X affine,ADT_TCRVb5.1_5.2_A0354,0.7418706001960018
2029,totalVI-X affine,ADT_TCRVb8.1_8.2_A0235,0.5936186929845576
2029,totalVI-X affine,ADT_TCRVr1.1-Cr4_A0209,0.39327695756806047
2029,totalVI-X affine,ADT_TCRVr2_A0211,0.5499655584351274
2029,totalVI-X affine,ADT_TCRVr3_A0210,0.4251132204044997
2029,totalVI-X affine,ADT_TCRbchain_A0120,0.6094710957593032
2029,totalVI-X affine,ADT_TCRr-d_A0121,0.543448797792215
2029,totalVI-X affine,ADT_TER-119-ErythroidCells_A0122,0.4733287066734283
2029,totalVI-X affine,ADT_Tim-4_A0567,0.5547406485412204
2029,totalVI-X affine,ADT_XCR1_A0568,0.5363507986975844
2029,totalVI-X affine,ADT_anti-P2RY12_A0415,0.5355965147926742
2029,totalVI-X affine,ADT_integrinb7_A0214,0.6604765371956859
2029,totalVI likelihood-consistent + D1 head,ADT_CD102_A0104,0.6165017689781201
2029,totalVI likelihood-consistent + D1 head,ADT_CD103_A0201,0.5303547749615293
2029,totalVI likelihood-consistent + D1 head,ADT_CD106_A0226,0.6339770602671435
2029,totalVI likelihood-consistent + D1 head,ADT_CD115(CSF-1R)_A0105,0.5937565241808901
2029,totalVI likelihood-consistent + D1 head,ADT_CD117(c-Kit)_A0012,0.5640153522753326
2029,totalVI likelihood-consistent + D1 head,ADT_CD11a_A0595,0.6981227951263319
2029,totalVI likelihood-consistent + D1 head,ADT_CD11c_A0106,0.5964820489149059
2029,totalVI likelihood-consistent + D1 head,ADT_CD122(IL-2Rb)_A0227,0.5418741697127587
2029,totalVI likelihood-consistent + D1 head,ADT_CD127(IL-7Ra)_A0198,0.5595885996482182
2029,totalVI likelihood-consistent + D1 head,ADT_CD134(OX-40)_A0195,0.3960471346387937
2029,totalVI likelihood-consistent + D1 head,ADT_CD135_A0098,0.4893182423292756
2029,totalVI likelihood-consistent + D1 head,ADT_CD137_A0194,0.43791943011731843
2029,totalVI likelihood-consistent + D1 head,ADT_CD14_A0424,0.5692547280446588
2029,totalVI likelihood-consistent + D1 head,ADT_CD140a_A0573,0.3741658168558721
2029,totalVI likelihood-consistent + D1 head,ADT_CD15(SSEA-1)_A0076,0.5313489421964901
2029,totalVI likelihood-consistent + D1 head,ADT_CD150(SLAM)_A0203,0.7031543841737894
2029,totalVI likelihood-consistent + D1 head,ADT_CD16-32_A0109,0.5347900874515552
2029,totalVI likelihood-consistent + D1 head,ADT_CD169(Siglec-1)_A0440,0.459904767307395
2029,totalVI likelihood-consistent + D1 head,ADT_CD172a(SIRPa)_A0422,0.5116730512640952
2029,totalVI likelihood-consistent + D1 head,ADT_CD183(CXCR3)_A0228,0.5801419026359511
2029,totalVI likelihood-consistent + D1 head,ADT_CD184(CXCR4)_A0444,0.48841226063878146
2029,totalVI likelihood-consistent + D1 head,ADT_CD19_A0093,0.6665613217450107
2029,totalVI likelihood-consistent + D1 head,ADT_CD192(CCR2)_A0426,0.47682911813822704
2029,totalVI likelihood-consistent + D1 head,ADT_CD195(CCR5)_A0376,0.5284363339307044
2029,totalVI likelihood-consistent + D1 head,ADT_CD196(CCR6)_A0225,0.5594494734284929
2029,totalVI likelihood-consistent + D1 head,ADT_CD197(CCR7)_A0377,0.48795994486693955
2029,totalVI likelihood-consistent + D1 head,ADT_CD20_A0192,0.47898984256493715
2029,totalVI likelihood-consistent + D1 head,ADT_CD200(OX2)_A0079,0.5743115546404182
2029,totalVI likelihood-consistent + D1 head,ADT_CD201(EPCR)_A0439,0.5093293431208435
2029,totalVI likelihood-consistent + D1 head,ADT_CD204(Msr1)_A0448,0.40727271100465
2029,totalVI likelihood-consistent + D1 head,ADT_CD206(MMR)_A0173,0.5294418890811096
2029,totalVI likelihood-consistent + D1 head,ADT_CD21-CD35(CR2-CR1)_A0107,0.708496888434003
2029,totalVI likelihood-consistent + D1 head,ADT_CD223(LAG-3)_A0378,0.3870903531266479
2029,totalVI likelihood-consistent + D1 head,ADT_CD23_A0108,0.7006728832645257
2029,totalVI likelihood-consistent + D1 head,ADT_CD24_A0212,0.6080379203325216
2029,totalVI likelihood-consistent + D1 head,ADT_CD25_A0097,0.5138678212364343
2029,totalVI likelihood-consistent + D1 head,ADT_CD274(B7-H1_PD-L1)_A0190,0.565933901493325
2029,totalVI likelihood-consistent + D1 head,ADT_CD278(ICOS)_A0171,0.5133507796001335
2029,totalVI likelihood-consistent + D1 head,ADT_CD279(PD-1)_A0004,0.429723052232053
2029,totalVI likelihood-consistent + D1 head,ADT_CD28_A0204,0.48505421706852
2029,totalVI likelihood-consistent + D1 head,ADT_CD29_A0570,0.6910559888360152
2029,totalVI likelihood-consistent + D1 head,ADT_CD300LG(Nepmucin)_A0416,0.3887016106894543
2029,totalVI likelihood-consistent + D1 head,ADT_CD301a(MGL1)_A0551,0.5830207878725064
2029,totalVI likelihood-consistent + D1 head,ADT_CD301b(MGL2)_A0566,0.47343335790798746
2029,totalVI likelihood-consistent + D1 head,ADT_CD304(Neuropilin-1)_A0552,0.5821448675291179
2029,totalVI likelihood-consistent + D1 head,ADT_CD326(Ep-CAM)_A0449,0.6106517378045005
2029,totalVI likelihood-consistent + D1 head,ADT_CD335(NKp46)_A0184,0.4001294649879963
2029,totalVI likelihood-consistent + D1 head,ADT_CD357(GITR)_A0193,0.6182079194268149
2029,totalVI likelihood-consistent + D1 head,ADT_CD36_A0555,0.5710366448827635
2029,totalVI likelihood-consistent + D1 head,ADT_CD366(Tim-3)_A0003,0.4944344935413677
2029,totalVI likelihood-consistent + D1 head,ADT_CD370(CLEC9A_DNGR1)_A0556,0.5475512807082432
2029,totalVI likelihood-consistent + D1 head,ADT_CD38_A0557,0.7637250523198296
2029,totalVI likelihood-consistent + D1 head,ADT_CD4_A0001,0.8596727380507131
2029,totalVI likelihood-consistent + D1 head,ADT_CD41_A0443,0.6166423544756896
2029,totalVI likelihood-consistent + D1 head,ADT_CD43_A0110,0.6221160325028815
2029,totalVI likelihood-consistent + D1 head,ADT_CD45_A0096,0.44678510108258757
2029,totalVI likelihood-consistent + D1 head,ADT_CD45.1_A0178,0.5440310508385775
2029,totalVI likelihood-consistent + D1 head,ADT_CD45.2_A0157,0.3748594653407984
2029,totalVI likelihood-consistent + D1 head,ADT_CD45R-B220_A0103,0.537458886758849
2029,totalVI likelihood-consistent + D1 head,ADT_CD48_A0429,0.5514796919307219
2029,totalVI likelihood-consistent + D1 head,ADT_CD49d_A0078,0.6356265283441801
2029,totalVI likelihood-consistent + D1 head,ADT_CD5_A0111,0.7071980640998056
2029,totalVI likelihood-consistent + D1 head,ADT_CD54_A0074,0.8173625903430112
2029,totalVI likelihood-consistent + D1 head,ADT_CD55(DAF)_A0558,0.6982167361317597
2029,totalVI likelihood-consistent + D1 head,ADT_CD62L_A0112,0.966492439153964
2029,totalVI likelihood-consistent + D1 head,ADT_CD62P(P-selectin)_A0229,0.45879758314222163
2029,totalVI likelihood-consistent + D1 head,ADT_CD63_A0559,0.4766769322577606
2029,totalVI likelihood-consistent + D1 head,ADT_CD64(FcrRI)_A0202,0.5174254242801467
2029,totalVI likelihood-consistent + D1 head,ADT_CD68_A0560,0.4474096051990122
2029,totalVI likelihood-consistent + D1 head,ADT_CD69_A0197,0.5509182493738134
2029,totalVI likelihood-consistent + D1 head,ADT_CD71_A0441,0.5868246272109009
2029,totalVI likelihood-consistent + D1 head,ADT_CD73_A0077,0.7261991621763528
2029,totalVI likelihood-consistent + D1 head,ADT_CD79b(Igb)_A0561,0.5696816418120135
2029,totalVI likelihood-consistent + D1 head,ADT_CD83_A0562,0.36003620242366147
2029,totalVI likelihood-consistent + D1 head,ADT_CD86_A0200,0.8148811214621529
2029,totalVI likelihood-consistent + D1 head,ADT_CD8a_A0002,0.7025114520013287
2029,totalVI likelihood-consistent + D1 head,ADT_CD8b(Ly-3)_A0230,0.8428008632999711
2029,totalVI likelihood-consistent + D1 head,ADT_CD90.1(Thy-1.1)_A0380,0.3759380458129373
2029,totalVI likelihood-consistent + D1 head,ADT_CD90.2_A0075,0.7848894811874396
2029,totalVI likelihood-consistent + D1 head,ADT_CD93(AA4.1_earlyBlineage)_A0113,0.5650048707449022
2029,totalVI likelihood-consistent + D1 head,ADT_CX3CR1_A0563,0.48702911843485375
2029,totalVI likelihood-consistent + D1 head,ADT_ESAM_A0596,0.5305793058199801
2029,totalVI likelihood-consistent + D1 head,ADT_F4-80_A0114,0.6058832730075675
2029,totalVI likelihood-consistent + D1 head,ADT_FceRIa_A0115,0.542477019722723
2029,totalVI likelihood-consistent + D1 head,ADT_FolateReceptorb(FR-b)_A0564,0.5670474314843846
2029,totalVI likelihood-consistent + D1 head,ADT_H-2KbboundtoSIINFEKL_A0231,0.5285237782595499
2029,totalVI likelihood-consistent + D1 head,ADT_I-A-I-E_A0117,0.8528983789607679
2029,totalVI likelihood-consistent + D1 head,ADT_IRF4_A0249,0.513664193419759
2029,totalVI likelihood-consistent + D1 head,ADT_IgD_A0571,0.7676689954270084
2029,totalVI likelihood-consistent + D1 head,ADT_IgM_A0450,0.5151245045592432
2029,totalVI likelihood-consistent + D1 head,ADT_Ly-6A-E(Sca-1)_A0130,0.9474605325285154
2029,totalVI likelihood-consistent + D1 head,ADT_Ly-6C_A0013,0.5570988927799363
2029,totalVI likelihood-consistent + D1 head,ADT_MAdCAM-1_A0232,0.5155164791316088
2029,totalVI likelihood-consistent + D1 head,ADT_MERTK(Mer)_A0565,0.5255654022904807
2029,totalVI likelihood-consistent + D1 head,ADT_NK-1.1_A0118,0.5752333861478492
2029,totalVI likelihood-consistent + D1 head,ADT_Notch1_A0442,0.4920613080745456
2029,totalVI likelihood-consistent + D1 head,ADT_PanendothelialCellAntigen_A0381,0.5649221420528747
2029,totalVI likelihood-consistent + D1 head,ADT_SiglecH_A0119,0.5251224277914771
2029,totalVI likelihood-consistent + D1 head,ADT_TCRVb5.1_5.2_A0354,0.7416416699822015
2029,totalVI likelihood-consistent + D1 head,ADT_TCRVb8.1_8.2_A0235,0.593651323901591
2029,totalVI likelihood-consistent + D1 head,ADT_TCRVr1.1-Cr4_A0209,0.39307628500681646
2029,totalVI likelihood-consistent + D1 head,ADT_TCRVr2_A0211,0.5498629208885413
2029,totalVI likelihood-consistent + D1 head,ADT_TCRVr3_A0210,0.42506820210753643
2029,totalVI likelihood-consistent + D1 head,ADT_TCRbchain_A0120,0.6082863767421713
2029,totalVI likelihood-consistent + D1 head,ADT_TCRr-d_A0121,0.543274989486299
2029,totalVI likelihood-consistent + D1 head,ADT_TER-119-ErythroidCells_A0122,0.47094546275823584
2029,totalVI likelihood-consistent + D1 head,ADT_Tim-4_A0567,0.5548869757173621
2029,totalVI likelihood-consistent + D1 head,ADT_XCR1_A0568,0.5359659921407052
2029,totalVI likelihood-consistent + D1 head,ADT_anti-P2RY12_A0415,0.5354126605185379
2029,totalVI likelihood-consistent + D1 head,ADT_integrinb7_A0214,0.6607668356365278
2030,totalVI helper-uncorrected,ADT_CD102_A0104,0.8549051815355312
2030,totalVI helper-uncorrected,ADT_CD103_A0201,1.0527720178989737
2030,totalVI helper-uncorrected,ADT_CD106_A0226,0.9421981208791512
2030,totalVI helper-uncorrected,ADT_CD115(CSF-1R)_A0105,1.04291942547936
2030,totalVI helper-uncorrected,ADT_CD117(c-Kit)_A0012,1.0693082448873639
2030,totalVI helper-uncorrected,ADT_CD11a_A0595,0.6510328594424766
2030,totalVI helper-uncorrected,ADT_CD11c_A0106,1.0506314422840046
2030,totalVI helper-uncorrected,ADT_CD122(IL-2Rb)_A0227,0.9945146254569509
2030,totalVI helper-uncorrected,ADT_CD127(IL-7Ra)_A0198,0.916708741195778
2030,totalVI helper-uncorrected,ADT_CD134(OX-40)_A0195,1.1786797924902002
2030,totalVI helper-uncorrected,ADT_CD135_A0098,1.0955562878669822
2030,totalVI helper-uncorrected,ADT_CD137_A0194,1.122962933325929
2030,totalVI helper-uncorrected,ADT_CD14_A0424,1.0871670696997127
2030,totalVI helper-uncorrected,ADT_CD140a_A0573,1.0779078868704393
2030,totalVI helper-uncorrected,ADT_CD15(SSEA-1)_A0076,1.171974440940049
2030,totalVI helper-uncorrected,ADT_CD150(SLAM)_A0203,0.9986600677569736
2030,totalVI helper-uncorrected,ADT_CD16-32_A0109,1.0755410569063857
2030,totalVI helper-uncorrected,ADT_CD169(Siglec-1)_A0440,1.110493606878345
2030,totalVI helper-uncorrected,ADT_CD172a(SIRPa)_A0422,1.069291796368941
2030,totalVI helper-uncorrected,ADT_CD183(CXCR3)_A0228,1.0923689488079689
2030,totalVI helper-uncorrected,ADT_CD184(CXCR4)_A0444,1.0052069446113983
2030,totalVI helper-uncorrected,ADT_CD19_A0093,0.8076981066787967
2030,totalVI helper-uncorrected,ADT_CD192(CCR2)_A0426,0.9873654099448828
2030,totalVI helper-uncorrected,ADT_CD195(CCR5)_A0376,1.1581661992944756
2030,totalVI helper-uncorrected,ADT_CD196(CCR6)_A0225,0.9866556774887167
2030,totalVI helper-uncorrected,ADT_CD197(CCR7)_A0377,1.0955433539029744
2030,totalVI helper-uncorrected,ADT_CD20_A0192,1.020669790010067
2030,totalVI helper-uncorrected,ADT_CD200(OX2)_A0079,1.0591625565063223
2030,totalVI helper-uncorrected,ADT_CD201(EPCR)_A0439,1.057254529784431
2030,totalVI helper-uncorrected,ADT_CD204(Msr1)_A0448,0.6870170235893316
2030,totalVI helper-uncorrected,ADT_CD206(MMR)_A0173,1.2237078660614935
2030,totalVI helper-uncorrected,ADT_CD21-CD35(CR2-CR1)_A0107,1.1949368492914254
2030,totalVI helper-uncorrected,ADT_CD223(LAG-3)_A0378,1.0698248173491223
2030,totalVI helper-uncorrected,ADT_CD23_A0108,1.2028622935731905
2030,totalVI helper-uncorrected,ADT_CD24_A0212,1.146862582613958
2030,totalVI helper-uncorrected,ADT_CD25_A0097,0.8751619567700192
2030,totalVI helper-uncorrected,ADT_CD274(B7-H1_PD-L1)_A0190,0.8516559595714395
2030,totalVI helper-uncorrected,ADT_CD278(ICOS)_A0171,0.9939862523077009
2030,totalVI helper-uncorrected,ADT_CD279(PD-1)_A0004,1.1078566584798404
2030,totalVI helper-uncorrected,ADT_CD28_A0204,1.0651639194005995
2030,totalVI helper-uncorrected,ADT_CD29_A0570,0.8852778391093952
2030,totalVI helper-uncorrected,ADT_CD300LG(Nepmucin)_A0416,1.0941161698975694
2030,totalVI helper-uncorrected,ADT_CD301a(MGL1)_A0551,1.170467969954923
2030,totalVI helper-uncorrected,ADT_CD301b(MGL2)_A0566,1.0803204530821318
2030,totalVI helper-uncorrected,ADT_CD304(Neuropilin-1)_A0552,1.1938228940847708
2030,totalVI helper-uncorrected,ADT_CD326(Ep-CAM)_A0449,1.0436507995141862
2030,totalVI helper-uncorrected,ADT_CD335(NKp46)_A0184,1.2044360912638874
2030,totalVI helper-uncorrected,ADT_CD357(GITR)_A0193,1.0124699540513702
2030,totalVI helper-uncorrected,ADT_CD36_A0555,1.0514542055981997
2030,totalVI helper-uncorrected,ADT_CD366(Tim-3)_A0003,0.9120434245472916
2030,totalVI helper-uncorrected,ADT_CD370(CLEC9A_DNGR1)_A0556,1.0786323892999048
2030,totalVI helper-uncorrected,ADT_CD38_A0557,0.9397115069326432
2030,totalVI helper-uncorrected,ADT_CD4_A0001,1.3355958813417872
2030,totalVI helper-uncorrected,ADT_CD41_A0443,1.360184127046269
2030,totalVI helper-uncorrected,ADT_CD43_A0110,0.9506399747569576
2030,totalVI helper-uncorrected,ADT_CD45_A0096,1.1793046025988034
2030,totalVI helper-uncorrected,ADT_CD45.1_A0178,1.1136561025635814
2030,totalVI helper-uncorrected,ADT_CD45.2_A0157,1.146963016761896
2030,totalVI helper-uncorrected,ADT_CD45R-B220_A0103,1.0059032028763066
2030,totalVI helper-uncorrected,ADT_CD48_A0429,0.8119224486672386
2030,totalVI helper-uncorrected,ADT_CD49d_A0078,0.9031679281911179
2030,totalVI helper-uncorrected,ADT_CD5_A0111,1.05504979835711
2030,totalVI helper-uncorrected,ADT_CD54_A0074,0.9478880166537886
2030,totalVI helper-uncorrected,ADT_CD55(DAF)_A0558,1.0425680758393037
2030,totalVI helper-uncorrected,ADT_CD62L_A0112,1.0739572863237459
2030,totalVI helper-uncorrected,ADT_CD62P(P-selectin)_A0229,1.1889053070483577
2030,totalVI helper-uncorrected,ADT_CD63_A0559,1.1044607503279893
2030,totalVI helper-uncorrected,ADT_CD64(FcrRI)_A0202,0.929239252446439
2030,totalVI helper-uncorrected,ADT_CD68_A0560,0.7364007916675548
2030,totalVI helper-uncorrected,ADT_CD69_A0197,0.9691521282643856
2030,totalVI helper-uncorrected,ADT_CD71_A0441,1.127533029058896
2030,totalVI helper-uncorrected,ADT_CD73_A0077,1.1748313536487751
2030,totalVI helper-uncorrected,ADT_CD79b(Igb)_A0561,1.038849961386022
2030,totalVI helper-uncorrected,ADT_CD83_A0562,0.5407904897820857
2030,totalVI helper-uncorrected,ADT_CD86_A0200,1.164276302762727
2030,totalVI helper-uncorrected,ADT_CD8a_A0002,1.2791300366537723
2030,totalVI helper-uncorrected,ADT_CD8b(Ly-3)_A0230,1.4012645558321875
2030,totalVI helper-uncorrected,ADT_CD90.1(Thy-1.1)_A0380,0.6229615804148028
2030,totalVI helper-uncorrected,ADT_CD90.2_A0075,1.175985073384388
2030,totalVI helper-uncorrected,ADT_CD93(AA4.1_earlyBlineage)_A0113,1.1388026162953244
2030,totalVI helper-uncorrected,ADT_CX3CR1_A0563,0.8243734132912418
2030,totalVI helper-uncorrected,ADT_ESAM_A0596,1.0848249751290755
2030,totalVI helper-uncorrected,ADT_F4-80_A0114,1.0742690271305764
2030,totalVI helper-uncorrected,ADT_FceRIa_A0115,1.0908377291990565
2030,totalVI helper-uncorrected,ADT_FolateReceptorb(FR-b)_A0564,1.1001071852736162
2030,totalVI helper-uncorrected,ADT_H-2KbboundtoSIINFEKL_A0231,1.089578900416066
2030,totalVI helper-uncorrected,ADT_I-A-I-E_A0117,1.4525299360072854
2030,totalVI helper-uncorrected,ADT_IRF4_A0249,1.058464729878411
2030,totalVI helper-uncorrected,ADT_IgD_A0571,1.1552444068778027
2030,totalVI helper-uncorrected,ADT_IgM_A0450,1.1066195036112065
2030,totalVI helper-uncorrected,ADT_Ly-6A-E(Sca-1)_A0130,1.3021396505874798
2030,totalVI helper-uncorrected,ADT_Ly-6C_A0013,1.0905517185544786
2030,totalVI helper-uncorrected,ADT_MAdCAM-1_A0232,1.1053469727528407
2030,totalVI helper-uncorrected,ADT_MERTK(Mer)_A0565,1.1314714633074034
2030,totalVI helper-uncorrected,ADT_NK-1.1_A0118,1.253243481166371
2030,totalVI helper-uncorrected,ADT_Notch1_A0442,1.1661769015554402
2030,totalVI helper-uncorrected,ADT_PanendothelialCellAntigen_A0381,1.0893457599620537
2030,totalVI helper-uncorrected,ADT_SiglecH_A0119,1.0903570713645336
2030,totalVI helper-uncorrected,ADT_TCRVb5.1_5.2_A0354,1.6262532908645833
2030,totalVI helper-uncorrected,ADT_TCRVb8.1_8.2_A0235,1.12125485933585
2030,totalVI helper-uncorrected,ADT_TCRVr1.1-Cr4_A0209,0.6108422732622698
2030,totalVI helper-uncorrected,ADT_TCRVr2_A0211,1.097447027198705
2030,totalVI helper-uncorrected,ADT_TCRVr3_A0210,1.047757111154468
2030,totalVI helper-uncorrected,ADT_TCRbchain_A0120,1.228578272831875
2030,totalVI helper-uncorrected,ADT_TCRr-d_A0121,1.1232370610355222
2030,totalVI helper-uncorrected,ADT_TER-119-ErythroidCells_A0122,0.819114519025658
2030,totalVI helper-uncorrected,ADT_Tim-4_A0567,1.082724067727304
2030,totalVI helper-uncorrected,ADT_XCR1_A0568,1.0597301542334907
2030,totalVI helper-uncorrected,ADT_anti-P2RY12_A0415,1.1015812507964082
2030,totalVI helper-uncorrected,ADT_integrinb7_A0214,0.8576667134631922
2030,totalVI likelihood-consistent,ADT_CD102_A0104,0.5043653581067291
2030,totalVI likelihood-consistent,ADT_CD103_A0201,0.5186910656613799
2030,totalVI likelihood-consistent,ADT_CD106_A0226,0.5879018372823589
2030,totalVI likelihood-consistent,ADT_CD115(CSF-1R)_A0105,0.5921294661618719
2030,totalVI likelihood-consistent,ADT_CD117(c-Kit)_A0012,0.5637752952775547
2030,totalVI likelihood-consistent,ADT_CD11a_A0595,0.6045507239649004
2030,totalVI likelihood-consistent,ADT_CD11c_A0106,0.612887942313962
2030,totalVI likelihood-consistent,ADT_CD122(IL-2Rb)_A0227,0.5464826222356545
2030,totalVI likelihood-consistent,ADT_CD127(IL-7Ra)_A0198,0.5380353232165099
2030,totalVI likelihood-consistent,ADT_CD134(OX-40)_A0195,0.4199197470781131
2030,totalVI likelihood-consistent,ADT_CD135_A0098,0.5047987853624303
2030,totalVI likelihood-consistent,ADT_CD137_A0194,0.45418662122862
2030,totalVI likelihood-consistent,ADT_CD14_A0424,0.5819803588689213
2030,totalVI likelihood-consistent,ADT_CD140a_A0573,0.3810441493579925
2030,totalVI likelihood-consistent,ADT_CD15(SSEA-1)_A0076,0.565588695779284
2030,totalVI likelihood-consistent,ADT_CD150(SLAM)_A0203,0.6341032047162959
2030,totalVI likelihood-consistent,ADT_CD16-32_A0109,0.554251213616977
2030,totalVI likelihood-consistent,ADT_CD169(Siglec-1)_A0440,0.46174425199442415
2030,totalVI likelihood-consistent,ADT_CD172a(SIRPa)_A0422,0.5185969191645998
2030,totalVI likelihood-consistent,ADT_CD183(CXCR3)_A0228,0.6062520377050333
2030,totalVI likelihood-consistent,ADT_CD184(CXCR4)_A0444,0.47480774057132913
2030,totalVI likelihood-consistent,ADT_CD19_A0093,0.594142185238535
2030,totalVI likelihood-consistent,ADT_CD192(CCR2)_A0426,0.4527894064181094
2030,totalVI likelihood-consistent,ADT_CD195(CCR5)_A0376,0.5579839442648452
2030,totalVI likelihood-consistent,ADT_CD196(CCR6)_A0225,0.55867053917268
2030,totalVI likelihood-consistent,ADT_CD197(CCR7)_A0377,0.4976491091607395
2030,totalVI likelihood-consistent,ADT_CD20_A0192,0.45268569097814276
2030,totalVI likelihood-consistent,ADT_CD200(OX2)_A0079,0.5624806647691714
2030,totalVI likelihood-consistent,ADT_CD201(EPCR)_A0439,0.5139064588174739
2030,totalVI likelihood-consistent,ADT_CD204(Msr1)_A0448,0.42023523109931854
2030,totalVI likelihood-consistent,ADT_CD206(MMR)_A0173,0.5600931152675008
2030,totalVI likelihood-consistent,ADT_CD21-CD35(CR2-CR1)_A0107,0.7027571977248577
2030,totalVI likelihood-consistent,ADT_CD223(LAG-3)_A0378,0.3915843493788936
2030,totalVI likelihood-consistent,ADT_CD23_A0108,0.6771404746015917
2030,totalVI likelihood-consistent,ADT_CD24_A0212,0.5855645036388112
2030,totalVI likelihood-consistent,ADT_CD25_A0097,0.5292541883697026
2030,totalVI likelihood-consistent,ADT_CD274(B7-H1_PD-L1)_A0190,0.4944613936784269
2030,totalVI likelihood-consistent,ADT_CD278(ICOS)_A0171,0.47655524282500816
2030,totalVI likelihood-consistent,ADT_CD279(PD-1)_A0004,0.44355416411083826
2030,totalVI likelihood-consistent,ADT_CD28_A0204,0.48888050607723144
2030,totalVI likelihood-consistent,ADT_CD29_A0570,0.6080758570699474
2030,totalVI likelihood-consistent,ADT_CD300LG(Nepmucin)_A0416,0.3968688021555022
2030,totalVI likelihood-consistent,ADT_CD301a(MGL1)_A0551,0.6226420153781371
2030,totalVI likelihood-consistent,ADT_CD301b(MGL2)_A0566,0.48121062882161736
2030,totalVI likelihood-consistent,ADT_CD304(Neuropilin-1)_A0552,0.6240317984941819
2030,totalVI likelihood-consistent,ADT_CD326(Ep-CAM)_A0449,0.6216433931125045
2030,totalVI likelihood-consistent,ADT_CD335(NKp46)_A0184,0.42124261937817725
2030,totalVI likelihood-consistent,ADT_CD357(GITR)_A0193,0.5788997297605684
2030,totalVI likelihood-consistent,ADT_CD36_A0555,0.5784743150029694
2030,totalVI likelihood-consistent,ADT_CD366(Tim-3)_A0003,0.5223930350843077
2030,totalVI likelihood-consistent,ADT_CD370(CLEC9A_DNGR1)_A0556,0.5630565823446809
2030,totalVI likelihood-consistent,ADT_CD38_A0557,0.7207091364762717
2030,totalVI likelihood-consistent,ADT_CD4_A0001,0.8607373019659267
2030,totalVI likelihood-consistent,ADT_CD41_A0443,0.7031599294717935
2030,totalVI likelihood-consistent,ADT_CD43_A0110,0.5656834308845702
2030,totalVI likelihood-consistent,ADT_CD45_A0096,0.46107637797588735
2030,totalVI likelihood-consistent,ADT_CD45.1_A0178,0.5807748740662034
2030,totalVI likelihood-consistent,ADT_CD45.2_A0157,0.3912632928382594
2030,totalVI likelihood-consistent,ADT_CD45R-B220_A0103,0.5069827068534851
2030,totalVI likelihood-consistent,ADT_CD48_A0429,0.45457698086517717
2030,totalVI likelihood-consistent,ADT_CD49d_A0078,0.5436207539237633
2030,totalVI likelihood-consistent,ADT_CD5_A0111,0.6442643164143285
2030,totalVI likelihood-consistent,ADT_CD54_A0074,0.6692430097818715
2030,totalVI likelihood-consistent,ADT_CD55(DAF)_A0558,0.6568369702585541
2030,totalVI likelihood-consistent,ADT_CD62L_A0112,0.8547724616330229
2030,totalVI likelihood-consistent,ADT_CD62P(P-selectin)_A0229,0.48452815461914356
2030,totalVI likelihood-consistent,ADT_CD63_A0559,0.4835254820305583
2030,totalVI likelihood-consistent,ADT_CD64(FcrRI)_A0202,0.530678016198001
2030,totalVI likelihood-consistent,ADT_CD68_A0560,0.4607173761399626
2030,totalVI likelihood-consistent,ADT_CD69_A0197,0.5246539782471411
2030,totalVI likelihood-consistent,ADT_CD71_A0441,0.566443422163998
2030,totalVI likelihood-consistent,ADT_CD73_A0077,0.7033155339802758
2030,totalVI likelihood-consistent,ADT_CD79b(Igb)_A0561,0.5390887418048231
2030,totalVI likelihood-consistent,ADT_CD83_A0562,0.3648271779258672
2030,totalVI likelihood-consistent,ADT_CD86_A0200,0.7522750748158217
2030,totalVI likelihood-consistent,ADT_CD8a_A0002,0.732336055747202
2030,totalVI likelihood-consistent,ADT_CD8b(Ly-3)_A0230,0.8950666728700735
2030,totalVI likelihood-consistent,ADT_CD90.1(Thy-1.1)_A0380,0.3857911793032099
2030,totalVI likelihood-consistent,ADT_CD90.2_A0075,0.7520972876047538
2030,totalVI likelihood-consistent,ADT_CD93(AA4.1_earlyBlineage)_A0113,0.5973924473087839
2030,totalVI likelihood-consistent,ADT_CX3CR1_A0563,0.5015573581833335
2030,totalVI likelihood-consistent,ADT_ESAM_A0596,0.5390389594346668
2030,totalVI likelihood-consistent,ADT_F4-80_A0114,0.6166154294697072
2030,totalVI likelihood-consistent,ADT_FceRIa_A0115,0.5686076515784595
2030,totalVI likelihood-consistent,ADT_FolateReceptorb(FR-b)_A0564,0.573038340580248
2030,totalVI likelihood-consistent,ADT_H-2KbboundtoSIINFEKL_A0231,0.5433180056933724
2030,totalVI likelihood-consistent,ADT_I-A-I-E_A0117,0.8682469991754362
2030,totalVI likelihood-consistent,ADT_IRF4_A0249,0.5154219857413571
2030,totalVI likelihood-consistent,ADT_IgD_A0571,0.7089723661285222
2030,totalVI likelihood-consistent,ADT_IgM_A0450,0.5382427872700495
2030,totalVI likelihood-consistent,ADT_Ly-6A-E(Sca-1)_A0130,0.8568297685453821
2030,totalVI likelihood-consistent,ADT_Ly-6C_A0013,0.5437814168977405
2030,totalVI likelihood-consistent,ADT_MAdCAM-1_A0232,0.5306763892158101
2030,totalVI likelihood-consistent,ADT_MERTK(Mer)_A0565,0.5479290635105357
2030,totalVI likelihood-consistent,ADT_NK-1.1_A0118,0.6322852095976312
2030,totalVI likelihood-consistent,ADT_Notch1_A0442,0.5190877346801923
2030,totalVI likelihood-consistent,ADT_PanendothelialCellAntigen_A0381,0.576474757547808
2030,totalVI likelihood-consistent,ADT_SiglecH_A0119,0.5442185609982568
2030,totalVI likelihood-consistent,ADT_TCRVb5.1_5.2_A0354,0.9390794681520045
2030,totalVI likelihood-consistent,ADT_TCRVb8.1_8.2_A0235,0.6233909040637559
2030,totalVI likelihood-consistent,ADT_TCRVr1.1-Cr4_A0209,0.4002670246394379
2030,totalVI likelihood-consistent,ADT_TCRVr2_A0211,0.5735404583736519
2030,totalVI likelihood-consistent,ADT_TCRVr3_A0210,0.425278918537323
2030,totalVI likelihood-consistent,ADT_TCRbchain_A0120,0.6358580670719096
2030,totalVI likelihood-consistent,ADT_TCRr-d_A0121,0.5650338432755326
2030,totalVI likelihood-consistent,ADT_TER-119-ErythroidCells_A0122,0.49034037101142175
2030,totalVI likelihood-consistent,ADT_Tim-4_A0567,0.5549275088767421
2030,totalVI likelihood-consistent,ADT_XCR1_A0568,0.544238015767842
2030,totalVI likelihood-consistent,ADT_anti-P2RY12_A0415,0.5452827926085392
2030,totalVI likelihood-consistent,ADT_integrinb7_A0214,0.5521493561177444
2030,totalVI-X affine,ADT_CD102_A0104,0.6469165672500311
2030,totalVI-X affine,ADT_CD103_A0201,0.5302595627769705
2030,totalVI-X affine,ADT_CD106_A0226,0.6395904024266382
2030,totalVI-X affine,ADT_CD115(CSF-1R)_A0105,0.5956947471960534
2030,totalVI-X affine,ADT_CD117(c-Kit)_A0012,0.5615418671251062
2030,totalVI-X affine,ADT_CD11a_A0595,0.7163909217631514
2030,totalVI-X affine,ADT_CD11c_A0106,0.6027810538536497
2030,totalVI-X affine,ADT_CD122(IL-2Rb)_A0227,0.542772639527932
2030,totalVI-X affine,ADT_CD127(IL-7Ra)_A0198,0.5597656011766727
2030,totalVI-X affine,ADT_CD134(OX-40)_A0195,0.3966808153033543
2030,totalVI-X affine,ADT_CD135_A0098,0.490499123105939
2030,totalVI-X affine,ADT_CD137_A0194,0.4397526448443138
2030,totalVI-X affine,ADT_CD14_A0424,0.5702586386658113
2030,totalVI-X affine,ADT_CD140a_A0573,0.3765934584885307
2030,totalVI-X affine,ADT_CD15(SSEA-1)_A0076,0.531081858079158
2030,totalVI-X affine,ADT_CD150(SLAM)_A0203,0.7230053981163332
2030,totalVI-X affine,ADT_CD16-32_A0109,0.536208010532037
2030,totalVI-X affine,ADT_CD169(Siglec-1)_A0440,0.457050892873115
2030,totalVI-X affine,ADT_CD172a(SIRPa)_A0422,0.5140621081067622
2030,totalVI-X affine,ADT_CD183(CXCR3)_A0228,0.5829400525962964
2030,totalVI-X affine,ADT_CD184(CXCR4)_A0444,0.4863349033495145
2030,totalVI-X affine,ADT_CD19_A0093,0.6839701271643764
2030,totalVI-X affine,ADT_CD192(CCR2)_A0426,0.4790453252233188
2030,totalVI-X affine,ADT_CD195(CCR5)_A0376,0.531190482298314
2030,totalVI-X affine,ADT_CD196(CCR6)_A0225,0.5605970609966304
2030,totalVI-X affine,ADT_CD197(CCR7)_A0377,0.4901876079234786
2030,totalVI-X affine,ADT_CD20_A0192,0.48470139255426975
2030,totalVI-X affine,ADT_CD200(OX2)_A0079,0.5878896396912193
2030,totalVI-X affine,ADT_CD201(EPCR)_A0439,0.5092113797256546
2030,totalVI-X affine,ADT_CD204(Msr1)_A0448,0.4080521788222242
2030,totalVI-X affine,ADT_CD206(MMR)_A0173,0.528854573025402
2030,totalVI-X affine,ADT_CD21-CD35(CR2-CR1)_A0107,0.7212999875535457
2030,totalVI-X affine,ADT_CD223(LAG-3)_A0378,0.3870806142208776
2030,totalVI-X affine,ADT_CD23_A0108,0.7038449683021252
2030,totalVI-X affine,ADT_CD24_A0212,0.6213951839769829
2030,totalVI-X affine,ADT_CD25_A0097,0.5127878355644854
2030,totalVI-X affine,ADT_CD274(B7-H1_PD-L1)_A0190,0.5776629447939191
2030,totalVI-X affine,ADT_CD278(ICOS)_A0171,0.5120439676383128
2030,totalVI-X affine,ADT_CD279(PD-1)_A0004,0.4305072552747569
2030,totalVI-X affine,ADT_CD28_A0204,0.48554977777983427
2030,totalVI-X affine,ADT_CD29_A0570,0.7127467020618719
2030,totalVI-X affine,ADT_CD300LG(Nepmucin)_A0416,0.3879219042204427
2030,totalVI-X affine,ADT_CD301a(MGL1)_A0551,0.5791853453654248
2030,totalVI-X affine,ADT_CD301b(MGL2)_A0566,0.4731299776426194
2030,totalVI-X affine,ADT_CD304(Neuropilin-1)_A0552,0.5828457324332412
2030,totalVI-X affine,ADT_CD326(Ep-CAM)_A0449,0.6083760116537799
2030,totalVI-X affine,ADT_CD335(NKp46)_A0184,0.40128799354967215
2030,totalVI-X affine,ADT_CD357(GITR)_A0193,0.6159945046277986
2030,totalVI-X affine,ADT_CD36_A0555,0.5730085273009492
2030,totalVI-X affine,ADT_CD366(Tim-3)_A0003,0.49449929294877365
2030,totalVI-X affine,ADT_CD370(CLEC9A_DNGR1)_A0556,0.547384831667776
2030,totalVI-X affine,ADT_CD38_A0557,0.7866994396682147
2030,totalVI-X affine,ADT_CD4_A0001,0.8767145293842465
2030,totalVI-X affine,ADT_CD41_A0443,0.6177618964669758
2030,totalVI-X affine,ADT_CD43_A0110,0.6358923608025487
2030,totalVI-X affine,ADT_CD45_A0096,0.44852755055064525
2030,totalVI-X affine,ADT_CD45.1_A0178,0.5449513444436888
2030,totalVI-X affine,ADT_CD45.2_A0157,0.37579323806858744
2030,totalVI-X affine,ADT_CD45R-B220_A0103,0.5535964196243475
2030,totalVI-X affine,ADT_CD48_A0429,0.5726253459651974
2030,totalVI-X affine,ADT_CD49d_A0078,0.6592332807440034
2030,totalVI-X affine,ADT_CD5_A0111,0.7160663973020593
2030,totalVI-X affine,ADT_CD54_A0074,0.8659124265951713
2030,totalVI-X affine,ADT_CD55(DAF)_A0558,0.7067709120845614
2030,totalVI-X affine,ADT_CD62L_A0112,0.9964177723699343
2030,totalVI-X affine,ADT_CD62P(P-selectin)_A0229,0.45861631839636674
2030,totalVI-X affine,ADT_CD63_A0559,0.4782775617681978
2030,totalVI-X affine,ADT_CD64(FcrRI)_A0202,0.5170650528937976
2030,totalVI-X affine,ADT_CD68_A0560,0.44595478136736916
2030,totalVI-X affine,ADT_CD69_A0197,0.5507518634579341
2030,totalVI-X affine,ADT_CD71_A0441,0.5943279384964152
2030,totalVI-X affine,ADT_CD73_A0077,0.7220846288785064
2030,totalVI-X affine,ADT_CD79b(Igb)_A0561,0.5766287264993029
2030,totalVI-X affine,ADT_CD83_A0562,0.36070762595882144
2030,totalVI-X affine,ADT_CD86_A0200,0.8251367559454329
2030,totalVI-X affine,ADT_CD8a_A0002,0.7093545136542966
2030,totalVI-X affine,ADT_CD8b(Ly-3)_A0230,0.8690042943557978
2030,totalVI-X affine,ADT_CD90.1(Thy-1.1)_A0380,0.3756310773142674
2030,totalVI-X affine,ADT_CD90.2_A0075,0.7906254823300889
2030,totalVI-X affine,ADT_CD93(AA4.1_earlyBlineage)_A0113,0.5689080039230685
2030,totalVI-X affine,ADT_CX3CR1_A0563,0.49071998593683047
2030,totalVI-X affine,ADT_ESAM_A0596,0.5290907065122986
2030,totalVI-X affine,ADT_F4-80_A0114,0.6089155799580451
2030,totalVI-X affine,ADT_FceRIa_A0115,0.5442242073582468
2030,totalVI-X affine,ADT_FolateReceptorb(FR-b)_A0564,0.5666466724215965
2030,totalVI-X affine,ADT_H-2KbboundtoSIINFEKL_A0231,0.5283548879440993
2030,totalVI-X affine,ADT_I-A-I-E_A0117,0.8649670045448553
2030,totalVI-X affine,ADT_IRF4_A0249,0.512758251838538
2030,totalVI-X affine,ADT_IgD_A0571,0.7711052058075148
2030,totalVI-X affine,ADT_IgM_A0450,0.5160315939507504
2030,totalVI-X affine,ADT_Ly-6A-E(Sca-1)_A0130,0.9639415369879554
2030,totalVI-X affine,ADT_Ly-6C_A0013,0.5576855877953093
2030,totalVI-X affine,ADT_MAdCAM-1_A0232,0.5166277109623613
2030,totalVI-X affine,ADT_MERTK(Mer)_A0565,0.5268998949455967
2030,totalVI-X affine,ADT_NK-1.1_A0118,0.5755278454459453
2030,totalVI-X affine,ADT_Notch1_A0442,0.49215663173619845
2030,totalVI-X affine,ADT_PanendothelialCellAntigen_A0381,0.564590778110062
2030,totalVI-X affine,ADT_SiglecH_A0119,0.525735725675252
2030,totalVI-X affine,ADT_TCRVb5.1_5.2_A0354,0.7410440405776657
2030,totalVI-X affine,ADT_TCRVb8.1_8.2_A0235,0.5939975861352985
2030,totalVI-X affine,ADT_TCRVr1.1-Cr4_A0209,0.3927420610452858
2030,totalVI-X affine,ADT_TCRVr2_A0211,0.5521272772536324
2030,totalVI-X affine,ADT_TCRVr3_A0210,0.42532304018394373
2030,totalVI-X affine,ADT_TCRbchain_A0120,0.6109849916750847
2030,totalVI-X affine,ADT_TCRr-d_A0121,0.5462743277235297
2030,totalVI-X affine,ADT_TER-119-ErythroidCells_A0122,0.4720652703709471
2030,totalVI-X affine,ADT_Tim-4_A0567,0.5581482018882583
2030,totalVI-X affine,ADT_XCR1_A0568,0.535308466930035
2030,totalVI-X affine,ADT_anti-P2RY12_A0415,0.5366512990513185
2030,totalVI-X affine,ADT_integrinb7_A0214,0.6735373711964747
2030,totalVI likelihood-consistent + D1 head,ADT_CD102_A0104,0.647541557658852
2030,totalVI likelihood-consistent + D1 head,ADT_CD103_A0201,0.5307184089653406
2030,totalVI likelihood-consistent + D1 head,ADT_CD106_A0226,0.6390856895696386
2030,totalVI likelihood-consistent + D1 head,ADT_CD115(CSF-1R)_A0105,0.5958193652736933
2030,totalVI likelihood-consistent + D1 head,ADT_CD117(c-Kit)_A0012,0.561995732441849
2030,totalVI likelihood-consistent + D1 head,ADT_CD11a_A0595,0.7167731010513673
2030,totalVI likelihood-consistent + D1 head,ADT_CD11c_A0106,0.6015346020094561
2030,totalVI likelihood-consistent + D1 head,ADT_CD122(IL-2Rb)_A0227,0.5425441386226395
2030,totalVI likelihood-consistent + D1 head,ADT_CD127(IL-7Ra)_A0198,0.5607049164408917
2030,totalVI likelihood-consistent + D1 head,ADT_CD134(OX-40)_A0195,0.3966294585969239
2030,totalVI likelihood-consistent + D1 head,ADT_CD135_A0098,0.49043909207125147
2030,totalVI likelihood-consistent + D1 head,ADT_CD137_A0194,0.4396324296769747
2030,totalVI likelihood-consistent + D1 head,ADT_CD14_A0424,0.5698467024807466
2030,totalVI likelihood-consistent + D1 head,ADT_CD140a_A0573,0.3765424066628193
2030,totalVI likelihood-consistent + D1 head,ADT_CD15(SSEA-1)_A0076,0.5309832731964241
2030,totalVI likelihood-consistent + D1 head,ADT_CD150(SLAM)_A0203,0.7238638199301048
2030,totalVI likelihood-consistent + D1 head,ADT_CD16-32_A0109,0.536131327271197
2030,totalVI likelihood-consistent + D1 head,ADT_CD169(Siglec-1)_A0440,0.45703946255377637
2030,totalVI likelihood-consistent + D1 head,ADT_CD172a(SIRPa)_A0422,0.5143391742220327
2030,totalVI likelihood-consistent + D1 head,ADT_CD183(CXCR3)_A0228,0.5814911161883018
2030,totalVI likelihood-consistent + D1 head,ADT_CD184(CXCR4)_A0444,0.4863928381560079
2030,totalVI likelihood-consistent + D1 head,ADT_CD19_A0093,0.6864637567361705
2030,totalVI likelihood-consistent + D1 head,ADT_CD192(CCR2)_A0426,0.478927635011885
2030,totalVI likelihood-consistent + D1 head,ADT_CD195(CCR5)_A0376,0.5310285190146534
2030,totalVI likelihood-consistent + D1 head,ADT_CD196(CCR6)_A0225,0.5604093927987781
2030,totalVI likelihood-consistent + D1 head,ADT_CD197(CCR7)_A0377,0.490137512406281
2030,totalVI likelihood-consistent + D1 head,ADT_CD20_A0192,0.4852910652158713
2030,totalVI likelihood-consistent + D1 head,ADT_CD200(OX2)_A0079,0.5890923527909783
2030,totalVI likelihood-consistent + D1 head,ADT_CD201(EPCR)_A0439,0.5091860515166908
2030,totalVI likelihood-consistent + D1 head,ADT_CD204(Msr1)_A0448,0.40811792257188684
2030,totalVI likelihood-consistent + D1 head,ADT_CD206(MMR)_A0173,0.5288387133687579
2030,totalVI likelihood-consistent + D1 head,ADT_CD21-CD35(CR2-CR1)_A0107,0.7212298377058819
2030,totalVI likelihood-consistent + D1 head,ADT_CD223(LAG-3)_A0378,0.387059940728745
2030,totalVI likelihood-consistent + D1 head,ADT_CD23_A0108,0.7028877088129856
2030,totalVI likelihood-consistent + D1 head,ADT_CD24_A0212,0.6211861967251391
2030,totalVI likelihood-consistent + D1 head,ADT_CD25_A0097,0.5107907543556263
2030,totalVI likelihood-consistent + D1 head,ADT_CD274(B7-H1_PD-L1)_A0190,0.5771823929101737
2030,totalVI likelihood-consistent + D1 head,ADT_CD278(ICOS)_A0171,0.5122579924189259
2030,totalVI likelihood-consistent + D1 head,ADT_CD279(PD-1)_A0004,0.43057636683708256
2030,totalVI likelihood-consistent + D1 head,ADT_CD28_A0204,0.48568404391902814
2030,totalVI likelihood-consistent + D1 head,ADT_CD29_A0570,0.7117033539879687
2030,totalVI likelihood-consistent + D1 head,ADT_CD300LG(Nepmucin)_A0416,0.3878945081845159
2030,totalVI likelihood-consistent + D1 head,ADT_CD301a(MGL1)_A0551,0.5788652681474772
2030,totalVI likelihood-consistent + D1 head,ADT_CD301b(MGL2)_A0566,0.4732225056901117
2030,totalVI likelihood-consistent + D1 head,ADT_CD304(Neuropilin-1)_A0552,0.5825299671630848
2030,totalVI likelihood-consistent + D1 head,ADT_CD326(Ep-CAM)_A0449,0.6084767494352772
2030,totalVI likelihood-consistent + D1 head,ADT_CD335(NKp46)_A0184,0.4012166424371356
2030,totalVI likelihood-consistent + D1 head,ADT_CD357(GITR)_A0193,0.6170142879168002
2030,totalVI likelihood-consistent + D1 head,ADT_CD36_A0555,0.5726838704358029
2030,totalVI likelihood-consistent + D1 head,ADT_CD366(Tim-3)_A0003,0.4942116187964988
2030,totalVI likelihood-consistent + D1 head,ADT_CD370(CLEC9A_DNGR1)_A0556,0.5471092935300063
2030,totalVI likelihood-consistent + D1 head,ADT_CD38_A0557,0.7868938158251206
2030,totalVI likelihood-consistent + D1 head,ADT_CD4_A0001,0.8708364165404219
2030,totalVI likelihood-consistent + D1 head,ADT_CD41_A0443,0.617798637449536
2030,totalVI likelihood-consistent + D1 head,ADT_CD43_A0110,0.6363476061671515
2030,totalVI likelihood-consistent + D1 head,ADT_CD45_A0096,0.44853444054037195
2030,totalVI likelihood-consistent + D1 head,ADT_CD45.1_A0178,0.5449858752795539
2030,totalVI likelihood-consistent + D1 head,ADT_CD45.2_A0157,0.3758683789842512
2030,totalVI likelihood-consistent + D1 head,ADT_CD45R-B220_A0103,0.5549484642786627
2030,totalVI likelihood-consistent + D1 head,ADT_CD48_A0429,0.5724755604725323
2030,totalVI likelihood-consistent + D1 head,ADT_CD49d_A0078,0.659160900101819
2030,totalVI likelihood-consistent + D1 head,ADT_CD5_A0111,0.7164836901303169
2030,totalVI likelihood-consistent + D1 head,ADT_CD54_A0074,0.8676202169983298
2030,totalVI likelihood-consistent + D1 head,ADT_CD55(DAF)_A0558,0.7067048608046745
2030,totalVI likelihood-consistent + D1 head,ADT_CD62L_A0112,0.9978445581416154
2030,totalVI likelihood-consistent + D1 head,ADT_CD62P(P-selectin)_A0229,0.458614559668137
2030,totalVI likelihood-consistent + D1 head,ADT_CD63_A0559,0.4780932776908979
2030,totalVI likelihood-consistent + D1 head,ADT_CD64(FcrRI)_A0202,0.5171027564095072
2030,totalVI likelihood-consistent + D1 head,ADT_CD68_A0560,0.4461046098125988
2030,totalVI likelihood-consistent + D1 head,ADT_CD69_A0197,0.5506767143604686
2030,totalVI likelihood-consistent + D1 head,ADT_CD71_A0441,0.595444434132696
2030,totalVI likelihood-consistent + D1 head,ADT_CD73_A0077,0.7210441678744299
2030,totalVI likelihood-consistent + D1 head,ADT_CD79b(Igb)_A0561,0.5776015035411082
2030,totalVI likelihood-consistent + D1 head,ADT_CD83_A0562,0.36053973940869627
2030,totalVI likelihood-consistent + D1 head,ADT_CD86_A0200,0.8258624634709092
2030,totalVI likelihood-consistent + D1 head,ADT_CD8a_A0002,0.7045172680951568
2030,totalVI likelihood-consistent + D1 head,ADT_CD8b(Ly-3)_A0230,0.8572726730796388
2030,totalVI likelihood-consistent + D1 head,ADT_CD90.1(Thy-1.1)_A0380,0.37567418602359004
2030,totalVI likelihood-consistent + D1 head,ADT_CD90.2_A0075,0.7899252905155343
2030,totalVI likelihood-consistent + D1 head,ADT_CD93(AA4.1_earlyBlineage)_A0113,0.5683696239082088
2030,totalVI likelihood-consistent + D1 head,ADT_CX3CR1_A0563,0.48955469867168144
2030,totalVI likelihood-consistent + D1 head,ADT_ESAM_A0596,0.52894822438564
2030,totalVI likelihood-consistent + D1 head,ADT_F4-80_A0114,0.6083006373315475
2030,totalVI likelihood-consistent + D1 head,ADT_FceRIa_A0115,0.5440747137203458
2030,totalVI likelihood-consistent + D1 head,ADT_FolateReceptorb(FR-b)_A0564,0.5663523757599185
2030,totalVI likelihood-consistent + D1 head,ADT_H-2KbboundtoSIINFEKL_A0231,0.5283431952109147
2030,totalVI likelihood-consistent + D1 head,ADT_I-A-I-E_A0117,0.8644819690869331
2030,totalVI likelihood-consistent + D1 head,ADT_IRF4_A0249,0.5127514323603913
2030,totalVI likelihood-consistent + D1 head,ADT_IgD_A0571,0.7706569359428306
2030,totalVI likelihood-consistent + D1 head,ADT_IgM_A0450,0.516035967610191
2030,totalVI likelihood-consistent + D1 head,ADT_Ly-6A-E(Sca-1)_A0130,0.9641296472157435
2030,totalVI likelihood-consistent + D1 head,ADT_Ly-6C_A0013,0.5565052703979901
2030,totalVI likelihood-consistent + D1 head,ADT_MAdCAM-1_A0232,0.5165307895082654
2030,totalVI likelihood-consistent + D1 head,ADT_MERTK(Mer)_A0565,0.5267673715431325
2030,totalVI likelihood-consistent + D1 head,ADT_NK-1.1_A0118,0.5753186940536722
2030,totalVI likelihood-consistent + D1 head,ADT_Notch1_A0442,0.4921592691449736
2030,totalVI likelihood-consistent + D1 head,ADT_PanendothelialCellAntigen_A0381,0.5646979749565135
2030,totalVI likelihood-consistent + D1 head,ADT_SiglecH_A0119,0.5254988610519665
2030,totalVI likelihood-consistent + D1 head,ADT_TCRVb5.1_5.2_A0354,0.7409026499054612
2030,totalVI likelihood-consistent + D1 head,ADT_TCRVb8.1_8.2_A0235,0.5940451416942019
2030,totalVI likelihood-consistent + D1 head,ADT_TCRVr1.1-Cr4_A0209,0.39263156367884994
2030,totalVI likelihood-consistent + D1 head,ADT_TCRVr2_A0211,0.5521076792002536
2030,totalVI likelihood-consistent + D1 head,ADT_TCRVr3_A0210,0.4252499436444099
2030,totalVI likelihood-consistent + D1 head,ADT_TCRbchain_A0120,0.6097936252917391
2030,totalVI likelihood-consistent + D1 head,ADT_TCRr-d_A0121,0.5460537122451156
2030,totalVI likelihood-consistent + D1 head,ADT_TER-119-ErythroidCells_A0122,0.46954547643904726
2030,totalVI likelihood-consistent + D1 head,ADT_Tim-4_A0567,0.5580600720545652
2030,totalVI likelihood-consistent + D1 head,ADT_XCR1_A0568,0.5348870590096704
2030,totalVI likelihood-consistent + D1 head,ADT_anti-P2RY12_A0415,0.5363984082400236
2030,totalVI likelihood-consistent + D1 head,ADT_integrinb7_A0214,0.6738785378596531
2031,totalVI helper-uncorrected,ADT_CD102_A0104,0.8609860627115429
2031,totalVI helper-uncorrected,ADT_CD103_A0201,1.0727356108850299
2031,totalVI helper-uncorrected,ADT_CD106_A0226,0.9481617690378391
2031,totalVI helper-uncorrected,ADT_CD115(CSF-1R)_A0105,1.0425970787191707
2031,totalVI helper-uncorrected,ADT_CD117(c-Kit)_A0012,1.0747449034850463
2031,totalVI helper-uncorrected,ADT_CD11a_A0595,0.6552051849549207
2031,totalVI helper-uncorrected,ADT_CD11c_A0106,1.051935015863581
2031,totalVI helper-uncorrected,ADT_CD122(IL-2Rb)_A0227,0.9844990092551038
2031,totalVI helper-uncorrected,ADT_CD127(IL-7Ra)_A0198,0.9287831101903213
2031,totalVI helper-uncorrected,ADT_CD134(OX-40)_A0195,1.1860568060215704
2031,totalVI helper-uncorrected,ADT_CD135_A0098,1.091661375160075
2031,totalVI helper-uncorrected,ADT_CD137_A0194,1.1202659284156502
2031,totalVI helper-uncorrected,ADT_CD14_A0424,1.0970302931607805
2031,totalVI helper-uncorrected,ADT_CD140a_A0573,1.0753256404578322
2031,totalVI helper-uncorrected,ADT_CD15(SSEA-1)_A0076,1.171874814839547
2031,totalVI helper-uncorrected,ADT_CD150(SLAM)_A0203,1.0112003049069516
2031,totalVI helper-uncorrected,ADT_CD16-32_A0109,1.0779404183498282
2031,totalVI helper-uncorrected,ADT_CD169(Siglec-1)_A0440,1.1063382370275534
2031,totalVI helper-uncorrected,ADT_CD172a(SIRPa)_A0422,1.0740374624911746
2031,totalVI helper-uncorrected,ADT_CD183(CXCR3)_A0228,1.086939112824715
2031,totalVI helper-uncorrected,ADT_CD184(CXCR4)_A0444,1.0107321357152015
2031,totalVI helper-uncorrected,ADT_CD19_A0093,0.7997624421688049
2031,totalVI helper-uncorrected,ADT_CD192(CCR2)_A0426,0.9888473789716089
2031,totalVI helper-uncorrected,ADT_CD195(CCR5)_A0376,1.1563052172431652
2031,totalVI helper-uncorrected,ADT_CD196(CCR6)_A0225,0.9906462257212136
2031,totalVI helper-uncorrected,ADT_CD197(CCR7)_A0377,1.0923021856208277
2031,totalVI helper-uncorrected,ADT_CD20_A0192,1.0057149803846364
2031,totalVI helper-uncorrected,ADT_CD200(OX2)_A0079,1.0571373026271889
2031,totalVI helper-uncorrected,ADT_CD201(EPCR)_A0439,1.0558658975780777
2031,totalVI helper-uncorrected,ADT_CD204(Msr1)_A0448,0.6872414840993162
2031,totalVI helper-uncorrected,ADT_CD206(MMR)_A0173,1.2249886944641037
2031,totalVI helper-uncorrected,ADT_CD21-CD35(CR2-CR1)_A0107,1.199030288826168
2031,totalVI helper-uncorrected,ADT_CD223(LAG-3)_A0378,1.0704409592715738
2031,totalVI helper-uncorrected,ADT_CD23_A0108,1.180982711082768
2031,totalVI helper-uncorrected,ADT_CD24_A0212,1.1424072046395595
2031,totalVI helper-uncorrected,ADT_CD25_A0097,0.8751658629031985
2031,totalVI helper-uncorrected,ADT_CD274(B7-H1_PD-L1)_A0190,0.8533057824745212
2031,totalVI helper-uncorrected,ADT_CD278(ICOS)_A0171,1.004559385360714
2031,totalVI helper-uncorrected,ADT_CD279(PD-1)_A0004,1.1100599138982725
2031,totalVI helper-uncorrected,ADT_CD28_A0204,1.0698595343901838
2031,totalVI helper-uncorrected,ADT_CD29_A0570,0.8909848005918156
2031,totalVI helper-uncorrected,ADT_CD300LG(Nepmucin)_A0416,1.09134553581498
2031,totalVI helper-uncorrected,ADT_CD301a(MGL1)_A0551,1.170669684210897
2031,totalVI helper-uncorrected,ADT_CD301b(MGL2)_A0566,1.081231473322821
2031,totalVI helper-uncorrected,ADT_CD304(Neuropilin-1)_A0552,1.192611136569682
2031,totalVI helper-uncorrected,ADT_CD326(Ep-CAM)_A0449,1.0420985302415764
2031,totalVI helper-uncorrected,ADT_CD335(NKp46)_A0184,1.2036244197204964
2031,totalVI helper-uncorrected,ADT_CD357(GITR)_A0193,1.0263979878884593
2031,totalVI helper-uncorrected,ADT_CD36_A0555,1.0503836652339975
2031,totalVI helper-uncorrected,ADT_CD366(Tim-3)_A0003,0.9171436313314841
2031,totalVI helper-uncorrected,ADT_CD370(CLEC9A_DNGR1)_A0556,1.0743435790988185
2031,totalVI helper-uncorrected,ADT_CD38_A0557,0.9325341269706132
2031,totalVI helper-uncorrected,ADT_CD4_A0001,1.3613968695030447
2031,totalVI helper-uncorrected,ADT_CD41_A0443,1.3726981183921243
2031,totalVI helper-uncorrected,ADT_CD43_A0110,0.9619830969472646
2031,totalVI helper-uncorrected,ADT_CD45_A0096,1.1836637964175922
2031,totalVI helper-uncorrected,ADT_CD45.1_A0178,1.1139195516083797
2031,totalVI helper-uncorrected,ADT_CD45.2_A0157,1.1481362363751817
2031,totalVI helper-uncorrected,ADT_CD45R-B220_A0103,0.9983765809409056
2031,totalVI helper-uncorrected,ADT_CD48_A0429,0.8167983803018614
2031,totalVI helper-uncorrected,ADT_CD49d_A0078,0.9298796138914046
2031,totalVI helper-uncorrected,ADT_CD5_A0111,1.0580346401660492
2031,totalVI helper-uncorrected,ADT_CD54_A0074,0.9499276591932024
2031,totalVI helper-uncorrected,ADT_CD55(DAF)_A0558,1.0465226113094492
2031,totalVI helper-uncorrected,ADT_CD62L_A0112,1.096030611463246
2031,totalVI helper-uncorrected,ADT_CD62P(P-selectin)_A0229,1.179858777750486
2031,totalVI helper-uncorrected,ADT_CD63_A0559,1.1025317832810182
2031,totalVI helper-uncorrected,ADT_CD64(FcrRI)_A0202,0.9265717139951111
2031,totalVI helper-uncorrected,ADT_CD68_A0560,0.7350514257905768
2031,totalVI helper-uncorrected,ADT_CD69_A0197,0.9665189747823565
2031,totalVI helper-uncorrected,ADT_CD71_A0441,1.1158076066641966
2031,totalVI helper-uncorrected,ADT_CD73_A0077,1.1743827909709132
2031,totalVI helper-uncorrected,ADT_CD79b(Igb)_A0561,1.0291436606857316
2031,totalVI helper-uncorrected,ADT_CD83_A0562,0.5396543993477545
2031,totalVI helper-uncorrected,ADT_CD86_A0200,1.173797233654385
2031,totalVI helper-uncorrected,ADT_CD8a_A0002,1.306260272136197
2031,totalVI helper-uncorrected,ADT_CD8b(Ly-3)_A0230,1.4405174738195687
2031,totalVI helper-uncorrected,ADT_CD90.1(Thy-1.1)_A0380,0.6142624748051358
2031,totalVI helper-uncorrected,ADT_CD90.2_A0075,1.204719450184167
2031,totalVI helper-uncorrected,ADT_CD93(AA4.1_earlyBlineage)_A0113,1.1375986667152107
2031,totalVI helper-uncorrected,ADT_CX3CR1_A0563,0.8167593988814486
2031,totalVI helper-uncorrected,ADT_ESAM_A0596,1.0849557477742606
2031,totalVI helper-uncorrected,ADT_F4-80_A0114,1.0781622789726222
2031,totalVI helper-uncorrected,ADT_FceRIa_A0115,1.0902231632298334
2031,totalVI helper-uncorrected,ADT_FolateReceptorb(FR-b)_A0564,1.0982817392162316
2031,totalVI helper-uncorrected,ADT_H-2KbboundtoSIINFEKL_A0231,1.084125795091468
2031,totalVI helper-uncorrected,ADT_I-A-I-E_A0117,1.4470421860547555
2031,totalVI helper-uncorrected,ADT_IRF4_A0249,1.055136042437623
2031,totalVI helper-uncorrected,ADT_IgD_A0571,1.1545920253197168
2031,totalVI helper-uncorrected,ADT_IgM_A0450,1.1082655415353202
2031,totalVI helper-uncorrected,ADT_Ly-6A-E(Sca-1)_A0130,1.3255511856144744
2031,totalVI helper-uncorrected,ADT_Ly-6C_A0013,1.0768406067064615
2031,totalVI helper-uncorrected,ADT_MAdCAM-1_A0232,1.1058921043202297
2031,totalVI helper-uncorrected,ADT_MERTK(Mer)_A0565,1.1312714932703785
2031,totalVI helper-uncorrected,ADT_NK-1.1_A0118,1.245753182126516
2031,totalVI helper-uncorrected,ADT_Notch1_A0442,1.1667473668282433
2031,totalVI helper-uncorrected,ADT_PanendothelialCellAntigen_A0381,1.0902259571614845
2031,totalVI helper-uncorrected,ADT_SiglecH_A0119,1.0889658089092982
2031,totalVI helper-uncorrected,ADT_TCRVb5.1_5.2_A0354,1.6342177619221296
2031,totalVI helper-uncorrected,ADT_TCRVb8.1_8.2_A0235,1.1192793622283226
2031,totalVI helper-uncorrected,ADT_TCRVr1.1-Cr4_A0209,0.6127842417361709
2031,totalVI helper-uncorrected,ADT_TCRVr2_A0211,1.099564589867764
2031,totalVI helper-uncorrected,ADT_TCRVr3_A0210,1.0428713057276353
2031,totalVI helper-uncorrected,ADT_TCRbchain_A0120,1.236860332894462
2031,totalVI helper-uncorrected,ADT_TCRr-d_A0121,1.1231316158810285
2031,totalVI helper-uncorrected,ADT_TER-119-ErythroidCells_A0122,0.8151965750354433
2031,totalVI helper-uncorrected,ADT_Tim-4_A0567,1.0838194862152901
2031,totalVI helper-uncorrected,ADT_XCR1_A0568,1.0604568786907536
2031,totalVI helper-uncorrected,ADT_anti-P2RY12_A0415,1.0900450212734751
2031,totalVI helper-uncorrected,ADT_integrinb7_A0214,0.8694431763966298
2031,totalVI likelihood-consistent,ADT_CD102_A0104,0.49819668757254115
2031,totalVI likelihood-consistent,ADT_CD103_A0201,0.516292198610447
2031,totalVI likelihood-consistent,ADT_CD106_A0226,0.5804832268382171
2031,totalVI likelihood-consistent,ADT_CD115(CSF-1R)_A0105,0.591419685813338
2031,totalVI likelihood-consistent,ADT_CD117(c-Kit)_A0012,0.5640955388372678
2031,totalVI likelihood-consistent,ADT_CD11a_A0595,0.5950009675468015
2031,totalVI likelihood-consistent,ADT_CD11c_A0106,0.6116984616538993
2031,totalVI likelihood-consistent,ADT_CD122(IL-2Rb)_A0227,0.5449626124885684
2031,totalVI likelihood-consistent,ADT_CD127(IL-7Ra)_A0198,0.5367168325051372
2031,totalVI likelihood-consistent,ADT_CD134(OX-40)_A0195,0.4224586692089878
2031,totalVI likelihood-consistent,ADT_CD135_A0098,0.5042235759496096
2031,totalVI likelihood-consistent,ADT_CD137_A0194,0.45259890323782753
2031,totalVI likelihood-consistent,ADT_CD14_A0424,0.5854662879479415
2031,totalVI likelihood-consistent,ADT_CD140a_A0573,0.37974795251041826
2031,totalVI likelihood-consistent,ADT_CD15(SSEA-1)_A0076,0.566212930434294
2031,totalVI likelihood-consistent,ADT_CD150(SLAM)_A0203,0.6199275843312757
2031,totalVI likelihood-consistent,ADT_CD16-32_A0109,0.5553353452701333
2031,totalVI likelihood-consistent,ADT_CD169(Siglec-1)_A0440,0.4592554234363082
2031,totalVI likelihood-consistent,ADT_CD172a(SIRPa)_A0422,0.5120062649797053
2031,totalVI likelihood-consistent,ADT_CD183(CXCR3)_A0228,0.6041980939781196
2031,totalVI likelihood-consistent,ADT_CD184(CXCR4)_A0444,0.474412851121549
2031,totalVI likelihood-consistent,ADT_CD19_A0093,0.5973297525482204
2031,totalVI likelihood-consistent,ADT_CD192(CCR2)_A0426,0.45398515400295963
2031,totalVI likelihood-consistent,ADT_CD195(CCR5)_A0376,0.5560911960630907
2031,totalVI likelihood-consistent,ADT_CD196(CCR6)_A0225,0.5593805611074725
2031,totalVI likelihood-consistent,ADT_CD197(CCR7)_A0377,0.49602803686575314
2031,totalVI likelihood-consistent,ADT_CD20_A0192,0.45113073914411017
2031,totalVI likelihood-consistent,ADT_CD200(OX2)_A0079,0.555212297198859
2031,totalVI likelihood-consistent,ADT_CD201(EPCR)_A0439,0.5132444641929302
2031,totalVI likelihood-consistent,ADT_CD204(Msr1)_A0448,0.4205541889152609
2031,totalVI likelihood-consistent,ADT_CD206(MMR)_A0173,0.5596046273510278
2031,totalVI likelihood-consistent,ADT_CD21-CD35(CR2-CR1)_A0107,0.6998425660348665
2031,totalVI likelihood-consistent,ADT_CD223(LAG-3)_A0378,0.39070848637119837
2031,totalVI likelihood-consistent,ADT_CD23_A0108,0.6773582542403227
2031,totalVI likelihood-consistent,ADT_CD24_A0212,0.5809507973715962
2031,totalVI likelihood-consistent,ADT_CD25_A0097,0.5335011195894921
2031,totalVI likelihood-consistent,ADT_CD274(B7-H1_PD-L1)_A0190,0.49839305788077004
2031,totalVI likelihood-consistent,ADT_CD278(ICOS)_A0171,0.47354600193299234
2031,totalVI likelihood-consistent,ADT_CD279(PD-1)_A0004,0.4438288335796048
2031,totalVI likelihood-consistent,ADT_CD28_A0204,0.48768761009407074
2031,totalVI likelihood-consistent,ADT_CD29_A0570,0.5947069962551439
2031,totalVI likelihood-consistent,ADT_CD300LG(Nepmucin)_A0416,0.394967789227243
2031,totalVI likelihood-consistent,ADT_CD301a(MGL1)_A0551,0.622639782033705
2031,totalVI likelihood-consistent,ADT_CD301b(MGL2)_A0566,0.4819322096193511
2031,totalVI likelihood-consistent,ADT_CD304(Neuropilin-1)_A0552,0.6250910577653022
2031,totalVI likelihood-consistent,ADT_CD326(Ep-CAM)_A0449,0.6209780395561137
2031,totalVI likelihood-consistent,ADT_CD335(NKp46)_A0184,0.4207675345020914
2031,totalVI likelihood-consistent,ADT_CD357(GITR)_A0193,0.5772257723578591
2031,totalVI likelihood-consistent,ADT_CD36_A0555,0.5759360663948614
2031,totalVI likelihood-consistent,ADT_CD366(Tim-3)_A0003,0.5226044247984271
2031,totalVI likelihood-consistent,ADT_CD370(CLEC9A_DNGR1)_A0556,0.5621377875047198
2031,totalVI likelihood-consistent,ADT_CD38_A0557,0.7149019177182324
2031,totalVI likelihood-consistent,ADT_CD4_A0001,0.8623250890195101
2031,totalVI likelihood-consistent,ADT_CD41_A0443,0.7114998549238299
2031,totalVI likelihood-consistent,ADT_CD43_A0110,0.5528610430853127
2031,totalVI likelihood-consistent,ADT_CD45_A0096,0.4620960616283726
2031,totalVI likelihood-consistent,ADT_CD45.1_A0178,0.5803953359322858
2031,totalVI likelihood-consistent,ADT_CD45.2_A0157,0.39330830337743133
2031,totalVI likelihood-consistent,ADT_CD45R-B220_A0103,0.5069049345886718
2031,totalVI likelihood-consistent,ADT_CD48_A0429,0.45049061042361527
2031,totalVI likelihood-consistent,ADT_CD49d_A0078,0.5397920047158453
2031,totalVI likelihood-consistent,ADT_CD5_A0111,0.6358202536790428
2031,totalVI likelihood-consistent,ADT_CD54_A0074,0.6582437803202099
2031,totalVI likelihood-consistent,ADT_CD55(DAF)_A0558,0.6672125610177584
2031,totalVI likelihood-consistent,ADT_CD62L_A0112,0.8655451710194423
2031,totalVI likelihood-consistent,ADT_CD62P(P-selectin)_A0229,0.48018327041348735
2031,totalVI likelihood-consistent,ADT_CD63_A0559,0.4788134926215814
2031,totalVI likelihood-consistent,ADT_CD64(FcrRI)_A0202,0.528866966234661
2031,totalVI likelihood-consistent,ADT_CD68_A0560,0.4597210199787419
2031,totalVI likelihood-consistent,ADT_CD69_A0197,0.5265848554474658
2031,totalVI likelihood-consistent,ADT_CD71_A0441,0.5648437582974518
2031,totalVI likelihood-consistent,ADT_CD73_A0077,0.7023475829715
2031,totalVI likelihood-consistent,ADT_CD79b(Igb)_A0561,0.5451878852502076
2031,totalVI likelihood-consistent,ADT_CD83_A0562,0.3651271378684419
2031,totalVI likelihood-consistent,ADT_CD86_A0200,0.7524863395070076
2031,totalVI likelihood-consistent,ADT_CD8a_A0002,0.7500420323876258
2031,totalVI likelihood-consistent,ADT_CD8b(Ly-3)_A0230,0.9232794268157806
2031,totalVI likelihood-consistent,ADT_CD90.1(Thy-1.1)_A0380,0.3843983409950696
2031,totalVI likelihood-consistent,ADT_CD90.2_A0075,0.7517469510364848
2031,totalVI likelihood-consistent,ADT_CD93(AA4.1_earlyBlineage)_A0113,0.5962566831211484
2031,totalVI likelihood-consistent,ADT_CX3CR1_A0563,0.49868046458104537
2031,totalVI likelihood-consistent,ADT_ESAM_A0596,0.5383921049579024
2031,totalVI likelihood-consistent,ADT_F4-80_A0114,0.6173069579077215
2031,totalVI likelihood-consistent,ADT_FceRIa_A0115,0.5679459600637095
2031,totalVI likelihood-consistent,ADT_FolateReceptorb(FR-b)_A0564,0.5698479050197676
2031,totalVI likelihood-consistent,ADT_H-2KbboundtoSIINFEKL_A0231,0.5430479099884414
2031,totalVI likelihood-consistent,ADT_I-A-I-E_A0117,0.8741997519533982
2031,totalVI likelihood-consistent,ADT_IRF4_A0249,0.5155069836818709
2031,totalVI likelihood-consistent,ADT_IgD_A0571,0.7231807693395329
2031,totalVI likelihood-consistent,ADT_IgM_A0450,0.5387806393894619
2031,totalVI likelihood-consistent,ADT_Ly-6A-E(Sca-1)_A0130,0.8588213437627218
2031,totalVI likelihood-consistent,ADT_Ly-6C_A0013,0.5356929722550463
2031,totalVI likelihood-consistent,ADT_MAdCAM-1_A0232,0.5303792902050265
2031,totalVI likelihood-consistent,ADT_MERTK(Mer)_A0565,0.5467614878169468
2031,totalVI likelihood-consistent,ADT_NK-1.1_A0118,0.6297463989530124
2031,totalVI likelihood-consistent,ADT_Notch1_A0442,0.518112201412575
2031,totalVI likelihood-consistent,ADT_PanendothelialCellAntigen_A0381,0.5749541084355504
2031,totalVI likelihood-consistent,ADT_SiglecH_A0119,0.543641993052051
2031,totalVI likelihood-consistent,ADT_TCRVb5.1_5.2_A0354,0.9439344540650655
2031,totalVI likelihood-consistent,ADT_TCRVb8.1_8.2_A0235,0.6228351420740355
2031,totalVI likelihood-consistent,ADT_TCRVr1.1-Cr4_A0209,0.40034650415895556
2031,totalVI likelihood-consistent,ADT_TCRVr2_A0211,0.5719313527215505
2031,totalVI likelihood-consistent,ADT_TCRVr3_A0210,0.42404735586972053
2031,totalVI likelihood-consistent,ADT_TCRbchain_A0120,0.6367054051316646
2031,totalVI likelihood-consistent,ADT_TCRr-d_A0121,0.5604047786167933
2031,totalVI likelihood-consistent,ADT_TER-119-ErythroidCells_A0122,0.48745930962251593
2031,totalVI likelihood-consistent,ADT_Tim-4_A0567,0.5502035465623991
2031,totalVI likelihood-consistent,ADT_XCR1_A0568,0.5454253103345856
2031,totalVI likelihood-consistent,ADT_anti-P2RY12_A0415,0.5419281417120015
2031,totalVI likelihood-consistent,ADT_integrinb7_A0214,0.5511466210996533
2031,totalVI-X affine,ADT_CD102_A0104,0.6136798795605347
2031,totalVI-X affine,ADT_CD103_A0201,0.5278627504880985
2031,totalVI-X affine,ADT_CD106_A0226,0.6281780727827895
2031,totalVI-X affine,ADT_CD115(CSF-1R)_A0105,0.5947110394969062
2031,totalVI-X affine,ADT_CD117(c-Kit)_A0012,0.5617888940662565
2031,totalVI-X affine,ADT_CD11a_A0595,0.6933057353421174
2031,totalVI-X affine,ADT_CD11c_A0106,0.5985319551709274
2031,totalVI-X affine,ADT_CD122(IL-2Rb)_A0227,0.5422715148837968
2031,totalVI-X affine,ADT_CD127(IL-7Ra)_A0198,0.5583429164715582
2031,totalVI-X affine,ADT_CD134(OX-40)_A0195,0.3963010530326805
2031,totalVI-X affine,ADT_CD135_A0098,0.4904513467131941
2031,totalVI-X affine,ADT_CD137_A0194,0.4372868398030806
2031,totalVI-X affine,ADT_CD14_A0424,0.5723024377661596
2031,totalVI-X affine,ADT_CD140a_A0573,0.37512846784249043
2031,totalVI-X affine,ADT_CD15(SSEA-1)_A0076,0.5324537205053101
2031,totalVI-X affine,ADT_CD150(SLAM)_A0203,0.6963827235429749
2031,totalVI-X affine,ADT_CD16-32_A0109,0.5352568914539126
2031,totalVI-X affine,ADT_CD169(Siglec-1)_A0440,0.4569644680073231
2031,totalVI-X affine,ADT_CD172a(SIRPa)_A0422,0.5060267009477125
2031,totalVI-X affine,ADT_CD183(CXCR3)_A0228,0.5820163957954083
2031,totalVI-X affine,ADT_CD184(CXCR4)_A0444,0.4869454204904767
2031,totalVI-X affine,ADT_CD19_A0093,0.6554100377866351
2031,totalVI-X affine,ADT_CD192(CCR2)_A0426,0.47665314571056905
2031,totalVI-X affine,ADT_CD195(CCR5)_A0376,0.5266883068984362
2031,totalVI-X affine,ADT_CD196(CCR6)_A0225,0.5612347847341099
2031,totalVI-X affine,ADT_CD197(CCR7)_A0377,0.48694219773874675
2031,totalVI-X affine,ADT_CD20_A0192,0.47551671698876746
2031,totalVI-X affine,ADT_CD200(OX2)_A0079,0.563989259303659
2031,totalVI-X affine,ADT_CD201(EPCR)_A0439,0.5083872705655981
2031,totalVI-X affine,ADT_CD204(Msr1)_A0448,0.4089859962913697
2031,totalVI-X affine,ADT_CD206(MMR)_A0173,0.5282263816556925
2031,totalVI-X affine,ADT_CD21-CD35(CR2-CR1)_A0107,0.7071924534531561
2031,totalVI-X affine,ADT_CD223(LAG-3)_A0378,0.3852624291742979
2031,totalVI-X affine,ADT_CD23_A0108,0.6966782689821593
2031,totalVI-X affine,ADT_CD24_A0212,0.5985948678448911
2031,totalVI-X affine,ADT_CD25_A0097,0.5176815761524463
2031,totalVI-X affine,ADT_CD274(B7-H1_PD-L1)_A0190,0.566031474168151
2031,totalVI-X affine,ADT_CD278(ICOS)_A0171,0.5132083582741932
2031,totalVI-X affine,ADT_CD279(PD-1)_A0004,0.4292572729494643
2031,totalVI-X affine,ADT_CD28_A0204,0.48323062508350106
2031,totalVI-X affine,ADT_CD29_A0570,0.6810976799115049
2031,totalVI-X affine,ADT_CD300LG(Nepmucin)_A0416,0.38670528785796127
2031,totalVI-X affine,ADT_CD301a(MGL1)_A0551,0.5794868943099374
2031,totalVI-X affine,ADT_CD301b(MGL2)_A0566,0.47322100354441204
2031,totalVI-X affine,ADT_CD304(Neuropilin-1)_A0552,0.587889673885344
2031,totalVI-X affine,ADT_CD326(Ep-CAM)_A0449,0.6086003843756802
2031,totalVI-X affine,ADT_CD335(NKp46)_A0184,0.3999457996294277
2031,totalVI-X affine,ADT_CD357(GITR)_A0193,0.6117835513540183
2031,totalVI-X affine,ADT_CD36_A0555,0.5701237633405901
2031,totalVI-X affine,ADT_CD366(Tim-3)_A0003,0.4923902463426675
2031,totalVI-X affine,ADT_CD370(CLEC9A_DNGR1)_A0556,0.5471558294893015
2031,totalVI-X affine,ADT_CD38_A0557,0.752895556979516
2031,totalVI-X affine,ADT_CD4_A0001,0.8611125455979811
2031,totalVI-X affine,ADT_CD41_A0443,0.6182044336255048
2031,totalVI-X affine,ADT_CD43_A0110,0.6165248273115033
2031,totalVI-X affine,ADT_CD45_A0096,0.44924571005059255
2031,totalVI-X affine,ADT_CD45.1_A0178,0.544049415023079
2031,totalVI-X affine,ADT_CD45.2_A0157,0.3778614423123411
2031,totalVI-X affine,ADT_CD45R-B220_A0103,0.5373920267301873
2031,totalVI-X affine,ADT_CD48_A0429,0.5386389511107537
2031,totalVI-X affine,ADT_CD49d_A0078,0.634329806251637
2031,totalVI-X affine,ADT_CD5_A0111,0.7145861933137674
2031,totalVI-X affine,ADT_CD54_A0074,0.8080817910017211
2031,totalVI-X affine,ADT_CD55(DAF)_A0558,0.6980989918324171
2031,totalVI-X affine,ADT_CD62L_A0112,0.9879187693442452
2031,totalVI-X affine,ADT_CD62P(P-selectin)_A0229,0.4575515559479394
2031,totalVI-X affine,ADT_CD63_A0559,0.4718625067604418
2031,totalVI-X affine,ADT_CD64(FcrRI)_A0202,0.5144746979372397
2031,totalVI-X affine,ADT_CD68_A0560,0.4458922075578349
2031,totalVI-X affine,ADT_CD69_A0197,0.5500865450638304
2031,totalVI-X affine,ADT_CD71_A0441,0.5867711155983104
2031,totalVI-X affine,ADT_CD73_A0077,0.729655915696876
2031,totalVI-X affine,ADT_CD79b(Igb)_A0561,0.5653700902611584
2031,totalVI-X affine,ADT_CD83_A0562,0.36120303521859365
2031,totalVI-X affine,ADT_CD86_A0200,0.8188258523416272
2031,totalVI-X affine,ADT_CD8a_A0002,0.7244673788196634
2031,totalVI-X affine,ADT_CD8b(Ly-3)_A0230,0.8923611491119544
2031,totalVI-X affine,ADT_CD90.1(Thy-1.1)_A0380,0.3756526912703295
2031,totalVI-X affine,ADT_CD90.2_A0075,0.784722996896799
2031,totalVI-X affine,ADT_CD93(AA4.1_earlyBlineage)_A0113,0.5679394627338031
2031,totalVI-X affine,ADT_CX3CR1_A0563,0.4880442754967489
2031,totalVI-X affine,ADT_ESAM_A0596,0.5280125681158457
2031,totalVI-X affine,ADT_F4-80_A0114,0.608179662103475
2031,totalVI-X affine,ADT_FceRIa_A0115,0.5425134728266502
2031,totalVI-X affine,ADT_FolateReceptorb(FR-b)_A0564,0.5647251587614979
2031,totalVI-X affine,ADT_H-2KbboundtoSIINFEKL_A0231,0.5282326600732791
2031,totalVI-X affine,ADT_I-A-I-E_A0117,0.8581658681362919
2031,totalVI-X affine,ADT_IRF4_A0249,0.51440588318841
2031,totalVI-X affine,ADT_IgD_A0571,0.7704250112070471
2031,totalVI-X affine,ADT_IgM_A0450,0.5170529928466047
2031,totalVI-X affine,ADT_Ly-6A-E(Sca-1)_A0130,0.9482578726094931
2031,totalVI-X affine,ADT_Ly-6C_A0013,0.5511262054594067
2031,totalVI-X affine,ADT_MAdCAM-1_A0232,0.5162022078562275
2031,totalVI-X affine,ADT_MERTK(Mer)_A0565,0.524628119312002
2031,totalVI-X affine,ADT_NK-1.1_A0118,0.5754916931901449
2031,totalVI-X affine,ADT_Notch1_A0442,0.49205251051894566
2031,totalVI-X affine,ADT_PanendothelialCellAntigen_A0381,0.5627325176590062
2031,totalVI-X affine,ADT_SiglecH_A0119,0.5252968290889639
2031,totalVI-X affine,ADT_TCRVb5.1_5.2_A0354,0.7389029199410602
2031,totalVI-X affine,ADT_TCRVb8.1_8.2_A0235,0.5945155921637256
2031,totalVI-X affine,ADT_TCRVr1.1-Cr4_A0209,0.3924756908311623
2031,totalVI-X affine,ADT_TCRVr2_A0211,0.5514649475690445
2031,totalVI-X affine,ADT_TCRVr3_A0210,0.4250972651448759
2031,totalVI-X affine,ADT_TCRbchain_A0120,0.6095953235322481
2031,totalVI-X affine,ADT_TCRr-d_A0121,0.5415113033530072
2031,totalVI-X affine,ADT_TER-119-ErythroidCells_A0122,0.4683777169646254
2031,totalVI-X affine,ADT_Tim-4_A0567,0.5483059484148832
2031,totalVI-X affine,ADT_XCR1_A0568,0.5368019281638243
2031,totalVI-X affine,ADT_anti-P2RY12_A0415,0.5371521159012008
2031,totalVI-X affine,ADT_integrinb7_A0214,0.65307127610543
2031,totalVI likelihood-consistent + D1 head,ADT_CD102_A0104,0.6142265183176132
2031,totalVI likelihood-consistent + D1 head,ADT_CD103_A0201,0.5279713886741442
2031,totalVI likelihood-consistent + D1 head,ADT_CD106_A0226,0.627593149166749
2031,totalVI likelihood-consistent + D1 head,ADT_CD115(CSF-1R)_A0105,0.5950127958514424
2031,totalVI likelihood-consistent + D1 head,ADT_CD117(c-Kit)_A0012,0.5620508973819813
2031,totalVI likelihood-consistent + D1 head,ADT_CD11a_A0595,0.6938024386873332
2031,totalVI likelihood-consistent + D1 head,ADT_CD11c_A0106,0.597684279493674
2031,totalVI likelihood-consistent + D1 head,ADT_CD122(IL-2Rb)_A0227,0.5420628751498606
2031,totalVI likelihood-consistent + D1 head,ADT_CD127(IL-7Ra)_A0198,0.5590303782319054
2031,totalVI likelihood-consistent + D1 head,ADT_CD134(OX-40)_A0195,0.396262459333292
2031,totalVI likelihood-consistent + D1 head,ADT_CD135_A0098,0.4904308735131024
2031,totalVI likelihood-consistent + D1 head,ADT_CD137_A0194,0.4372488738071561
2031,totalVI likelihood-consistent + D1 head,ADT_CD14_A0424,0.5717450167107925
2031,totalVI likelihood-consistent + D1 head,ADT_CD140a_A0573,0.3750990131044399
2031,totalVI likelihood-consistent + D1 head,ADT_CD15(SSEA-1)_A0076,0.5323580505339325
2031,totalVI likelihood-consistent + D1 head,ADT_CD150(SLAM)_A0203,0.6971495741860494
2031,totalVI likelihood-consistent + D1 head,ADT_CD16-32_A0109,0.5352362598145105
2031,totalVI likelihood-consistent + D1 head,ADT_CD169(Siglec-1)_A0440,0.4568760072884437
2031,totalVI likelihood-consistent + D1 head,ADT_CD172a(SIRPa)_A0422,0.5062527617276089
2031,totalVI likelihood-consistent + D1 head,ADT_CD183(CXCR3)_A0228,0.5806508788550744
2031,totalVI likelihood-consistent + D1 head,ADT_CD184(CXCR4)_A0444,0.4869567842104627
2031,totalVI likelihood-consistent + D1 head,ADT_CD19_A0093,0.6572807744251592
2031,totalVI likelihood-consistent + D1 head,ADT_CD192(CCR2)_A0426,0.47671920772803134
2031,totalVI likelihood-consistent + D1 head,ADT_CD195(CCR5)_A0376,0.5265353717714581
2031,totalVI likelihood-consistent + D1 head,ADT_CD196(CCR6)_A0225,0.5610361086094258
2031,totalVI likelihood-consistent + D1 head,ADT_CD197(CCR7)_A0377,0.4869169153190587
2031,totalVI likelihood-consistent + D1 head,ADT_CD20_A0192,0.4759456745518957
2031,totalVI likelihood-consistent + D1 head,ADT_CD200(OX2)_A0079,0.5646537018589435
2031,totalVI likelihood-consistent + D1 head,ADT_CD201(EPCR)_A0439,0.5083889459281247
2031,totalVI likelihood-consistent + D1 head,ADT_CD204(Msr1)_A0448,0.4088450190080652
2031,totalVI likelihood-consistent + D1 head,ADT_CD206(MMR)_A0173,0.5282314959490892
2031,totalVI likelihood-consistent + D1 head,ADT_CD21-CD35(CR2-CR1)_A0107,0.706704100019635
2031,totalVI likelihood-consistent + D1 head,ADT_CD223(LAG-3)_A0378,0.3852555470910713
2031,totalVI likelihood-consistent + D1 head,ADT_CD23_A0108,0.6955232455201308
2031,totalVI likelihood-consistent + D1 head,ADT_CD24_A0212,0.597727832679519
2031,totalVI likelihood-consistent + D1 head,ADT_CD25_A0097,0.5159896949401441
2031,totalVI likelihood-consistent + D1 head,ADT_CD274(B7-H1_PD-L1)_A0190,0.5654587766411989
2031,totalVI likelihood-consistent + D1 head,ADT_CD278(ICOS)_A0171,0.5133682650214456
2031,totalVI likelihood-consistent + D1 head,ADT_CD279(PD-1)_A0004,0.429368392395947
2031,totalVI likelihood-consistent + D1 head,ADT_CD28_A0204,0.4833296872781861
2031,totalVI likelihood-consistent + D1 head,ADT_CD29_A0570,0.6802094822394171
2031,totalVI likelihood-consistent + D1 head,ADT_CD300LG(Nepmucin)_A0416,0.38669096295862543
2031,totalVI likelihood-consistent + D1 head,ADT_CD301a(MGL1)_A0551,0.5791892669085815
2031,totalVI likelihood-consistent + D1 head,ADT_CD301b(MGL2)_A0566,0.473324275082706
2031,totalVI likelihood-consistent + D1 head,ADT_CD304(Neuropilin-1)_A0552,0.5874826472113286
2031,totalVI likelihood-consistent + D1 head,ADT_CD326(Ep-CAM)_A0449,0.6080732305841363
2031,totalVI likelihood-consistent + D1 head,ADT_CD335(NKp46)_A0184,0.3998898159947487
2031,totalVI likelihood-consistent + D1 head,ADT_CD357(GITR)_A0193,0.6127424779569133
2031,totalVI likelihood-consistent + D1 head,ADT_CD36_A0555,0.5699587735990299
2031,totalVI likelihood-consistent + D1 head,ADT_CD366(Tim-3)_A0003,0.49238549754317934
2031,totalVI likelihood-consistent + D1 head,ADT_CD370(CLEC9A_DNGR1)_A0556,0.5469456198933235
2031,totalVI likelihood-consistent + D1 head,ADT_CD38_A0557,0.7529150078838269
2031,totalVI likelihood-consistent + D1 head,ADT_CD4_A0001,0.8548785797620766
2031,totalVI likelihood-consistent + D1 head,ADT_CD41_A0443,0.618203531767861
2031,totalVI likelihood-consistent + D1 head,ADT_CD43_A0110,0.6171962559780715
2031,totalVI likelihood-consistent + D1 head,ADT_CD45_A0096,0.44924986606771145
2031,totalVI likelihood-consistent + D1 head,ADT_CD45.1_A0178,0.5439896523462292
2031,totalVI likelihood-consistent + D1 head,ADT_CD45.2_A0157,0.3778895377921413
2031,totalVI likelihood-consistent + D1 head,ADT_CD45R-B220_A0103,0.5385273236834834
2031,totalVI likelihood-consistent + D1 head,ADT_CD48_A0429,0.5386331765213811
2031,totalVI likelihood-consistent + D1 head,ADT_CD49d_A0078,0.6343457332888788
2031,totalVI likelihood-consistent + D1 head,ADT_CD5_A0111,0.7151223346536048
2031,totalVI likelihood-consistent + D1 head,ADT_CD54_A0074,0.8091930668412632
2031,totalVI likelihood-consistent + D1 head,ADT_CD55(DAF)_A0558,0.6974659316210913
2031,totalVI likelihood-consistent + D1 head,ADT_CD62L_A0112,0.9890588383282197
2031,totalVI likelihood-consistent + D1 head,ADT_CD62P(P-selectin)_A0229,0.45752006308296594
2031,totalVI likelihood-consistent + D1 head,ADT_CD63_A0559,0.47164677707993286
2031,totalVI likelihood-consistent + D1 head,ADT_CD64(FcrRI)_A0202,0.5146511588585789
2031,totalVI likelihood-consistent + D1 head,ADT_CD68_A0560,0.44635920742416446
2031,totalVI likelihood-consistent + D1 head,ADT_CD69_A0197,0.5500523252542426
2031,totalVI likelihood-consistent + D1 head,ADT_CD71_A0441,0.5877127322836867
2031,totalVI likelihood-consistent + D1 head,ADT_CD73_A0077,0.7289166848445883
2031,totalVI likelihood-consistent + D1 head,ADT_CD79b(Igb)_A0561,0.565889986167103
2031,totalVI likelihood-consistent + D1 head,ADT_CD83_A0562,0.36107205087015065
2031,totalVI likelihood-consistent + D1 head,ADT_CD86_A0200,0.8193296180640114
2031,totalVI likelihood-consistent + D1 head,ADT_CD8a_A0002,0.7190174498847828
2031,totalVI likelihood-consistent + D1 head,ADT_CD8b(Ly-3)_A0230,0.8806330951810706
2031,totalVI likelihood-consistent + D1 head,ADT_CD90.1(Thy-1.1)_A0380,0.3756290253443614
2031,totalVI likelihood-consistent + D1 head,ADT_CD90.2_A0075,0.7838315150239111
2031,totalVI likelihood-consistent + D1 head,ADT_CD93(AA4.1_earlyBlineage)_A0113,0.5674842299244306
2031,totalVI likelihood-consistent + D1 head,ADT_CX3CR1_A0563,0.4874008829914842
2031,totalVI likelihood-consistent + D1 head,ADT_ESAM_A0596,0.5277363712164683
2031,totalVI likelihood-consistent + D1 head,ADT_F4-80_A0114,0.6071868169076183
2031,totalVI likelihood-consistent + D1 head,ADT_FceRIa_A0115,0.5424366646153838
2031,totalVI likelihood-consistent + D1 head,ADT_FolateReceptorb(FR-b)_A0564,0.564358226960329
2031,totalVI likelihood-consistent + D1 head,ADT_H-2KbboundtoSIINFEKL_A0231,0.5282179652906426
2031,totalVI likelihood-consistent + D1 head,ADT_I-A-I-E_A0117,0.857643682597032
2031,totalVI likelihood-consistent + D1 head,ADT_IRF4_A0249,0.5144003393586666
2031,totalVI likelihood-consistent + D1 head,ADT_IgD_A0571,0.7697550986816994
2031,totalVI likelihood-consistent + D1 head,ADT_IgM_A0450,0.5170366869106198
2031,totalVI likelihood-consistent + D1 head,ADT_Ly-6A-E(Sca-1)_A0130,0.9482960761856835
2031,totalVI likelihood-consistent + D1 head,ADT_Ly-6C_A0013,0.5501264345811309
2031,totalVI likelihood-consistent + D1 head,ADT_MAdCAM-1_A0232,0.5161417110910814
2031,totalVI likelihood-consistent + D1 head,ADT_MERTK(Mer)_A0565,0.5245167820082292
2031,totalVI likelihood-consistent + D1 head,ADT_NK-1.1_A0118,0.575481274133412
2031,totalVI likelihood-consistent + D1 head,ADT_Notch1_A0442,0.49206146545128443
2031,totalVI likelihood-consistent + D1 head,ADT_PanendothelialCellAntigen_A0381,0.5627694873640083
2031,totalVI likelihood-consistent + D1 head,ADT_SiglecH_A0119,0.5249198852611042
2031,totalVI likelihood-consistent + D1 head,ADT_TCRVb5.1_5.2_A0354,0.7387335355007493
2031,totalVI likelihood-consistent + D1 head,ADT_TCRVb8.1_8.2_A0235,0.5945908886390393
2031,totalVI likelihood-consistent + D1 head,ADT_TCRVr1.1-Cr4_A0209,0.39242446110057005
2031,totalVI likelihood-consistent + D1 head,ADT_TCRVr2_A0211,0.5514490662433761
2031,totalVI likelihood-consistent + D1 head,ADT_TCRVr3_A0210,0.42504685100546025
2031,totalVI likelihood-consistent + D1 head,ADT_TCRbchain_A0120,0.6079574405361635
2031,totalVI likelihood-consistent + D1 head,ADT_TCRr-d_A0121,0.541036706797606
2031,totalVI likelihood-consistent + D1 head,ADT_TER-119-ErythroidCells_A0122,0.4666490214185326
2031,totalVI likelihood-consistent + D1 head,ADT_Tim-4_A0567,0.5481535029173541
2031,totalVI likelihood-consistent + D1 head,ADT_XCR1_A0568,0.536297272540037
2031,totalVI likelihood-consistent + D1 head,ADT_anti-P2RY12_A0415,0.5368950383417166
2031,totalVI likelihood-consistent + D1 head,ADT_integrinb7_A0214,0.6535185544028751
2032,totalVI helper-uncorrected,ADT_CD102_A0104,0.852354785016679
2032,totalVI helper-uncorrected,ADT_CD103_A0201,1.0649002884708694
2032,totalVI helper-uncorrected,ADT_CD106_A0226,0.9536777897882659
2032,totalVI helper-uncorrected,ADT_CD115(CSF-1R)_A0105,1.0423115798715628
2032,totalVI helper-uncorrected,ADT_CD117(c-Kit)_A0012,1.0732494433951345
2032,totalVI helper-uncorrected,ADT_CD11a_A0595,0.6627550550307088
2032,totalVI helper-uncorrected,ADT_CD11c_A0106,1.050856884634665
2032,totalVI helper-uncorrected,ADT_CD122(IL-2Rb)_A0227,0.9928094461605161
2032,totalVI helper-uncorrected,ADT_CD127(IL-7Ra)_A0198,0.92173457434988
2032,totalVI helper-uncorrected,ADT_CD134(OX-40)_A0195,1.1764345023486618
2032,totalVI helper-uncorrected,ADT_CD135_A0098,1.0895874526768496
2032,totalVI helper-uncorrected,ADT_CD137_A0194,1.1218046433824729
2032,totalVI helper-uncorrected,ADT_CD14_A0424,1.0911279667754252
2032,totalVI helper-uncorrected,ADT_CD140a_A0573,1.0747861965669627
2032,totalVI helper-uncorrected,ADT_CD15(SSEA-1)_A0076,1.1768403605196613
2032,totalVI helper-uncorrected,ADT_CD150(SLAM)_A0203,0.9976974968794043
2032,totalVI helper-uncorrected,ADT_CD16-32_A0109,1.0764084975848744
2032,totalVI helper-uncorrected,ADT_CD169(Siglec-1)_A0440,1.1091523675202455
2032,totalVI helper-uncorrected,ADT_CD172a(SIRPa)_A0422,1.0724693698112682
2032,totalVI helper-uncorrected,ADT_CD183(CXCR3)_A0228,1.0970635161168083
2032,totalVI helper-uncorrected,ADT_CD184(CXCR4)_A0444,1.0045669394215346
2032,totalVI helper-uncorrected,ADT_CD19_A0093,0.8006665663223721
2032,totalVI helper-uncorrected,ADT_CD192(CCR2)_A0426,0.9865745693637007
2032,totalVI helper-uncorrected,ADT_CD195(CCR5)_A0376,1.156738436032759
2032,totalVI helper-uncorrected,ADT_CD196(CCR6)_A0225,0.9862387569646686
2032,totalVI helper-uncorrected,ADT_CD197(CCR7)_A0377,1.0945109243102695
2032,totalVI helper-uncorrected,ADT_CD20_A0192,1.0112969560314111
2032,totalVI helper-uncorrected,ADT_CD200(OX2)_A0079,1.0685286298586645
2032,totalVI helper-uncorrected,ADT_CD201(EPCR)_A0439,1.0567261529579608
2032,totalVI helper-uncorrected,ADT_CD204(Msr1)_A0448,0.6846865157643808
2032,totalVI helper-uncorrected,ADT_CD206(MMR)_A0173,1.2229512562810203
2032,totalVI helper-uncorrected,ADT_CD21-CD35(CR2-CR1)_A0107,1.206451950577491
2032,totalVI helper-uncorrected,ADT_CD223(LAG-3)_A0378,1.0715811509313806
2032,totalVI helper-uncorrected,ADT_CD23_A0108,1.1941401140389796
2032,totalVI helper-uncorrected,ADT_CD24_A0212,1.1508475823073852
2032,totalVI helper-uncorrected,ADT_CD25_A0097,0.867024228253764
2032,totalVI helper-uncorrected,ADT_CD274(B7-H1_PD-L1)_A0190,0.8592292386557112
2032,totalVI helper-uncorrected,ADT_CD278(ICOS)_A0171,0.9914634750115952
2032,totalVI helper-uncorrected,ADT_CD279(PD-1)_A0004,1.1052365329276834
2032,totalVI helper-uncorrected,ADT_CD28_A0204,1.0710402501365752
2032,totalVI helper-uncorrected,ADT_CD29_A0570,0.8958293164825701
2032,totalVI helper-uncorrected,ADT_CD300LG(Nepmucin)_A0416,1.0944777057373454
2032,totalVI helper-uncorrected,ADT_CD301a(MGL1)_A0551,1.1717417565250685
2032,totalVI helper-uncorrected,ADT_CD301b(MGL2)_A0566,1.0756288768069855
2032,totalVI helper-uncorrected,ADT_CD304(Neuropilin-1)_A0552,1.1909272633431447
2032,totalVI helper-uncorrected,ADT_CD326(Ep-CAM)_A0449,1.0433746439433733
2032,totalVI helper-uncorrected,ADT_CD335(NKp46)_A0184,1.2046100966542228
2032,totalVI helper-uncorrected,ADT_CD357(GITR)_A0193,1.0173425402690515
2032,totalVI helper-uncorrected,ADT_CD36_A0555,1.0491150354072174
2032,totalVI helper-uncorrected,ADT_CD366(Tim-3)_A0003,0.9159799832777298
2032,totalVI helper-uncorrected,ADT_CD370(CLEC9A_DNGR1)_A0556,1.0756335367265641
2032,totalVI helper-uncorrected,ADT_CD38_A0557,0.9425273048418595
2032,totalVI helper-uncorrected,ADT_CD4_A0001,1.3393249328365842
2032,totalVI helper-uncorrected,ADT_CD41_A0443,1.3717456309039988
2032,totalVI helper-uncorrected,ADT_CD43_A0110,0.9692714123814465
2032,totalVI helper-uncorrected,ADT_CD45_A0096,1.1833372902274806
2032,totalVI helper-uncorrected,ADT_CD45.1_A0178,1.1089490758685847
2032,totalVI helper-uncorrected,ADT_CD45.2_A0157,1.149698988981652
2032,totalVI helper-uncorrected,ADT_CD45R-B220_A0103,0.9959987910164838
2032,totalVI helper-uncorrected,ADT_CD48_A0429,0.8039171562349293
2032,totalVI helper-uncorrected,ADT_CD49d_A0078,0.9125069996762755
2032,totalVI helper-uncorrected,ADT_CD5_A0111,1.0610945255984832
2032,totalVI helper-uncorrected,ADT_CD54_A0074,0.9429076319083454
2032,totalVI helper-uncorrected,ADT_CD55(DAF)_A0558,1.0416180053780464
2032,totalVI helper-uncorrected,ADT_CD62L_A0112,1.0739610997462261
2032,totalVI helper-uncorrected,ADT_CD62P(P-selectin)_A0229,1.182997562376783
2032,totalVI helper-uncorrected,ADT_CD63_A0559,1.1039300828833787
2032,totalVI helper-uncorrected,ADT_CD64(FcrRI)_A0202,0.9290503694875021
2032,totalVI helper-uncorrected,ADT_CD68_A0560,0.7315825364120461
2032,totalVI helper-uncorrected,ADT_CD69_A0197,0.9630875841145967
2032,totalVI helper-uncorrected,ADT_CD71_A0441,1.126497085829911
2032,totalVI helper-uncorrected,ADT_CD73_A0077,1.1792725195454072
2032,totalVI helper-uncorrected,ADT_CD79b(Igb)_A0561,1.031287064629475
2032,totalVI helper-uncorrected,ADT_CD83_A0562,0.544647122632958
2032,totalVI helper-uncorrected,ADT_CD86_A0200,1.1786729203225002
2032,totalVI helper-uncorrected,ADT_CD8a_A0002,1.3058325461906288
2032,totalVI helper-uncorrected,ADT_CD8b(Ly-3)_A0230,1.436943824887063
2032,totalVI helper-uncorrected,ADT_CD90.1(Thy-1.1)_A0380,0.6181833029445303
2032,totalVI helper-uncorrected,ADT_CD90.2_A0075,1.2020200974038535
2032,totalVI helper-uncorrected,ADT_CD93(AA4.1_earlyBlineage)_A0113,1.1366596175551866
2032,totalVI helper-uncorrected,ADT_CX3CR1_A0563,0.8160502371168028
2032,totalVI helper-uncorrected,ADT_ESAM_A0596,1.081589481052085
2032,totalVI helper-uncorrected,ADT_F4-80_A0114,1.0788149908530575
2032,totalVI helper-uncorrected,ADT_FceRIa_A0115,1.0880796253963883
2032,totalVI helper-uncorrected,ADT_FolateReceptorb(FR-b)_A0564,1.1025956490973134
2032,totalVI helper-uncorrected,ADT_H-2KbboundtoSIINFEKL_A0231,1.0794584114402312
2032,totalVI helper-uncorrected,ADT_I-A-I-E_A0117,1.4542080261334547
2032,totalVI helper-uncorrected,ADT_IRF4_A0249,1.057445863958922
2032,totalVI helper-uncorrected,ADT_IgD_A0571,1.1475561314698741
2032,totalVI helper-uncorrected,ADT_IgM_A0450,1.1020968516764236
2032,totalVI helper-uncorrected,ADT_Ly-6A-E(Sca-1)_A0130,1.3126855031124673
2032,totalVI helper-uncorrected,ADT_Ly-6C_A0013,1.0806566028505993
2032,totalVI helper-uncorrected,ADT_MAdCAM-1_A0232,1.10284908061112
2032,totalVI helper-uncorrected,ADT_MERTK(Mer)_A0565,1.1318994083663774
2032,totalVI helper-uncorrected,ADT_NK-1.1_A0118,1.2524139307940507
2032,totalVI helper-uncorrected,ADT_Notch1_A0442,1.1689479534251783
2032,totalVI helper-uncorrected,ADT_PanendothelialCellAntigen_A0381,1.0880999164904708
2032,totalVI helper-uncorrected,ADT_SiglecH_A0119,1.0883527309009908
2032,totalVI helper-uncorrected,ADT_TCRVb5.1_5.2_A0354,1.626501928358447
2032,totalVI helper-uncorrected,ADT_TCRVb8.1_8.2_A0235,1.1217993105171118
2032,totalVI helper-uncorrected,ADT_TCRVr1.1-Cr4_A0209,0.6057597199313328
2032,totalVI helper-uncorrected,ADT_TCRVr2_A0211,1.0953562927434919
2032,totalVI helper-uncorrected,ADT_TCRVr3_A0210,1.045928668262735
2032,totalVI helper-uncorrected,ADT_TCRbchain_A0120,1.2271057710490374
2032,totalVI helper-uncorrected,ADT_TCRr-d_A0121,1.119343242975898
2032,totalVI helper-uncorrected,ADT_TER-119-ErythroidCells_A0122,0.8240706822823427
2032,totalVI helper-uncorrected,ADT_Tim-4_A0567,1.0901147301870637
2032,totalVI helper-uncorrected,ADT_XCR1_A0568,1.060935325896184
2032,totalVI helper-uncorrected,ADT_anti-P2RY12_A0415,1.0916088508601394
2032,totalVI helper-uncorrected,ADT_integrinb7_A0214,0.8584333358162798
2032,totalVI likelihood-consistent,ADT_CD102_A0104,0.5044978249660814
2032,totalVI likelihood-consistent,ADT_CD103_A0201,0.5164107940253848
2032,totalVI likelihood-consistent,ADT_CD106_A0226,0.5841665511703291
2032,totalVI likelihood-consistent,ADT_CD115(CSF-1R)_A0105,0.5929658696739935
2032,totalVI likelihood-consistent,ADT_CD117(c-Kit)_A0012,0.5612338743122262
2032,totalVI likelihood-consistent,ADT_CD11a_A0595,0.5879098241016739
2032,totalVI likelihood-consistent,ADT_CD11c_A0106,0.6122084335328593
2032,totalVI likelihood-consistent,ADT_CD122(IL-2Rb)_A0227,0.5443748394561507
2032,totalVI likelihood-consistent,ADT_CD127(IL-7Ra)_A0198,0.5397792379168109
2032,totalVI likelihood-consistent,ADT_CD134(OX-40)_A0195,0.41951775876433633
2032,totalVI likelihood-consistent,ADT_CD135_A0098,0.503856906362609
2032,totalVI likelihood-consistent,ADT_CD137_A0194,0.45372289633276286
2032,totalVI likelihood-consistent,ADT_CD14_A0424,0.5835424115809918
2032,totalVI likelihood-consistent,ADT_CD140a_A0573,0.38106301805560716
2032,totalVI likelihood-consistent,ADT_CD15(SSEA-1)_A0076,0.5675160404700567
2032,totalVI likelihood-consistent,ADT_CD150(SLAM)_A0203,0.6345259076465621
2032,totalVI likelihood-consistent,ADT_CD16-32_A0109,0.5551422929782587
2032,totalVI likelihood-consistent,ADT_CD169(Siglec-1)_A0440,0.46336471546813135
2032,totalVI likelihood-consistent,ADT_CD172a(SIRPa)_A0422,0.5164102491685661
2032,totalVI likelihood-consistent,ADT_CD183(CXCR3)_A0228,0.6100077991280974
2032,totalVI likelihood-consistent,ADT_CD184(CXCR4)_A0444,0.4755948447295279
2032,totalVI likelihood-consistent,ADT_CD19_A0093,0.5942806352097639
2032,totalVI likelihood-consistent,ADT_CD192(CCR2)_A0426,0.4522661857019287
2032,totalVI likelihood-consistent,ADT_CD195(CCR5)_A0376,0.5569350322483421
2032,totalVI likelihood-consistent,ADT_CD196(CCR6)_A0225,0.5586305930091139
2032,totalVI likelihood-consistent,ADT_CD197(CCR7)_A0377,0.4959218478253216
2032,totalVI likelihood-consistent,ADT_CD20_A0192,0.448631334501811
2032,totalVI likelihood-consistent,ADT_CD200(OX2)_A0079,0.5711922118152236
2032,totalVI likelihood-consistent,ADT_CD201(EPCR)_A0439,0.5145782853286432
2032,totalVI likelihood-consistent,ADT_CD204(Msr1)_A0448,0.4197209003196582
2032,totalVI likelihood-consistent,ADT_CD206(MMR)_A0173,0.5603595266123491
2032,totalVI likelihood-consistent,ADT_CD21-CD35(CR2-CR1)_A0107,0.7041101505762852
2032,totalVI likelihood-consistent,ADT_CD223(LAG-3)_A0378,0.3918898455005852
2032,totalVI likelihood-consistent,ADT_CD23_A0108,0.6763600463107555
2032,totalVI likelihood-consistent,ADT_CD24_A0212,0.5926130071407832
2032,totalVI likelihood-consistent,ADT_CD25_A0097,0.530133416805169
2032,totalVI likelihood-consistent,ADT_CD274(B7-H1_PD-L1)_A0190,0.4962972240393926
2032,totalVI likelihood-consistent,ADT_CD278(ICOS)_A0171,0.4748236866674393
2032,totalVI likelihood-consistent,ADT_CD279(PD-1)_A0004,0.4402054997145934
2032,totalVI likelihood-consistent,ADT_CD28_A0204,0.49119042504132376
2032,totalVI likelihood-consistent,ADT_CD29_A0570,0.6065823339645273
2032,totalVI likelihood-consistent,ADT_CD300LG(Nepmucin)_A0416,0.39695957441383567
2032,totalVI likelihood-consistent,ADT_CD301a(MGL1)_A0551,0.623158035592103
2032,totalVI likelihood-consistent,ADT_CD301b(MGL2)_A0566,0.4803131810143444
2032,totalVI likelihood-consistent,ADT_CD304(Neuropilin-1)_A0552,0.6226393819173323
2032,totalVI likelihood-consistent,ADT_CD326(Ep-CAM)_A0449,0.623080803619003
2032,totalVI likelihood-consistent,ADT_CD335(NKp46)_A0184,0.4216872041423484
2032,totalVI likelihood-consistent,ADT_CD357(GITR)_A0193,0.5841321082678553
2032,totalVI likelihood-consistent,ADT_CD36_A0555,0.5751884710407943
2032,totalVI likelihood-consistent,ADT_CD366(Tim-3)_A0003,0.5237462538380628
2032,totalVI likelihood-consistent,ADT_CD370(CLEC9A_DNGR1)_A0556,0.5624306890304288
2032,totalVI likelihood-consistent,ADT_CD38_A0557,0.7246951979510361
2032,totalVI likelihood-consistent,ADT_CD4_A0001,0.8605417443799048
2032,totalVI likelihood-consistent,ADT_CD41_A0443,0.71111161653337
2032,totalVI likelihood-consistent,ADT_CD43_A0110,0.5552614565681446
2032,totalVI likelihood-consistent,ADT_CD45_A0096,0.46214218228380505
2032,totalVI likelihood-consistent,ADT_CD45.1_A0178,0.5787756180908169
2032,totalVI likelihood-consistent,ADT_CD45.2_A0157,0.393793929604788
2032,totalVI likelihood-consistent,ADT_CD45R-B220_A0103,0.5041670466327983
2032,totalVI likelihood-consistent,ADT_CD48_A0429,0.4577307559698707
2032,totalVI likelihood-consistent,ADT_CD49d_A0078,0.5401324586077579
2032,totalVI likelihood-consistent,ADT_CD5_A0111,0.6372054851877528
2032,totalVI likelihood-consistent,ADT_CD54_A0074,0.6729491816291293
2032,totalVI likelihood-consistent,ADT_CD55(DAF)_A0558,0.6675811020904662
2032,totalVI likelihood-consistent,ADT_CD62L_A0112,0.8590199343278824
2032,totalVI likelihood-consistent,ADT_CD62P(P-selectin)_A0229,0.48262651028524034
2032,totalVI likelihood-consistent,ADT_CD63_A0559,0.4824836725423139
2032,totalVI likelihood-consistent,ADT_CD64(FcrRI)_A0202,0.5304753018442957
2032,totalVI likelihood-consistent,ADT_CD68_A0560,0.4597245506660092
2032,totalVI likelihood-consistent,ADT_CD69_A0197,0.5247805857661174
2032,totalVI likelihood-consistent,ADT_CD71_A0441,0.5584157097886173
2032,totalVI likelihood-consistent,ADT_CD73_A0077,0.7043360183977135
2032,totalVI likelihood-consistent,ADT_CD79b(Igb)_A0561,0.542815133458232
2032,totalVI likelihood-consistent,ADT_CD83_A0562,0.36550327557369416
2032,totalVI likelihood-consistent,ADT_CD86_A0200,0.752199227302775
2032,totalVI likelihood-consistent,ADT_CD8a_A0002,0.7553225894389485
2032,totalVI likelihood-consistent,ADT_CD8b(Ly-3)_A0230,0.9248089475313058
2032,totalVI likelihood-consistent,ADT_CD90.1(Thy-1.1)_A0380,0.3850749865535776
2032,totalVI likelihood-consistent,ADT_CD90.2_A0075,0.7658302939985404
2032,totalVI likelihood-consistent,ADT_CD93(AA4.1_earlyBlineage)_A0113,0.5949075474151386
2032,totalVI likelihood-consistent,ADT_CX3CR1_A0563,0.49800207054494294
2032,totalVI likelihood-consistent,ADT_ESAM_A0596,0.5383567061107983
2032,totalVI likelihood-consistent,ADT_F4-80_A0114,0.6186054564614635
2032,totalVI likelihood-consistent,ADT_FceRIa_A0115,0.5673941096174684
2032,totalVI likelihood-consistent,ADT_FolateReceptorb(FR-b)_A0564,0.5732398217159163
2032,totalVI likelihood-consistent,ADT_H-2KbboundtoSIINFEKL_A0231,0.5414209292458574
2032,totalVI likelihood-consistent,ADT_I-A-I-E_A0117,0.8713471990073615
2032,totalVI likelihood-consistent,ADT_IRF4_A0249,0.5160285445986564
2032,totalVI likelihood-consistent,ADT_IgD_A0571,0.7137960839266677
2032,totalVI likelihood-consistent,ADT_IgM_A0450,0.5377141738944409
2032,totalVI likelihood-consistent,ADT_Ly-6A-E(Sca-1)_A0130,0.8582804148262547
2032,totalVI likelihood-consistent,ADT_Ly-6C_A0013,0.5350524914794025
2032,totalVI likelihood-consistent,ADT_MAdCAM-1_A0232,0.5301040813270227
2032,totalVI likelihood-consistent,ADT_MERTK(Mer)_A0565,0.5474168026390347
2032,totalVI likelihood-consistent,ADT_NK-1.1_A0118,0.6309185559554176
2032,totalVI likelihood-consistent,ADT_Notch1_A0442,0.5206989528719393
2032,totalVI likelihood-consistent,ADT_PanendothelialCellAntigen_A0381,0.5744355157055747
2032,totalVI likelihood-consistent,ADT_SiglecH_A0119,0.5437844847877837
2032,totalVI likelihood-consistent,ADT_TCRVb5.1_5.2_A0354,0.9390963029894391
2032,totalVI likelihood-consistent,ADT_TCRVb8.1_8.2_A0235,0.6236475455104176
2032,totalVI likelihood-consistent,ADT_TCRVr1.1-Cr4_A0209,0.40029874477205957
2032,totalVI likelihood-consistent,ADT_TCRVr2_A0211,0.570097168184029
2032,totalVI likelihood-consistent,ADT_TCRVr3_A0210,0.424931356774564
2032,totalVI likelihood-consistent,ADT_TCRbchain_A0120,0.6365488219187544
2032,totalVI likelihood-consistent,ADT_TCRr-d_A0121,0.5629142121217243
2032,totalVI likelihood-consistent,ADT_TER-119-ErythroidCells_A0122,0.4913413480688665
2032,totalVI likelihood-consistent,ADT_Tim-4_A0567,0.5564449853106198
2032,totalVI likelihood-consistent,ADT_XCR1_A0568,0.545139406797662
2032,totalVI likelihood-consistent,ADT_anti-P2RY12_A0415,0.5428660906366012
2032,totalVI likelihood-consistent,ADT_integrinb7_A0214,0.5537802830090692
2032,totalVI-X affine,ADT_CD102_A0104,0.6294096392995314
2032,totalVI-X affine,ADT_CD103_A0201,0.5258605907722645
2032,totalVI-X affine,ADT_CD106_A0226,0.6485959843565466
2032,totalVI-X affine,ADT_CD115(CSF-1R)_A0105,0.5965936445115717
2032,totalVI-X affine,ADT_CD117(c-Kit)_A0012,0.5663346576365524
2032,totalVI-X affine,ADT_CD11a_A0595,0.7472705889186235
2032,totalVI-X affine,ADT_CD11c_A0106,0.6024867725669606
2032,totalVI-X affine,ADT_CD122(IL-2Rb)_A0227,0.5411092258151579
2032,totalVI-X affine,ADT_CD127(IL-7Ra)_A0198,0.5643740087007771
2032,totalVI-X affine,ADT_CD134(OX-40)_A0195,0.39474565433291214
2032,totalVI-X affine,ADT_CD135_A0098,0.4905602656198932
2032,totalVI-X affine,ADT_CD137_A0194,0.43667389664446227
2032,totalVI-X affine,ADT_CD14_A0424,0.5719020040804665
2032,totalVI-X affine,ADT_CD140a_A0573,0.3751764923712949
2032,totalVI-X affine,ADT_CD15(SSEA-1)_A0076,0.5299773289382894
2032,totalVI-X affine,ADT_CD150(SLAM)_A0203,0.7333917337771525
2032,totalVI-X affine,ADT_CD16-32_A0109,0.534990344887956
2032,totalVI-X affine,ADT_CD169(Siglec-1)_A0440,0.46043054524663624
2032,totalVI-X affine,ADT_CD172a(SIRPa)_A0422,0.5139033371328819
2032,totalVI-X affine,ADT_CD183(CXCR3)_A0228,0.5871606057487305
2032,totalVI-X affine,ADT_CD184(CXCR4)_A0444,0.4878541127913721
2032,totalVI-X affine,ADT_CD19_A0093,0.6982153444184817
2032,totalVI-X affine,ADT_CD192(CCR2)_A0426,0.4738682854663466
2032,totalVI-X affine,ADT_CD195(CCR5)_A0376,0.5291666117203199
2032,totalVI-X affine,ADT_CD196(CCR6)_A0225,0.5589192394837992
2032,totalVI-X affine,ADT_CD197(CCR7)_A0377,0.4849034009280091
2032,totalVI-X affine,ADT_CD20_A0192,0.48384788062185335
2032,totalVI-X affine,ADT_CD200(OX2)_A0079,0.6040521840293447
2032,totalVI-X affine,ADT_CD201(EPCR)_A0439,0.5107895010479495
2032,totalVI-X affine,ADT_CD204(Msr1)_A0448,0.407820442398135
2032,totalVI-X affine,ADT_CD206(MMR)_A0173,0.5262261481350428
2032,totalVI-X affine,ADT_CD21-CD35(CR2-CR1)_A0107,0.7373081357077227
2032,totalVI-X affine,ADT_CD223(LAG-3)_A0378,0.38634895840636335
2032,totalVI-X affine,ADT_CD23_A0108,0.7051770788850948
2032,totalVI-X affine,ADT_CD24_A0212,0.6305854730105549
2032,totalVI-X affine,ADT_CD25_A0097,0.5157279749794862
2032,totalVI-X affine,ADT_CD274(B7-H1_PD-L1)_A0190,0.6044185644652481
2032,totalVI-X affine,ADT_CD278(ICOS)_A0171,0.5159077778657868
2032,totalVI-X affine,ADT_CD279(PD-1)_A0004,0.4277852270878329
2032,totalVI-X affine,ADT_CD28_A0204,0.4885607626586924
2032,totalVI-X affine,ADT_CD29_A0570,0.7447159578910463
2032,totalVI-X affine,ADT_CD300LG(Nepmucin)_A0416,0.38784652519982793
2032,totalVI-X affine,ADT_CD301a(MGL1)_A0551,0.5790923546827175
2032,totalVI-X affine,ADT_CD301b(MGL2)_A0566,0.47302083579844695
2032,totalVI-X affine,ADT_CD304(Neuropilin-1)_A0552,0.5824919446662117
2032,totalVI-X affine,ADT_CD326(Ep-CAM)_A0449,0.6116048982206981
2032,totalVI-X affine,ADT_CD335(NKp46)_A0184,0.40028104661363434
2032,totalVI-X affine,ADT_CD357(GITR)_A0193,0.6232622938973106
2032,totalVI-X affine,ADT_CD36_A0555,0.5698680737174657
2032,totalVI-X affine,ADT_CD366(Tim-3)_A0003,0.49444088191405233
2032,totalVI-X affine,ADT_CD370(CLEC9A_DNGR1)_A0556,0.5469430182542557
2032,totalVI-X affine,ADT_CD38_A0557,0.8238612332855667
2032,totalVI-X affine,ADT_CD4_A0001,0.8839829723668666
2032,totalVI-X affine,ADT_CD41_A0443,0.6169252278178217
2032,totalVI-X affine,ADT_CD43_A0110,0.6501002404397377
2032,totalVI-X affine,ADT_CD45_A0096,0.4498846107445592
2032,totalVI-X affine,ADT_CD45.1_A0178,0.5426893070517036
2032,totalVI-X affine,ADT_CD45.2_A0157,0.37739058926097696
2032,totalVI-X affine,ADT_CD45R-B220_A0103,0.5545021984486814
2032,totalVI-X affine,ADT_CD48_A0429,0.5951007795575988
2032,totalVI-X affine,ADT_CD49d_A0078,0.6807148109829093
2032,totalVI-X affine,ADT_CD5_A0111,0.7226311643269976
2032,totalVI-X affine,ADT_CD54_A0074,0.8998826674661824
2032,totalVI-X affine,ADT_CD55(DAF)_A0558,0.7399406233098882
2032,totalVI-X affine,ADT_CD62L_A0112,1.0351525065243465
2032,totalVI-X affine,ADT_CD62P(P-selectin)_A0229,0.4567607062645302
2032,totalVI-X affine,ADT_CD63_A0559,0.476347658669802
2032,totalVI-X affine,ADT_CD64(FcrRI)_A0202,0.5167887119876691
2032,totalVI-X affine,ADT_CD68_A0560,0.44577029822068376
2032,totalVI-X affine,ADT_CD69_A0197,0.5519370038509204
2032,totalVI-X affine,ADT_CD71_A0441,0.5894136672656651
2032,totalVI-X affine,ADT_CD73_A0077,0.726345804449487
2032,totalVI-X affine,ADT_CD79b(Igb)_A0561,0.5778498523402686
2032,totalVI-X affine,ADT_CD83_A0562,0.36067326879788275
2032,totalVI-X affine,ADT_CD86_A0200,0.8348304491557703
2032,totalVI-X affine,ADT_CD8a_A0002,0.7303709471909403
2032,totalVI-X affine,ADT_CD8b(Ly-3)_A0230,0.8908696360231577
2032,totalVI-X affine,ADT_CD90.1(Thy-1.1)_A0380,0.37456608679988634
2032,totalVI-X affine,ADT_CD90.2_A0075,0.8099381475239759
2032,totalVI-X affine,ADT_CD93(AA4.1_earlyBlineage)_A0113,0.5661333863618482
2032,totalVI-X affine,ADT_CX3CR1_A0563,0.48774320946849564
2032,totalVI-X affine,ADT_ESAM_A0596,0.5291333533680466
2032,totalVI-X affine,ADT_F4-80_A0114,0.6138152913721167
2032,totalVI-X affine,ADT_FceRIa_A0115,0.5418654473021305
2032,totalVI-X affine,ADT_FolateReceptorb(FR-b)_A0564,0.5670838036247732
2032,totalVI-X affine,ADT_H-2KbboundtoSIINFEKL_A0231,0.5291476097169611
2032,totalVI-X affine,ADT_I-A-I-E_A0117,0.8833507063366315
2032,totalVI-X affine,ADT_IRF4_A0249,0.5130882809155345
2032,totalVI-X affine,ADT_IgD_A0571,0.7907349759005746
2032,totalVI-X affine,ADT_IgM_A0450,0.5167068459263428
2032,totalVI-X affine,ADT_Ly-6A-E(Sca-1)_A0130,1.0080056873720193
2032,totalVI-X affine,ADT_Ly-6C_A0013,0.5563601464725833
2032,totalVI-X affine,ADT_MAdCAM-1_A0232,0.5154118516666505
2032,totalVI-X affine,ADT_MERTK(Mer)_A0565,0.5241645228420657
2032,totalVI-X affine,ADT_NK-1.1_A0118,0.5737988582682488
2032,totalVI-X affine,ADT_Notch1_A0442,0.4913415598893871
2032,totalVI-X affine,ADT_PanendothelialCellAntigen_A0381,0.563358255935853
2032,totalVI-X affine,ADT_SiglecH_A0119,0.5254257506501482
2032,totalVI-X affine,ADT_TCRVb5.1_5.2_A0354,0.7410857392820048
2032,totalVI-X affine,ADT_TCRVb8.1_8.2_A0235,0.5937652126915046
2032,totalVI-X affine,ADT_TCRVr1.1-Cr4_A0209,0.39474662148995177
2032,totalVI-X affine,ADT_TCRVr2_A0211,0.5497748975028999
2032,totalVI-X affine,ADT_TCRVr3_A0210,0.4248796559018614
2032,totalVI-X affine,ADT_TCRbchain_A0120,0.6132454061181177
2032,totalVI-X affine,ADT_TCRr-d_A0121,0.5445551860176292
2032,totalVI-X affine,ADT_TER-119-ErythroidCells_A0122,0.4715291863723533
2032,totalVI-X affine,ADT_Tim-4_A0567,0.562236407272698
2032,totalVI-X affine,ADT_XCR1_A0568,0.5360710991676186
2032,totalVI-X affine,ADT_anti-P2RY12_A0415,0.5371946245541189
2032,totalVI-X affine,ADT_integrinb7_A0214,0.6927601557274776
2032,totalVI likelihood-consistent + D1 head,ADT_CD102_A0104,0.6300780608359985
2032,totalVI likelihood-consistent + D1 head,ADT_CD103_A0201,0.526099369159097
2032,totalVI likelihood-consistent + D1 head,ADT_CD106_A0226,0.6472623836456365
2032,totalVI likelihood-consistent + D1 head,ADT_CD115(CSF-1R)_A0105,0.5967944572864702
2032,totalVI likelihood-consistent + D1 head,ADT_CD117(c-Kit)_A0012,0.5663173669957664
2032,totalVI likelihood-consistent + D1 head,ADT_CD11a_A0595,0.747446209026168
2032,totalVI likelihood-consistent + D1 head,ADT_CD11c_A0106,0.6014706663986396
2032,totalVI likelihood-consistent + D1 head,ADT_CD122(IL-2Rb)_A0227,0.5409532118690265
2032,totalVI likelihood-consistent + D1 head,ADT_CD127(IL-7Ra)_A0198,0.5655887716638149
2032,totalVI likelihood-consistent + D1 head,ADT_CD134(OX-40)_A0195,0.39469737438061714
2032,totalVI likelihood-consistent + D1 head,ADT_CD135_A0098,0.4905269956033745
2032,totalVI likelihood-consistent + D1 head,ADT_CD137_A0194,0.4366301794335102
2032,totalVI likelihood-consistent + D1 head,ADT_CD14_A0424,0.5715144987808248
2032,totalVI likelihood-consistent + D1 head,ADT_CD140a_A0573,0.3751531902780616
2032,totalVI likelihood-consistent + D1 head,ADT_CD15(SSEA-1)_A0076,0.5299668022526972
2032,totalVI likelihood-consistent + D1 head,ADT_CD150(SLAM)_A0203,0.7344909176214244
2032,totalVI likelihood-consistent + D1 head,ADT_CD16-32_A0109,0.53495419525819
2032,totalVI likelihood-consistent + D1 head,ADT_CD169(Siglec-1)_A0440,0.4604361119277965
2032,totalVI likelihood-consistent + D1 head,ADT_CD172a(SIRPa)_A0422,0.5140166109132444
2032,totalVI likelihood-consistent + D1 head,ADT_CD183(CXCR3)_A0228,0.5860213626588744
2032,totalVI likelihood-consistent + D1 head,ADT_CD184(CXCR4)_A0444,0.4879267454010096
2032,totalVI likelihood-consistent + D1 head,ADT_CD19_A0093,0.7014969490850982
2032,totalVI likelihood-consistent + D1 head,ADT_CD192(CCR2)_A0426,0.473981132556463
2032,totalVI likelihood-consistent + D1 head,ADT_CD195(CCR5)_A0376,0.5290110144293466
2032,totalVI likelihood-consistent + D1 head,ADT_CD196(CCR6)_A0225,0.5587904536233761
2032,totalVI likelihood-consistent + D1 head,ADT_CD197(CCR7)_A0377,0.4848714856712304
2032,totalVI likelihood-consistent + D1 head,ADT_CD20_A0192,0.4843538751853968
2032,totalVI likelihood-consistent + D1 head,ADT_CD200(OX2)_A0079,0.6055636238250268
2032,totalVI likelihood-consistent + D1 head,ADT_CD201(EPCR)_A0439,0.5107596132267417
2032,totalVI likelihood-consistent + D1 head,ADT_CD204(Msr1)_A0448,0.4077476506434132
2032,totalVI likelihood-consistent + D1 head,ADT_CD206(MMR)_A0173,0.5262527282121396
2032,totalVI likelihood-consistent + D1 head,ADT_CD21-CD35(CR2-CR1)_A0107,0.7376905717202371
2032,totalVI likelihood-consistent + D1 head,ADT_CD223(LAG-3)_A0378,0.38634764381932196
2032,totalVI likelihood-consistent + D1 head,ADT_CD23_A0108,0.7043207395408666
2032,totalVI likelihood-consistent + D1 head,ADT_CD24_A0212,0.6302939174189638
2032,totalVI likelihood-consistent + D1 head,ADT_CD25_A0097,0.5139558706624777
2032,totalVI likelihood-consistent + D1 head,ADT_CD274(B7-H1_PD-L1)_A0190,0.6035466527310939
2032,totalVI likelihood-consistent + D1 head,ADT_CD278(ICOS)_A0171,0.5161863489744851
2032,totalVI likelihood-consistent + D1 head,ADT_CD279(PD-1)_A0004,0.42785528152492264
2032,totalVI likelihood-consistent + D1 head,ADT_CD28_A0204,0.48881632885505183
2032,totalVI likelihood-consistent + D1 head,ADT_CD29_A0570,0.7430957078756344
2032,totalVI likelihood-consistent + D1 head,ADT_CD300LG(Nepmucin)_A0416,0.38782684042071663
2032,totalVI likelihood-consistent + D1 head,ADT_CD301a(MGL1)_A0551,0.5788812082962522
2032,totalVI likelihood-consistent + D1 head,ADT_CD301b(MGL2)_A0566,0.4730836193067097
2032,totalVI likelihood-consistent + D1 head,ADT_CD304(Neuropilin-1)_A0552,0.5822025982006133
2032,totalVI likelihood-consistent + D1 head,ADT_CD326(Ep-CAM)_A0449,0.6112902897558857
2032,totalVI likelihood-consistent + D1 head,ADT_CD335(NKp46)_A0184,0.40022970400998503
2032,totalVI likelihood-consistent + D1 head,ADT_CD357(GITR)_A0193,0.6240370545985349
2032,totalVI likelihood-consistent + D1 head,ADT_CD36_A0555,0.5696561581121984
2032,totalVI likelihood-consistent + D1 head,ADT_CD366(Tim-3)_A0003,0.4943125754966754
2032,totalVI likelihood-consistent + D1 head,ADT_CD370(CLEC9A_DNGR1)_A0556,0.5467514813351416
2032,totalVI likelihood-consistent + D1 head,ADT_CD38_A0557,0.8243293154655668
2032,totalVI likelihood-consistent + D1 head,ADT_CD4_A0001,0.8778571379606229
2032,totalVI likelihood-consistent + D1 head,ADT_CD41_A0443,0.6171392079554247
2032,totalVI likelihood-consistent + D1 head,ADT_CD43_A0110,0.6502694462836636
2032,totalVI likelihood-consistent + D1 head,ADT_CD45_A0096,0.4498935636665811
2032,totalVI likelihood-consistent + D1 head,ADT_CD45.1_A0178,0.5426904528786004
2032,totalVI likelihood-consistent + D1 head,ADT_CD45.2_A0157,0.37745825870908667
2032,totalVI likelihood-consistent + D1 head,ADT_CD45R-B220_A0103,0.5562262141780484
2032,totalVI likelihood-consistent + D1 head,ADT_CD48_A0429,0.5949291082819989
2032,totalVI likelihood-consistent + D1 head,ADT_CD49d_A0078,0.6805149534292104
2032,totalVI likelihood-consistent + D1 head,ADT_CD5_A0111,0.7227636758922373
2032,totalVI likelihood-consistent + D1 head,ADT_CD54_A0074,0.9014327006175811
2032,totalVI likelihood-consistent + D1 head,ADT_CD55(DAF)_A0558,0.7397509703989541
2032,totalVI likelihood-consistent + D1 head,ADT_CD62L_A0112,1.036695568580227
2032,totalVI likelihood-consistent + D1 head,ADT_CD62P(P-selectin)_A0229,0.4567707750715117
2032,totalVI likelihood-consistent + D1 head,ADT_CD63_A0559,0.4762062750041657
2032,totalVI likelihood-consistent + D1 head,ADT_CD64(FcrRI)_A0202,0.5168366108849549
2032,totalVI likelihood-consistent + D1 head,ADT_CD68_A0560,0.4462302794154663
2032,totalVI likelihood-consistent + D1 head,ADT_CD69_A0197,0.551798697473777
2032,totalVI likelihood-consistent + D1 head,ADT_CD71_A0441,0.5903431378014207
2032,totalVI likelihood-consistent + D1 head,ADT_CD73_A0077,0.7252391126055123
2032,totalVI likelihood-consistent + D1 head,ADT_CD79b(Igb)_A0561,0.5788800427799132
2032,totalVI likelihood-consistent + D1 head,ADT_CD83_A0562,0.36061624631040257
2032,totalVI likelihood-consistent + D1 head,ADT_CD86_A0200,0.8350747220143313
2032,totalVI likelihood-consistent + D1 head,ADT_CD8a_A0002,0.7245225552616434
2032,totalVI likelihood-consistent + D1 head,ADT_CD8b(Ly-3)_A0230,0.8787619068333674
2032,totalVI likelihood-consistent + D1 head,ADT_CD90.1(Thy-1.1)_A0380,0.37472841398096923
2032,totalVI likelihood-consistent + D1 head,ADT_CD90.2_A0075,0.8084130826044436
2032,totalVI likelihood-consistent + D1 head,ADT_CD93(AA4.1_earlyBlineage)_A0113,0.5656397350945053
2032,totalVI likelihood-consistent + D1 head,ADT_CX3CR1_A0563,0.48684156236201814
2032,totalVI likelihood-consistent + D1 head,ADT_ESAM_A0596,0.5289277721626692
2032,totalVI likelihood-consistent + D1 head,ADT_F4-80_A0114,0.6126152641615619
2032,totalVI likelihood-consistent + D1 head,ADT_FceRIa_A0115,0.5417929743963115
2032,totalVI likelihood-consistent + D1 head,ADT_FolateReceptorb(FR-b)_A0564,0.5667409732576792
2032,totalVI likelihood-consistent + D1 head,ADT_H-2KbboundtoSIINFEKL_A0231,0.5291644445025777
2032,totalVI likelihood-consistent + D1 head,ADT_I-A-I-E_A0117,0.8828211811642395
2032,totalVI likelihood-consistent + D1 head,ADT_IRF4_A0249,0.5131308990476444
2032,totalVI likelihood-consistent + D1 head,ADT_IgD_A0571,0.7903876537214043
2032,totalVI likelihood-consistent + D1 head,ADT_IgM_A0450,0.5167217189153425
2032,totalVI likelihood-consistent + D1 head,ADT_Ly-6A-E(Sca-1)_A0130,1.008160350444299
2032,totalVI likelihood-consistent + D1 head,ADT_Ly-6C_A0013,0.5551331635699497
2032,totalVI likelihood-consistent + D1 head,ADT_MAdCAM-1_A0232,0.5153910735423152
2032,totalVI likelihood-consistent + D1 head,ADT_MERTK(Mer)_A0565,0.5240173074374992
2032,totalVI likelihood-consistent + D1 head,ADT_NK-1.1_A0118,0.5736596084109414
2032,totalVI likelihood-consistent + D1 head,ADT_Notch1_A0442,0.4913594328156679
2032,totalVI likelihood-consistent + D1 head,ADT_PanendothelialCellAntigen_A0381,0.5633731185213244
2032,totalVI likelihood-consistent + D1 head,ADT_SiglecH_A0119,0.5251038109482505
2032,totalVI likelihood-consistent + D1 head,ADT_TCRVb5.1_5.2_A0354,0.7408895192361579
2032,totalVI likelihood-consistent + D1 head,ADT_TCRVb8.1_8.2_A0235,0.5938170210955867
2032,totalVI likelihood-consistent + D1 head,ADT_TCRVr1.1-Cr4_A0209,0.3943435877625017
2032,totalVI likelihood-consistent + D1 head,ADT_TCRVr2_A0211,0.5496823510184871
2032,totalVI likelihood-consistent + D1 head,ADT_TCRVr3_A0210,0.4248129674688552
2032,totalVI likelihood-consistent + D1 head,ADT_TCRbchain_A0120,0.6123748114466786
2032,totalVI likelihood-consistent + D1 head,ADT_TCRr-d_A0121,0.5442333184557352
2032,totalVI likelihood-consistent + D1 head,ADT_TER-119-ErythroidCells_A0122,0.4692619047935216
2032,totalVI likelihood-consistent + D1 head,ADT_Tim-4_A0567,0.5618218406689157
2032,totalVI likelihood-consistent + D1 head,ADT_XCR1_A0568,0.5357588265941041
2032,totalVI likelihood-consistent + D1 head,ADT_anti-P2RY12_A0415,0.5369846640219221
2032,totalVI likelihood-consistent + D1 head,ADT_integrinb7_A0214,0.6929369813460265
2033,totalVI helper-uncorrected,ADT_CD102_A0104,0.8760398647329272
2033,totalVI helper-uncorrected,ADT_CD103_A0201,1.068421129846294
2033,totalVI helper-uncorrected,ADT_CD106_A0226,0.9394758788767089
2033,totalVI helper-uncorrected,ADT_CD115(CSF-1R)_A0105,1.0418528370615134
2033,totalVI helper-uncorrected,ADT_CD117(c-Kit)_A0012,1.0740846491551883
2033,totalVI helper-uncorrected,ADT_CD11a_A0595,0.6640259979927592
2033,totalVI helper-uncorrected,ADT_CD11c_A0106,1.0489802803819381
2033,totalVI helper-uncorrected,ADT_CD122(IL-2Rb)_A0227,0.9904181629012405
2033,totalVI helper-uncorrected,ADT_CD127(IL-7Ra)_A0198,0.9192890542413052
2033,totalVI helper-uncorrected,ADT_CD134(OX-40)_A0195,1.1846592070999318
2033,totalVI helper-uncorrected,ADT_CD135_A0098,1.093364474713284
2033,totalVI helper-uncorrected,ADT_CD137_A0194,1.1193152064274055
2033,totalVI helper-uncorrected,ADT_CD14_A0424,1.091414372357272
2033,totalVI helper-uncorrected,ADT_CD140a_A0573,1.0773753282429477
2033,totalVI helper-uncorrected,ADT_CD15(SSEA-1)_A0076,1.1736470076712218
2033,totalVI helper-uncorrected,ADT_CD150(SLAM)_A0203,1.0042852741681478
2033,totalVI helper-uncorrected,ADT_CD16-32_A0109,1.0741552797965557
2033,totalVI helper-uncorrected,ADT_CD169(Siglec-1)_A0440,1.115624024686313
2033,totalVI helper-uncorrected,ADT_CD172a(SIRPa)_A0422,1.0711056920778996
2033,totalVI helper-uncorrected,ADT_CD183(CXCR3)_A0228,1.0758831932169128
2033,totalVI helper-uncorrected,ADT_CD184(CXCR4)_A0444,1.0014902367241545
2033,totalVI helper-uncorrected,ADT_CD19_A0093,0.8111510127792496
2033,totalVI helper-uncorrected,ADT_CD192(CCR2)_A0426,0.9831967746277105
2033,totalVI helper-uncorrected,ADT_CD195(CCR5)_A0376,1.1586442840287003
2033,totalVI helper-uncorrected,ADT_CD196(CCR6)_A0225,0.9915152278255434
2033,totalVI helper-uncorrected,ADT_CD197(CCR7)_A0377,1.093315528625927
2033,totalVI helper-uncorrected,ADT_CD20_A0192,1.0147486804531498
2033,totalVI helper-uncorrected,ADT_CD200(OX2)_A0079,1.0729518905833209
2033,totalVI helper-uncorrected,ADT_CD201(EPCR)_A0439,1.0543646608853572
2033,totalVI helper-uncorrected,ADT_CD204(Msr1)_A0448,0.6805490125634466
2033,totalVI helper-uncorrected,ADT_CD206(MMR)_A0173,1.220649470445727
2033,totalVI helper-uncorrected,ADT_CD21-CD35(CR2-CR1)_A0107,1.210808954262609
2033,totalVI helper-uncorrected,ADT_CD223(LAG-3)_A0378,1.071953371086458
2033,totalVI helper-uncorrected,ADT_CD23_A0108,1.2068071985944793
2033,totalVI helper-uncorrected,ADT_CD24_A0212,1.1570522024443117
2033,totalVI helper-uncorrected,ADT_CD25_A0097,0.866497782303906
2033,totalVI helper-uncorrected,ADT_CD274(B7-H1_PD-L1)_A0190,0.8696709335523597
2033,totalVI helper-uncorrected,ADT_CD278(ICOS)_A0171,1.0006325395434443
2033,totalVI helper-uncorrected,ADT_CD279(PD-1)_A0004,1.1080156556916034
2033,totalVI helper-uncorrected,ADT_CD28_A0204,1.0694936690198853
2033,totalVI helper-uncorrected,ADT_CD29_A0570,0.8934451195287018
2033,totalVI helper-uncorrected,ADT_CD300LG(Nepmucin)_A0416,1.091268715859046
2033,totalVI helper-uncorrected,ADT_CD301a(MGL1)_A0551,1.166434163293653
2033,totalVI helper-uncorrected,ADT_CD301b(MGL2)_A0566,1.0777575967944335
2033,totalVI helper-uncorrected,ADT_CD304(Neuropilin-1)_A0552,1.1904876849400745
2033,totalVI helper-uncorrected,ADT_CD326(Ep-CAM)_A0449,1.037421998274361
2033,totalVI helper-uncorrected,ADT_CD335(NKp46)_A0184,1.2028965857817484
2033,totalVI helper-uncorrected,ADT_CD357(GITR)_A0193,1.0136574257283821
2033,totalVI helper-uncorrected,ADT_CD36_A0555,1.045107149639186
2033,totalVI helper-uncorrected,ADT_CD366(Tim-3)_A0003,0.9157421282079334
2033,totalVI helper-uncorrected,ADT_CD370(CLEC9A_DNGR1)_A0556,1.0777712834908133
2033,totalVI helper-uncorrected,ADT_CD38_A0557,0.935162393019686
2033,totalVI helper-uncorrected,ADT_CD4_A0001,1.3265509418062595
2033,totalVI helper-uncorrected,ADT_CD41_A0443,1.3805127023756332
2033,totalVI helper-uncorrected,ADT_CD43_A0110,0.9760220865857168
2033,totalVI helper-uncorrected,ADT_CD45_A0096,1.1860738085327938
2033,totalVI helper-uncorrected,ADT_CD45.1_A0178,1.1096743927527406
2033,totalVI helper-uncorrected,ADT_CD45.2_A0157,1.1451604151420243
2033,totalVI helper-uncorrected,ADT_CD45R-B220_A0103,1.0048005141613765
2033,totalVI helper-uncorrected,ADT_CD48_A0429,0.8096812516810178
2033,totalVI helper-uncorrected,ADT_CD49d_A0078,0.9206797231583284
2033,totalVI helper-uncorrected,ADT_CD5_A0111,1.0625119883376206
2033,totalVI helper-uncorrected,ADT_CD54_A0074,0.9510689386162202
2033,totalVI helper-uncorrected,ADT_CD55(DAF)_A0558,1.0407230273212909
2033,totalVI helper-uncorrected,ADT_CD62L_A0112,1.1026978352945191
2033,totalVI helper-uncorrected,ADT_CD62P(P-selectin)_A0229,1.1848596533089504
2033,totalVI helper-uncorrected,ADT_CD63_A0559,1.1032126208886468
2033,totalVI helper-uncorrected,ADT_CD64(FcrRI)_A0202,0.9248922718307254
2033,totalVI helper-uncorrected,ADT_CD68_A0560,0.7262730262754596
2033,totalVI helper-uncorrected,ADT_CD69_A0197,0.9647829873290564
2033,totalVI helper-uncorrected,ADT_CD71_A0441,1.1337610138258536
2033,totalVI helper-uncorrected,ADT_CD73_A0077,1.1792474443433403
2033,totalVI helper-uncorrected,ADT_CD79b(Igb)_A0561,1.0341174883696684
2033,totalVI helper-uncorrected,ADT_CD83_A0562,0.5336172663018116
2033,totalVI helper-uncorrected,ADT_CD86_A0200,1.1769782238262156
2033,totalVI helper-uncorrected,ADT_CD8a_A0002,1.3096235204827158
2033,totalVI helper-uncorrected,ADT_CD8b(Ly-3)_A0230,1.4260513617290702
2033,totalVI helper-uncorrected,ADT_CD90.1(Thy-1.1)_A0380,0.6193246877560593
2033,totalVI helper-uncorrected,ADT_CD90.2_A0075,1.1953382882277395
2033,totalVI helper-uncorrected,ADT_CD93(AA4.1_earlyBlineage)_A0113,1.1421965460987913
2033,totalVI helper-uncorrected,ADT_CX3CR1_A0563,0.8116982696747107
2033,totalVI helper-uncorrected,ADT_ESAM_A0596,1.0876176598015643
2033,totalVI helper-uncorrected,ADT_F4-80_A0114,1.0700947703858341
2033,totalVI helper-uncorrected,ADT_FceRIa_A0115,1.0852365755515756
2033,totalVI helper-uncorrected,ADT_FolateReceptorb(FR-b)_A0564,1.098330446335673
2033,totalVI helper-uncorrected,ADT_H-2KbboundtoSIINFEKL_A0231,1.087636902060804
2033,totalVI helper-uncorrected,ADT_I-A-I-E_A0117,1.4574452259995634
2033,totalVI helper-uncorrected,ADT_IRF4_A0249,1.0595493383999541
2033,totalVI helper-uncorrected,ADT_IgD_A0571,1.1591104025812746
2033,totalVI helper-uncorrected,ADT_IgM_A0450,1.1070466786401651
2033,totalVI helper-uncorrected,ADT_Ly-6A-E(Sca-1)_A0130,1.309136200503416
2033,totalVI helper-uncorrected,ADT_Ly-6C_A0013,1.0770483371764077
2033,totalVI helper-uncorrected,ADT_MAdCAM-1_A0232,1.1049824946285223
2033,totalVI helper-uncorrected,ADT_MERTK(Mer)_A0565,1.1292257394485892
2033,totalVI helper-uncorrected,ADT_NK-1.1_A0118,1.2502819697601228
2033,totalVI helper-uncorrected,ADT_Notch1_A0442,1.1639087188639587
2033,totalVI helper-uncorrected,ADT_PanendothelialCellAntigen_A0381,1.0918445978333773
2033,totalVI helper-uncorrected,ADT_SiglecH_A0119,1.0857322708320718
2033,totalVI helper-uncorrected,ADT_TCRVb5.1_5.2_A0354,1.6331905353408303
2033,totalVI helper-uncorrected,ADT_TCRVb8.1_8.2_A0235,1.1144841195765167
2033,totalVI helper-uncorrected,ADT_TCRVr1.1-Cr4_A0209,0.6111296675218312
2033,totalVI helper-uncorrected,ADT_TCRVr2_A0211,1.0983614472259875
2033,totalVI helper-uncorrected,ADT_TCRVr3_A0210,1.0467957644555794
2033,totalVI helper-uncorrected,ADT_TCRbchain_A0120,1.2395006850227561
2033,totalVI helper-uncorrected,ADT_TCRr-d_A0121,1.1195397909547775
2033,totalVI helper-uncorrected,ADT_TER-119-ErythroidCells_A0122,0.8233748119547176
2033,totalVI helper-uncorrected,ADT_Tim-4_A0567,1.085521075571815
2033,totalVI helper-uncorrected,ADT_XCR1_A0568,1.05941904168569
2033,totalVI helper-uncorrected,ADT_anti-P2RY12_A0415,1.0944168405231998
2033,totalVI helper-uncorrected,ADT_integrinb7_A0214,0.8732215442142423
2033,totalVI likelihood-consistent,ADT_CD102_A0104,0.4942629045096461
2033,totalVI likelihood-consistent,ADT_CD103_A0201,0.5147320977181562
2033,totalVI likelihood-consistent,ADT_CD106_A0226,0.5833875132554956
2033,totalVI likelihood-consistent,ADT_CD115(CSF-1R)_A0105,0.5921887106165543
2033,totalVI likelihood-consistent,ADT_CD117(c-Kit)_A0012,0.5649722539564027
2033,totalVI likelihood-consistent,ADT_CD11a_A0595,0.5969227877331655
2033,totalVI likelihood-consistent,ADT_CD11c_A0106,0.6098365292501753
2033,totalVI likelihood-consistent,ADT_CD122(IL-2Rb)_A0227,0.5458515750203439
2033,totalVI likelihood-consistent,ADT_CD127(IL-7Ra)_A0198,0.5386516400624904
2033,totalVI likelihood-consistent,ADT_CD134(OX-40)_A0195,0.4218519350624172
2033,totalVI likelihood-consistent,ADT_CD135_A0098,0.5043584575559664
2033,totalVI likelihood-consistent,ADT_CD137_A0194,0.45251591360775656
2033,totalVI likelihood-consistent,ADT_CD14_A0424,0.5823300108718756
2033,totalVI likelihood-consistent,ADT_CD140a_A0573,0.3801207393274466
2033,totalVI likelihood-consistent,ADT_CD15(SSEA-1)_A0076,0.5669778435097967
2033,totalVI likelihood-consistent,ADT_CD150(SLAM)_A0203,0.6352885988355211
2033,totalVI likelihood-consistent,ADT_CD16-32_A0109,0.5536697665313253
2033,totalVI likelihood-consistent,ADT_CD169(Siglec-1)_A0440,0.4670697920262033
2033,totalVI likelihood-consistent,ADT_CD172a(SIRPa)_A0422,0.516498709319391
2033,totalVI likelihood-consistent,ADT_CD183(CXCR3)_A0228,0.5977070843694068
2033,totalVI likelihood-consistent,ADT_CD184(CXCR4)_A0444,0.47567486072960724
2033,totalVI likelihood-consistent,ADT_CD19_A0093,0.5894319770531489
2033,totalVI likelihood-consistent,ADT_CD192(CCR2)_A0426,0.45228282836685285
2033,totalVI likelihood-consistent,ADT_CD195(CCR5)_A0376,0.5580518594627457
2033,totalVI likelihood-consistent,ADT_CD196(CCR6)_A0225,0.559304427565672
2033,totalVI likelihood-consistent,ADT_CD197(CCR7)_A0377,0.4964672512673854
2033,totalVI likelihood-consistent,ADT_CD20_A0192,0.450412998321248
2033,totalVI likelihood-consistent,ADT_CD200(OX2)_A0079,0.5674661786107285
2033,totalVI likelihood-consistent,ADT_CD201(EPCR)_A0439,0.5139458246560926
2033,totalVI likelihood-consistent,ADT_CD204(Msr1)_A0448,0.41871326556200017
2033,totalVI likelihood-consistent,ADT_CD206(MMR)_A0173,0.5590677302893697
2033,totalVI likelihood-consistent,ADT_CD21-CD35(CR2-CR1)_A0107,0.7048018118900597
2033,totalVI likelihood-consistent,ADT_CD223(LAG-3)_A0378,0.3910371093945382
2033,totalVI likelihood-consistent,ADT_CD23_A0108,0.6827602819159263
2033,totalVI likelihood-consistent,ADT_CD24_A0212,0.5900999993856861
2033,totalVI likelihood-consistent,ADT_CD25_A0097,0.5291293622133931
2033,totalVI likelihood-consistent,ADT_CD274(B7-H1_PD-L1)_A0190,0.4953393543760087
2033,totalVI likelihood-consistent,ADT_CD278(ICOS)_A0171,0.4767620714646583
2033,totalVI likelihood-consistent,ADT_CD279(PD-1)_A0004,0.44361036796483466
2033,totalVI likelihood-consistent,ADT_CD28_A0204,0.4901202745209084
2033,totalVI likelihood-consistent,ADT_CD29_A0570,0.6041306580413726
2033,totalVI likelihood-consistent,ADT_CD300LG(Nepmucin)_A0416,0.3960723741324787
2033,totalVI likelihood-consistent,ADT_CD301a(MGL1)_A0551,0.6223386940878063
2033,totalVI likelihood-consistent,ADT_CD301b(MGL2)_A0566,0.479402126672213
2033,totalVI likelihood-consistent,ADT_CD304(Neuropilin-1)_A0552,0.6219122470639494
2033,totalVI likelihood-consistent,ADT_CD326(Ep-CAM)_A0449,0.6203296600643632
2033,totalVI likelihood-consistent,ADT_CD335(NKp46)_A0184,0.4206940356452758
2033,totalVI likelihood-consistent,ADT_CD357(GITR)_A0193,0.5837367120951165
2033,totalVI likelihood-consistent,ADT_CD36_A0555,0.5735341909156495
2033,totalVI likelihood-consistent,ADT_CD366(Tim-3)_A0003,0.5230857296272661
2033,totalVI likelihood-consistent,ADT_CD370(CLEC9A_DNGR1)_A0556,0.5626811393278471
2033,totalVI likelihood-consistent,ADT_CD38_A0557,0.7175737028523596
2033,totalVI likelihood-consistent,ADT_CD4_A0001,0.8469343794028771
2033,totalVI likelihood-consistent,ADT_CD41_A0443,0.718224278859144
2033,totalVI likelihood-consistent,ADT_CD43_A0110,0.557326318767879
2033,totalVI likelihood-consistent,ADT_CD45_A0096,0.46409248879169684
2033,totalVI likelihood-consistent,ADT_CD45.1_A0178,0.5793423512482518
2033,totalVI likelihood-consistent,ADT_CD45.2_A0157,0.39149083134657103
2033,totalVI likelihood-consistent,ADT_CD45R-B220_A0103,0.5016887461376957
2033,totalVI likelihood-consistent,ADT_CD48_A0429,0.4537868321809868
2033,totalVI likelihood-consistent,ADT_CD49d_A0078,0.542531870928752
2033,totalVI likelihood-consistent,ADT_CD5_A0111,0.6418514664338678
2033,totalVI likelihood-consistent,ADT_CD54_A0074,0.6600889765427744
2033,totalVI likelihood-consistent,ADT_CD55(DAF)_A0558,0.656920468936762
2033,totalVI likelihood-consistent,ADT_CD62L_A0112,0.8526361992186595
2033,totalVI likelihood-consistent,ADT_CD62P(P-selectin)_A0229,0.48266050746474476
2033,totalVI likelihood-consistent,ADT_CD63_A0559,0.4832990363178363
2033,totalVI likelihood-consistent,ADT_CD64(FcrRI)_A0202,0.5302679887948291
2033,totalVI likelihood-consistent,ADT_CD68_A0560,0.4595320521234198
2033,totalVI likelihood-consistent,ADT_CD69_A0197,0.5237236661585504
2033,totalVI likelihood-consistent,ADT_CD71_A0441,0.5649037469310515
2033,totalVI likelihood-consistent,ADT_CD73_A0077,0.7034500087739719
2033,totalVI likelihood-consistent,ADT_CD79b(Igb)_A0561,0.5422024211797641
2033,totalVI likelihood-consistent,ADT_CD83_A0562,0.3645784767380755
2033,totalVI likelihood-consistent,ADT_CD86_A0200,0.7515649010342432
2033,totalVI likelihood-consistent,ADT_CD8a_A0002,0.7527774664536532
2033,totalVI likelihood-consistent,ADT_CD8b(Ly-3)_A0230,0.9159311443840614
2033,totalVI likelihood-consistent,ADT_CD90.1(Thy-1.1)_A0380,0.3849840489165283
2033,totalVI likelihood-consistent,ADT_CD90.2_A0075,0.7543081142787511
2033,totalVI likelihood-consistent,ADT_CD93(AA4.1_earlyBlineage)_A0113,0.5959368070246743
2033,totalVI likelihood-consistent,ADT_CX3CR1_A0563,0.4978371325996056
2033,totalVI likelihood-consistent,ADT_ESAM_A0596,0.5393845167248661
2033,totalVI likelihood-consistent,ADT_F4-80_A0114,0.6141394325547787
2033,totalVI likelihood-consistent,ADT_FceRIa_A0115,0.5670364229408151
2033,totalVI likelihood-consistent,ADT_FolateReceptorb(FR-b)_A0564,0.5717322420152162
2033,totalVI likelihood-consistent,ADT_H-2KbboundtoSIINFEKL_A0231,0.5428622980341106
2033,totalVI likelihood-consistent,ADT_I-A-I-E_A0117,0.868323430066992
2033,totalVI likelihood-consistent,ADT_IRF4_A0249,0.5157934196930752
2033,totalVI likelihood-consistent,ADT_IgD_A0571,0.7165472709979805
2033,totalVI likelihood-consistent,ADT_IgM_A0450,0.5383358666124524
2033,totalVI likelihood-consistent,ADT_Ly-6A-E(Sca-1)_A0130,0.854416019893614
2033,totalVI likelihood-consistent,ADT_Ly-6C_A0013,0.5316089905611959
2033,totalVI likelihood-consistent,ADT_MAdCAM-1_A0232,0.529911906838078
2033,totalVI likelihood-consistent,ADT_MERTK(Mer)_A0565,0.5455733388984517
2033,totalVI likelihood-consistent,ADT_NK-1.1_A0118,0.6310596480594326
2033,totalVI likelihood-consistent,ADT_Notch1_A0442,0.5188468223909554
2033,totalVI likelihood-consistent,ADT_PanendothelialCellAntigen_A0381,0.5773632011053527
2033,totalVI likelihood-consistent,ADT_SiglecH_A0119,0.5427113093523916
2033,totalVI likelihood-consistent,ADT_TCRVb5.1_5.2_A0354,0.9438428230208192
2033,totalVI likelihood-consistent,ADT_TCRVb8.1_8.2_A0235,0.6213847948733898
2033,totalVI likelihood-consistent,ADT_TCRVr1.1-Cr4_A0209,0.39948491742215525
2033,totalVI likelihood-consistent,ADT_TCRVr2_A0211,0.5736660825617249
2033,totalVI likelihood-consistent,ADT_TCRVr3_A0210,0.4251002093004513
2033,totalVI likelihood-consistent,ADT_TCRbchain_A0120,0.6394159841184436
2033,totalVI likelihood-consistent,ADT_TCRr-d_A0121,0.5636320108318138
2033,totalVI likelihood-consistent,ADT_TER-119-ErythroidCells_A0122,0.4931431706148971
2033,totalVI likelihood-consistent,ADT_Tim-4_A0567,0.5536023780627524
2033,totalVI likelihood-consistent,ADT_XCR1_A0568,0.5441963571116274
2033,totalVI likelihood-consistent,ADT_anti-P2RY12_A0415,0.5431436621484966
2033,totalVI likelihood-consistent,ADT_integrinb7_A0214,0.5432739361294906
2033,totalVI-X affine,ADT_CD102_A0104,0.6247847129626681
2033,totalVI-X affine,ADT_CD103_A0201,0.5312025325228716
2033,totalVI-X affine,ADT_CD106_A0226,0.6348579642908705
2033,totalVI-X affine,ADT_CD115(CSF-1R)_A0105,0.5955190159009205
2033,totalVI-X affine,ADT_CD117(c-Kit)_A0012,0.5623306158852678
2033,totalVI-X affine,ADT_CD11a_A0595,0.7223221318703174
2033,totalVI-X affine,ADT_CD11c_A0106,0.5998717626000967
2033,totalVI-X affine,ADT_CD122(IL-2Rb)_A0227,0.5425512432166231
2033,totalVI-X affine,ADT_CD127(IL-7Ra)_A0198,0.5563925772571681
2033,totalVI-X affine,ADT_CD134(OX-40)_A0195,0.3938645194930479
2033,totalVI-X affine,ADT_CD135_A0098,0.49022968807631406
2033,totalVI-X affine,ADT_CD137_A0194,0.4366479306238099
2033,totalVI-X affine,ADT_CD14_A0424,0.5694469627944716
2033,totalVI-X affine,ADT_CD140a_A0573,0.3741711809364788
2033,totalVI-X affine,ADT_CD15(SSEA-1)_A0076,0.5302185152122219
2033,totalVI-X affine,ADT_CD150(SLAM)_A0203,0.7213705884143132
2033,totalVI-X affine,ADT_CD16-32_A0109,0.5356369193027138
2033,totalVI-X affine,ADT_CD169(Siglec-1)_A0440,0.46489314224607003
2033,totalVI-X affine,ADT_CD172a(SIRPa)_A0422,0.5125106718793214
2033,totalVI-X affine,ADT_CD183(CXCR3)_A0228,0.5765596433320608
2033,totalVI-X affine,ADT_CD184(CXCR4)_A0444,0.4885423606016773
2033,totalVI-X affine,ADT_CD19_A0093,0.6646102091680012
2033,totalVI-X affine,ADT_CD192(CCR2)_A0426,0.47224636816523013
2033,totalVI-X affine,ADT_CD195(CCR5)_A0376,0.5280993327234854
2033,totalVI-X affine,ADT_CD196(CCR6)_A0225,0.5590902736801902
2033,totalVI-X affine,ADT_CD197(CCR7)_A0377,0.48720780564430277
2033,totalVI-X affine,ADT_CD20_A0192,0.478482664231338
2033,totalVI-X affine,ADT_CD200(OX2)_A0079,0.5901568487185906
2033,totalVI-X affine,ADT_CD201(EPCR)_A0439,0.5094830513289101
2033,totalVI-X affine,ADT_CD204(Msr1)_A0448,0.4085660477453027
2033,totalVI-X affine,ADT_CD206(MMR)_A0173,0.5287704059225333
2033,totalVI-X affine,ADT_CD21-CD35(CR2-CR1)_A0107,0.7134244627032733
2033,totalVI-X affine,ADT_CD223(LAG-3)_A0378,0.38547544483104773
2033,totalVI-X affine,ADT_CD23_A0108,0.7025739953978586
2033,totalVI-X affine,ADT_CD24_A0212,0.6149957136520752
2033,totalVI-X affine,ADT_CD25_A0097,0.514144146676013
2033,totalVI-X affine,ADT_CD274(B7-H1_PD-L1)_A0190,0.5875264270876523
2033,totalVI-X affine,ADT_CD278(ICOS)_A0171,0.5171234933688555
2033,totalVI-X affine,ADT_CD279(PD-1)_A0004,0.4293412145382018
2033,totalVI-X affine,ADT_CD28_A0204,0.4851445718997533
2033,totalVI-X affine,ADT_CD29_A0570,0.7071342286393949
2033,totalVI-X affine,ADT_CD300LG(Nepmucin)_A0416,0.3875405290581539
2033,totalVI-X affine,ADT_CD301a(MGL1)_A0551,0.5805085592425564
2033,totalVI-X affine,ADT_CD301b(MGL2)_A0566,0.4714830109448487
2033,totalVI-X affine,ADT_CD304(Neuropilin-1)_A0552,0.5822515416021057
2033,totalVI-X affine,ADT_CD326(Ep-CAM)_A0449,0.6092442918356492
2033,totalVI-X affine,ADT_CD335(NKp46)_A0184,0.4002384116477163
2033,totalVI-X affine,ADT_CD357(GITR)_A0193,0.6207963765331035
2033,totalVI-X affine,ADT_CD36_A0555,0.5699136020681805
2033,totalVI-X affine,ADT_CD366(Tim-3)_A0003,0.49305825762482425
2033,totalVI-X affine,ADT_CD370(CLEC9A_DNGR1)_A0556,0.5471789478183571
2033,totalVI-X affine,ADT_CD38_A0557,0.7663958661969761
2033,totalVI-X affine,ADT_CD4_A0001,0.8560413437930485
2033,totalVI-X affine,ADT_CD41_A0443,0.6125314793033522
2033,totalVI-X affine,ADT_CD43_A0110,0.6345812673468076
2033,totalVI-X affine,ADT_CD45_A0096,0.4480439025991734
2033,totalVI-X affine,ADT_CD45.1_A0178,0.5444091810002487
2033,totalVI-X affine,ADT_CD45.2_A0157,0.37560733098152926
2033,totalVI-X affine,ADT_CD45R-B220_A0103,0.539162967201705
2033,totalVI-X affine,ADT_CD48_A0429,0.5713991194861671
2033,totalVI-X affine,ADT_CD49d_A0078,0.6516556633288663
2033,totalVI-X affine,ADT_CD5_A0111,0.7179126590848095
2033,totalVI-X affine,ADT_CD54_A0074,0.8469528569925688
2033,totalVI-X affine,ADT_CD55(DAF)_A0558,0.6956409755619131
2033,totalVI-X affine,ADT_CD62L_A0112,0.9771129156062693
2033,totalVI-X affine,ADT_CD62P(P-selectin)_A0229,0.4550160373206364
2033,totalVI-X affine,ADT_CD63_A0559,0.47739424731896785
2033,totalVI-X affine,ADT_CD64(FcrRI)_A0202,0.5172870973871762
2033,totalVI-X affine,ADT_CD68_A0560,0.44793821905219067
2033,totalVI-X affine,ADT_CD69_A0197,0.5489535384628982
2033,totalVI-X affine,ADT_CD71_A0441,0.5896120069643358
2033,totalVI-X affine,ADT_CD73_A0077,0.7262013920574629
2033,totalVI-X affine,ADT_CD79b(Igb)_A0561,0.56989054923099
2033,totalVI-X affine,ADT_CD83_A0562,0.3613112198609719
2033,totalVI-X affine,ADT_CD86_A0200,0.828271332939831
2033,totalVI-X affine,ADT_CD8a_A0002,0.7270746860156632
2033,totalVI-X affine,ADT_CD8b(Ly-3)_A0230,0.8899338272939178
2033,totalVI-X affine,ADT_CD90.1(Thy-1.1)_A0380,0.37374867181518523
2033,totalVI-X affine,ADT_CD90.2_A0075,0.7920649373017843
2033,totalVI-X affine,ADT_CD93(AA4.1_earlyBlineage)_A0113,0.5654410798465939
2033,totalVI-X affine,ADT_CX3CR1_A0563,0.48833420299752484
2033,totalVI-X affine,ADT_ESAM_A0596,0.5275713858889266
2033,totalVI-X affine,ADT_F4-80_A0114,0.6064580062307454
2033,totalVI-X affine,ADT_FceRIa_A0115,0.5430821307206092
2033,totalVI-X affine,ADT_FolateReceptorb(FR-b)_A0564,0.5657827652757057
2033,totalVI-X affine,ADT_H-2KbboundtoSIINFEKL_A0231,0.5280324301332027
2033,totalVI-X affine,ADT_I-A-I-E_A0117,0.8580288862228765
2033,totalVI-X affine,ADT_IRF4_A0249,0.5133140273752692
2033,totalVI-X affine,ADT_IgD_A0571,0.770769546167587
2033,totalVI-X affine,ADT_IgM_A0450,0.5161672360211091
2033,totalVI-X affine,ADT_Ly-6A-E(Sca-1)_A0130,0.9633882223648828
2033,totalVI-X affine,ADT_Ly-6C_A0013,0.5521647444162531
2033,totalVI-X affine,ADT_MAdCAM-1_A0232,0.5145089417571315
2033,totalVI-X affine,ADT_MERTK(Mer)_A0565,0.5236896043998723
2033,totalVI-X affine,ADT_NK-1.1_A0118,0.5730118707639175
2033,totalVI-X affine,ADT_Notch1_A0442,0.49231304928569136
2033,totalVI-X affine,ADT_PanendothelialCellAntigen_A0381,0.5655818760478079
2033,totalVI-X affine,ADT_SiglecH_A0119,0.5251954522683829
2033,totalVI-X affine,ADT_TCRVb5.1_5.2_A0354,0.7414155425098369
2033,totalVI-X affine,ADT_TCRVb8.1_8.2_A0235,0.5940214019619505
2033,totalVI-X affine,ADT_TCRVr1.1-Cr4_A0209,0.39237284087359797
2033,totalVI-X affine,ADT_TCRVr2_A0211,0.5515966213220338
2033,totalVI-X affine,ADT_TCRVr3_A0210,0.42569722796028137
2033,totalVI-X affine,ADT_TCRbchain_A0120,0.6102966457933009
2033,totalVI-X affine,ADT_TCRr-d_A0121,0.5453772215707332
2033,totalVI-X affine,ADT_TER-119-ErythroidCells_A0122,0.4733998086163978
2033,totalVI-X affine,ADT_Tim-4_A0567,0.5550555943099156
2033,totalVI-X affine,ADT_XCR1_A0568,0.5351135070650355
2033,totalVI-X affine,ADT_anti-P2RY12_A0415,0.5356418529539374
2033,totalVI-X affine,ADT_integrinb7_A0214,0.67098944349098
2033,totalVI likelihood-consistent + D1 head,ADT_CD102_A0104,0.6254100821659951
2033,totalVI likelihood-consistent + D1 head,ADT_CD103_A0201,0.5313742888641825
2033,totalVI likelihood-consistent + D1 head,ADT_CD106_A0226,0.6344001155369795
2033,totalVI likelihood-consistent + D1 head,ADT_CD115(CSF-1R)_A0105,0.5956160674182663
2033,totalVI likelihood-consistent + D1 head,ADT_CD117(c-Kit)_A0012,0.5627809966086921
2033,totalVI likelihood-consistent + D1 head,ADT_CD11a_A0595,0.7226424741802496
2033,totalVI likelihood-consistent + D1 head,ADT_CD11c_A0106,0.598997449588524
2033,totalVI likelihood-consistent + D1 head,ADT_CD122(IL-2Rb)_A0227,0.5424407446847418
2033,totalVI likelihood-consistent + D1 head,ADT_CD127(IL-7Ra)_A0198,0.5571639377480174
2033,totalVI likelihood-consistent + D1 head,ADT_CD134(OX-40)_A0195,0.3938296863909925
2033,totalVI likelihood-consistent + D1 head,ADT_CD135_A0098,0.4902039081751564
2033,totalVI likelihood-consistent + D1 head,ADT_CD137_A0194,0.43658914210786726
2033,totalVI likelihood-consistent + D1 head,ADT_CD14_A0424,0.569172457158471
2033,totalVI likelihood-consistent + D1 head,ADT_CD140a_A0573,0.3741178544751122
2033,totalVI likelihood-consistent + D1 head,ADT_CD15(SSEA-1)_A0076,0.5302237161185996
2033,totalVI likelihood-consistent + D1 head,ADT_CD150(SLAM)_A0203,0.7222006972592457
2033,totalVI likelihood-consistent + D1 head,ADT_CD16-32_A0109,0.535519072405904
2033,totalVI likelihood-consistent + D1 head,ADT_CD169(Siglec-1)_A0440,0.4649871008939603
2033,totalVI likelihood-consistent + D1 head,ADT_CD172a(SIRPa)_A0422,0.5128018680439443
2033,totalVI likelihood-consistent + D1 head,ADT_CD183(CXCR3)_A0228,0.5755003179969664
2033,totalVI likelihood-consistent + D1 head,ADT_CD184(CXCR4)_A0444,0.48859839995437504
2033,totalVI likelihood-consistent + D1 head,ADT_CD19_A0093,0.6667611996168599
2033,totalVI likelihood-consistent + D1 head,ADT_CD192(CCR2)_A0426,0.4721555574888157
2033,totalVI likelihood-consistent + D1 head,ADT_CD195(CCR5)_A0376,0.5279081924768622
2033,totalVI likelihood-consistent + D1 head,ADT_CD196(CCR6)_A0225,0.55878655784662
2033,totalVI likelihood-consistent + D1 head,ADT_CD197(CCR7)_A0377,0.48715558665507463
2033,totalVI likelihood-consistent + D1 head,ADT_CD20_A0192,0.47893658100967235
2033,totalVI likelihood-consistent + D1 head,ADT_CD200(OX2)_A0079,0.5915814702734539
2033,totalVI likelihood-consistent + D1 head,ADT_CD201(EPCR)_A0439,0.5094391186811219
2033,totalVI likelihood-consistent + D1 head,ADT_CD204(Msr1)_A0448,0.4083569985394712
2033,totalVI likelihood-consistent + D1 head,ADT_CD206(MMR)_A0173,0.528767077257271
2033,totalVI likelihood-consistent + D1 head,ADT_CD21-CD35(CR2-CR1)_A0107,0.7124214658143461
2033,totalVI likelihood-consistent + D1 head,ADT_CD223(LAG-3)_A0378,0.38545122202057736
2033,totalVI likelihood-consistent + D1 head,ADT_CD23_A0108,0.7011613276089872
2033,totalVI likelihood-consistent + D1 head,ADT_CD24_A0212,0.6142248775230569
2033,totalVI likelihood-consistent + D1 head,ADT_CD25_A0097,0.5126415356385944
2033,totalVI likelihood-consistent + D1 head,ADT_CD274(B7-H1_PD-L1)_A0190,0.5869113413388274
2033,totalVI likelihood-consistent + D1 head,ADT_CD278(ICOS)_A0171,0.5172524443979072
2033,totalVI likelihood-consistent + D1 head,ADT_CD279(PD-1)_A0004,0.429428691758294
2033,totalVI likelihood-consistent + D1 head,ADT_CD28_A0204,0.4852946150658506
2033,totalVI likelihood-consistent + D1 head,ADT_CD29_A0570,0.7061804225182986
2033,totalVI likelihood-consistent + D1 head,ADT_CD300LG(Nepmucin)_A0416,0.38752850337257916
2033,totalVI likelihood-consistent + D1 head,ADT_CD301a(MGL1)_A0551,0.5801291643261614
2033,totalVI likelihood-consistent + D1 head,ADT_CD301b(MGL2)_A0566,0.4714962227777303
2033,totalVI likelihood-consistent + D1 head,ADT_CD304(Neuropilin-1)_A0552,0.5817115314312531
2033,totalVI likelihood-consistent + D1 head,ADT_CD326(Ep-CAM)_A0449,0.6089507763497171
2033,totalVI likelihood-consistent + D1 head,ADT_CD335(NKp46)_A0184,0.4001804040832496
2033,totalVI likelihood-consistent + D1 head,ADT_CD357(GITR)_A0193,0.6217974861561799
2033,totalVI likelihood-consistent + D1 head,ADT_CD36_A0555,0.5695857270010014
2033,totalVI likelihood-consistent + D1 head,ADT_CD366(Tim-3)_A0003,0.4930086612765196
2033,totalVI likelihood-consistent + D1 head,ADT_CD370(CLEC9A_DNGR1)_A0556,0.5468756443106041
2033,totalVI likelihood-consistent + D1 head,ADT_CD38_A0557,0.7665434880216394
2033,totalVI likelihood-consistent + D1 head,ADT_CD4_A0001,0.8499689735558164
2033,totalVI likelihood-consistent + D1 head,ADT_CD41_A0443,0.6127539476168136
2033,totalVI likelihood-consistent + D1 head,ADT_CD43_A0110,0.6349894133065935
2033,totalVI likelihood-consistent + D1 head,ADT_CD45_A0096,0.44805527405500867
2033,totalVI likelihood-consistent + D1 head,ADT_CD45.1_A0178,0.5443901521912617
2033,totalVI likelihood-consistent + D1 head,ADT_CD45.2_A0157,0.37570342349185587
2033,totalVI likelihood-consistent + D1 head,ADT_CD45R-B220_A0103,0.5403656717143408
2033,totalVI likelihood-consistent + D1 head,ADT_CD48_A0429,0.571233409756451
2033,totalVI likelihood-consistent + D1 head,ADT_CD49d_A0078,0.6518310183109175
2033,totalVI likelihood-consistent + D1 head,ADT_CD5_A0111,0.718019637597236
2033,totalVI likelihood-consistent + D1 head,ADT_CD54_A0074,0.8480068876722181
2033,totalVI likelihood-consistent + D1 head,ADT_CD55(DAF)_A0558,0.6954178556823758
2033,totalVI likelihood-consistent + D1 head,ADT_CD62L_A0112,0.9781463145055967
2033,totalVI likelihood-consistent + D1 head,ADT_CD62P(P-selectin)_A0229,0.45502185035281056
2033,totalVI likelihood-consistent + D1 head,ADT_CD63_A0559,0.4773124853717846
2033,totalVI likelihood-consistent + D1 head,ADT_CD64(FcrRI)_A0202,0.517360340422596
2033,totalVI likelihood-consistent + D1 head,ADT_CD68_A0560,0.44838547505239995
2033,totalVI likelihood-consistent + D1 head,ADT_CD69_A0197,0.5489142248553557
2033,totalVI likelihood-consistent + D1 head,ADT_CD71_A0441,0.5906116255167205
2033,totalVI likelihood-consistent + D1 head,ADT_CD73_A0077,0.7251395581199885
2033,totalVI likelihood-consistent + D1 head,ADT_CD79b(Igb)_A0561,0.5705722389026805
2033,totalVI likelihood-consistent + D1 head,ADT_CD83_A0562,0.3613392085635898
2033,totalVI likelihood-consistent + D1 head,ADT_CD86_A0200,0.8287029085047926
2033,totalVI likelihood-consistent + D1 head,ADT_CD8a_A0002,0.7210768780458873
2033,totalVI likelihood-consistent + D1 head,ADT_CD8b(Ly-3)_A0230,0.8783831726637067
2033,totalVI likelihood-consistent + D1 head,ADT_CD90.1(Thy-1.1)_A0380,0.3736809361682821
2033,totalVI likelihood-consistent + D1 head,ADT_CD90.2_A0075,0.7904429120420075
2033,totalVI likelihood-consistent + D1 head,ADT_CD93(AA4.1_earlyBlineage)_A0113,0.5648468712973084
2033,totalVI likelihood-consistent + D1 head,ADT_CX3CR1_A0563,0.48748812336830916
2033,totalVI likelihood-consistent + D1 head,ADT_ESAM_A0596,0.5274719940395939
2033,totalVI likelihood-consistent + D1 head,ADT_F4-80_A0114,0.6058280158166832
2033,totalVI likelihood-consistent + D1 head,ADT_FceRIa_A0115,0.5429680811636733
2033,totalVI likelihood-consistent + D1 head,ADT_FolateReceptorb(FR-b)_A0564,0.5655517141183783
2033,totalVI likelihood-consistent + D1 head,ADT_H-2KbboundtoSIINFEKL_A0231,0.5280835935145031
2033,totalVI likelihood-consistent + D1 head,ADT_I-A-I-E_A0117,0.8574049664105517
2033,totalVI likelihood-consistent + D1 head,ADT_IRF4_A0249,0.5132798464938158
2033,totalVI likelihood-consistent + D1 head,ADT_IgD_A0571,0.7701093278364708
2033,totalVI likelihood-consistent + D1 head,ADT_IgM_A0450,0.516158920072333
2033,totalVI likelihood-consistent + D1 head,ADT_Ly-6A-E(Sca-1)_A0130,0.9634735457248524
2033,totalVI likelihood-consistent + D1 head,ADT_Ly-6C_A0013,0.5509908779751902
2033,totalVI likelihood-consistent + D1 head,ADT_MAdCAM-1_A0232,0.5144392209001559
2033,totalVI likelihood-consistent + D1 head,ADT_MERTK(Mer)_A0565,0.5237435335796528
2033,totalVI likelihood-consistent + D1 head,ADT_NK-1.1_A0118,0.572993953774145
2033,totalVI likelihood-consistent + D1 head,ADT_Notch1_A0442,0.4923147707914201
2033,totalVI likelihood-consistent + D1 head,ADT_PanendothelialCellAntigen_A0381,0.5658433346740633
2033,totalVI likelihood-consistent + D1 head,ADT_SiglecH_A0119,0.5249368165275734
2033,totalVI likelihood-consistent + D1 head,ADT_TCRVb5.1_5.2_A0354,0.7413078265469736
2033,totalVI likelihood-consistent + D1 head,ADT_TCRVb8.1_8.2_A0235,0.59407550749742
2033,totalVI likelihood-consistent + D1 head,ADT_TCRVr1.1-Cr4_A0209,0.3921559124750941
2033,totalVI likelihood-consistent + D1 head,ADT_TCRVr2_A0211,0.551676233236282
2033,totalVI likelihood-consistent + D1 head,ADT_TCRVr3_A0210,0.4256174341190003
2033,totalVI likelihood-consistent + D1 head,ADT_TCRbchain_A0120,0.6085071701470204
2033,totalVI likelihood-consistent + D1 head,ADT_TCRr-d_A0121,0.5451593471905426
2033,totalVI likelihood-consistent + D1 head,ADT_TER-119-ErythroidCells_A0122,0.47123304942939215
2033,totalVI likelihood-consistent + D1 head,ADT_Tim-4_A0567,0.5550385016043549
2033,totalVI likelihood-consistent + D1 head,ADT_XCR1_A0568,0.5346960272559791
2033,totalVI likelihood-consistent + D1 head,ADT_anti-P2RY12_A0415,0.5353528966623267
2033,totalVI likelihood-consistent + D1 head,ADT_integrinb7_A0214,0.6713618382293121
2034,totalVI helper-uncorrected,ADT_CD102_A0104,0.849217680708296
2034,totalVI helper-uncorrected,ADT_CD103_A0201,1.0548527656255913
2034,totalVI helper-uncorrected,ADT_CD106_A0226,0.9404093767753738
2034,totalVI helper-uncorrected,ADT_CD115(CSF-1R)_A0105,1.037322601683117
2034,totalVI helper-uncorrected,ADT_CD117(c-Kit)_A0012,1.0636749117864204
2034,totalVI helper-uncorrected,ADT_CD11a_A0595,0.6635525195292034
2034,totalVI helper-uncorrected,ADT_CD11c_A0106,1.0517240501146086
2034,totalVI helper-uncorrected,ADT_CD122(IL-2Rb)_A0227,0.9988120224091647
2034,totalVI helper-uncorrected,ADT_CD127(IL-7Ra)_A0198,0.9205702365243734
2034,totalVI helper-uncorrected,ADT_CD134(OX-40)_A0195,1.1789013095199843
2034,totalVI helper-uncorrected,ADT_CD135_A0098,1.0933825987940868
2034,totalVI helper-uncorrected,ADT_CD137_A0194,1.1185558963278497
2034,totalVI helper-uncorrected,ADT_CD14_A0424,1.0849196672253587
2034,totalVI helper-uncorrected,ADT_CD140a_A0573,1.0747797000286834
2034,totalVI helper-uncorrected,ADT_CD15(SSEA-1)_A0076,1.171925468566629
2034,totalVI helper-uncorrected,ADT_CD150(SLAM)_A0203,1.0021322667699684
2034,totalVI helper-uncorrected,ADT_CD16-32_A0109,1.0770351911552996
2034,totalVI helper-uncorrected,ADT_CD169(Siglec-1)_A0440,1.1146707532320455
2034,totalVI helper-uncorrected,ADT_CD172a(SIRPa)_A0422,1.0737021095648491
2034,totalVI helper-uncorrected,ADT_CD183(CXCR3)_A0228,1.0950169189980874
2034,totalVI helper-uncorrected,ADT_CD184(CXCR4)_A0444,1.002542417289308
2034,totalVI helper-uncorrected,ADT_CD19_A0093,0.8059033256123999
2034,totalVI helper-uncorrected,ADT_CD192(CCR2)_A0426,0.9921284417057531
2034,totalVI helper-uncorrected,ADT_CD195(CCR5)_A0376,1.1595025833761519
2034,totalVI helper-uncorrected,ADT_CD196(CCR6)_A0225,0.9878542369606343
2034,totalVI helper-uncorrected,ADT_CD197(CCR7)_A0377,1.0917734888426454
2034,totalVI helper-uncorrected,ADT_CD20_A0192,1.004523062497909
2034,totalVI helper-uncorrected,ADT_CD200(OX2)_A0079,1.0734092792646661
2034,totalVI helper-uncorrected,ADT_CD201(EPCR)_A0439,1.056763979195316
2034,totalVI helper-uncorrected,ADT_CD204(Msr1)_A0448,0.6879014282920655
2034,totalVI helper-uncorrected,ADT_CD206(MMR)_A0173,1.220304306916017
2034,totalVI helper-uncorrected,ADT_CD21-CD35(CR2-CR1)_A0107,1.1982445362862995
2034,totalVI helper-uncorrected,ADT_CD223(LAG-3)_A0378,1.0713477938845226
2034,totalVI helper-uncorrected,ADT_CD23_A0108,1.1973234363530667
2034,totalVI helper-uncorrected,ADT_CD24_A0212,1.1268302426213355
2034,totalVI helper-uncorrected,ADT_CD25_A0097,0.8729511013907927
2034,totalVI helper-uncorrected,ADT_CD274(B7-H1_PD-L1)_A0190,0.8566475962492964
2034,totalVI helper-uncorrected,ADT_CD278(ICOS)_A0171,0.9957452265371499
2034,totalVI helper-uncorrected,ADT_CD279(PD-1)_A0004,1.1082002991910938
2034,totalVI helper-uncorrected,ADT_CD28_A0204,1.0736331307176772
2034,totalVI helper-uncorrected,ADT_CD29_A0570,0.8980954988436517
2034,totalVI helper-uncorrected,ADT_CD300LG(Nepmucin)_A0416,1.0903055275916054
2034,totalVI helper-uncorrected,ADT_CD301a(MGL1)_A0551,1.1736250047930334
2034,totalVI helper-uncorrected,ADT_CD301b(MGL2)_A0566,1.0808170364122416
2034,totalVI helper-uncorrected,ADT_CD304(Neuropilin-1)_A0552,1.193761450372108
2034,totalVI helper-uncorrected,ADT_CD326(Ep-CAM)_A0449,1.0383141507807812
2034,totalVI helper-uncorrected,ADT_CD335(NKp46)_A0184,1.201381461694501
2034,totalVI helper-uncorrected,ADT_CD357(GITR)_A0193,1.0191163451204226
2034,totalVI helper-uncorrected,ADT_CD36_A0555,1.0539730688698146
2034,totalVI helper-uncorrected,ADT_CD366(Tim-3)_A0003,0.9174368540633986
2034,totalVI helper-uncorrected,ADT_CD370(CLEC9A_DNGR1)_A0556,1.0746132644039907
2034,totalVI helper-uncorrected,ADT_CD38_A0557,0.9429416329380657
2034,totalVI helper-uncorrected,ADT_CD4_A0001,1.3386554506907604
2034,totalVI helper-uncorrected,ADT_CD41_A0443,1.3588785160824741
2034,totalVI helper-uncorrected,ADT_CD43_A0110,0.967217922604093
2034,totalVI helper-uncorrected,ADT_CD45_A0096,1.1840233475702193
2034,totalVI helper-uncorrected,ADT_CD45.1_A0178,1.1124509957854354
2034,totalVI helper-uncorrected,ADT_CD45.2_A0157,1.1505441206964526
2034,totalVI helper-uncorrected,ADT_CD45R-B220_A0103,0.9975554960902242
2034,totalVI helper-uncorrected,ADT_CD48_A0429,0.8062657466050834
2034,totalVI helper-uncorrected,ADT_CD49d_A0078,0.9101927479846808
2034,totalVI helper-uncorrected,ADT_CD5_A0111,1.0616748407010432
2034,totalVI helper-uncorrected,ADT_CD54_A0074,0.9447226467126115
2034,totalVI helper-uncorrected,ADT_CD55(DAF)_A0558,1.0517533889761905
2034,totalVI helper-uncorrected,ADT_CD62L_A0112,1.0936501421161586
2034,totalVI helper-uncorrected,ADT_CD62P(P-selectin)_A0229,1.1829392021507803
2034,totalVI helper-uncorrected,ADT_CD63_A0559,1.1037759426799798
2034,totalVI helper-uncorrected,ADT_CD64(FcrRI)_A0202,0.9305077967894372
2034,totalVI helper-uncorrected,ADT_CD68_A0560,0.7387857613974951
2034,totalVI helper-uncorrected,ADT_CD69_A0197,0.9646139662548796
2034,totalVI helper-uncorrected,ADT_CD71_A0441,1.120729845434577
2034,totalVI helper-uncorrected,ADT_CD73_A0077,1.1744005791209826
2034,totalVI helper-uncorrected,ADT_CD79b(Igb)_A0561,1.0316331776892822
2034,totalVI helper-uncorrected,ADT_CD83_A0562,0.536327196947951
2034,totalVI helper-uncorrected,ADT_CD86_A0200,1.174917152743592
2034,totalVI helper-uncorrected,ADT_CD8a_A0002,1.2902833938416063
2034,totalVI helper-uncorrected,ADT_CD8b(Ly-3)_A0230,1.3985733827862976
2034,totalVI helper-uncorrected,ADT_CD90.1(Thy-1.1)_A0380,0.6195293415305653
2034,totalVI helper-uncorrected,ADT_CD90.2_A0075,1.1881920950544322
2034,totalVI helper-uncorrected,ADT_CD93(AA4.1_earlyBlineage)_A0113,1.1391180603806215
2034,totalVI helper-uncorrected,ADT_CX3CR1_A0563,0.815817154736451
2034,totalVI helper-uncorrected,ADT_ESAM_A0596,1.082957578465294
2034,totalVI helper-uncorrected,ADT_F4-80_A0114,1.0668986945776442
2034,totalVI helper-uncorrected,ADT_FceRIa_A0115,1.0829966008935097
2034,totalVI helper-uncorrected,ADT_FolateReceptorb(FR-b)_A0564,1.0990822317308468
2034,totalVI helper-uncorrected,ADT_H-2KbboundtoSIINFEKL_A0231,1.0832819209321107
2034,totalVI helper-uncorrected,ADT_I-A-I-E_A0117,1.4346209565492558
2034,totalVI helper-uncorrected,ADT_IRF4_A0249,1.0585129417175407
2034,totalVI helper-uncorrected,ADT_IgD_A0571,1.1595220974529046
2034,totalVI helper-uncorrected,ADT_IgM_A0450,1.1012285284651502
2034,totalVI helper-uncorrected,ADT_Ly-6A-E(Sca-1)_A0130,1.3228720782066796
2034,totalVI helper-uncorrected,ADT_Ly-6C_A0013,1.0979631950304118
2034,totalVI helper-uncorrected,ADT_MAdCAM-1_A0232,1.102546863202343
2034,totalVI helper-uncorrected,ADT_MERTK(Mer)_A0565,1.1282087913673453
2034,totalVI helper-uncorrected,ADT_NK-1.1_A0118,1.2528026479888668
2034,totalVI helper-uncorrected,ADT_Notch1_A0442,1.1597205682301817
2034,totalVI helper-uncorrected,ADT_PanendothelialCellAntigen_A0381,1.0879136679452925
2034,totalVI helper-uncorrected,ADT_SiglecH_A0119,1.0890940505206737
2034,totalVI helper-uncorrected,ADT_TCRVb5.1_5.2_A0354,1.6226678886555481
2034,totalVI helper-uncorrected,ADT_TCRVb8.1_8.2_A0235,1.1222734056542003
2034,totalVI helper-uncorrected,ADT_TCRVr1.1-Cr4_A0209,0.6091076930929084
2034,totalVI helper-uncorrected,ADT_TCRVr2_A0211,1.0978489445480262
2034,totalVI helper-uncorrected,ADT_TCRVr3_A0210,1.0486742732375975
2034,totalVI helper-uncorrected,ADT_TCRbchain_A0120,1.2287831888617682
2034,totalVI helper-uncorrected,ADT_TCRr-d_A0121,1.1175079499313327
2034,totalVI helper-uncorrected,ADT_TER-119-ErythroidCells_A0122,0.8217637692651478
2034,totalVI helper-uncorrected,ADT_Tim-4_A0567,1.0780478161254519
2034,totalVI helper-uncorrected,ADT_XCR1_A0568,1.059692595365149
2034,totalVI helper-uncorrected,ADT_anti-P2RY12_A0415,1.0895864840701857
2034,totalVI helper-uncorrected,ADT_integrinb7_A0214,0.8560250904274169
2034,totalVI likelihood-consistent,ADT_CD102_A0104,0.5037035521525295
2034,totalVI likelihood-consistent,ADT_CD103_A0201,0.5215968648562376
2034,totalVI likelihood-consistent,ADT_CD106_A0226,0.5839297286288088
2034,totalVI likelihood-consistent,ADT_CD115(CSF-1R)_A0105,0.5916329706016945
2034,totalVI likelihood-consistent,ADT_CD117(c-Kit)_A0012,0.5638922948116498
2034,totalVI likelihood-consistent,ADT_CD11a_A0595,0.587899340607681
2034,totalVI likelihood-consistent,ADT_CD11c_A0106,0.6135533444094272
2034,totalVI likelihood-consistent,ADT_CD122(IL-2Rb)_A0227,0.5471271891951878
2034,totalVI likelihood-consistent,ADT_CD127(IL-7Ra)_A0198,0.5385476592846712
2034,totalVI likelihood-consistent,ADT_CD134(OX-40)_A0195,0.42066227317975596
2034,totalVI likelihood-consistent,ADT_CD135_A0098,0.5049007329497489
2034,totalVI likelihood-consistent,ADT_CD137_A0194,0.4522085889787688
2034,totalVI likelihood-consistent,ADT_CD14_A0424,0.5814116182070108
2034,totalVI likelihood-consistent,ADT_CD140a_A0573,0.37997115389238806
2034,totalVI likelihood-consistent,ADT_CD15(SSEA-1)_A0076,0.5657280154269885
2034,totalVI likelihood-consistent,ADT_CD150(SLAM)_A0203,0.6219910269164126
2034,totalVI likelihood-consistent,ADT_CD16-32_A0109,0.5549408182960346
2034,totalVI likelihood-consistent,ADT_CD169(Siglec-1)_A0440,0.46545107052228
2034,totalVI likelihood-consistent,ADT_CD172a(SIRPa)_A0422,0.5163594506640199
2034,totalVI likelihood-consistent,ADT_CD183(CXCR3)_A0228,0.6075641227765486
2034,totalVI likelihood-consistent,ADT_CD184(CXCR4)_A0444,0.47625260689636373
2034,totalVI likelihood-consistent,ADT_CD19_A0093,0.5895381272924887
2034,totalVI likelihood-consistent,ADT_CD192(CCR2)_A0426,0.45529476566872845
2034,totalVI likelihood-consistent,ADT_CD195(CCR5)_A0376,0.5576800496920856
2034,totalVI likelihood-consistent,ADT_CD196(CCR6)_A0225,0.5587171466709991
2034,totalVI likelihood-consistent,ADT_CD197(CCR7)_A0377,0.4974649939572623
2034,totalVI likelihood-consistent,ADT_CD20_A0192,0.4499797440926051
2034,totalVI likelihood-consistent,ADT_CD200(OX2)_A0079,0.5666570659186002
2034,totalVI likelihood-consistent,ADT_CD201(EPCR)_A0439,0.5146804862892941
2034,totalVI likelihood-consistent,ADT_CD204(Msr1)_A0448,0.420118150451964
2034,totalVI likelihood-consistent,ADT_CD206(MMR)_A0173,0.5592910761930654
2034,totalVI likelihood-consistent,ADT_CD21-CD35(CR2-CR1)_A0107,0.694968575227286
2034,totalVI likelihood-consistent,ADT_CD223(LAG-3)_A0378,0.3921866981485628
2034,totalVI likelihood-consistent,ADT_CD23_A0108,0.6743739767074222
2034,totalVI likelihood-consistent,ADT_CD24_A0212,0.5803843515267789
2034,totalVI likelihood-consistent,ADT_CD25_A0097,0.5305482498432703
2034,totalVI likelihood-consistent,ADT_CD274(B7-H1_PD-L1)_A0190,0.49429450592720986
2034,totalVI likelihood-consistent,ADT_CD278(ICOS)_A0171,0.4741985691085008
2034,totalVI likelihood-consistent,ADT_CD279(PD-1)_A0004,0.44227641725383665
2034,totalVI likelihood-consistent,ADT_CD28_A0204,0.4922614192846048
2034,totalVI likelihood-consistent,ADT_CD29_A0570,0.596239615864204
2034,totalVI likelihood-consistent,ADT_CD300LG(Nepmucin)_A0416,0.3954371924575417
2034,totalVI likelihood-consistent,ADT_CD301a(MGL1)_A0551,0.625940791333386
2034,totalVI likelihood-consistent,ADT_CD301b(MGL2)_A0566,0.48068678496482997
2034,totalVI likelihood-consistent,ADT_CD304(Neuropilin-1)_A0552,0.6237615429307971
2034,totalVI likelihood-consistent,ADT_CD326(Ep-CAM)_A0449,0.6228411043886073
2034,totalVI likelihood-consistent,ADT_CD335(NKp46)_A0184,0.41956593181941987
2034,totalVI likelihood-consistent,ADT_CD357(GITR)_A0193,0.5824647227627083
2034,totalVI likelihood-consistent,ADT_CD36_A0555,0.5788904448777884
2034,totalVI likelihood-consistent,ADT_CD366(Tim-3)_A0003,0.5240993992464525
2034,totalVI likelihood-consistent,ADT_CD370(CLEC9A_DNGR1)_A0556,0.5627382870142547
2034,totalVI likelihood-consistent,ADT_CD38_A0557,0.7165418642017725
2034,totalVI likelihood-consistent,ADT_CD4_A0001,0.8519784704167787
2034,totalVI likelihood-consistent,ADT_CD41_A0443,0.6974016695720348
2034,totalVI likelihood-consistent,ADT_CD43_A0110,0.5547558007054827
2034,totalVI likelihood-consistent,ADT_CD45_A0096,0.4585700671824052
2034,totalVI likelihood-consistent,ADT_CD45.1_A0178,0.5803498258167834
2034,totalVI likelihood-consistent,ADT_CD45.2_A0157,0.39249080177933326
2034,totalVI likelihood-consistent,ADT_CD45R-B220_A0103,0.5026390660942148
2034,totalVI likelihood-consistent,ADT_CD48_A0429,0.4562890565068404
2034,totalVI likelihood-consistent,ADT_CD49d_A0078,0.5391933428159676
2034,totalVI likelihood-consistent,ADT_CD5_A0111,0.6345966734220752
2034,totalVI likelihood-consistent,ADT_CD54_A0074,0.6656034325020268
2034,totalVI likelihood-consistent,ADT_CD55(DAF)_A0558,0.6605556963136359
2034,totalVI likelihood-consistent,ADT_CD62L_A0112,0.8499877738496052
2034,totalVI likelihood-consistent,ADT_CD62P(P-selectin)_A0229,0.48206891757925163
2034,totalVI likelihood-consistent,ADT_CD63_A0559,0.4829054789281354
2034,totalVI likelihood-consistent,ADT_CD64(FcrRI)_A0202,0.5307893357202008
2034,totalVI likelihood-consistent,ADT_CD68_A0560,0.46255175467829746
2034,totalVI likelihood-consistent,ADT_CD69_A0197,0.5253762870106202
2034,totalVI likelihood-consistent,ADT_CD71_A0441,0.5643234041978006
2034,totalVI likelihood-consistent,ADT_CD73_A0077,0.6984750158114031
2034,totalVI likelihood-consistent,ADT_CD79b(Igb)_A0561,0.5412538210454663
2034,totalVI likelihood-consistent,ADT_CD83_A0562,0.36490583121225917
2034,totalVI likelihood-consistent,ADT_CD86_A0200,0.7539325855961592
2034,totalVI likelihood-consistent,ADT_CD8a_A0002,0.7410197303457904
2034,totalVI likelihood-consistent,ADT_CD8b(Ly-3)_A0230,0.8990075512672532
2034,totalVI likelihood-consistent,ADT_CD90.1(Thy-1.1)_A0380,0.38542069387098565
2034,totalVI likelihood-consistent,ADT_CD90.2_A0075,0.754277944077279
2034,totalVI likelihood-consistent,ADT_CD93(AA4.1_earlyBlineage)_A0113,0.597731916578276
2034,totalVI likelihood-consistent,ADT_CX3CR1_A0563,0.49960323047599137
2034,totalVI likelihood-consistent,ADT_ESAM_A0596,0.5381154447461206
2034,totalVI likelihood-consistent,ADT_F4-80_A0114,0.6120067001296696
2034,totalVI likelihood-consistent,ADT_FceRIa_A0115,0.5665180860034544
2034,totalVI likelihood-consistent,ADT_FolateReceptorb(FR-b)_A0564,0.5709858365056493
2034,totalVI likelihood-consistent,ADT_H-2KbboundtoSIINFEKL_A0231,0.5422516694487617
2034,totalVI likelihood-consistent,ADT_I-A-I-E_A0117,0.8601052368182613
2034,totalVI likelihood-consistent,ADT_IRF4_A0249,0.5160742029798285
2034,totalVI likelihood-consistent,ADT_IgD_A0571,0.7114569595444777
2034,totalVI likelihood-consistent,ADT_IgM_A0450,0.5366825827617374
2034,totalVI likelihood-consistent,ADT_Ly-6A-E(Sca-1)_A0130,0.8604340016645772
2034,totalVI likelihood-consistent,ADT_Ly-6C_A0013,0.5440889814339377
2034,totalVI likelihood-consistent,ADT_MAdCAM-1_A0232,0.5297291798486619
2034,totalVI likelihood-consistent,ADT_MERTK(Mer)_A0565,0.5463726136946412
2034,totalVI likelihood-consistent,ADT_NK-1.1_A0118,0.6318211165394099
2034,totalVI likelihood-consistent,ADT_Notch1_A0442,0.517600020644565
2034,totalVI likelihood-consistent,ADT_PanendothelialCellAntigen_A0381,0.5749095465962012
2034,totalVI likelihood-consistent,ADT_SiglecH_A0119,0.5438197571897769
2034,totalVI likelihood-consistent,ADT_TCRVb5.1_5.2_A0354,0.9360067188131816
2034,totalVI likelihood-consistent,ADT_TCRVb8.1_8.2_A0235,0.6236813248526815
2034,totalVI likelihood-consistent,ADT_TCRVr1.1-Cr4_A0209,0.3992504969616513
2034,totalVI likelihood-consistent,ADT_TCRVr2_A0211,0.5706790093012349
2034,totalVI likelihood-consistent,ADT_TCRVr3_A0210,0.4254531829091382
2034,totalVI likelihood-consistent,ADT_TCRbchain_A0120,0.6345844529996023
2034,totalVI likelihood-consistent,ADT_TCRr-d_A0121,0.5601938617212138
2034,totalVI likelihood-consistent,ADT_TER-119-ErythroidCells_A0122,0.49056972075143235
2034,totalVI likelihood-consistent,ADT_Tim-4_A0567,0.5531005392057438
2034,totalVI likelihood-consistent,ADT_XCR1_A0568,0.5447808806529646
2034,totalVI likelihood-consistent,ADT_anti-P2RY12_A0415,0.5425573589857418
2034,totalVI likelihood-consistent,ADT_integrinb7_A0214,0.5535235018662858
2034,totalVI-X affine,ADT_CD102_A0104,0.6217797038349341
2034,totalVI-X affine,ADT_CD103_A0201,0.5296073976117405
2034,totalVI-X affine,ADT_CD106_A0226,0.6369971202003454
2034,totalVI-X affine,ADT_CD115(CSF-1R)_A0105,0.5935645851815167
2034,totalVI-X affine,ADT_CD117(c-Kit)_A0012,0.5610606922049335
2034,totalVI-X affine,ADT_CD11a_A0595,0.7067595061420824
2034,totalVI-X affine,ADT_CD11c_A0106,0.6019707099805475
2034,totalVI-X affine,ADT_CD122(IL-2Rb)_A0227,0.5425899454166234
2034,totalVI-X affine,ADT_CD127(IL-7Ra)_A0198,0.5614971593232077
2034,totalVI-X affine,ADT_CD134(OX-40)_A0195,0.39775713351418507
2034,totalVI-X affine,ADT_CD135_A0098,0.49170825844451166
2034,totalVI-X affine,ADT_CD137_A0194,0.4373815821673431
2034,totalVI-X affine,ADT_CD14_A0424,0.5699248571956661
2034,totalVI-X affine,ADT_CD140a_A0573,0.3746536422275917
2034,totalVI-X affine,ADT_CD15(SSEA-1)_A0076,0.5305342940940805
2034,totalVI-X affine,ADT_CD150(SLAM)_A0203,0.69792912742464
2034,totalVI-X affine,ADT_CD16-32_A0109,0.5352757529370392
2034,totalVI-X affine,ADT_CD169(Siglec-1)_A0440,0.4630525531819876
2034,totalVI-X affine,ADT_CD172a(SIRPa)_A0422,0.5116021619224421
2034,totalVI-X affine,ADT_CD183(CXCR3)_A0228,0.5844264812177379
2034,totalVI-X affine,ADT_CD184(CXCR4)_A0444,0.4900282310844698
2034,totalVI-X affine,ADT_CD19_A0093,0.667437325386411
2034,totalVI-X affine,ADT_CD192(CCR2)_A0426,0.47643875637403427
2034,totalVI-X affine,ADT_CD195(CCR5)_A0376,0.528919751737782
2034,totalVI-X affine,ADT_CD196(CCR6)_A0225,0.5596268853571927
2034,totalVI-X affine,ADT_CD197(CCR7)_A0377,0.4892532010928935
2034,totalVI-X affine,ADT_CD20_A0192,0.474382199810893
2034,totalVI-X affine,ADT_CD200(OX2)_A0079,0.5922643192920525
2034,totalVI-X affine,ADT_CD201(EPCR)_A0439,0.5108753684668231
2034,totalVI-X affine,ADT_CD204(Msr1)_A0448,0.40758119117767605
2034,totalVI-X affine,ADT_CD206(MMR)_A0173,0.5292032160144677
2034,totalVI-X affine,ADT_CD21-CD35(CR2-CR1)_A0107,0.7089466474685123
2034,totalVI-X affine,ADT_CD223(LAG-3)_A0378,0.38760651126548923
2034,totalVI-X affine,ADT_CD23_A0108,0.6939063998088113
2034,totalVI-X affine,ADT_CD24_A0212,0.5994889756705729
2034,totalVI-X affine,ADT_CD25_A0097,0.5148778277282874
2034,totalVI-X affine,ADT_CD274(B7-H1_PD-L1)_A0190,0.5793939230986349
2034,totalVI-X affine,ADT_CD278(ICOS)_A0171,0.5097834402328089
2034,totalVI-X affine,ADT_CD279(PD-1)_A0004,0.42913945861364045
2034,totalVI-X affine,ADT_CD28_A0204,0.48768454326625765
2034,totalVI-X affine,ADT_CD29_A0570,0.7127978497959466
2034,totalVI-X affine,ADT_CD300LG(Nepmucin)_A0416,0.38735802468222125
2034,totalVI-X affine,ADT_CD301a(MGL1)_A0551,0.5831886113089275
2034,totalVI-X affine,ADT_CD301b(MGL2)_A0566,0.4726001405584939
2034,totalVI-X affine,ADT_CD304(Neuropilin-1)_A0552,0.5830188752053775
2034,totalVI-X affine,ADT_CD326(Ep-CAM)_A0449,0.6116745951638161
2034,totalVI-X affine,ADT_CD335(NKp46)_A0184,0.4019068667109803
2034,totalVI-X affine,ADT_CD357(GITR)_A0193,0.6158292021055852
2034,totalVI-X affine,ADT_CD36_A0555,0.5724527565225014
2034,totalVI-X affine,ADT_CD366(Tim-3)_A0003,0.4948061003067144
2034,totalVI-X affine,ADT_CD370(CLEC9A_DNGR1)_A0556,0.5482906913305996
2034,totalVI-X affine,ADT_CD38_A0557,0.7847429469056559
2034,totalVI-X affine,ADT_CD4_A0001,0.8581520401202091
2034,totalVI-X affine,ADT_CD41_A0443,0.6198448249732796
2034,totalVI-X affine,ADT_CD43_A0110,0.6273794560872159
2034,totalVI-X affine,ADT_CD45_A0096,0.4435280929787604
2034,totalVI-X affine,ADT_CD45.1_A0178,0.5450038597643402
2034,totalVI-X affine,ADT_CD45.2_A0157,0.37434888125643406
2034,totalVI-X affine,ADT_CD45R-B220_A0103,0.5353196572662404
2034,totalVI-X affine,ADT_CD48_A0429,0.561946844866975
2034,totalVI-X affine,ADT_CD49d_A0078,0.644763382527251
2034,totalVI-X affine,ADT_CD5_A0111,0.7065609691131816
2034,totalVI-X affine,ADT_CD54_A0074,0.8382517461668867
2034,totalVI-X affine,ADT_CD55(DAF)_A0558,0.7210857365381621
2034,totalVI-X affine,ADT_CD62L_A0112,0.9905213056983581
2034,totalVI-X affine,ADT_CD62P(P-selectin)_A0229,0.458155012246564
2034,totalVI-X affine,ADT_CD63_A0559,0.4776608021782319
2034,totalVI-X affine,ADT_CD64(FcrRI)_A0202,0.5170029017999517
2034,totalVI-X affine,ADT_CD68_A0560,0.44737063810510774
2034,totalVI-X affine,ADT_CD69_A0197,0.5505433995469872
2034,totalVI-X affine,ADT_CD71_A0441,0.5798545150796188
2034,totalVI-X affine,ADT_CD73_A0077,0.7253632341245846
2034,totalVI-X affine,ADT_CD79b(Igb)_A0561,0.5687239333461844
2034,totalVI-X affine,ADT_CD83_A0562,0.36139385026529547
2034,totalVI-X affine,ADT_CD86_A0200,0.8226528070043203
2034,totalVI-X affine,ADT_CD8a_A0002,0.7143792708676082
2034,totalVI-X affine,ADT_CD8b(Ly-3)_A0230,0.872957047730052
2034,totalVI-X affine,ADT_CD90.1(Thy-1.1)_A0380,0.3748532386349558
2034,totalVI-X affine,ADT_CD90.2_A0075,0.7908170987470364
2034,totalVI-X affine,ADT_CD93(AA4.1_earlyBlineage)_A0113,0.5703443563968048
2034,totalVI-X affine,ADT_CX3CR1_A0563,0.48986228299054846
2034,totalVI-X affine,ADT_ESAM_A0596,0.5290167277872875
2034,totalVI-X affine,ADT_F4-80_A0114,0.6034863055102424
2034,totalVI-X affine,ADT_FceRIa_A0115,0.5433685167001473
2034,totalVI-X affine,ADT_FolateReceptorb(FR-b)_A0564,0.5651720262752763
2034,totalVI-X affine,ADT_H-2KbboundtoSIINFEKL_A0231,0.5283488208702728
2034,totalVI-X affine,ADT_I-A-I-E_A0117,0.8505109899819252
2034,totalVI-X affine,ADT_IRF4_A0249,0.5134934902385337
2034,totalVI-X affine,ADT_IgD_A0571,0.7719701536129616
2034,totalVI-X affine,ADT_IgM_A0450,0.5163067991487789
2034,totalVI-X affine,ADT_Ly-6A-E(Sca-1)_A0130,0.9757215457703863
2034,totalVI-X affine,ADT_Ly-6C_A0013,0.5582260662457591
2034,totalVI-X affine,ADT_MAdCAM-1_A0232,0.516490262900724
2034,totalVI-X affine,ADT_MERTK(Mer)_A0565,0.5249285744518143
2034,totalVI-X affine,ADT_NK-1.1_A0118,0.5740706863996242
2034,totalVI-X affine,ADT_Notch1_A0442,0.49334606027619227
2034,totalVI-X affine,ADT_PanendothelialCellAntigen_A0381,0.56394472762893
2034,totalVI-X affine,ADT_SiglecH_A0119,0.5259269164202427
2034,totalVI-X affine,ADT_TCRVb5.1_5.2_A0354,0.7418017284070815
2034,totalVI-X affine,ADT_TCRVb8.1_8.2_A0235,0.5938006451299469
2034,totalVI-X affine,ADT_TCRVr1.1-Cr4_A0209,0.3919336609677545
2034,totalVI-X affine,ADT_TCRVr2_A0211,0.5492325710896778
2034,totalVI-X affine,ADT_TCRVr3_A0210,0.4255274484043543
2034,totalVI-X affine,ADT_TCRbchain_A0120,0.6093789170022567
2034,totalVI-X affine,ADT_TCRr-d_A0121,0.5409728707062834
2034,totalVI-X affine,ADT_TER-119-ErythroidCells_A0122,0.4730277455826197
2034,totalVI-X affine,ADT_Tim-4_A0567,0.5558451124376512
2034,totalVI-X affine,ADT_XCR1_A0568,0.5362371403466295
2034,totalVI-X affine,ADT_anti-P2RY12_A0415,0.5365997853613619
2034,totalVI-X affine,ADT_integrinb7_A0214,0.6705303243868065
2034,totalVI likelihood-consistent + D1 head,ADT_CD102_A0104,0.6223478118652362
2034,totalVI likelihood-consistent + D1 head,ADT_CD103_A0201,0.530068696419177
2034,totalVI likelihood-consistent + D1 head,ADT_CD106_A0226,0.6363241974790173
2034,totalVI likelihood-consistent + D1 head,ADT_CD115(CSF-1R)_A0105,0.5937128187509052
2034,totalVI likelihood-consistent + D1 head,ADT_CD117(c-Kit)_A0012,0.5618472704046485
2034,totalVI likelihood-consistent + D1 head,ADT_CD11a_A0595,0.7071573644005416
2034,totalVI likelihood-consistent + D1 head,ADT_CD11c_A0106,0.6008199078923371
2034,totalVI likelihood-consistent + D1 head,ADT_CD122(IL-2Rb)_A0227,0.5424484652681896
2034,totalVI likelihood-consistent + D1 head,ADT_CD127(IL-7Ra)_A0198,0.5625418487577304
2034,totalVI likelihood-consistent + D1 head,ADT_CD134(OX-40)_A0195,0.39771213762224983
2034,totalVI likelihood-consistent + D1 head,ADT_CD135_A0098,0.4916572884138978
2034,totalVI likelihood-consistent + D1 head,ADT_CD137_A0194,0.4373474747186792
2034,totalVI likelihood-consistent + D1 head,ADT_CD14_A0424,0.5697356453923099
2034,totalVI likelihood-consistent + D1 head,ADT_CD140a_A0573,0.3746146528673176
2034,totalVI likelihood-consistent + D1 head,ADT_CD15(SSEA-1)_A0076,0.5304979277073898
2034,totalVI likelihood-consistent + D1 head,ADT_CD150(SLAM)_A0203,0.6989745748213493
2034,totalVI likelihood-consistent + D1 head,ADT_CD16-32_A0109,0.5352344641465965
2034,totalVI likelihood-consistent + D1 head,ADT_CD169(Siglec-1)_A0440,0.463145431413562
2034,totalVI likelihood-consistent + D1 head,ADT_CD172a(SIRPa)_A0422,0.5117947632866026
2034,totalVI likelihood-consistent + D1 head,ADT_CD183(CXCR3)_A0228,0.5830880717668816
2034,totalVI likelihood-consistent + D1 head,ADT_CD184(CXCR4)_A0444,0.49009458161059377
2034,totalVI likelihood-consistent + D1 head,ADT_CD19_A0093,0.669543922399158
2034,totalVI likelihood-consistent + D1 head,ADT_CD192(CCR2)_A0426,0.4763996684486121
2034,totalVI likelihood-consistent + D1 head,ADT_CD195(CCR5)_A0376,0.5287074174079132
2034,totalVI likelihood-consistent + D1 head,ADT_CD196(CCR6)_A0225,0.5592280860336062
2034,totalVI likelihood-consistent + D1 head,ADT_CD197(CCR7)_A0377,0.48923353622321203
2034,totalVI likelihood-consistent + D1 head,ADT_CD20_A0192,0.47483101702987646
2034,totalVI likelihood-consistent + D1 head,ADT_CD200(OX2)_A0079,0.5933930523007188
2034,totalVI likelihood-consistent + D1 head,ADT_CD201(EPCR)_A0439,0.5108406425845962
2034,totalVI likelihood-consistent + D1 head,ADT_CD204(Msr1)_A0448,0.4075721318770227
2034,totalVI likelihood-consistent + D1 head,ADT_CD206(MMR)_A0173,0.5291949933657284
2034,totalVI likelihood-consistent + D1 head,ADT_CD21-CD35(CR2-CR1)_A0107,0.7084180028630989
2034,totalVI likelihood-consistent + D1 head,ADT_CD223(LAG-3)_A0378,0.3876043989748772
2034,totalVI likelihood-consistent + D1 head,ADT_CD23_A0108,0.6924963167086384
2034,totalVI likelihood-consistent + D1 head,ADT_CD24_A0212,0.5987395193902527
2034,totalVI likelihood-consistent + D1 head,ADT_CD25_A0097,0.5128361531301473
2034,totalVI likelihood-consistent + D1 head,ADT_CD274(B7-H1_PD-L1)_A0190,0.5788655956006653
2034,totalVI likelihood-consistent + D1 head,ADT_CD278(ICOS)_A0171,0.5100741505348537
2034,totalVI likelihood-consistent + D1 head,ADT_CD279(PD-1)_A0004,0.42920990225100175
2034,totalVI likelihood-consistent + D1 head,ADT_CD28_A0204,0.4878548540047371
2034,totalVI likelihood-consistent + D1 head,ADT_CD29_A0570,0.7115865455399054
2034,totalVI likelihood-consistent + D1 head,ADT_CD300LG(Nepmucin)_A0416,0.3873399927511602
2034,totalVI likelihood-consistent + D1 head,ADT_CD301a(MGL1)_A0551,0.5828510518394494
2034,totalVI likelihood-consistent + D1 head,ADT_CD301b(MGL2)_A0566,0.4726807115786317
2034,totalVI likelihood-consistent + D1 head,ADT_CD304(Neuropilin-1)_A0552,0.5826587791822544
2034,totalVI likelihood-consistent + D1 head,ADT_CD326(Ep-CAM)_A0449,0.6117477036744833
2034,totalVI likelihood-consistent + D1 head,ADT_CD335(NKp46)_A0184,0.4018492501288808
2034,totalVI likelihood-consistent + D1 head,ADT_CD357(GITR)_A0193,0.6167446377625593
2034,totalVI likelihood-consistent + D1 head,ADT_CD36_A0555,0.5722164759801313
2034,totalVI likelihood-consistent + D1 head,ADT_CD366(Tim-3)_A0003,0.494583817967065
2034,totalVI likelihood-consistent + D1 head,ADT_CD370(CLEC9A_DNGR1)_A0556,0.548049286658066
2034,totalVI likelihood-consistent + D1 head,ADT_CD38_A0557,0.7849549489429736
2034,totalVI likelihood-consistent + D1 head,ADT_CD4_A0001,0.85185106712172
2034,totalVI likelihood-consistent + D1 head,ADT_CD41_A0443,0.6200002905752781
2034,totalVI likelihood-consistent + D1 head,ADT_CD43_A0110,0.6278584636342177
2034,totalVI likelihood-consistent + D1 head,ADT_CD45_A0096,0.4435348908826621
2034,totalVI likelihood-consistent + D1 head,ADT_CD45.1_A0178,0.5449374947414842
2034,totalVI likelihood-consistent + D1 head,ADT_CD45.2_A0157,0.37440689792510734
2034,totalVI likelihood-consistent + D1 head,ADT_CD45R-B220_A0103,0.5362154978476072
2034,totalVI likelihood-consistent + D1 head,ADT_CD48_A0429,0.5618300046399254
2034,totalVI likelihood-consistent + D1 head,ADT_CD49d_A0078,0.6450456843160678
2034,totalVI likelihood-consistent + D1 head,ADT_CD5_A0111,0.7065827108181456
2034,totalVI likelihood-consistent + D1 head,ADT_CD54_A0074,0.8400737437946452
2034,totalVI likelihood-consistent + D1 head,ADT_CD55(DAF)_A0558,0.7209523732501345
2034,totalVI likelihood-consistent + D1 head,ADT_CD62L_A0112,0.9916130571068521
2034,totalVI likelihood-consistent + D1 head,ADT_CD62P(P-selectin)_A0229,0.45814061317076293
2034,totalVI likelihood-consistent + D1 head,ADT_CD63_A0559,0.47749557964584294
2034,totalVI likelihood-consistent + D1 head,ADT_CD64(FcrRI)_A0202,0.5170494133789499
2034,totalVI likelihood-consistent + D1 head,ADT_CD68_A0560,0.4479677436743884
2034,totalVI likelihood-consistent + D1 head,ADT_CD69_A0197,0.5504945163174353
2034,totalVI likelihood-consistent + D1 head,ADT_CD71_A0441,0.5806946649252723
2034,totalVI likelihood-consistent + D1 head,ADT_CD73_A0077,0.724508853788168
2034,totalVI likelihood-consistent + D1 head,ADT_CD79b(Igb)_A0561,0.5693877814718278
2034,totalVI likelihood-consistent + D1 head,ADT_CD83_A0562,0.3613382218157308
2034,totalVI likelihood-consistent + D1 head,ADT_CD86_A0200,0.8232846982313304
2034,totalVI likelihood-consistent + D1 head,ADT_CD8a_A0002,0.7093495067699983
2034,totalVI likelihood-consistent + D1 head,ADT_CD8b(Ly-3)_A0230,0.8625130605971336
2034,totalVI likelihood-consistent + D1 head,ADT_CD90.1(Thy-1.1)_A0380,0.3749241055417118
2034,totalVI likelihood-consistent + D1 head,ADT_CD90.2_A0075,0.7897240241083717
2034,totalVI likelihood-consistent + D1 head,ADT_CD93(AA4.1_earlyBlineage)_A0113,0.5697575168609147
2034,totalVI likelihood-consistent + D1 head,ADT_CX3CR1_A0563,0.4888508149309642
2034,totalVI likelihood-consistent + D1 head,ADT_ESAM_A0596,0.5288447399738819
2034,totalVI likelihood-consistent + D1 head,ADT_F4-80_A0114,0.6028177100280417
2034,totalVI likelihood-consistent + D1 head,ADT_FceRIa_A0115,0.5432579696764908
2034,totalVI likelihood-consistent + D1 head,ADT_FolateReceptorb(FR-b)_A0564,0.5648953419317206
2034,totalVI likelihood-consistent + D1 head,ADT_H-2KbboundtoSIINFEKL_A0231,0.5283802751657154
2034,totalVI likelihood-consistent + D1 head,ADT_I-A-I-E_A0117,0.850093696197609
2034,totalVI likelihood-consistent + D1 head,ADT_IRF4_A0249,0.513503132495125
2034,totalVI likelihood-consistent + D1 head,ADT_IgD_A0571,0.7713652369613585
2034,totalVI likelihood-consistent + D1 head,ADT_IgM_A0450,0.5163120539922821
2034,totalVI likelihood-consistent + D1 head,ADT_Ly-6A-E(Sca-1)_A0130,0.9758987616208007
2034,totalVI likelihood-consistent + D1 head,ADT_Ly-6C_A0013,0.5570555411262891
2034,totalVI likelihood-consistent + D1 head,ADT_MAdCAM-1_A0232,0.5164337822503402
2034,totalVI likelihood-consistent + D1 head,ADT_MERTK(Mer)_A0565,0.5248659643940893
2034,totalVI likelihood-consistent + D1 head,ADT_NK-1.1_A0118,0.5740025458094913
2034,totalVI likelihood-consistent + D1 head,ADT_Notch1_A0442,0.49334005152643867
2034,totalVI likelihood-consistent + D1 head,ADT_PanendothelialCellAntigen_A0381,0.5640359331901486
2034,totalVI likelihood-consistent + D1 head,ADT_SiglecH_A0119,0.5255266523564803
2034,totalVI likelihood-consistent + D1 head,ADT_TCRVb5.1_5.2_A0354,0.7415959443464822
2034,totalVI likelihood-consistent + D1 head,ADT_TCRVb8.1_8.2_A0235,0.5938399034621094
2034,totalVI likelihood-consistent + D1 head,ADT_TCRVr1.1-Cr4_A0209,0.3919662602107489
2034,totalVI likelihood-consistent + D1 head,ADT_TCRVr2_A0211,0.5491965537595669
2034,totalVI likelihood-consistent + D1 head,ADT_TCRVr3_A0210,0.4254651025640262
2034,totalVI likelihood-consistent + D1 head,ADT_TCRbchain_A0120,0.6078686454294812
2034,totalVI likelihood-consistent + D1 head,ADT_TCRr-d_A0121,0.5409174757850828
2034,totalVI likelihood-consistent + D1 head,ADT_TER-119-ErythroidCells_A0122,0.4700283953215381
2034,totalVI likelihood-consistent + D1 head,ADT_Tim-4_A0567,0.5556883678888587
2034,totalVI likelihood-consistent + D1 head,ADT_XCR1_A0568,0.5359273285543574
2034,totalVI likelihood-consistent + D1 head,ADT_anti-P2RY12_A0415,0.5363807684636175
2034,totalVI likelihood-consistent + D1 head,ADT_integrinb7_A0214,0.6709283704707563
2035,totalVI helper-uncorrected,ADT_CD102_A0104,0.8554619832557424
2035,totalVI helper-uncorrected,ADT_CD103_A0201,1.062222821617373
2035,totalVI helper-uncorrected,ADT_CD106_A0226,0.9475601420550521
2035,totalVI helper-uncorrected,ADT_CD115(CSF-1R)_A0105,1.0439972138640605
2035,totalVI helper-uncorrected,ADT_CD117(c-Kit)_A0012,1.0645473866141377
2035,totalVI helper-uncorrected,ADT_CD11a_A0595,0.6500281521651897
2035,totalVI helper-uncorrected,ADT_CD11c_A0106,1.0554041694584566
2035,totalVI helper-uncorrected,ADT_CD122(IL-2Rb)_A0227,0.9877247100150723
2035,totalVI helper-uncorrected,ADT_CD127(IL-7Ra)_A0198,0.9257130303930061
2035,totalVI helper-uncorrected,ADT_CD134(OX-40)_A0195,1.1646211239104673
2035,totalVI helper-uncorrected,ADT_CD135_A0098,1.0909185533658459
2035,totalVI helper-uncorrected,ADT_CD137_A0194,1.1184043483209125
2035,totalVI helper-uncorrected,ADT_CD14_A0424,1.0867941063693844
2035,totalVI helper-uncorrected,ADT_CD140a_A0573,1.077164798120587
2035,totalVI helper-uncorrected,ADT_CD15(SSEA-1)_A0076,1.1696464124015478
2035,totalVI helper-uncorrected,ADT_CD150(SLAM)_A0203,1.0130715662235954
2035,totalVI helper-uncorrected,ADT_CD16-32_A0109,1.0753358097677603
2035,totalVI helper-uncorrected,ADT_CD169(Siglec-1)_A0440,1.1134075775163872
2035,totalVI helper-uncorrected,ADT_CD172a(SIRPa)_A0422,1.0726470785156959
2035,totalVI helper-uncorrected,ADT_CD183(CXCR3)_A0228,1.081965649442769
2035,totalVI helper-uncorrected,ADT_CD184(CXCR4)_A0444,1.002732275410655
2035,totalVI helper-uncorrected,ADT_CD19_A0093,0.809290107738206
2035,totalVI helper-uncorrected,ADT_CD192(CCR2)_A0426,0.9854642377246473
2035,totalVI helper-uncorrected,ADT_CD195(CCR5)_A0376,1.1558907875393023
2035,totalVI helper-uncorrected,ADT_CD196(CCR6)_A0225,0.9894340883847271
2035,totalVI helper-uncorrected,ADT_CD197(CCR7)_A0377,1.091533854957406
2035,totalVI helper-uncorrected,ADT_CD20_A0192,1.0060362520097623
2035,totalVI helper-uncorrected,ADT_CD200(OX2)_A0079,1.06165354568536
2035,totalVI helper-uncorrected,ADT_CD201(EPCR)_A0439,1.0575278203289444
2035,totalVI helper-uncorrected,ADT_CD204(Msr1)_A0448,0.6917522592744793
2035,totalVI helper-uncorrected,ADT_CD206(MMR)_A0173,1.220975082218508
2035,totalVI helper-uncorrected,ADT_CD21-CD35(CR2-CR1)_A0107,1.2031803128648282
2035,totalVI helper-uncorrected,ADT_CD223(LAG-3)_A0378,1.0711962000592028
2035,totalVI helper-uncorrected,ADT_CD23_A0108,1.2148051593630071
2035,totalVI helper-uncorrected,ADT_CD24_A0212,1.1187387219753167
2035,totalVI helper-uncorrected,ADT_CD25_A0097,0.8674218613141215
2035,totalVI helper-uncorrected,ADT_CD274(B7-H1_PD-L1)_A0190,0.8731330383993532
2035,totalVI helper-uncorrected,ADT_CD278(ICOS)_A0171,0.9874622620840406
2035,totalVI helper-uncorrected,ADT_CD279(PD-1)_A0004,1.1058779841525517
2035,totalVI helper-uncorrected,ADT_CD28_A0204,1.0600673934434328
2035,totalVI helper-uncorrected,ADT_CD29_A0570,0.8826026701245027
2035,totalVI helper-uncorrected,ADT_CD300LG(Nepmucin)_A0416,1.0900842100357808
2035,totalVI helper-uncorrected,ADT_CD301a(MGL1)_A0551,1.1756650515084188
2035,totalVI helper-uncorrected,ADT_CD301b(MGL2)_A0566,1.0771194652898919
2035,totalVI helper-uncorrected,ADT_CD304(Neuropilin-1)_A0552,1.1921959529511998
2035,totalVI helper-uncorrected,ADT_CD326(Ep-CAM)_A0449,1.045895194608353
2035,totalVI helper-uncorrected,ADT_CD335(NKp46)_A0184,1.2017896556029506
2035,totalVI helper-uncorrected,ADT_CD357(GITR)_A0193,1.0120417913471755
2035,totalVI helper-uncorrected,ADT_CD36_A0555,1.0457520989705502
2035,totalVI helper-uncorrected,ADT_CD366(Tim-3)_A0003,0.91274416236657
2035,totalVI helper-uncorrected,ADT_CD370(CLEC9A_DNGR1)_A0556,1.0813930571474801
2035,totalVI helper-uncorrected,ADT_CD38_A0557,0.9388229581811388
2035,totalVI helper-uncorrected,ADT_CD4_A0001,1.3514231457185013
2035,totalVI helper-uncorrected,ADT_CD41_A0443,1.3615824773135865
2035,totalVI helper-uncorrected,ADT_CD43_A0110,0.9420276888701975
2035,totalVI helper-uncorrected,ADT_CD45_A0096,1.1767921992458596
2035,totalVI helper-uncorrected,ADT_CD45.1_A0178,1.1114781202413706
2035,totalVI helper-uncorrected,ADT_CD45.2_A0157,1.1436844246827782
2035,totalVI helper-uncorrected,ADT_CD45R-B220_A0103,1.0022896198220372
2035,totalVI helper-uncorrected,ADT_CD48_A0429,0.7970485744207977
2035,totalVI helper-uncorrected,ADT_CD49d_A0078,0.9214250161452743
2035,totalVI helper-uncorrected,ADT_CD5_A0111,1.0580494324659677
2035,totalVI helper-uncorrected,ADT_CD54_A0074,0.9366852924792701
2035,totalVI helper-uncorrected,ADT_CD55(DAF)_A0558,1.051060170665069
2035,totalVI helper-uncorrected,ADT_CD62L_A0112,1.0950529399058162
2035,totalVI helper-uncorrected,ADT_CD62P(P-selectin)_A0229,1.176830589749808
2035,totalVI helper-uncorrected,ADT_CD63_A0559,1.0992601428567268
2035,totalVI helper-uncorrected,ADT_CD64(FcrRI)_A0202,0.9149852004698363
2035,totalVI helper-uncorrected,ADT_CD68_A0560,0.7356777407146641
2035,totalVI helper-uncorrected,ADT_CD69_A0197,0.9649238720133212
2035,totalVI helper-uncorrected,ADT_CD71_A0441,1.1098582754351525
2035,totalVI helper-uncorrected,ADT_CD73_A0077,1.1649814243521945
2035,totalVI helper-uncorrected,ADT_CD79b(Igb)_A0561,1.0447228120992356
2035,totalVI helper-uncorrected,ADT_CD83_A0562,0.5389180828878699
2035,totalVI helper-uncorrected,ADT_CD86_A0200,1.1590079128877349
2035,totalVI helper-uncorrected,ADT_CD8a_A0002,1.2908192528393712
2035,totalVI helper-uncorrected,ADT_CD8b(Ly-3)_A0230,1.3891854593375437
2035,totalVI helper-uncorrected,ADT_CD90.1(Thy-1.1)_A0380,0.6192497503128536
2035,totalVI helper-uncorrected,ADT_CD90.2_A0075,1.1744245302387888
2035,totalVI helper-uncorrected,ADT_CD93(AA4.1_earlyBlineage)_A0113,1.1352387255220897
2035,totalVI helper-uncorrected,ADT_CX3CR1_A0563,0.8165366980220651
2035,totalVI helper-uncorrected,ADT_ESAM_A0596,1.0833085231688397
2035,totalVI helper-uncorrected,ADT_F4-80_A0114,1.0755068166739823
2035,totalVI helper-uncorrected,ADT_FceRIa_A0115,1.0880093918326363
2035,totalVI helper-uncorrected,ADT_FolateReceptorb(FR-b)_A0564,1.107346326518653
2035,totalVI helper-uncorrected,ADT_H-2KbboundtoSIINFEKL_A0231,1.0836982613790258
2035,totalVI helper-uncorrected,ADT_I-A-I-E_A0117,1.4478202345046705
2035,totalVI helper-uncorrected,ADT_IRF4_A0249,1.054659570254904
2035,totalVI helper-uncorrected,ADT_IgD_A0571,1.1720052491049078
2035,totalVI helper-uncorrected,ADT_IgM_A0450,1.100870989147221
2035,totalVI helper-uncorrected,ADT_Ly-6A-E(Sca-1)_A0130,1.3140559865060097
2035,totalVI helper-uncorrected,ADT_Ly-6C_A0013,1.0737622315417887
2035,totalVI helper-uncorrected,ADT_MAdCAM-1_A0232,1.1032655332228805
2035,totalVI helper-uncorrected,ADT_MERTK(Mer)_A0565,1.1371853336246254
2035,totalVI helper-uncorrected,ADT_NK-1.1_A0118,1.2459999795842125
2035,totalVI helper-uncorrected,ADT_Notch1_A0442,1.1608595169837848
2035,totalVI helper-uncorrected,ADT_PanendothelialCellAntigen_A0381,1.092940535595282
2035,totalVI helper-uncorrected,ADT_SiglecH_A0119,1.0902157958957768
2035,totalVI helper-uncorrected,ADT_TCRVb5.1_5.2_A0354,1.6361665510725232
2035,totalVI helper-uncorrected,ADT_TCRVb8.1_8.2_A0235,1.114363793847268
2035,totalVI helper-uncorrected,ADT_TCRVr1.1-Cr4_A0209,0.6084399051914644
2035,totalVI helper-uncorrected,ADT_TCRVr2_A0211,1.0922290099520062
2035,totalVI helper-uncorrected,ADT_TCRVr3_A0210,1.044495211185274
2035,totalVI helper-uncorrected,ADT_TCRbchain_A0120,1.2302530064066022
2035,totalVI helper-uncorrected,ADT_TCRr-d_A0121,1.1197358754743956
2035,totalVI helper-uncorrected,ADT_TER-119-ErythroidCells_A0122,0.8141898047360425
2035,totalVI helper-uncorrected,ADT_Tim-4_A0567,1.0830496653075288
2035,totalVI helper-uncorrected,ADT_XCR1_A0568,1.0652955421075214
2035,totalVI helper-uncorrected,ADT_anti-P2RY12_A0415,1.0965926942276985
2035,totalVI helper-uncorrected,ADT_integrinb7_A0214,0.8692964737805122
2035,totalVI likelihood-consistent,ADT_CD102_A0104,0.504770419044194
2035,totalVI likelihood-consistent,ADT_CD103_A0201,0.5153244081060114
2035,totalVI likelihood-consistent,ADT_CD106_A0226,0.5828303475516652
2035,totalVI likelihood-consistent,ADT_CD115(CSF-1R)_A0105,0.5939449850127132
2035,totalVI likelihood-consistent,ADT_CD117(c-Kit)_A0012,0.5646412807534753
2035,totalVI likelihood-consistent,ADT_CD11a_A0595,0.6084006006757078
2035,totalVI likelihood-consistent,ADT_CD11c_A0106,0.6116852240137926
2035,totalVI likelihood-consistent,ADT_CD122(IL-2Rb)_A0227,0.5450640812069405
2035,totalVI likelihood-consistent,ADT_CD127(IL-7Ra)_A0198,0.5394400986649086
2035,totalVI likelihood-consistent,ADT_CD134(OX-40)_A0195,0.4154695420251398
2035,totalVI likelihood-consistent,ADT_CD135_A0098,0.5038694425089095
2035,totalVI likelihood-consistent,ADT_CD137_A0194,0.4515166889970138
2035,totalVI likelihood-consistent,ADT_CD14_A0424,0.5811336640894194
2035,totalVI likelihood-consistent,ADT_CD140a_A0573,0.38106380511076304
2035,totalVI likelihood-consistent,ADT_CD15(SSEA-1)_A0076,0.5645970105559343
2035,totalVI likelihood-consistent,ADT_CD150(SLAM)_A0203,0.6385515488494843
2035,totalVI likelihood-consistent,ADT_CD16-32_A0109,0.5541773873219489
2035,totalVI likelihood-consistent,ADT_CD169(Siglec-1)_A0440,0.46415473574372873
2035,totalVI likelihood-consistent,ADT_CD172a(SIRPa)_A0422,0.5144272578591301
2035,totalVI likelihood-consistent,ADT_CD183(CXCR3)_A0228,0.5998935661944933
2035,totalVI likelihood-consistent,ADT_CD184(CXCR4)_A0444,0.4754146475750108
2035,totalVI likelihood-consistent,ADT_CD19_A0093,0.596828583737681
2035,totalVI likelihood-consistent,ADT_CD192(CCR2)_A0426,0.4493123554742694
2035,totalVI likelihood-consistent,ADT_CD195(CCR5)_A0376,0.5568141625165945
2035,totalVI likelihood-consistent,ADT_CD196(CCR6)_A0225,0.5581769629553927
2035,totalVI likelihood-consistent,ADT_CD197(CCR7)_A0377,0.4959918939355518
2035,totalVI likelihood-consistent,ADT_CD20_A0192,0.4474336662726832
2035,totalVI likelihood-consistent,ADT_CD200(OX2)_A0079,0.5692209465889291
2035,totalVI likelihood-consistent,ADT_CD201(EPCR)_A0439,0.5141149221222888
2035,totalVI likelihood-consistent,ADT_CD204(Msr1)_A0448,0.42113460925164786
2035,totalVI likelihood-consistent,ADT_CD206(MMR)_A0173,0.5586727112048918
2035,totalVI likelihood-consistent,ADT_CD21-CD35(CR2-CR1)_A0107,0.7063798549845924
2035,totalVI likelihood-consistent,ADT_CD223(LAG-3)_A0378,0.3920242136758382
2035,totalVI likelihood-consistent,ADT_CD23_A0108,0.6852308821391868
2035,totalVI likelihood-consistent,ADT_CD24_A0212,0.5787744353051059
2035,totalVI likelihood-consistent,ADT_CD25_A0097,0.530075877343883
2035,totalVI likelihood-consistent,ADT_CD274(B7-H1_PD-L1)_A0190,0.4964412233515582
2035,totalVI likelihood-consistent,ADT_CD278(ICOS)_A0171,0.47995275398210946
2035,totalVI likelihood-consistent,ADT_CD279(PD-1)_A0004,0.44203662675890565
2035,totalVI likelihood-consistent,ADT_CD28_A0204,0.4894182154421064
2035,totalVI likelihood-consistent,ADT_CD29_A0570,0.6097621826722965
2035,totalVI likelihood-consistent,ADT_CD300LG(Nepmucin)_A0416,0.39589564490127443
2035,totalVI likelihood-consistent,ADT_CD301a(MGL1)_A0551,0.6266886973263041
2035,totalVI likelihood-consistent,ADT_CD301b(MGL2)_A0566,0.4799550259264608
2035,totalVI likelihood-consistent,ADT_CD304(Neuropilin-1)_A0552,0.6235144978656698
2035,totalVI likelihood-consistent,ADT_CD326(Ep-CAM)_A0449,0.6222010930240993
2035,totalVI likelihood-consistent,ADT_CD335(NKp46)_A0184,0.4201373146550237
2035,totalVI likelihood-consistent,ADT_CD357(GITR)_A0193,0.581850072619563
2035,totalVI likelihood-consistent,ADT_CD36_A0555,0.5728614063553068
2035,totalVI likelihood-consistent,ADT_CD366(Tim-3)_A0003,0.5223281474002823
2035,totalVI likelihood-consistent,ADT_CD370(CLEC9A_DNGR1)_A0556,0.5641897395594954
2035,totalVI likelihood-consistent,ADT_CD38_A0557,0.720006199944984
2035,totalVI likelihood-consistent,ADT_CD4_A0001,0.8660068731970708
2035,totalVI likelihood-consistent,ADT_CD41_A0443,0.7009455589700724
2035,totalVI likelihood-consistent,ADT_CD43_A0110,0.5638510011068224
2035,totalVI likelihood-consistent,ADT_CD45_A0096,0.462305192254608
2035,totalVI likelihood-consistent,ADT_CD45.1_A0178,0.579452483791895
2035,totalVI likelihood-consistent,ADT_CD45.2_A0157,0.3923041640629729
2035,totalVI likelihood-consistent,ADT_CD45R-B220_A0103,0.506902386331852
2035,totalVI likelihood-consistent,ADT_CD48_A0429,0.4639016434587928
2035,totalVI likelihood-consistent,ADT_CD49d_A0078,0.5446282869495119
2035,totalVI likelihood-consistent,ADT_CD5_A0111,0.6467985556532494
2035,totalVI likelihood-consistent,ADT_CD54_A0074,0.6713040581096071
2035,totalVI likelihood-consistent,ADT_CD55(DAF)_A0558,0.6633461193002281
2035,totalVI likelihood-consistent,ADT_CD62L_A0112,0.8683005440950553
2035,totalVI likelihood-consistent,ADT_CD62P(P-selectin)_A0229,0.4792551755823688
2035,totalVI likelihood-consistent,ADT_CD63_A0559,0.47946171553726735
2035,totalVI likelihood-consistent,ADT_CD64(FcrRI)_A0202,0.5274438527542109
2035,totalVI likelihood-consistent,ADT_CD68_A0560,0.46149575686258454
2035,totalVI likelihood-consistent,ADT_CD69_A0197,0.5274602442378966
2035,totalVI likelihood-consistent,ADT_CD71_A0441,0.5576641761250819
2035,totalVI likelihood-consistent,ADT_CD73_A0077,0.7020999029821196
2035,totalVI likelihood-consistent,ADT_CD79b(Igb)_A0561,0.543531757718168
2035,totalVI likelihood-consistent,ADT_CD83_A0562,0.365308669183429
2035,totalVI likelihood-consistent,ADT_CD86_A0200,0.7549234380751889
2035,totalVI likelihood-consistent,ADT_CD8a_A0002,0.741044280483819
2035,totalVI likelihood-consistent,ADT_CD8b(Ly-3)_A0230,0.8904792714824016
2035,totalVI likelihood-consistent,ADT_CD90.1(Thy-1.1)_A0380,0.3850151477973093
2035,totalVI likelihood-consistent,ADT_CD90.2_A0075,0.7498171460109331
2035,totalVI likelihood-consistent,ADT_CD93(AA4.1_earlyBlineage)_A0113,0.5954716475408988
2035,totalVI likelihood-consistent,ADT_CX3CR1_A0563,0.497971507894778
2035,totalVI likelihood-consistent,ADT_ESAM_A0596,0.5381371109304478
2035,totalVI likelihood-consistent,ADT_F4-80_A0114,0.6132729637723585
2035,totalVI likelihood-consistent,ADT_FceRIa_A0115,0.5672385237498767
2035,totalVI likelihood-consistent,ADT_FolateReceptorb(FR-b)_A0564,0.5767670089561636
2035,totalVI likelihood-consistent,ADT_H-2KbboundtoSIINFEKL_A0231,0.5420654605628425
2035,totalVI likelihood-consistent,ADT_I-A-I-E_A0117,0.8679509274081063
2035,totalVI likelihood-consistent,ADT_IRF4_A0249,0.5147295783447418
2035,totalVI likelihood-consistent,ADT_IgD_A0571,0.720985154874843
2035,totalVI likelihood-consistent,ADT_IgM_A0450,0.5361537340592808
2035,totalVI likelihood-consistent,ADT_Ly-6A-E(Sca-1)_A0130,0.8637086885224909
2035,totalVI likelihood-consistent,ADT_Ly-6C_A0013,0.5321072514495974
2035,totalVI likelihood-consistent,ADT_MAdCAM-1_A0232,0.5300519128317702
2035,totalVI likelihood-consistent,ADT_MERTK(Mer)_A0565,0.5476602335078435
2035,totalVI likelihood-consistent,ADT_NK-1.1_A0118,0.6293413017047144
2035,totalVI likelihood-consistent,ADT_Notch1_A0442,0.5178721769904477
2035,totalVI likelihood-consistent,ADT_PanendothelialCellAntigen_A0381,0.5774441336335494
2035,totalVI likelihood-consistent,ADT_SiglecH_A0119,0.5445590329823063
2035,totalVI likelihood-consistent,ADT_TCRVb5.1_5.2_A0354,0.9458234717628539
2035,totalVI likelihood-consistent,ADT_TCRVb8.1_8.2_A0235,0.6207775519684693
2035,totalVI likelihood-consistent,ADT_TCRVr1.1-Cr4_A0209,0.3987575646520994
2035,totalVI likelihood-consistent,ADT_TCRVr2_A0211,0.5699962975036343
2035,totalVI likelihood-consistent,ADT_TCRVr3_A0210,0.42382893436741753
2035,totalVI likelihood-consistent,ADT_TCRbchain_A0120,0.6350092466876444
2035,totalVI likelihood-consistent,ADT_TCRr-d_A0121,0.5619570744418948
2035,totalVI likelihood-consistent,ADT_TER-119-ErythroidCells_A0122,0.48883271449184074
2035,totalVI likelihood-consistent,ADT_Tim-4_A0567,0.5522210862198025
2035,totalVI likelihood-consistent,ADT_XCR1_A0568,0.5469651330373422
2035,totalVI likelihood-consistent,ADT_anti-P2RY12_A0415,0.5432600038831445
2035,totalVI likelihood-consistent,ADT_integrinb7_A0214,0.5484152294207856
2035,totalVI-X affine,ADT_CD102_A0104,0.6400227211461774
2035,totalVI-X affine,ADT_CD103_A0201,0.5258197830850677
2035,totalVI-X affine,ADT_CD106_A0226,0.6398592120926766
2035,totalVI-X affine,ADT_CD115(CSF-1R)_A0105,0.5959554103293528
2035,totalVI-X affine,ADT_CD117(c-Kit)_A0012,0.5644674676345643
2035,totalVI-X affine,ADT_CD11a_A0595,0.7435046057323423
2035,totalVI-X affine,ADT_CD11c_A0106,0.600364863185085
2035,totalVI-X affine,ADT_CD122(IL-2Rb)_A0227,0.5429708810220005
2035,totalVI-X affine,ADT_CD127(IL-7Ra)_A0198,0.5622169923930557
2035,totalVI-X affine,ADT_CD134(OX-40)_A0195,0.3934677031411621
2035,totalVI-X affine,ADT_CD135_A0098,0.4908476195033107
2035,totalVI-X affine,ADT_CD137_A0194,0.43691430577198126
2035,totalVI-X affine,ADT_CD14_A0424,0.5700455638605582
2035,totalVI-X affine,ADT_CD140a_A0573,0.37597965732079164
2035,totalVI-X affine,ADT_CD15(SSEA-1)_A0076,0.5299616349105835
2035,totalVI-X affine,ADT_CD150(SLAM)_A0203,0.7378263130453585
2035,totalVI-X affine,ADT_CD16-32_A0109,0.5357113496538343
2035,totalVI-X affine,ADT_CD169(Siglec-1)_A0440,0.4593136647070836
2035,totalVI-X affine,ADT_CD172a(SIRPa)_A0422,0.5109179738427159
2035,totalVI-X affine,ADT_CD183(CXCR3)_A0228,0.5786556781205315
2035,totalVI-X affine,ADT_CD184(CXCR4)_A0444,0.4874517349926306
2035,totalVI-X affine,ADT_CD19_A0093,0.6910796296133362
2035,totalVI-X affine,ADT_CD192(CCR2)_A0426,0.46989400483578353
2035,totalVI-X affine,ADT_CD195(CCR5)_A0376,0.5282960323605933
2035,totalVI-X affine,ADT_CD196(CCR6)_A0225,0.5579026874064914
2035,totalVI-X affine,ADT_CD197(CCR7)_A0377,0.48740200447531906
2035,totalVI-X affine,ADT_CD20_A0192,0.48342575341116945
2035,totalVI-X affine,ADT_CD200(OX2)_A0079,0.6003659367918085
2035,totalVI-X affine,ADT_CD201(EPCR)_A0439,0.5098220131659267
2035,totalVI-X affine,ADT_CD204(Msr1)_A0448,0.407833135963078
2035,totalVI-X affine,ADT_CD206(MMR)_A0173,0.5273589053890301
2035,totalVI-X affine,ADT_CD21-CD35(CR2-CR1)_A0107,0.7324836241060655
2035,totalVI-X affine,ADT_CD223(LAG-3)_A0378,0.38714433307471446
2035,totalVI-X affine,ADT_CD23_A0108,0.7112704805881077
2035,totalVI-X affine,ADT_CD24_A0212,0.6146682841922547
2035,totalVI-X affine,ADT_CD25_A0097,0.5153495199728485
2035,totalVI-X affine,ADT_CD274(B7-H1_PD-L1)_A0190,0.6006801470885299
2035,totalVI-X affine,ADT_CD278(ICOS)_A0171,0.5209148622627432
2035,totalVI-X affine,ADT_CD279(PD-1)_A0004,0.4289231015320316
2035,totalVI-X affine,ADT_CD28_A0204,0.4880422965390268
2035,totalVI-X affine,ADT_CD29_A0570,0.7172449240779936
2035,totalVI-X affine,ADT_CD300LG(Nepmucin)_A0416,0.38769281073324113
2035,totalVI-X affine,ADT_CD301a(MGL1)_A0551,0.581393347681115
2035,totalVI-X affine,ADT_CD301b(MGL2)_A0566,0.47275055475385264
2035,totalVI-X affine,ADT_CD304(Neuropilin-1)_A0552,0.5830771362683359
2035,totalVI-X affine,ADT_CD326(Ep-CAM)_A0449,0.6100346687412717
2035,totalVI-X affine,ADT_CD335(NKp46)_A0184,0.40076851009882075
2035,totalVI-X affine,ADT_CD357(GITR)_A0193,0.6200674768613571
2035,totalVI-X affine,ADT_CD36_A0555,0.5675246869139244
2035,totalVI-X affine,ADT_CD366(Tim-3)_A0003,0.4931993633759429
2035,totalVI-X affine,ADT_CD370(CLEC9A_DNGR1)_A0556,0.547833001717773
2035,totalVI-X affine,ADT_CD38_A0557,0.8062540659000521
2035,totalVI-X affine,ADT_CD4_A0001,0.8857118655757519
2035,totalVI-X affine,ADT_CD41_A0443,0.6189727491387912
2035,totalVI-X affine,ADT_CD43_A0110,0.6381119906599005
2035,totalVI-X affine,ADT_CD45_A0096,0.4518766694644189
2035,totalVI-X affine,ADT_CD45.1_A0178,0.5431871476629369
2035,totalVI-X affine,ADT_CD45.2_A0157,0.37890654387980216
2035,totalVI-X affine,ADT_CD45R-B220_A0103,0.5530016254438294
2035,totalVI-X affine,ADT_CD48_A0429,0.5909012628111235
2035,totalVI-X affine,ADT_CD49d_A0078,0.6722702291902891
2035,totalVI-X affine,ADT_CD5_A0111,0.7271272414277518
2035,totalVI-X affine,ADT_CD54_A0074,0.8694614881439937
2035,totalVI-X affine,ADT_CD55(DAF)_A0558,0.7214684525107949
2035,totalVI-X affine,ADT_CD62L_A0112,1.0245736292954524
2035,totalVI-X affine,ADT_CD62P(P-selectin)_A0229,0.45453268293506877
2035,totalVI-X affine,ADT_CD63_A0559,0.47285884976351017
2035,totalVI-X affine,ADT_CD64(FcrRI)_A0202,0.5171249571608724
2035,totalVI-X affine,ADT_CD68_A0560,0.4459870359089493
2035,totalVI-X affine,ADT_CD69_A0197,0.5543105805462644
2035,totalVI-X affine,ADT_CD71_A0441,0.5873696280573321
2035,totalVI-X affine,ADT_CD73_A0077,0.7239306860954033
2035,totalVI-X affine,ADT_CD79b(Igb)_A0561,0.5794283964576992
2035,totalVI-X affine,ADT_CD83_A0562,0.36149984516741795
2035,totalVI-X affine,ADT_CD86_A0200,0.8367253164085495
2035,totalVI-X affine,ADT_CD8a_A0002,0.7173548292319316
2035,totalVI-X affine,ADT_CD8b(Ly-3)_A0230,0.8660368892459385
2035,totalVI-X affine,ADT_CD90.1(Thy-1.1)_A0380,0.3738932566321489
2035,totalVI-X affine,ADT_CD90.2_A0075,0.791803521984007
2035,totalVI-X affine,ADT_CD93(AA4.1_earlyBlineage)_A0113,0.5679613059677945
2035,totalVI-X affine,ADT_CX3CR1_A0563,0.4875009821737561
2035,totalVI-X affine,ADT_ESAM_A0596,0.5282096171703746
2035,totalVI-X affine,ADT_F4-80_A0114,0.6069310626568137
2035,totalVI-X affine,ADT_FceRIa_A0115,0.5422712257045957
2035,totalVI-X affine,ADT_FolateReceptorb(FR-b)_A0564,0.5683525980795532
2035,totalVI-X affine,ADT_H-2KbboundtoSIINFEKL_A0231,0.5300019589290943
2035,totalVI-X affine,ADT_I-A-I-E_A0117,0.871421012294555
2035,totalVI-X affine,ADT_IRF4_A0249,0.5130014037471614
2035,totalVI-X affine,ADT_IgD_A0571,0.7885821822041992
2035,totalVI-X affine,ADT_IgM_A0450,0.5153219370291431
2035,totalVI-X affine,ADT_Ly-6A-E(Sca-1)_A0130,0.9997527755298068
2035,totalVI-X affine,ADT_Ly-6C_A0013,0.5523118023997453
2035,totalVI-X affine,ADT_MAdCAM-1_A0232,0.5159060415890024
2035,totalVI-X affine,ADT_MERTK(Mer)_A0565,0.5244257465058922
2035,totalVI-X affine,ADT_NK-1.1_A0118,0.5751598933823655
2035,totalVI-X affine,ADT_Notch1_A0442,0.490948413614007
2035,totalVI-X affine,ADT_PanendothelialCellAntigen_A0381,0.5646145511448165
2035,totalVI-X affine,ADT_SiglecH_A0119,0.5262348706890387
2035,totalVI-X affine,ADT_TCRVb5.1_5.2_A0354,0.7422291332614737
2035,totalVI-X affine,ADT_TCRVb8.1_8.2_A0235,0.5931582994169439
2035,totalVI-X affine,ADT_TCRVr1.1-Cr4_A0209,0.39151503416865435
2035,totalVI-X affine,ADT_TCRVr2_A0211,0.5525566604383929
2035,totalVI-X affine,ADT_TCRVr3_A0210,0.4242892070502026
2035,totalVI-X affine,ADT_TCRbchain_A0120,0.6104233120616398
2035,totalVI-X affine,ADT_TCRr-d_A0121,0.5440241890038152
2035,totalVI-X affine,ADT_TER-119-ErythroidCells_A0122,0.4722860135555302
2035,totalVI-X affine,ADT_Tim-4_A0567,0.5570794847508261
2035,totalVI-X affine,ADT_XCR1_A0568,0.5376501443418511
2035,totalVI-X affine,ADT_anti-P2RY12_A0415,0.5349214687220994
2035,totalVI-X affine,ADT_integrinb7_A0214,0.6779548935344903
2035,totalVI likelihood-consistent + D1 head,ADT_CD102_A0104,0.6406356975479596
2035,totalVI likelihood-consistent + D1 head,ADT_CD103_A0201,0.5261725841403382
2035,totalVI likelihood-consistent + D1 head,ADT_CD106_A0226,0.6389356090302459
2035,totalVI likelihood-consistent + D1 head,ADT_CD115(CSF-1R)_A0105,0.5958980980080936
2035,totalVI likelihood-consistent + D1 head,ADT_CD117(c-Kit)_A0012,0.5649377031960018
2035,totalVI likelihood-consistent + D1 head,ADT_CD11a_A0595,0.7437015327328157
2035,totalVI likelihood-consistent + D1 head,ADT_CD11c_A0106,0.5990184668637001
2035,totalVI likelihood-consistent + D1 head,ADT_CD122(IL-2Rb)_A0227,0.5427956841306778
2035,totalVI likelihood-consistent + D1 head,ADT_CD127(IL-7Ra)_A0198,0.563284256089872
2035,totalVI likelihood-consistent + D1 head,ADT_CD134(OX-40)_A0195,0.39344041118058676
2035,totalVI likelihood-consistent + D1 head,ADT_CD135_A0098,0.49080362828915575
2035,totalVI likelihood-consistent + D1 head,ADT_CD137_A0194,0.4368595765807948
2035,totalVI likelihood-consistent + D1 head,ADT_CD14_A0424,0.5696544831172248
2035,totalVI likelihood-consistent + D1 head,ADT_CD140a_A0573,0.37594261036408433
2035,totalVI likelihood-consistent + D1 head,ADT_CD15(SSEA-1)_A0076,0.5299904083074898
2035,totalVI likelihood-consistent + D1 head,ADT_CD150(SLAM)_A0203,0.7388954908246113
2035,totalVI likelihood-consistent + D1 head,ADT_CD16-32_A0109,0.5356639086372552
2035,totalVI likelihood-consistent + D1 head,ADT_CD169(Siglec-1)_A0440,0.4594028597303807
2035,totalVI likelihood-consistent + D1 head,ADT_CD172a(SIRPa)_A0422,0.5110440319814957
2035,totalVI likelihood-consistent + D1 head,ADT_CD183(CXCR3)_A0228,0.5775397258922695
2035,totalVI likelihood-consistent + D1 head,ADT_CD184(CXCR4)_A0444,0.48750813894655637
2035,totalVI likelihood-consistent + D1 head,ADT_CD19_A0093,0.6935547634559549
2035,totalVI likelihood-consistent + D1 head,ADT_CD192(CCR2)_A0426,0.4698252886677396
2035,totalVI likelihood-consistent + D1 head,ADT_CD195(CCR5)_A0376,0.5281580979231897
2035,totalVI likelihood-consistent + D1 head,ADT_CD196(CCR6)_A0225,0.5577075615906466
2035,totalVI likelihood-consistent + D1 head,ADT_CD197(CCR7)_A0377,0.48736612478197294
2035,totalVI likelihood-consistent + D1 head,ADT_CD20_A0192,0.4839477184477176
2035,totalVI likelihood-consistent + D1 head,ADT_CD200(OX2)_A0079,0.601750459137785
2035,totalVI likelihood-consistent + D1 head,ADT_CD201(EPCR)_A0439,0.5098405882378579
2035,totalVI likelihood-consistent + D1 head,ADT_CD204(Msr1)_A0448,0.407852160184756
2035,totalVI likelihood-consistent + D1 head,ADT_CD206(MMR)_A0173,0.5273932447355016
2035,totalVI likelihood-consistent + D1 head,ADT_CD21-CD35(CR2-CR1)_A0107,0.7327521580034836
2035,totalVI likelihood-consistent + D1 head,ADT_CD223(LAG-3)_A0378,0.38714252684900424
2035,totalVI likelihood-consistent + D1 head,ADT_CD23_A0108,0.7101248237773802
2035,totalVI likelihood-consistent + D1 head,ADT_CD24_A0212,0.614520301432171
2035,totalVI likelihood-consistent + D1 head,ADT_CD25_A0097,0.514253054194172
2035,totalVI likelihood-consistent + D1 head,ADT_CD274(B7-H1_PD-L1)_A0190,0.5999006068304812
2035,totalVI likelihood-consistent + D1 head,ADT_CD278(ICOS)_A0171,0.5213207973278802
2035,totalVI likelihood-consistent + D1 head,ADT_CD279(PD-1)_A0004,0.4290118119212536
2035,totalVI likelihood-consistent + D1 head,ADT_CD28_A0204,0.488275299911208
2035,totalVI likelihood-consistent + D1 head,ADT_CD29_A0570,0.716179873041702
2035,totalVI likelihood-consistent + D1 head,ADT_CD300LG(Nepmucin)_A0416,0.3876765398471065
2035,totalVI likelihood-consistent + D1 head,ADT_CD301a(MGL1)_A0551,0.5811593050635183
2035,totalVI likelihood-consistent + D1 head,ADT_CD301b(MGL2)_A0566,0.4728504272960168
2035,totalVI likelihood-consistent + D1 head,ADT_CD304(Neuropilin-1)_A0552,0.5827314768649393
2035,totalVI likelihood-consistent + D1 head,ADT_CD326(Ep-CAM)_A0449,0.6100139425274012
2035,totalVI likelihood-consistent + D1 head,ADT_CD335(NKp46)_A0184,0.40071860569037887
2035,totalVI likelihood-consistent + D1 head,ADT_CD357(GITR)_A0193,0.621041986693576
2035,totalVI likelihood-consistent + D1 head,ADT_CD36_A0555,0.5671414849666206
2035,totalVI likelihood-consistent + D1 head,ADT_CD366(Tim-3)_A0003,0.49323406861833036
2035,totalVI likelihood-consistent + D1 head,ADT_CD370(CLEC9A_DNGR1)_A0556,0.5475807399490987
2035,totalVI likelihood-consistent + D1 head,ADT_CD38_A0557,0.8067418168257858
2035,totalVI likelihood-consistent + D1 head,ADT_CD4_A0001,0.8795665861276286
2035,totalVI likelihood-consistent + D1 head,ADT_CD41_A0443,0.6190861837357579
2035,totalVI likelihood-consistent + D1 head,ADT_CD43_A0110,0.6386071428545776
2035,totalVI likelihood-consistent + D1 head,ADT_CD45_A0096,0.451888561215851
2035,totalVI likelihood-consistent + D1 head,ADT_CD45.1_A0178,0.543173018307363
2035,totalVI likelihood-consistent + D1 head,ADT_CD45.2_A0157,0.3789676766333183
2035,totalVI likelihood-consistent + D1 head,ADT_CD45R-B220_A0103,0.5544875303741326
2035,totalVI likelihood-consistent + D1 head,ADT_CD48_A0429,0.5906675849074241
2035,totalVI likelihood-consistent + D1 head,ADT_CD49d_A0078,0.6720470739491472
2035,totalVI likelihood-consistent + D1 head,ADT_CD5_A0111,0.7273527907554868
2035,totalVI likelihood-consistent + D1 head,ADT_CD54_A0074,0.8716612826636387
2035,totalVI likelihood-consistent + D1 head,ADT_CD55(DAF)_A0558,0.7214680476832407
2035,totalVI likelihood-consistent + D1 head,ADT_CD62L_A0112,1.0260197966404148
2035,totalVI likelihood-consistent + D1 head,ADT_CD62P(P-selectin)_A0229,0.4545451555972465
2035,totalVI likelihood-consistent + D1 head,ADT_CD63_A0559,0.4728173601146368
2035,totalVI likelihood-consistent + D1 head,ADT_CD64(FcrRI)_A0202,0.5168458350179026
2035,totalVI likelihood-consistent + D1 head,ADT_CD68_A0560,0.4464605753933817
2035,totalVI likelihood-consistent + D1 head,ADT_CD69_A0197,0.5542251201948749
2035,totalVI likelihood-consistent + D1 head,ADT_CD71_A0441,0.5884608447522228
2035,totalVI likelihood-consistent + D1 head,ADT_CD73_A0077,0.7231283987387193
2035,totalVI likelihood-consistent + D1 head,ADT_CD79b(Igb)_A0561,0.5803404635504662
2035,totalVI likelihood-consistent + D1 head,ADT_CD83_A0562,0.36156457728779273
2035,totalVI likelihood-consistent + D1 head,ADT_CD86_A0200,0.8370541449785627
2035,totalVI likelihood-consistent + D1 head,ADT_CD8a_A0002,0.7119787514433349
2035,totalVI likelihood-consistent + D1 head,ADT_CD8b(Ly-3)_A0230,0.8557214639066055
2035,totalVI likelihood-consistent + D1 head,ADT_CD90.1(Thy-1.1)_A0380,0.3739738009006845
2035,totalVI likelihood-consistent + D1 head,ADT_CD90.2_A0075,0.7909256768039209
2035,totalVI likelihood-consistent + D1 head,ADT_CD93(AA4.1_earlyBlineage)_A0113,0.5673885691286659
2035,totalVI likelihood-consistent + D1 head,ADT_CX3CR1_A0563,0.4867059193514613
2035,totalVI likelihood-consistent + D1 head,ADT_ESAM_A0596,0.5280415525141644
2035,totalVI likelihood-consistent + D1 head,ADT_F4-80_A0114,0.6059820331882644
2035,totalVI likelihood-consistent + D1 head,ADT_FceRIa_A0115,0.5421791212330804
2035,totalVI likelihood-consistent + D1 head,ADT_FolateReceptorb(FR-b)_A0564,0.5680079490987926
2035,totalVI likelihood-consistent + D1 head,ADT_H-2KbboundtoSIINFEKL_A0231,0.5299949704605538
2035,totalVI likelihood-consistent + D1 head,ADT_I-A-I-E_A0117,0.8709633638600047
2035,totalVI likelihood-consistent + D1 head,ADT_IRF4_A0249,0.5129945298628688
2035,totalVI likelihood-consistent + D1 head,ADT_IgD_A0571,0.787908536726691
2035,totalVI likelihood-consistent + D1 head,ADT_IgM_A0450,0.5153435200727479
2035,totalVI likelihood-consistent + D1 head,ADT_Ly-6A-E(Sca-1)_A0130,0.9997320732360279
2035,totalVI likelihood-consistent + D1 head,ADT_Ly-6C_A0013,0.5511895053480221
2035,totalVI likelihood-consistent + D1 head,ADT_MAdCAM-1_A0232,0.5158749294541605
2035,totalVI likelihood-consistent + D1 head,ADT_MERTK(Mer)_A0565,0.5243191800306299
2035,totalVI likelihood-consistent + D1 head,ADT_NK-1.1_A0118,0.5749200823884193
2035,totalVI likelihood-consistent + D1 head,ADT_Notch1_A0442,0.4909717340418346
2035,totalVI likelihood-consistent + D1 head,ADT_PanendothelialCellAntigen_A0381,0.564769186044365
2035,totalVI likelihood-consistent + D1 head,ADT_SiglecH_A0119,0.5259061209461756
2035,totalVI likelihood-consistent + D1 head,ADT_TCRVb5.1_5.2_A0354,0.7420345130187862
2035,totalVI likelihood-consistent + D1 head,ADT_TCRVb8.1_8.2_A0235,0.5931975429553102
2035,totalVI likelihood-consistent + D1 head,ADT_TCRVr1.1-Cr4_A0209,0.3915984419883638
2035,totalVI likelihood-consistent + D1 head,ADT_TCRVr2_A0211,0.5524374356242716
2035,totalVI likelihood-consistent + D1 head,ADT_TCRVr3_A0210,0.4242258550074605
2035,totalVI likelihood-consistent + D1 head,ADT_TCRbchain_A0120,0.6092702995931634
2035,totalVI likelihood-consistent + D1 head,ADT_TCRr-d_A0121,0.5436713697800811
2035,totalVI likelihood-consistent + D1 head,ADT_TER-119-ErythroidCells_A0122,0.4694263975654596
2035,totalVI likelihood-consistent + D1 head,ADT_Tim-4_A0567,0.5568144009368855
2035,totalVI likelihood-consistent + D1 head,ADT_XCR1_A0568,0.5371970116528184
2035,totalVI likelihood-consistent + D1 head,ADT_anti-P2RY12_A0415,0.5347538493159305
2035,totalVI likelihood-consistent + D1 head,ADT_integrinb7_A0214,0.6782223300064963
2036,totalVI helper-uncorrected,ADT_CD102_A0104,0.8570563899049346
2036,totalVI helper-uncorrected,ADT_CD103_A0201,1.0562049826126088
2036,totalVI helper-uncorrected,ADT_CD106_A0226,0.9438446257590246
2036,totalVI helper-uncorrected,ADT_CD115(CSF-1R)_A0105,1.0416693742321725
2036,totalVI helper-uncorrected,ADT_CD117(c-Kit)_A0012,1.0733249626338808
2036,totalVI helper-uncorrected,ADT_CD11a_A0595,0.6612019809718506
2036,totalVI helper-uncorrected,ADT_CD11c_A0106,1.052191986686995
2036,totalVI helper-uncorrected,ADT_CD122(IL-2Rb)_A0227,0.9925687800046641
2036,totalVI helper-uncorrected,ADT_CD127(IL-7Ra)_A0198,0.9147603291021376
2036,totalVI helper-uncorrected,ADT_CD134(OX-40)_A0195,1.1803112077463467
2036,totalVI helper-uncorrected,ADT_CD135_A0098,1.0946403418173343
2036,totalVI helper-uncorrected,ADT_CD137_A0194,1.1220144078374878
2036,totalVI helper-uncorrected,ADT_CD14_A0424,1.0921076638904956
2036,totalVI helper-uncorrected,ADT_CD140a_A0573,1.0792067717325722
2036,totalVI helper-uncorrected,ADT_CD15(SSEA-1)_A0076,1.1744511714469539
2036,totalVI helper-uncorrected,ADT_CD150(SLAM)_A0203,1.0128966591481496
2036,totalVI helper-uncorrected,ADT_CD16-32_A0109,1.0807957357150444
2036,totalVI helper-uncorrected,ADT_CD169(Siglec-1)_A0440,1.1148852487353735
2036,totalVI helper-uncorrected,ADT_CD172a(SIRPa)_A0422,1.0718608035886925
2036,totalVI helper-uncorrected,ADT_CD183(CXCR3)_A0228,1.0914771758554178
2036,totalVI helper-uncorrected,ADT_CD184(CXCR4)_A0444,1.006374087989475
2036,totalVI helper-uncorrected,ADT_CD19_A0093,0.8144358505630257
2036,totalVI helper-uncorrected,ADT_CD192(CCR2)_A0426,0.9958539720811949
2036,totalVI helper-uncorrected,ADT_CD195(CCR5)_A0376,1.1551044203044432
2036,totalVI helper-uncorrected,ADT_CD196(CCR6)_A0225,0.9906797913294216
2036,totalVI helper-uncorrected,ADT_CD197(CCR7)_A0377,1.095789899116197
2036,totalVI helper-uncorrected,ADT_CD20_A0192,1.005639681985728
2036,totalVI helper-uncorrected,ADT_CD200(OX2)_A0079,1.0692722791170264
2036,totalVI helper-uncorrected,ADT_CD201(EPCR)_A0439,1.056715172408051
2036,totalVI helper-uncorrected,ADT_CD204(Msr1)_A0448,0.6888465368146062
2036,totalVI helper-uncorrected,ADT_CD206(MMR)_A0173,1.2254228202613615
2036,totalVI helper-uncorrected,ADT_CD21-CD35(CR2-CR1)_A0107,1.1977979890728545
2036,totalVI helper-uncorrected,ADT_CD223(LAG-3)_A0378,1.0720274516784962
2036,totalVI helper-uncorrected,ADT_CD23_A0108,1.2004626984717672
2036,totalVI helper-uncorrected,ADT_CD24_A0212,1.1393623498205672
2036,totalVI helper-uncorrected,ADT_CD25_A0097,0.873423904859269
2036,totalVI helper-uncorrected,ADT_CD274(B7-H1_PD-L1)_A0190,0.8538164188423615
2036,totalVI helper-uncorrected,ADT_CD278(ICOS)_A0171,1.0026201937871015
2036,totalVI helper-uncorrected,ADT_CD279(PD-1)_A0004,1.1095060611750691
2036,totalVI helper-uncorrected,ADT_CD28_A0204,1.0708655120710149
2036,totalVI helper-uncorrected,ADT_CD29_A0570,0.8884987632750923
2036,totalVI helper-uncorrected,ADT_CD300LG(Nepmucin)_A0416,1.0953623703367779
2036,totalVI helper-uncorrected,ADT_CD301a(MGL1)_A0551,1.1709740135027251
2036,totalVI helper-uncorrected,ADT_CD301b(MGL2)_A0566,1.080145844993913
2036,totalVI helper-uncorrected,ADT_CD304(Neuropilin-1)_A0552,1.1907856094725295
2036,totalVI helper-uncorrected,ADT_CD326(Ep-CAM)_A0449,1.0492151578288254
2036,totalVI helper-uncorrected,ADT_CD335(NKp46)_A0184,1.2053390913826179
2036,totalVI helper-uncorrected,ADT_CD357(GITR)_A0193,1.013376560022683
2036,totalVI helper-uncorrected,ADT_CD36_A0555,1.0522195104694645
2036,totalVI helper-uncorrected,ADT_CD366(Tim-3)_A0003,0.9187484282157888
2036,totalVI helper-uncorrected,ADT_CD370(CLEC9A_DNGR1)_A0556,1.0790963878734336
2036,totalVI helper-uncorrected,ADT_CD38_A0557,0.9358438237778419
2036,totalVI helper-uncorrected,ADT_CD4_A0001,1.351272694612787
2036,totalVI helper-uncorrected,ADT_CD41_A0443,1.3555194187291446
2036,totalVI helper-uncorrected,ADT_CD43_A0110,0.9620899645146017
2036,totalVI helper-uncorrected,ADT_CD45_A0096,1.1821579881431703
2036,totalVI helper-uncorrected,ADT_CD45.1_A0178,1.109209738031545
2036,totalVI helper-uncorrected,ADT_CD45.2_A0157,1.1486240314565959
2036,totalVI helper-uncorrected,ADT_CD45R-B220_A0103,0.9990184469512098
2036,totalVI helper-uncorrected,ADT_CD48_A0429,0.8121329567307698
2036,totalVI helper-uncorrected,ADT_CD49d_A0078,0.9074230919851938
2036,totalVI helper-uncorrected,ADT_CD5_A0111,1.0730304936579407
2036,totalVI helper-uncorrected,ADT_CD54_A0074,0.9390768767737745
2036,totalVI helper-uncorrected,ADT_CD55(DAF)_A0558,1.0461320612312877
2036,totalVI helper-uncorrected,ADT_CD62L_A0112,1.100486711253755
2036,totalVI helper-uncorrected,ADT_CD62P(P-selectin)_A0229,1.1868340845905139
2036,totalVI helper-uncorrected,ADT_CD63_A0559,1.1090258640768555
2036,totalVI helper-uncorrected,ADT_CD64(FcrRI)_A0202,0.9310645054827859
2036,totalVI helper-uncorrected,ADT_CD68_A0560,0.734177182136214
2036,totalVI helper-uncorrected,ADT_CD69_A0197,0.9688032363172066
2036,totalVI helper-uncorrected,ADT_CD71_A0441,1.126820982504812
2036,totalVI helper-uncorrected,ADT_CD73_A0077,1.1757338039802974
2036,totalVI helper-uncorrected,ADT_CD79b(Igb)_A0561,1.038645494531738
2036,totalVI helper-uncorrected,ADT_CD83_A0562,0.539324618118401
2036,totalVI helper-uncorrected,ADT_CD86_A0200,1.179229686541554
2036,totalVI helper-uncorrected,ADT_CD8a_A0002,1.2808401482767173
2036,totalVI helper-uncorrected,ADT_CD8b(Ly-3)_A0230,1.3938426399682444
2036,totalVI helper-uncorrected,ADT_CD90.1(Thy-1.1)_A0380,0.6249986462882944
2036,totalVI helper-uncorrected,ADT_CD90.2_A0075,1.1910910159773447
2036,totalVI helper-uncorrected,ADT_CD93(AA4.1_earlyBlineage)_A0113,1.1430801925222396
2036,totalVI helper-uncorrected,ADT_CX3CR1_A0563,0.8236138659368726
2036,totalVI helper-uncorrected,ADT_ESAM_A0596,1.0837330371993497
2036,totalVI helper-uncorrected,ADT_F4-80_A0114,1.0691359013252835
2036,totalVI helper-uncorrected,ADT_FceRIa_A0115,1.0915079072146971
2036,totalVI helper-uncorrected,ADT_FolateReceptorb(FR-b)_A0564,1.0962170903851631
2036,totalVI helper-uncorrected,ADT_H-2KbboundtoSIINFEKL_A0231,1.0804261688308698
2036,totalVI helper-uncorrected,ADT_I-A-I-E_A0117,1.4617964602368734
2036,totalVI helper-uncorrected,ADT_IRF4_A0249,1.0593098370792133
2036,totalVI helper-uncorrected,ADT_IgD_A0571,1.1634520160611606
2036,totalVI helper-uncorrected,ADT_IgM_A0450,1.1058292312348166
2036,totalVI helper-uncorrected,ADT_Ly-6A-E(Sca-1)_A0130,1.3127592982315996
2036,totalVI helper-uncorrected,ADT_Ly-6C_A0013,1.0894226721188827
2036,totalVI helper-uncorrected,ADT_MAdCAM-1_A0232,1.1063470556061872
2036,totalVI helper-uncorrected,ADT_MERTK(Mer)_A0565,1.1311221991998912
2036,totalVI helper-uncorrected,ADT_NK-1.1_A0118,1.2544912275734263
2036,totalVI helper-uncorrected,ADT_Notch1_A0442,1.1659393416663797
2036,totalVI helper-uncorrected,ADT_PanendothelialCellAntigen_A0381,1.091659283270569
2036,totalVI helper-uncorrected,ADT_SiglecH_A0119,1.0824965024803435
2036,totalVI helper-uncorrected,ADT_TCRVb5.1_5.2_A0354,1.6467933145273101
2036,totalVI helper-uncorrected,ADT_TCRVb8.1_8.2_A0235,1.1186874150582526
2036,totalVI helper-uncorrected,ADT_TCRVr1.1-Cr4_A0209,0.6113187806647642
2036,totalVI helper-uncorrected,ADT_TCRVr2_A0211,1.0999090526059305
2036,totalVI helper-uncorrected,ADT_TCRVr3_A0210,1.0504656433073467
2036,totalVI helper-uncorrected,ADT_TCRbchain_A0120,1.247689753441988
2036,totalVI helper-uncorrected,ADT_TCRr-d_A0121,1.1226914732598654
2036,totalVI helper-uncorrected,ADT_TER-119-ErythroidCells_A0122,0.8175018300876461
2036,totalVI helper-uncorrected,ADT_Tim-4_A0567,1.0805239463918566
2036,totalVI helper-uncorrected,ADT_XCR1_A0568,1.0680500686937557
2036,totalVI helper-uncorrected,ADT_anti-P2RY12_A0415,1.0963011351355885
2036,totalVI helper-uncorrected,ADT_integrinb7_A0214,0.8627555355034415
2036,totalVI likelihood-consistent,ADT_CD102_A0104,0.5049744926939894
2036,totalVI likelihood-consistent,ADT_CD103_A0201,0.5162075097965111
2036,totalVI likelihood-consistent,ADT_CD106_A0226,0.58256635336478
2036,totalVI likelihood-consistent,ADT_CD115(CSF-1R)_A0105,0.5910736389063281
2036,totalVI likelihood-consistent,ADT_CD117(c-Kit)_A0012,0.5660350747089863
2036,totalVI likelihood-consistent,ADT_CD11a_A0595,0.5977048311834388
2036,totalVI likelihood-consistent,ADT_CD11c_A0106,0.6120409276381682
2036,totalVI likelihood-consistent,ADT_CD122(IL-2Rb)_A0227,0.5452462075550006
2036,totalVI likelihood-consistent,ADT_CD127(IL-7Ra)_A0198,0.5387265653757229
2036,totalVI likelihood-consistent,ADT_CD134(OX-40)_A0195,0.4208906053899502
2036,totalVI likelihood-consistent,ADT_CD135_A0098,0.5042745723315878
2036,totalVI likelihood-consistent,ADT_CD137_A0194,0.45410170198730415
2036,totalVI likelihood-consistent,ADT_CD14_A0424,0.5839756231944843
2036,totalVI likelihood-consistent,ADT_CD140a_A0573,0.3815621444432611
2036,totalVI likelihood-consistent,ADT_CD15(SSEA-1)_A0076,0.5670176392456058
2036,totalVI likelihood-consistent,ADT_CD150(SLAM)_A0203,0.624687394403295
2036,totalVI likelihood-consistent,ADT_CD16-32_A0109,0.5563648020367267
2036,totalVI likelihood-consistent,ADT_CD169(Siglec-1)_A0440,0.46422655623816184
2036,totalVI likelihood-consistent,ADT_CD172a(SIRPa)_A0422,0.5175471375613625
2036,totalVI likelihood-consistent,ADT_CD183(CXCR3)_A0228,0.6044024130749681
2036,totalVI likelihood-consistent,ADT_CD184(CXCR4)_A0444,0.47570540819974766
2036,totalVI likelihood-consistent,ADT_CD19_A0093,0.6031820197611116
2036,totalVI likelihood-consistent,ADT_CD192(CCR2)_A0426,0.4545402587407372
2036,totalVI likelihood-consistent,ADT_CD195(CCR5)_A0376,0.5564802119793049
2036,totalVI likelihood-consistent,ADT_CD196(CCR6)_A0225,0.5594110472326153
2036,totalVI likelihood-consistent,ADT_CD197(CCR7)_A0377,0.49728597215817344
2036,totalVI likelihood-consistent,ADT_CD20_A0192,0.4515699290136495
2036,totalVI likelihood-consistent,ADT_CD200(OX2)_A0079,0.5672577976515368
2036,totalVI likelihood-consistent,ADT_CD201(EPCR)_A0439,0.5141021646408069
2036,totalVI likelihood-consistent,ADT_CD204(Msr1)_A0448,0.42060796798751043
2036,totalVI likelihood-consistent,ADT_CD206(MMR)_A0173,0.5611445683309655
2036,totalVI likelihood-consistent,ADT_CD21-CD35(CR2-CR1)_A0107,0.7055119332473108
2036,totalVI likelihood-consistent,ADT_CD223(LAG-3)_A0378,0.39086364961192405
2036,totalVI likelihood-consistent,ADT_CD23_A0108,0.6798405085321207
2036,totalVI likelihood-consistent,ADT_CD24_A0212,0.5829737457272637
2036,totalVI likelihood-consistent,ADT_CD25_A0097,0.5316853340689991
2036,totalVI likelihood-consistent,ADT_CD274(B7-H1_PD-L1)_A0190,0.5018981316198593
2036,totalVI likelihood-consistent,ADT_CD278(ICOS)_A0171,0.48086647982793695
2036,totalVI likelihood-consistent,ADT_CD279(PD-1)_A0004,0.44218751481217855
2036,totalVI likelihood-consistent,ADT_CD28_A0204,0.4927449904147957
2036,totalVI likelihood-consistent,ADT_CD29_A0570,0.6082175194473101
2036,totalVI likelihood-consistent,ADT_CD300LG(Nepmucin)_A0416,0.39780532802447954
2036,totalVI likelihood-consistent,ADT_CD301a(MGL1)_A0551,0.6235210429375402
2036,totalVI likelihood-consistent,ADT_CD301b(MGL2)_A0566,0.4811981972376752
2036,totalVI likelihood-consistent,ADT_CD304(Neuropilin-1)_A0552,0.6224893261073342
2036,totalVI likelihood-consistent,ADT_CD326(Ep-CAM)_A0449,0.6247418681505771
2036,totalVI likelihood-consistent,ADT_CD335(NKp46)_A0184,0.42163210052765154
2036,totalVI likelihood-consistent,ADT_CD357(GITR)_A0193,0.582293349109182
2036,totalVI likelihood-consistent,ADT_CD36_A0555,0.5780944414853885
2036,totalVI likelihood-consistent,ADT_CD366(Tim-3)_A0003,0.5244218694150358
2036,totalVI likelihood-consistent,ADT_CD370(CLEC9A_DNGR1)_A0556,0.562848489399872
2036,totalVI likelihood-consistent,ADT_CD38_A0557,0.7260533312284414
2036,totalVI likelihood-consistent,ADT_CD4_A0001,0.8633838889639546
2036,totalVI likelihood-consistent,ADT_CD41_A0443,0.7004171063159826
2036,totalVI likelihood-consistent,ADT_CD43_A0110,0.5533726902668351
2036,totalVI likelihood-consistent,ADT_CD45_A0096,0.4645092426659274
2036,totalVI likelihood-consistent,ADT_CD45.1_A0178,0.5794595295212732
2036,totalVI likelihood-consistent,ADT_CD45.2_A0157,0.3950185453524122
2036,totalVI likelihood-consistent,ADT_CD45R-B220_A0103,0.5084239978380661
2036,totalVI likelihood-consistent,ADT_CD48_A0429,0.4619275721543762
2036,totalVI likelihood-consistent,ADT_CD49d_A0078,0.5501123657456608
2036,totalVI likelihood-consistent,ADT_CD5_A0111,0.6443296781500157
2036,totalVI likelihood-consistent,ADT_CD54_A0074,0.6732256394580222
2036,totalVI likelihood-consistent,ADT_CD55(DAF)_A0558,0.6630683971683673
2036,totalVI likelihood-consistent,ADT_CD62L_A0112,0.8488150691124714
2036,totalVI likelihood-consistent,ADT_CD62P(P-selectin)_A0229,0.4833726130813737
2036,totalVI likelihood-consistent,ADT_CD63_A0559,0.48382540663563356
2036,totalVI likelihood-consistent,ADT_CD64(FcrRI)_A0202,0.5308476887854704
2036,totalVI likelihood-consistent,ADT_CD68_A0560,0.45988577927070673
2036,totalVI likelihood-consistent,ADT_CD69_A0197,0.524228585654407
2036,totalVI likelihood-consistent,ADT_CD71_A0441,0.5664097075927212
2036,totalVI likelihood-consistent,ADT_CD73_A0077,0.6998283675701855
2036,totalVI likelihood-consistent,ADT_CD79b(Igb)_A0561,0.5478995517567886
2036,totalVI likelihood-consistent,ADT_CD83_A0562,0.3650160811054465
2036,totalVI likelihood-consistent,ADT_CD86_A0200,0.7574346648081547
2036,totalVI likelihood-consistent,ADT_CD8a_A0002,0.7315967096895839
2036,totalVI likelihood-consistent,ADT_CD8b(Ly-3)_A0230,0.8864088298832106
2036,totalVI likelihood-consistent,ADT_CD90.1(Thy-1.1)_A0380,0.38639258974913626
2036,totalVI likelihood-consistent,ADT_CD90.2_A0075,0.7545404338843003
2036,totalVI likelihood-consistent,ADT_CD93(AA4.1_earlyBlineage)_A0113,0.5987702028839816
2036,totalVI likelihood-consistent,ADT_CX3CR1_A0563,0.5018486891818943
2036,totalVI likelihood-consistent,ADT_ESAM_A0596,0.5387018703898095
2036,totalVI likelihood-consistent,ADT_F4-80_A0114,0.6148574478292211
2036,totalVI likelihood-consistent,ADT_FceRIa_A0115,0.5689661825283475
2036,totalVI likelihood-consistent,ADT_FolateReceptorb(FR-b)_A0564,0.5719485768436806
2036,totalVI likelihood-consistent,ADT_H-2KbboundtoSIINFEKL_A0231,0.5414501607108723
2036,totalVI likelihood-consistent,ADT_I-A-I-E_A0117,0.8814306747328529
2036,totalVI likelihood-consistent,ADT_IRF4_A0249,0.5160111530840792
2036,totalVI likelihood-consistent,ADT_IgD_A0571,0.718461864803164
2036,totalVI likelihood-consistent,ADT_IgM_A0450,0.5387631425854428
2036,totalVI likelihood-consistent,ADT_Ly-6A-E(Sca-1)_A0130,0.8706260014464651
2036,totalVI likelihood-consistent,ADT_Ly-6C_A0013,0.5380975842909085
2036,totalVI likelihood-consistent,ADT_MAdCAM-1_A0232,0.531319713127553
2036,totalVI likelihood-consistent,ADT_MERTK(Mer)_A0565,0.5472230336344805
2036,totalVI likelihood-consistent,ADT_NK-1.1_A0118,0.6328088772536712
2036,totalVI likelihood-consistent,ADT_Notch1_A0442,0.5204276290994699
2036,totalVI likelihood-consistent,ADT_PanendothelialCellAntigen_A0381,0.576547380975688
2036,totalVI likelihood-consistent,ADT_SiglecH_A0119,0.54254180801531
2036,totalVI likelihood-consistent,ADT_TCRVb5.1_5.2_A0354,0.9521682135924303
2036,totalVI likelihood-consistent,ADT_TCRVb8.1_8.2_A0235,0.6225396992111477
2036,totalVI likelihood-consistent,ADT_TCRVr1.1-Cr4_A0209,0.40096219760247553
2036,totalVI likelihood-consistent,ADT_TCRVr2_A0211,0.5705978972692239
2036,totalVI likelihood-consistent,ADT_TCRVr3_A0210,0.4259060311147709
2036,totalVI likelihood-consistent,ADT_TCRbchain_A0120,0.6462304458904449
2036,totalVI likelihood-consistent,ADT_TCRr-d_A0121,0.5658628065258761
2036,totalVI likelihood-consistent,ADT_TER-119-ErythroidCells_A0122,0.4881581393199185
2036,totalVI likelihood-consistent,ADT_Tim-4_A0567,0.5511218142971401
2036,totalVI likelihood-consistent,ADT_XCR1_A0568,0.5467081346537063
2036,totalVI likelihood-consistent,ADT_anti-P2RY12_A0415,0.5445309445849302
2036,totalVI likelihood-consistent,ADT_integrinb7_A0214,0.5545685292302306
2036,totalVI-X affine,ADT_CD102_A0104,0.6440400167296659
2036,totalVI-X affine,ADT_CD103_A0201,0.5288220846448911
2036,totalVI-X affine,ADT_CD106_A0226,0.6320358890375866
2036,totalVI-X affine,ADT_CD115(CSF-1R)_A0105,0.59317220133631
2036,totalVI-X affine,ADT_CD117(c-Kit)_A0012,0.5659137588592097
2036,totalVI-X affine,ADT_CD11a_A0595,0.7334080411223978
2036,totalVI-X affine,ADT_CD11c_A0106,0.6034508878281359
2036,totalVI-X affine,ADT_CD122(IL-2Rb)_A0227,0.5410461332258505
2036,totalVI-X affine,ADT_CD127(IL-7Ra)_A0198,0.5579922095107746
2036,totalVI-X affine,ADT_CD134(OX-40)_A0195,0.395229441220571
2036,totalVI-X affine,ADT_CD135_A0098,0.49018726414385894
2036,totalVI-X affine,ADT_CD137_A0194,0.43884239042865264
2036,totalVI-X affine,ADT_CD14_A0424,0.5716273793229691
2036,totalVI-X affine,ADT_CD140a_A0573,0.37666992411410233
2036,totalVI-X affine,ADT_CD15(SSEA-1)_A0076,0.5301483439075512
2036,totalVI-X affine,ADT_CD150(SLAM)_A0203,0.7199232006369245
2036,totalVI-X affine,ADT_CD16-32_A0109,0.5354747116015814
2036,totalVI-X affine,ADT_CD169(Siglec-1)_A0440,0.45998913886349246
2036,totalVI-X affine,ADT_CD172a(SIRPa)_A0422,0.5122034754888288
2036,totalVI-X affine,ADT_CD183(CXCR3)_A0228,0.5808402628888435
2036,totalVI-X affine,ADT_CD184(CXCR4)_A0444,0.4876821986156895
2036,totalVI-X affine,ADT_CD19_A0093,0.6932003826827061
2036,totalVI-X affine,ADT_CD192(CCR2)_A0426,0.47789225218461734
2036,totalVI-X affine,ADT_CD195(CCR5)_A0376,0.5274759029544673
2036,totalVI-X affine,ADT_CD196(CCR6)_A0225,0.5584237360708347
2036,totalVI-X affine,ADT_CD197(CCR7)_A0377,0.48901816865854536
2036,totalVI-X affine,ADT_CD20_A0192,0.4844250242080438
2036,totalVI-X affine,ADT_CD200(OX2)_A0079,0.5938816684035582
2036,totalVI-X affine,ADT_CD201(EPCR)_A0439,0.5095503491916342
2036,totalVI-X affine,ADT_CD204(Msr1)_A0448,0.4089597563563289
2036,totalVI-X affine,ADT_CD206(MMR)_A0173,0.5274571821811584
2036,totalVI-X affine,ADT_CD21-CD35(CR2-CR1)_A0107,0.7248181967116967
2036,totalVI-X affine,ADT_CD223(LAG-3)_A0378,0.3854772139201931
2036,totalVI-X affine,ADT_CD23_A0108,0.7074090154494937
2036,totalVI-X affine,ADT_CD24_A0212,0.6147370533992585
2036,totalVI-X affine,ADT_CD25_A0097,0.5153938265220754
2036,totalVI-X affine,ADT_CD274(B7-H1_PD-L1)_A0190,0.5995067356208909
2036,totalVI-X affine,ADT_CD278(ICOS)_A0171,0.5205015635239849
2036,totalVI-X affine,ADT_CD279(PD-1)_A0004,0.4281423179621656
2036,totalVI-X affine,ADT_CD28_A0204,0.4891122123716662
2036,totalVI-X affine,ADT_CD29_A0570,0.7209417081092555
2036,totalVI-X affine,ADT_CD300LG(Nepmucin)_A0416,0.38882303302367494
2036,totalVI-X affine,ADT_CD301a(MGL1)_A0551,0.5810020487479207
2036,totalVI-X affine,ADT_CD301b(MGL2)_A0566,0.47314328866080463
2036,totalVI-X affine,ADT_CD304(Neuropilin-1)_A0552,0.5822227464797929
2036,totalVI-X affine,ADT_CD326(Ep-CAM)_A0449,0.6115768564817554
2036,totalVI-X affine,ADT_CD335(NKp46)_A0184,0.39985932122323165
2036,totalVI-X affine,ADT_CD357(GITR)_A0193,0.6236869741628153
2036,totalVI-X affine,ADT_CD36_A0555,0.5723785227208674
2036,totalVI-X affine,ADT_CD366(Tim-3)_A0003,0.4942124789856965
2036,totalVI-X affine,ADT_CD370(CLEC9A_DNGR1)_A0556,0.5468632665411444
2036,totalVI-X affine,ADT_CD38_A0557,0.7890228847145815
2036,totalVI-X affine,ADT_CD4_A0001,0.8695963874899196
2036,totalVI-X affine,ADT_CD41_A0443,0.6258697841782369
2036,totalVI-X affine,ADT_CD43_A0110,0.6353452089590645
2036,totalVI-X affine,ADT_CD45_A0096,0.45178812872587126
2036,totalVI-X affine,ADT_CD45.1_A0178,0.5458454873250792
2036,totalVI-X affine,ADT_CD45.2_A0157,0.38056205414857935
2036,totalVI-X affine,ADT_CD45R-B220_A0103,0.5558881046376655
2036,totalVI-X affine,ADT_CD48_A0429,0.5881264412788476
2036,totalVI-X affine,ADT_CD49d_A0078,0.6642267137819527
2036,totalVI-X affine,ADT_CD5_A0111,0.7171751579966213
2036,totalVI-X affine,ADT_CD54_A0074,0.8833825153183604
2036,totalVI-X affine,ADT_CD55(DAF)_A0558,0.7205320539108994
2036,totalVI-X affine,ADT_CD62L_A0112,0.9991899633903947
2036,totalVI-X affine,ADT_CD62P(P-selectin)_A0229,0.4569785826306039
2036,totalVI-X affine,ADT_CD63_A0559,0.47654206536190824
2036,totalVI-X affine,ADT_CD64(FcrRI)_A0202,0.5165238229095467
2036,totalVI-X affine,ADT_CD68_A0560,0.4455540733017039
2036,totalVI-X affine,ADT_CD69_A0197,0.5503177419875648
2036,totalVI-X affine,ADT_CD71_A0441,0.5976730016797565
2036,totalVI-X affine,ADT_CD73_A0077,0.7219542124730218
2036,totalVI-X affine,ADT_CD79b(Igb)_A0561,0.5840145900900223
2036,totalVI-X affine,ADT_CD83_A0562,0.36088573823522935
2036,totalVI-X affine,ADT_CD86_A0200,0.8376183004005061
2036,totalVI-X affine,ADT_CD8a_A0002,0.708741707402087
2036,totalVI-X affine,ADT_CD8b(Ly-3)_A0230,0.8605224493527192
2036,totalVI-X affine,ADT_CD90.1(Thy-1.1)_A0380,0.37537608342360973
2036,totalVI-X affine,ADT_CD90.2_A0075,0.7938756631176503
2036,totalVI-X affine,ADT_CD93(AA4.1_earlyBlineage)_A0113,0.5697914238583532
2036,totalVI-X affine,ADT_CX3CR1_A0563,0.4911710243745274
2036,totalVI-X affine,ADT_ESAM_A0596,0.529086077049356
2036,totalVI-X affine,ADT_F4-80_A0114,0.6061659026124536
2036,totalVI-X affine,ADT_FceRIa_A0115,0.5423765512010666
2036,totalVI-X affine,ADT_FolateReceptorb(FR-b)_A0564,0.5685414108648625
2036,totalVI-X affine,ADT_H-2KbboundtoSIINFEKL_A0231,0.528632532742189
2036,totalVI-X affine,ADT_I-A-I-E_A0117,0.8899894745628112
2036,totalVI-X affine,ADT_IRF4_A0249,0.512927206077345
2036,totalVI-X affine,ADT_IgD_A0571,0.7841779930461843
2036,totalVI-X affine,ADT_IgM_A0450,0.5169584849783913
2036,totalVI-X affine,ADT_Ly-6A-E(Sca-1)_A0130,0.989272502497348
2036,totalVI-X affine,ADT_Ly-6C_A0013,0.558386829950526
2036,totalVI-X affine,ADT_MAdCAM-1_A0232,0.5167171371167399
2036,totalVI-X affine,ADT_MERTK(Mer)_A0565,0.5256924761971001
2036,totalVI-X affine,ADT_NK-1.1_A0118,0.5730558688287899
2036,totalVI-X affine,ADT_Notch1_A0442,0.4922687337325766
2036,totalVI-X affine,ADT_PanendothelialCellAntigen_A0381,0.5642495897745178
2036,totalVI-X affine,ADT_SiglecH_A0119,0.5260353333107147
2036,totalVI-X affine,ADT_TCRVb5.1_5.2_A0354,0.7436149835049533
2036,totalVI-X affine,ADT_TCRVb8.1_8.2_A0235,0.5940231705460365
2036,totalVI-X affine,ADT_TCRVr1.1-Cr4_A0209,0.39423644417081544
2036,totalVI-X affine,ADT_TCRVr2_A0211,0.5491932367815672
2036,totalVI-X affine,ADT_TCRVr3_A0210,0.42514742291122215
2036,totalVI-X affine,ADT_TCRbchain_A0120,0.61922095990166
2036,totalVI-X affine,ADT_TCRr-d_A0121,0.5475315446692774
2036,totalVI-X affine,ADT_TER-119-ErythroidCells_A0122,0.4696429013757246
2036,totalVI-X affine,ADT_Tim-4_A0567,0.5519047840640808
2036,totalVI-X affine,ADT_XCR1_A0568,0.5356510729711443
2036,totalVI-X affine,ADT_anti-P2RY12_A0415,0.5371007193058729
2036,totalVI-X affine,ADT_integrinb7_A0214,0.6803247822733555
2036,totalVI likelihood-consistent + D1 head,ADT_CD102_A0104,0.6447395461104096
2036,totalVI likelihood-consistent + D1 head,ADT_CD103_A0201,0.5291260338014143
2036,totalVI likelihood-consistent + D1 head,ADT_CD106_A0226,0.6316787737837188
2036,totalVI likelihood-consistent + D1 head,ADT_CD115(CSF-1R)_A0105,0.5931604404920137
2036,totalVI likelihood-consistent + D1 head,ADT_CD117(c-Kit)_A0012,0.5661656082523423
2036,totalVI likelihood-consistent + D1 head,ADT_CD11a_A0595,0.7337186296449115
2036,totalVI likelihood-consistent + D1 head,ADT_CD11c_A0106,0.6023623556519475
2036,totalVI likelihood-consistent + D1 head,ADT_CD122(IL-2Rb)_A0227,0.5408957752497233
2036,totalVI likelihood-consistent + D1 head,ADT_CD127(IL-7Ra)_A0198,0.5588253856734497
2036,totalVI likelihood-consistent + D1 head,ADT_CD134(OX-40)_A0195,0.39519212129375586
2036,totalVI likelihood-consistent + D1 head,ADT_CD135_A0098,0.4901598304740134
2036,totalVI likelihood-consistent + D1 head,ADT_CD137_A0194,0.4388033461161209
2036,totalVI likelihood-consistent + D1 head,ADT_CD14_A0424,0.571306127162016
2036,totalVI likelihood-consistent + D1 head,ADT_CD140a_A0573,0.3766037391455871
2036,totalVI likelihood-consistent + D1 head,ADT_CD15(SSEA-1)_A0076,0.5301054512176109
2036,totalVI likelihood-consistent + D1 head,ADT_CD150(SLAM)_A0203,0.7209054236459435
2036,totalVI likelihood-consistent + D1 head,ADT_CD16-32_A0109,0.5354591755934297
2036,totalVI likelihood-consistent + D1 head,ADT_CD169(Siglec-1)_A0440,0.459963194381119
2036,totalVI likelihood-consistent + D1 head,ADT_CD172a(SIRPa)_A0422,0.512362859520719
2036,totalVI likelihood-consistent + D1 head,ADT_CD183(CXCR3)_A0228,0.5795400017603463
2036,totalVI likelihood-consistent + D1 head,ADT_CD184(CXCR4)_A0444,0.48778602818036265
2036,totalVI likelihood-consistent + D1 head,ADT_CD19_A0093,0.6957740001214816
2036,totalVI likelihood-consistent + D1 head,ADT_CD192(CCR2)_A0426,0.47789801935643145
2036,totalVI likelihood-consistent + D1 head,ADT_CD195(CCR5)_A0376,0.527273601101556
2036,totalVI likelihood-consistent + D1 head,ADT_CD196(CCR6)_A0225,0.5582109245636793
2036,totalVI likelihood-consistent + D1 head,ADT_CD197(CCR7)_A0377,0.4889866396023815
2036,totalVI likelihood-consistent + D1 head,ADT_CD20_A0192,0.48496503838953087
2036,totalVI likelihood-consistent + D1 head,ADT_CD200(OX2)_A0079,0.5951278361710163
2036,totalVI likelihood-consistent + D1 head,ADT_CD201(EPCR)_A0439,0.5095087635663657
2036,totalVI likelihood-consistent + D1 head,ADT_CD204(Msr1)_A0448,0.4089572400551865
2036,totalVI likelihood-consistent + D1 head,ADT_CD206(MMR)_A0173,0.5274690708587791
2036,totalVI likelihood-consistent + D1 head,ADT_CD21-CD35(CR2-CR1)_A0107,0.7248381305965005
2036,totalVI likelihood-consistent + D1 head,ADT_CD223(LAG-3)_A0378,0.38543969208660306
2036,totalVI likelihood-consistent + D1 head,ADT_CD23_A0108,0.7065188826862605
2036,totalVI likelihood-consistent + D1 head,ADT_CD24_A0212,0.6143635391327067
2036,totalVI likelihood-consistent + D1 head,ADT_CD25_A0097,0.5141157090724563
2036,totalVI likelihood-consistent + D1 head,ADT_CD274(B7-H1_PD-L1)_A0190,0.5987312632782288
2036,totalVI likelihood-consistent + D1 head,ADT_CD278(ICOS)_A0171,0.520814809120342
2036,totalVI likelihood-consistent + D1 head,ADT_CD279(PD-1)_A0004,0.42822715893497854
2036,totalVI likelihood-consistent + D1 head,ADT_CD28_A0204,0.4893651515187355
2036,totalVI likelihood-consistent + D1 head,ADT_CD29_A0570,0.7196116658432429
2036,totalVI likelihood-consistent + D1 head,ADT_CD300LG(Nepmucin)_A0416,0.38879827188233657
2036,totalVI likelihood-consistent + D1 head,ADT_CD301a(MGL1)_A0551,0.5807004501123485
2036,totalVI likelihood-consistent + D1 head,ADT_CD301b(MGL2)_A0566,0.47320388502825383
2036,totalVI likelihood-consistent + D1 head,ADT_CD304(Neuropilin-1)_A0552,0.5817953425732061
2036,totalVI likelihood-consistent + D1 head,ADT_CD326(Ep-CAM)_A0449,0.6114347799100831
2036,totalVI likelihood-consistent + D1 head,ADT_CD335(NKp46)_A0184,0.3998083158159261
2036,totalVI likelihood-consistent + D1 head,ADT_CD357(GITR)_A0193,0.6249975239386615
2036,totalVI likelihood-consistent + D1 head,ADT_CD36_A0555,0.572294758935462
2036,totalVI likelihood-consistent + D1 head,ADT_CD366(Tim-3)_A0003,0.4939575647278376
2036,totalVI likelihood-consistent + D1 head,ADT_CD370(CLEC9A_DNGR1)_A0556,0.5466382930191652
2036,totalVI likelihood-consistent + D1 head,ADT_CD38_A0557,0.7894873362005513
2036,totalVI likelihood-consistent + D1 head,ADT_CD4_A0001,0.8635233964825145
2036,totalVI likelihood-consistent + D1 head,ADT_CD41_A0443,0.6261041167511646
2036,totalVI likelihood-consistent + D1 head,ADT_CD43_A0110,0.6356396429878165
2036,totalVI likelihood-consistent + D1 head,ADT_CD45_A0096,0.45180111872559164
2036,totalVI likelihood-consistent + D1 head,ADT_CD45.1_A0178,0.5457849346944491
2036,totalVI likelihood-consistent + D1 head,ADT_CD45.2_A0157,0.3806372144345717
2036,totalVI likelihood-consistent + D1 head,ADT_CD45R-B220_A0103,0.5575811654965638
2036,totalVI likelihood-consistent + D1 head,ADT_CD48_A0429,0.5879604465811364
2036,totalVI likelihood-consistent + D1 head,ADT_CD49d_A0078,0.664228142141016
2036,totalVI likelihood-consistent + D1 head,ADT_CD5_A0111,0.7169755347163135
2036,totalVI likelihood-consistent + D1 head,ADT_CD54_A0074,0.8846615296217285
2036,totalVI likelihood-consistent + D1 head,ADT_CD55(DAF)_A0558,0.7207548501660295
2036,totalVI likelihood-consistent + D1 head,ADT_CD62L_A0112,1.0005144573275357
2036,totalVI likelihood-consistent + D1 head,ADT_CD62P(P-selectin)_A0229,0.4569759158238417
2036,totalVI likelihood-consistent + D1 head,ADT_CD63_A0559,0.4764088859382823
2036,totalVI likelihood-consistent + D1 head,ADT_CD64(FcrRI)_A0202,0.5165449889701429
2036,totalVI likelihood-consistent + D1 head,ADT_CD68_A0560,0.4458594371412529
2036,totalVI likelihood-consistent + D1 head,ADT_CD69_A0197,0.5502171989808847
2036,totalVI likelihood-consistent + D1 head,ADT_CD71_A0441,0.5987734361007649
2036,totalVI likelihood-consistent + D1 head,ADT_CD73_A0077,0.7211120145277642
2036,totalVI likelihood-consistent + D1 head,ADT_CD79b(Igb)_A0561,0.5851926194186703
2036,totalVI likelihood-consistent + D1 head,ADT_CD83_A0562,0.3608230866642997
2036,totalVI likelihood-consistent + D1 head,ADT_CD86_A0200,0.8383171429761744
2036,totalVI likelihood-consistent + D1 head,ADT_CD8a_A0002,0.7042531128325654
2036,totalVI likelihood-consistent + D1 head,ADT_CD8b(Ly-3)_A0230,0.8504270041348697
2036,totalVI likelihood-consistent + D1 head,ADT_CD90.1(Thy-1.1)_A0380,0.3755613126093682
2036,totalVI likelihood-consistent + D1 head,ADT_CD90.2_A0075,0.7929691739143233
2036,totalVI likelihood-consistent + D1 head,ADT_CD93(AA4.1_earlyBlineage)_A0113,0.5692492569420171
2036,totalVI likelihood-consistent + D1 head,ADT_CX3CR1_A0563,0.4900383360867371
2036,totalVI likelihood-consistent + D1 head,ADT_ESAM_A0596,0.5288902556522995
2036,totalVI likelihood-consistent + D1 head,ADT_F4-80_A0114,0.605614496042636
2036,totalVI likelihood-consistent + D1 head,ADT_FceRIa_A0115,0.5423174471461255
2036,totalVI likelihood-consistent + D1 head,ADT_FolateReceptorb(FR-b)_A0564,0.5682611328736283
2036,totalVI likelihood-consistent + D1 head,ADT_H-2KbboundtoSIINFEKL_A0231,0.5287022524980041
2036,totalVI likelihood-consistent + D1 head,ADT_I-A-I-E_A0117,0.8892870307700158
2036,totalVI likelihood-consistent + D1 head,ADT_IRF4_A0249,0.5129213453003615
2036,totalVI likelihood-consistent + D1 head,ADT_IgD_A0571,0.7837808904656469
2036,totalVI likelihood-consistent + D1 head,ADT_IgM_A0450,0.516990575346511
2036,totalVI likelihood-consistent + D1 head,ADT_Ly-6A-E(Sca-1)_A0130,0.9894994655081427
2036,totalVI likelihood-consistent + D1 head,ADT_Ly-6C_A0013,0.5571828912141803
2036,totalVI likelihood-consistent + D1 head,ADT_MAdCAM-1_A0232,0.5166292286719869
2036,totalVI likelihood-consistent + D1 head,ADT_MERTK(Mer)_A0565,0.5256662383089826
2036,totalVI likelihood-consistent + D1 head,ADT_NK-1.1_A0118,0.5729664602920572
2036,totalVI likelihood-consistent + D1 head,ADT_Notch1_A0442,0.49228028893318493
2036,totalVI likelihood-consistent + D1 head,ADT_PanendothelialCellAntigen_A0381,0.5644410503828778
2036,totalVI likelihood-consistent + D1 head,ADT_SiglecH_A0119,0.525685589404855
2036,totalVI likelihood-consistent + D1 head,ADT_TCRVb5.1_5.2_A0354,0.743502925014084
2036,totalVI likelihood-consistent + D1 head,ADT_TCRVb8.1_8.2_A0235,0.5940757423891053
2036,totalVI likelihood-consistent + D1 head,ADT_TCRVr1.1-Cr4_A0209,0.39404723133254993
2036,totalVI likelihood-consistent + D1 head,ADT_TCRVr2_A0211,0.5491783820927055
2036,totalVI likelihood-consistent + D1 head,ADT_TCRVr3_A0210,0.4250886838464495
2036,totalVI likelihood-consistent + D1 head,ADT_TCRbchain_A0120,0.6173538893767812
2036,totalVI likelihood-consistent + D1 head,ADT_TCRr-d_A0121,0.5472324988851404
2036,totalVI likelihood-consistent + D1 head,ADT_TER-119-ErythroidCells_A0122,0.46741088079650017
2036,totalVI likelihood-consistent + D1 head,ADT_Tim-4_A0567,0.5519405268831844
2036,totalVI likelihood-consistent + D1 head,ADT_XCR1_A0568,0.5352809170590257
2036,totalVI likelihood-consistent + D1 head,ADT_anti-P2RY12_A0415,0.5367714599427243
2036,totalVI likelihood-consistent + D1 head,ADT_integrinb7_A0214,0.6806824147733092
2037,totalVI helper-uncorrected,ADT_CD102_A0104,0.8492688016361706
2037,totalVI helper-uncorrected,ADT_CD103_A0201,1.061107515275213
2037,totalVI helper-uncorrected,ADT_CD106_A0226,0.9498468952851723
2037,totalVI helper-uncorrected,ADT_CD115(CSF-1R)_A0105,1.0422616191305372
2037,totalVI helper-uncorrected,ADT_CD117(c-Kit)_A0012,1.0850096691976399
2037,totalVI helper-uncorrected,ADT_CD11a_A0595,0.6645088145285764
2037,totalVI helper-uncorrected,ADT_CD11c_A0106,1.055082402596664
2037,totalVI helper-uncorrected,ADT_CD122(IL-2Rb)_A0227,1.0005838163752139
2037,totalVI helper-uncorrected,ADT_CD127(IL-7Ra)_A0198,0.9090148251001928
2037,totalVI helper-uncorrected,ADT_CD134(OX-40)_A0195,1.1777673161980937
2037,totalVI helper-uncorrected,ADT_CD135_A0098,1.0910705027717342
2037,totalVI helper-uncorrected,ADT_CD137_A0194,1.1222354178966456
2037,totalVI helper-uncorrected,ADT_CD14_A0424,1.093947761381518
2037,totalVI helper-uncorrected,ADT_CD140a_A0573,1.0741005223551345
2037,totalVI helper-uncorrected,ADT_CD15(SSEA-1)_A0076,1.1721211494227985
2037,totalVI helper-uncorrected,ADT_CD150(SLAM)_A0203,1.0083983201667217
2037,totalVI helper-uncorrected,ADT_CD16-32_A0109,1.076017458353657
2037,totalVI helper-uncorrected,ADT_CD169(Siglec-1)_A0440,1.1098341693969889
2037,totalVI helper-uncorrected,ADT_CD172a(SIRPa)_A0422,1.0680708444205878
2037,totalVI helper-uncorrected,ADT_CD183(CXCR3)_A0228,1.0966286929010347
2037,totalVI helper-uncorrected,ADT_CD184(CXCR4)_A0444,0.9944643218268391
2037,totalVI helper-uncorrected,ADT_CD19_A0093,0.8072172966031367
2037,totalVI helper-uncorrected,ADT_CD192(CCR2)_A0426,0.9901725842817938
2037,totalVI helper-uncorrected,ADT_CD195(CCR5)_A0376,1.1565748272788212
2037,totalVI helper-uncorrected,ADT_CD196(CCR6)_A0225,0.9900114600457839
2037,totalVI helper-uncorrected,ADT_CD197(CCR7)_A0377,1.0928027552036417
2037,totalVI helper-uncorrected,ADT_CD20_A0192,1.0227689376563829
2037,totalVI helper-uncorrected,ADT_CD200(OX2)_A0079,1.081051163200617
2037,totalVI helper-uncorrected,ADT_CD201(EPCR)_A0439,1.056400581891546
2037,totalVI helper-uncorrected,ADT_CD204(Msr1)_A0448,0.6882269982679697
2037,totalVI helper-uncorrected,ADT_CD206(MMR)_A0173,1.2186464719017929
2037,totalVI helper-uncorrected,ADT_CD21-CD35(CR2-CR1)_A0107,1.2104504411718107
2037,totalVI helper-uncorrected,ADT_CD223(LAG-3)_A0378,1.0710014436648991
2037,totalVI helper-uncorrected,ADT_CD23_A0108,1.2114360770850008
2037,totalVI helper-uncorrected,ADT_CD24_A0212,1.1417454676807572
2037,totalVI helper-uncorrected,ADT_CD25_A0097,0.8637455845495527
2037,totalVI helper-uncorrected,ADT_CD274(B7-H1_PD-L1)_A0190,0.8714044390786931
2037,totalVI helper-uncorrected,ADT_CD278(ICOS)_A0171,1.0091789722756737
2037,totalVI helper-uncorrected,ADT_CD279(PD-1)_A0004,1.1078975808856077
2037,totalVI helper-uncorrected,ADT_CD28_A0204,1.0779496327918203
2037,totalVI helper-uncorrected,ADT_CD29_A0570,0.8882307599313491
2037,totalVI helper-uncorrected,ADT_CD300LG(Nepmucin)_A0416,1.0947735497852904
2037,totalVI helper-uncorrected,ADT_CD301a(MGL1)_A0551,1.1749770462477522
2037,totalVI helper-uncorrected,ADT_CD301b(MGL2)_A0566,1.0829733124935585
2037,totalVI helper-uncorrected,ADT_CD304(Neuropilin-1)_A0552,1.1923713231008655
2037,totalVI helper-uncorrected,ADT_CD326(Ep-CAM)_A0449,1.0395813652652037
2037,totalVI helper-uncorrected,ADT_CD335(NKp46)_A0184,1.2013371631347975
2037,totalVI helper-uncorrected,ADT_CD357(GITR)_A0193,1.0223517615754736
2037,totalVI helper-uncorrected,ADT_CD36_A0555,1.062885672463902
2037,totalVI helper-uncorrected,ADT_CD366(Tim-3)_A0003,0.916853097613988
2037,totalVI helper-uncorrected,ADT_CD370(CLEC9A_DNGR1)_A0556,1.0818128318432447
2037,totalVI helper-uncorrected,ADT_CD38_A0557,0.9494247104747175
2037,totalVI helper-uncorrected,ADT_CD4_A0001,1.3915861986510398
2037,totalVI helper-uncorrected,ADT_CD41_A0443,1.383731265887056
2037,totalVI helper-uncorrected,ADT_CD43_A0110,0.944085664057679
2037,totalVI helper-uncorrected,ADT_CD45_A0096,1.1847758842454588
2037,totalVI helper-uncorrected,ADT_CD45.1_A0178,1.116545299209298
2037,totalVI helper-uncorrected,ADT_CD45.2_A0157,1.1555886075756578
2037,totalVI helper-uncorrected,ADT_CD45R-B220_A0103,1.0102902372411893
2037,totalVI helper-uncorrected,ADT_CD48_A0429,0.8152349043402379
2037,totalVI helper-uncorrected,ADT_CD49d_A0078,0.916982986375947
2037,totalVI helper-uncorrected,ADT_CD5_A0111,1.0652662643436321
2037,totalVI helper-uncorrected,ADT_CD54_A0074,0.9693838913847959
2037,totalVI helper-uncorrected,ADT_CD55(DAF)_A0558,1.0383675240711001
2037,totalVI helper-uncorrected,ADT_CD62L_A0112,1.0761987665860835
2037,totalVI helper-uncorrected,ADT_CD62P(P-selectin)_A0229,1.172194108759261
2037,totalVI helper-uncorrected,ADT_CD63_A0559,1.1028226526876461
2037,totalVI helper-uncorrected,ADT_CD64(FcrRI)_A0202,0.9152745309006353
2037,totalVI helper-uncorrected,ADT_CD68_A0560,0.7390936219529951
2037,totalVI helper-uncorrected,ADT_CD69_A0197,0.9701579205299486
2037,totalVI helper-uncorrected,ADT_CD71_A0441,1.129198536500215
2037,totalVI helper-uncorrected,ADT_CD73_A0077,1.1784708907437587
2037,totalVI helper-uncorrected,ADT_CD79b(Igb)_A0561,1.047824126432423
2037,totalVI helper-uncorrected,ADT_CD83_A0562,0.5384170051652417
2037,totalVI helper-uncorrected,ADT_CD86_A0200,1.1709230888723483
2037,totalVI helper-uncorrected,ADT_CD8a_A0002,1.3359087290579923
2037,totalVI helper-uncorrected,ADT_CD8b(Ly-3)_A0230,1.465662902402222
2037,totalVI helper-uncorrected,ADT_CD90.1(Thy-1.1)_A0380,0.6160611835543267
2037,totalVI helper-uncorrected,ADT_CD90.2_A0075,1.1913587444025004
2037,totalVI helper-uncorrected,ADT_CD93(AA4.1_earlyBlineage)_A0113,1.1417969731361486
2037,totalVI helper-uncorrected,ADT_CX3CR1_A0563,0.827081334219065
2037,totalVI helper-uncorrected,ADT_ESAM_A0596,1.0803426365853823
2037,totalVI helper-uncorrected,ADT_F4-80_A0114,1.0749139332462547
2037,totalVI helper-uncorrected,ADT_FceRIa_A0115,1.0849097738710802
2037,totalVI helper-uncorrected,ADT_FolateReceptorb(FR-b)_A0564,1.1038465454686783
2037,totalVI helper-uncorrected,ADT_H-2KbboundtoSIINFEKL_A0231,1.076252219306395
2037,totalVI helper-uncorrected,ADT_I-A-I-E_A0117,1.48023217915197
2037,totalVI helper-uncorrected,ADT_IRF4_A0249,1.0626613095620743
2037,totalVI helper-uncorrected,ADT_IgD_A0571,1.1711186257522745
2037,totalVI helper-uncorrected,ADT_IgM_A0450,1.1111332874656568
2037,totalVI helper-uncorrected,ADT_Ly-6A-E(Sca-1)_A0130,1.298537075656775
2037,totalVI helper-uncorrected,ADT_Ly-6C_A0013,1.0891034181078234
2037,totalVI helper-uncorrected,ADT_MAdCAM-1_A0232,1.102413267639167
2037,totalVI helper-uncorrected,ADT_MERTK(Mer)_A0565,1.138853326787948
2037,totalVI helper-uncorrected,ADT_NK-1.1_A0118,1.2542516384364515
2037,totalVI helper-uncorrected,ADT_Notch1_A0442,1.1635822027046634
2037,totalVI helper-uncorrected,ADT_PanendothelialCellAntigen_A0381,1.090259606113705
2037,totalVI helper-uncorrected,ADT_SiglecH_A0119,1.0914847005354213
2037,totalVI helper-uncorrected,ADT_TCRVb5.1_5.2_A0354,1.643766736741079
2037,totalVI helper-uncorrected,ADT_TCRVb8.1_8.2_A0235,1.1204257161173545
2037,totalVI helper-uncorrected,ADT_TCRVr1.1-Cr4_A0209,0.6103364768138694
2037,totalVI helper-uncorrected,ADT_TCRVr2_A0211,1.1006289315060098
2037,totalVI helper-uncorrected,ADT_TCRVr3_A0210,1.0465746666537656
2037,totalVI helper-uncorrected,ADT_TCRbchain_A0120,1.2303820798345326
2037,totalVI helper-uncorrected,ADT_TCRr-d_A0121,1.1227457951316542
2037,totalVI helper-uncorrected,ADT_TER-119-ErythroidCells_A0122,0.8177410573019569
2037,totalVI helper-uncorrected,ADT_Tim-4_A0567,1.0868399535527093
2037,totalVI helper-uncorrected,ADT_XCR1_A0568,1.0632072890524946
2037,totalVI helper-uncorrected,ADT_anti-P2RY12_A0415,1.0956041969660189
2037,totalVI helper-uncorrected,ADT_integrinb7_A0214,0.8604747627854202
2037,totalVI likelihood-consistent,ADT_CD102_A0104,0.510830082338851
2037,totalVI likelihood-consistent,ADT_CD103_A0201,0.5152134086409149
2037,totalVI likelihood-consistent,ADT_CD106_A0226,0.5830253395552722
2037,totalVI likelihood-consistent,ADT_CD115(CSF-1R)_A0105,0.5946862823668617
2037,totalVI likelihood-consistent,ADT_CD117(c-Kit)_A0012,0.5641539351566262
2037,totalVI likelihood-consistent,ADT_CD11a_A0595,0.5955676430286687
2037,totalVI likelihood-consistent,ADT_CD11c_A0106,0.6136410643819739
2037,totalVI likelihood-consistent,ADT_CD122(IL-2Rb)_A0227,0.5460856738910571
2037,totalVI likelihood-consistent,ADT_CD127(IL-7Ra)_A0198,0.540048530650884
2037,totalVI likelihood-consistent,ADT_CD134(OX-40)_A0195,0.4202482701321912
2037,totalVI likelihood-consistent,ADT_CD135_A0098,0.5039920487563123
2037,totalVI likelihood-consistent,ADT_CD137_A0194,0.4522316142129146
2037,totalVI likelihood-consistent,ADT_CD14_A0424,0.5819979238833242
2037,totalVI likelihood-consistent,ADT_CD140a_A0573,0.379918844694551
2037,totalVI likelihood-consistent,ADT_CD15(SSEA-1)_A0076,0.5652530777756294
2037,totalVI likelihood-consistent,ADT_CD150(SLAM)_A0203,0.6350272592382641
2037,totalVI likelihood-consistent,ADT_CD16-32_A0109,0.5541943651645306
2037,totalVI likelihood-consistent,ADT_CD169(Siglec-1)_A0440,0.4628724012709846
2037,totalVI likelihood-consistent,ADT_CD172a(SIRPa)_A0422,0.5159329660196637
2037,totalVI likelihood-consistent,ADT_CD183(CXCR3)_A0228,0.6091417620028741
2037,totalVI likelihood-consistent,ADT_CD184(CXCR4)_A0444,0.47471933226672947
2037,totalVI likelihood-consistent,ADT_CD19_A0093,0.5976870701856732
2037,totalVI likelihood-consistent,ADT_CD192(CCR2)_A0426,0.4516405150499987
2037,totalVI likelihood-consistent,ADT_CD195(CCR5)_A0376,0.5558983236298155
2037,totalVI likelihood-consistent,ADT_CD196(CCR6)_A0225,0.5587879991098886
2037,totalVI likelihood-consistent,ADT_CD197(CCR7)_A0377,0.4957297369659965
2037,totalVI likelihood-consistent,ADT_CD20_A0192,0.44636806301467474
2037,totalVI likelihood-consistent,ADT_CD200(OX2)_A0079,0.5740648208174178
2037,totalVI likelihood-consistent,ADT_CD201(EPCR)_A0439,0.5152003618317142
2037,totalVI likelihood-consistent,ADT_CD204(Msr1)_A0448,0.4201368890315947
2037,totalVI likelihood-consistent,ADT_CD206(MMR)_A0173,0.5575999677612746
2037,totalVI likelihood-consistent,ADT_CD21-CD35(CR2-CR1)_A0107,0.7116791540109617
2037,totalVI likelihood-consistent,ADT_CD223(LAG-3)_A0378,0.39233188327517915
2037,totalVI likelihood-consistent,ADT_CD23_A0108,0.6879739781080327
2037,totalVI likelihood-consistent,ADT_CD24_A0212,0.5879864282301472
2037,totalVI likelihood-consistent,ADT_CD25_A0097,0.5318578000558531
2037,totalVI likelihood-consistent,ADT_CD274(B7-H1_PD-L1)_A0190,0.4938226825649377
2037,totalVI likelihood-consistent,ADT_CD278(ICOS)_A0171,0.4722244994775163
2037,totalVI likelihood-consistent,ADT_CD279(PD-1)_A0004,0.4425989975013131
2037,totalVI likelihood-consistent,ADT_CD28_A0204,0.4914316912687466
2037,totalVI likelihood-consistent,ADT_CD29_A0570,0.6095328920348861
2037,totalVI likelihood-consistent,ADT_CD300LG(Nepmucin)_A0416,0.39655332856756687
2037,totalVI likelihood-consistent,ADT_CD301a(MGL1)_A0551,0.6256837717041834
2037,totalVI likelihood-consistent,ADT_CD301b(MGL2)_A0566,0.4825401756994498
2037,totalVI likelihood-consistent,ADT_CD304(Neuropilin-1)_A0552,0.6240175290882234
2037,totalVI likelihood-consistent,ADT_CD326(Ep-CAM)_A0449,0.6226243259653471
2037,totalVI likelihood-consistent,ADT_CD335(NKp46)_A0184,0.4193570303150007
2037,totalVI likelihood-consistent,ADT_CD357(GITR)_A0193,0.5820583856551156
2037,totalVI likelihood-consistent,ADT_CD36_A0555,0.5768862872831446
2037,totalVI likelihood-consistent,ADT_CD366(Tim-3)_A0003,0.5242614643320902
2037,totalVI likelihood-consistent,ADT_CD370(CLEC9A_DNGR1)_A0556,0.5639099204305709
2037,totalVI likelihood-consistent,ADT_CD38_A0557,0.7313627491475987
2037,totalVI likelihood-consistent,ADT_CD4_A0001,0.9005900833631894
2037,totalVI likelihood-consistent,ADT_CD41_A0443,0.7155132154136474
2037,totalVI likelihood-consistent,ADT_CD43_A0110,0.5637981365911644
2037,totalVI likelihood-consistent,ADT_CD45_A0096,0.46641269492171533
2037,totalVI likelihood-consistent,ADT_CD45.1_A0178,0.5818149883604622
2037,totalVI likelihood-consistent,ADT_CD45.2_A0157,0.39897576850290506
2037,totalVI likelihood-consistent,ADT_CD45R-B220_A0103,0.5088793885339624
2037,totalVI likelihood-consistent,ADT_CD48_A0429,0.45208090854211047
2037,totalVI likelihood-consistent,ADT_CD49d_A0078,0.5447260355166202
2037,totalVI likelihood-consistent,ADT_CD5_A0111,0.6451811632887288
2037,totalVI likelihood-consistent,ADT_CD54_A0074,0.662151951813541
2037,totalVI likelihood-consistent,ADT_CD55(DAF)_A0558,0.6729068191185171
2037,totalVI likelihood-consistent,ADT_CD62L_A0112,0.8640211375271823
2037,totalVI likelihood-consistent,ADT_CD62P(P-selectin)_A0229,0.4787428914244706
2037,totalVI likelihood-consistent,ADT_CD63_A0559,0.48159586349698047
2037,totalVI likelihood-consistent,ADT_CD64(FcrRI)_A0202,0.5270664012543065
2037,totalVI likelihood-consistent,ADT_CD68_A0560,0.46148737145584057
2037,totalVI likelihood-consistent,ADT_CD69_A0197,0.5237295227551111
2037,totalVI likelihood-consistent,ADT_CD71_A0441,0.5619589741732651
2037,totalVI likelihood-consistent,ADT_CD73_A0077,0.7038693471448358
2037,totalVI likelihood-consistent,ADT_CD79b(Igb)_A0561,0.5430991874855817
2037,totalVI likelihood-consistent,ADT_CD83_A0562,0.36483016214503017
2037,totalVI likelihood-consistent,ADT_CD86_A0200,0.7594558955763926
2037,totalVI likelihood-consistent,ADT_CD8a_A0002,0.7760515740744317
2037,totalVI likelihood-consistent,ADT_CD8b(Ly-3)_A0230,0.9447334571515779
2037,totalVI likelihood-consistent,ADT_CD90.1(Thy-1.1)_A0380,0.3848329668324918
2037,totalVI likelihood-consistent,ADT_CD90.2_A0075,0.756456110345883
2037,totalVI likelihood-consistent,ADT_CD93(AA4.1_earlyBlineage)_A0113,0.5977969295862046
2037,totalVI likelihood-consistent,ADT_CX3CR1_A0563,0.501190799105732
2037,totalVI likelihood-consistent,ADT_ESAM_A0596,0.5374472302472536
2037,totalVI likelihood-consistent,ADT_F4-80_A0114,0.613584542521812
2037,totalVI likelihood-consistent,ADT_FceRIa_A0115,0.5675130319980954
2037,totalVI likelihood-consistent,ADT_FolateReceptorb(FR-b)_A0564,0.5741133882592581
2037,totalVI likelihood-consistent,ADT_H-2KbboundtoSIINFEKL_A0231,0.5413466809871593
2037,totalVI likelihood-consistent,ADT_I-A-I-E_A0117,0.8921083145893893
2037,totalVI likelihood-consistent,ADT_IRF4_A0249,0.51620332538023
2037,totalVI likelihood-consistent,ADT_IgD_A0571,0.7300308310092168
2037,totalVI likelihood-consistent,ADT_IgM_A0450,0.5391301975848081
2037,totalVI likelihood-consistent,ADT_Ly-6A-E(Sca-1)_A0130,0.8685752962755678
2037,totalVI likelihood-consistent,ADT_Ly-6C_A0013,0.5438558085338836
2037,totalVI likelihood-consistent,ADT_MAdCAM-1_A0232,0.5293405288388763
2037,totalVI likelihood-consistent,ADT_MERTK(Mer)_A0565,0.548258348653998
2037,totalVI likelihood-consistent,ADT_NK-1.1_A0118,0.6335838639952208
2037,totalVI likelihood-consistent,ADT_Notch1_A0442,0.5192280112053821
2037,totalVI likelihood-consistent,ADT_PanendothelialCellAntigen_A0381,0.5763901540171531
2037,totalVI likelihood-consistent,ADT_SiglecH_A0119,0.5444673229724258
2037,totalVI likelihood-consistent,ADT_TCRVb5.1_5.2_A0354,0.9506750414349386
2037,totalVI likelihood-consistent,ADT_TCRVb8.1_8.2_A0235,0.622782425635617
2037,totalVI likelihood-consistent,ADT_TCRVr1.1-Cr4_A0209,0.39994321336636157
2037,totalVI likelihood-consistent,ADT_TCRVr2_A0211,0.5735280318398455
2037,totalVI likelihood-consistent,ADT_TCRVr3_A0210,0.4239820094004291
2037,totalVI likelihood-consistent,ADT_TCRbchain_A0120,0.6367064154140231
2037,totalVI likelihood-consistent,ADT_TCRr-d_A0121,0.5637378057702429
2037,totalVI likelihood-consistent,ADT_TER-119-ErythroidCells_A0122,0.4890294030852916
2037,totalVI likelihood-consistent,ADT_Tim-4_A0567,0.5552674320828711
2037,totalVI likelihood-consistent,ADT_XCR1_A0568,0.5451736397817406
2037,totalVI likelihood-consistent,ADT_anti-P2RY12_A0415,0.5431861310263923
2037,totalVI likelihood-consistent,ADT_integrinb7_A0214,0.5510346880904426
2037,totalVI-X affine,ADT_CD102_A0104,0.6290376239542123
2037,totalVI-X affine,ADT_CD103_A0201,0.5199289148043654
2037,totalVI-X affine,ADT_CD106_A0226,0.6365485509012568
2037,totalVI-X affine,ADT_CD115(CSF-1R)_A0105,0.5968444877558444
2037,totalVI-X affine,ADT_CD117(c-Kit)_A0012,0.5635255509546928
2037,totalVI-X affine,ADT_CD11a_A0595,0.7382174585572902
2037,totalVI-X affine,ADT_CD11c_A0106,0.6026428316973333
2037,totalVI-X affine,ADT_CD122(IL-2Rb)_A0227,0.5412989191032087
2037,totalVI-X affine,ADT_CD127(IL-7Ra)_A0198,0.5625011361674991
2037,totalVI-X affine,ADT_CD134(OX-40)_A0195,0.39466342855784653
2037,totalVI-X affine,ADT_CD135_A0098,0.48919438910388363
2037,totalVI-X affine,ADT_CD137_A0194,0.4371917954008771
2037,totalVI-X affine,ADT_CD14_A0424,0.5685270793345341
2037,totalVI-X affine,ADT_CD140a_A0573,0.375197097381567
2037,totalVI-X affine,ADT_CD15(SSEA-1)_A0076,0.5303771707507158
2037,totalVI-X affine,ADT_CD150(SLAM)_A0203,0.7177225854304583
2037,totalVI-X affine,ADT_CD16-32_A0109,0.5349298097522984
2037,totalVI-X affine,ADT_CD169(Siglec-1)_A0440,0.460759985052899
2037,totalVI-X affine,ADT_CD172a(SIRPa)_A0422,0.5114506722171658
2037,totalVI-X affine,ADT_CD183(CXCR3)_A0228,0.5850613378647219
2037,totalVI-X affine,ADT_CD184(CXCR4)_A0444,0.4843826214224454
2037,totalVI-X affine,ADT_CD19_A0093,0.6878557109851654
2037,totalVI-X affine,ADT_CD192(CCR2)_A0426,0.4739671984208638
2037,totalVI-X affine,ADT_CD195(CCR5)_A0376,0.5277585418548982
2037,totalVI-X affine,ADT_CD196(CCR6)_A0225,0.5604771828217998
2037,totalVI-X affine,ADT_CD197(CCR7)_A0377,0.4862779532799166
2037,totalVI-X affine,ADT_CD20_A0192,0.47557957616136
2037,totalVI-X affine,ADT_CD200(OX2)_A0079,0.6044346679776056
2037,totalVI-X affine,ADT_CD201(EPCR)_A0439,0.5110319829916596
2037,totalVI-X affine,ADT_CD204(Msr1)_A0448,0.4077513998182501
2037,totalVI-X affine,ADT_CD206(MMR)_A0173,0.5262700471132604
2037,totalVI-X affine,ADT_CD21-CD35(CR2-CR1)_A0107,0.7345113987192115
2037,totalVI-X affine,ADT_CD223(LAG-3)_A0378,0.3869490689393239
2037,totalVI-X affine,ADT_CD23_A0108,0.7139156139664493
2037,totalVI-X affine,ADT_CD24_A0212,0.6105040680151639
2037,totalVI-X affine,ADT_CD25_A0097,0.5167316479968463
2037,totalVI-X affine,ADT_CD274(B7-H1_PD-L1)_A0190,0.587382578746717
2037,totalVI-X affine,ADT_CD278(ICOS)_A0171,0.5115409072729337
2037,totalVI-X affine,ADT_CD279(PD-1)_A0004,0.4290781640531999
2037,totalVI-X affine,ADT_CD28_A0204,0.48701542123685476
2037,totalVI-X affine,ADT_CD29_A0570,0.7093763376278049
2037,totalVI-X affine,ADT_CD300LG(Nepmucin)_A0416,0.3867741706118531
2037,totalVI-X affine,ADT_CD301a(MGL1)_A0551,0.5818677317485235
2037,totalVI-X affine,ADT_CD301b(MGL2)_A0566,0.47281551726203025
2037,totalVI-X affine,ADT_CD304(Neuropilin-1)_A0552,0.5839125599270528
2037,totalVI-X affine,ADT_CD326(Ep-CAM)_A0449,0.611891709924871
2037,totalVI-X affine,ADT_CD335(NKp46)_A0184,0.3995261036825755
2037,totalVI-X affine,ADT_CD357(GITR)_A0193,0.6223179505192061
2037,totalVI-X affine,ADT_CD36_A0555,0.5684450489397815
2037,totalVI-X affine,ADT_CD366(Tim-3)_A0003,0.49440028390938523
2037,totalVI-X affine,ADT_CD370(CLEC9A_DNGR1)_A0556,0.5478601679068723
2037,totalVI-X affine,ADT_CD38_A0557,0.8003004970409431
2037,totalVI-X affine,ADT_CD4_A0001,0.9103315656064266
2037,totalVI-X affine,ADT_CD41_A0443,0.6245287916147538
2037,totalVI-X affine,ADT_CD43_A0110,0.6289534426309057
2037,totalVI-X affine,ADT_CD45_A0096,0.452654769942077
2037,totalVI-X affine,ADT_CD45.1_A0178,0.544613164692514
2037,totalVI-X affine,ADT_CD45.2_A0157,0.3827499736862081
2037,totalVI-X affine,ADT_CD45R-B220_A0103,0.5527861026102707
2037,totalVI-X affine,ADT_CD48_A0429,0.5843122441972328
2037,totalVI-X affine,ADT_CD49d_A0078,0.6675212880762638
2037,totalVI-X affine,ADT_CD5_A0111,0.7241823958550989
2037,totalVI-X affine,ADT_CD54_A0074,0.8531015134783689
2037,totalVI-X affine,ADT_CD55(DAF)_A0558,0.7508043790764104
2037,totalVI-X affine,ADT_CD62L_A0112,1.017636932284599
2037,totalVI-X affine,ADT_CD62P(P-selectin)_A0229,0.45753567915810156
2037,totalVI-X affine,ADT_CD63_A0559,0.476658071608464
2037,totalVI-X affine,ADT_CD64(FcrRI)_A0202,0.5159931813509783
2037,totalVI-X affine,ADT_CD68_A0560,0.44722739023702646
2037,totalVI-X affine,ADT_CD69_A0197,0.548636926628006
2037,totalVI-X affine,ADT_CD71_A0441,0.584761893944782
2037,totalVI-X affine,ADT_CD73_A0077,0.7272635002849844
2037,totalVI-X affine,ADT_CD79b(Igb)_A0561,0.5816156811860463
2037,totalVI-X affine,ADT_CD83_A0562,0.3607833422171363
2037,totalVI-X affine,ADT_CD86_A0200,0.8307389339992832
2037,totalVI-X affine,ADT_CD8a_A0002,0.7433159071728997
2037,totalVI-X affine,ADT_CD8b(Ly-3)_A0230,0.9068283778746636
2037,totalVI-X affine,ADT_CD90.1(Thy-1.1)_A0380,0.37375832471250114
2037,totalVI-X affine,ADT_CD90.2_A0075,0.7905595762962605
2037,totalVI-X affine,ADT_CD93(AA4.1_earlyBlineage)_A0113,0.5684623206802277
2037,totalVI-X affine,ADT_CX3CR1_A0563,0.48937173958495794
2037,totalVI-X affine,ADT_ESAM_A0596,0.5293269496224358
2037,totalVI-X affine,ADT_F4-80_A0114,0.6041612911019989
2037,totalVI-X affine,ADT_FceRIa_A0115,0.5431461110533001
2037,totalVI-X affine,ADT_FolateReceptorb(FR-b)_A0564,0.5683926070953405
2037,totalVI-X affine,ADT_H-2KbboundtoSIINFEKL_A0231,0.5302988013138671
2037,totalVI-X affine,ADT_I-A-I-E_A0117,0.8772485935795318
2037,totalVI-X affine,ADT_IRF4_A0249,0.5129233639060076
2037,totalVI-X affine,ADT_IgD_A0571,0.7968576096774576
2037,totalVI-X affine,ADT_IgM_A0450,0.5159740163102675
2037,totalVI-X affine,ADT_Ly-6A-E(Sca-1)_A0130,1.0126247862935072
2037,totalVI-X affine,ADT_Ly-6C_A0013,0.559824318708069
2037,totalVI-X affine,ADT_MAdCAM-1_A0232,0.5149700151776809
2037,totalVI-X affine,ADT_MERTK(Mer)_A0565,0.5236854254847461
2037,totalVI-X affine,ADT_NK-1.1_A0118,0.5754918882543784
2037,totalVI-X affine,ADT_Notch1_A0442,0.4919044547428057
2037,totalVI-X affine,ADT_PanendothelialCellAntigen_A0381,0.565896464057409
2037,totalVI-X affine,ADT_SiglecH_A0119,0.525209303817321
2037,totalVI-X affine,ADT_TCRVb5.1_5.2_A0354,0.7437989066901192
2037,totalVI-X affine,ADT_TCRVb8.1_8.2_A0235,0.593303129465575
2037,totalVI-X affine,ADT_TCRVr1.1-Cr4_A0209,0.3927963638885063
2037,totalVI-X affine,ADT_TCRVr2_A0211,0.5508813737901663
2037,totalVI-X affine,ADT_TCRVr3_A0210,0.4238398802546093
2037,totalVI-X affine,ADT_TCRbchain_A0120,0.6126649411028936
2037,totalVI-X affine,ADT_TCRr-d_A0121,0.5453416063997277
2037,totalVI-X affine,ADT_TER-119-ErythroidCells_A0122,0.47160945103486535
2037,totalVI-X affine,ADT_Tim-4_A0567,0.5575185365278673
2037,totalVI-X affine,ADT_XCR1_A0568,0.535917153556491
2037,totalVI-X affine,ADT_anti-P2RY12_A0415,0.5354997103223733
2037,totalVI-X affine,ADT_integrinb7_A0214,0.680252738071685
2037,totalVI likelihood-consistent + D1 head,ADT_CD102_A0104,0.6296620471598882
2037,totalVI likelihood-consistent + D1 head,ADT_CD103_A0201,0.5201037675895943
2037,totalVI likelihood-consistent + D1 head,ADT_CD106_A0226,0.6361123222967303
2037,totalVI likelihood-consistent + D1 head,ADT_CD115(CSF-1R)_A0105,0.5970360177436416
2037,totalVI likelihood-consistent + D1 head,ADT_CD117(c-Kit)_A0012,0.5634306275354215
2037,totalVI likelihood-consistent + D1 head,ADT_CD11a_A0595,0.7383642702407818
2037,totalVI likelihood-consistent + D1 head,ADT_CD11c_A0106,0.6015979649640221
2037,totalVI likelihood-consistent + D1 head,ADT_CD122(IL-2Rb)_A0227,0.541010074540199
2037,totalVI likelihood-consistent + D1 head,ADT_CD127(IL-7Ra)_A0198,0.5638539639489616
2037,totalVI likelihood-consistent + D1 head,ADT_CD134(OX-40)_A0195,0.3946340698837311
2037,totalVI likelihood-consistent + D1 head,ADT_CD135_A0098,0.48919966038096524
2037,totalVI likelihood-consistent + D1 head,ADT_CD137_A0194,0.43714088768488435
2037,totalVI likelihood-consistent + D1 head,ADT_CD14_A0424,0.5684401328949842
2037,totalVI likelihood-consistent + D1 head,ADT_CD140a_A0573,0.3751691914234726
2037,totalVI likelihood-consistent + D1 head,ADT_CD15(SSEA-1)_A0076,0.5303706955072293
2037,totalVI likelihood-consistent + D1 head,ADT_CD150(SLAM)_A0203,0.7188166778655408
2037,totalVI likelihood-consistent + D1 head,ADT_CD16-32_A0109,0.534913195257533
2037,totalVI likelihood-consistent + D1 head,ADT_CD169(Siglec-1)_A0440,0.4608029548506521
2037,totalVI likelihood-consistent + D1 head,ADT_CD172a(SIRPa)_A0422,0.5117612830005965
2037,totalVI likelihood-consistent + D1 head,ADT_CD183(CXCR3)_A0228,0.5836951382702819
2037,totalVI likelihood-consistent + D1 head,ADT_CD184(CXCR4)_A0444,0.48449327614667104
2037,totalVI likelihood-consistent + D1 head,ADT_CD19_A0093,0.6904716771919543
2037,totalVI likelihood-consistent + D1 head,ADT_CD192(CCR2)_A0426,0.4740936490544019
2037,totalVI likelihood-consistent + D1 head,ADT_CD195(CCR5)_A0376,0.527611433388797
2037,totalVI likelihood-consistent + D1 head,ADT_CD196(CCR6)_A0225,0.5602656567087205
2037,totalVI likelihood-consistent + D1 head,ADT_CD197(CCR7)_A0377,0.4862373820215285
2037,totalVI likelihood-consistent + D1 head,ADT_CD20_A0192,0.47596032835506724
2037,totalVI likelihood-consistent + D1 head,ADT_CD200(OX2)_A0079,0.6056326736201256
2037,totalVI likelihood-consistent + D1 head,ADT_CD201(EPCR)_A0439,0.5110211086433213
2037,totalVI likelihood-consistent + D1 head,ADT_CD204(Msr1)_A0448,0.4077537368726148
2037,totalVI likelihood-consistent + D1 head,ADT_CD206(MMR)_A0173,0.5262996031527692
2037,totalVI likelihood-consistent + D1 head,ADT_CD21-CD35(CR2-CR1)_A0107,0.7342183795161267
2037,totalVI likelihood-consistent + D1 head,ADT_CD223(LAG-3)_A0378,0.38694077477537636
2037,totalVI likelihood-consistent + D1 head,ADT_CD23_A0108,0.7127455806261728
2037,totalVI likelihood-consistent + D1 head,ADT_CD24_A0212,0.6102499863643411
2037,totalVI likelihood-consistent + D1 head,ADT_CD25_A0097,0.515749949064342
2037,totalVI likelihood-consistent + D1 head,ADT_CD274(B7-H1_PD-L1)_A0190,0.5868389280966655
2037,totalVI likelihood-consistent + D1 head,ADT_CD278(ICOS)_A0171,0.5115112874014678
2037,totalVI likelihood-consistent + D1 head,ADT_CD279(PD-1)_A0004,0.4291644223513702
2037,totalVI likelihood-consistent + D1 head,ADT_CD28_A0204,0.4871366308522895
2037,totalVI likelihood-consistent + D1 head,ADT_CD29_A0570,0.7082944370761628
2037,totalVI likelihood-consistent + D1 head,ADT_CD300LG(Nepmucin)_A0416,0.38676695577765624
2037,totalVI likelihood-consistent + D1 head,ADT_CD301a(MGL1)_A0551,0.5817155225113567
2037,totalVI likelihood-consistent + D1 head,ADT_CD301b(MGL2)_A0566,0.4729145821191151
2037,totalVI likelihood-consistent + D1 head,ADT_CD304(Neuropilin-1)_A0552,0.5836960400786889
2037,totalVI likelihood-consistent + D1 head,ADT_CD326(Ep-CAM)_A0449,0.6115505225334267
2037,totalVI likelihood-consistent + D1 head,ADT_CD335(NKp46)_A0184,0.3994874827722117
2037,totalVI likelihood-consistent + D1 head,ADT_CD357(GITR)_A0193,0.6228061206386983
2037,totalVI likelihood-consistent + D1 head,ADT_CD36_A0555,0.5681880354686861
2037,totalVI likelihood-consistent + D1 head,ADT_CD366(Tim-3)_A0003,0.49443915220246537
2037,totalVI likelihood-consistent + D1 head,ADT_CD370(CLEC9A_DNGR1)_A0556,0.5476238437920857
2037,totalVI likelihood-consistent + D1 head,ADT_CD38_A0557,0.8006786218817156
2037,totalVI likelihood-consistent + D1 head,ADT_CD4_A0001,0.9038623523733998
2037,totalVI likelihood-consistent + D1 head,ADT_CD41_A0443,0.6248649216916824
2037,totalVI likelihood-consistent + D1 head,ADT_CD43_A0110,0.6294412486995057
2037,totalVI likelihood-consistent + D1 head,ADT_CD45_A0096,0.45266804179256986
2037,totalVI likelihood-consistent + D1 head,ADT_CD45.1_A0178,0.5445918280481544
2037,totalVI likelihood-consistent + D1 head,ADT_CD45.2_A0157,0.38277539381059905
2037,totalVI likelihood-consistent + D1 head,ADT_CD45R-B220_A0103,0.5541139150855839
2037,totalVI likelihood-consistent + D1 head,ADT_CD48_A0429,0.5841854856814354
2037,totalVI likelihood-consistent + D1 head,ADT_CD49d_A0078,0.6677954833954922
2037,totalVI likelihood-consistent + D1 head,ADT_CD5_A0111,0.7243844396385055
2037,totalVI likelihood-consistent + D1 head,ADT_CD54_A0074,0.8547582034273061
2037,totalVI likelihood-consistent + D1 head,ADT_CD55(DAF)_A0558,0.7508718046344539
2037,totalVI likelihood-consistent + D1 head,ADT_CD62L_A0112,1.0191616760509308
2037,totalVI likelihood-consistent + D1 head,ADT_CD62P(P-selectin)_A0229,0.457565644039295
2037,totalVI likelihood-consistent + D1 head,ADT_CD63_A0559,0.4765224186845905
2037,totalVI likelihood-consistent + D1 head,ADT_CD64(FcrRI)_A0202,0.5158949093418448
2037,totalVI likelihood-consistent + D1 head,ADT_CD68_A0560,0.4477989002075322
2037,totalVI likelihood-consistent + D1 head,ADT_CD69_A0197,0.5485639474593431
2037,totalVI likelihood-consistent + D1 head,ADT_CD71_A0441,0.5857078439856308
2037,totalVI likelihood-consistent + D1 head,ADT_CD73_A0077,0.7263197823328117
2037,totalVI likelihood-consistent + D1 head,ADT_CD79b(Igb)_A0561,0.5826872342865769
2037,totalVI likelihood-consistent + D1 head,ADT_CD83_A0562,0.3607509465801245
2037,totalVI likelihood-consistent + D1 head,ADT_CD86_A0200,0.8313947868079304
2037,totalVI likelihood-consistent + D1 head,ADT_CD8a_A0002,0.7367780886398907
2037,totalVI likelihood-consistent + D1 head,ADT_CD8b(Ly-3)_A0230,0.893743370125455
2037,totalVI likelihood-consistent + D1 head,ADT_CD90.1(Thy-1.1)_A0380,0.37384958435115556
2037,totalVI likelihood-consistent + D1 head,ADT_CD90.2_A0075,0.7891575075220952
2037,totalVI likelihood-consistent + D1 head,ADT_CD93(AA4.1_earlyBlineage)_A0113,0.5679890288035155
2037,totalVI likelihood-consistent + D1 head,ADT_CX3CR1_A0563,0.488423835612821
2037,totalVI likelihood-consistent + D1 head,ADT_ESAM_A0596,0.5291870939063519
2037,totalVI likelihood-consistent + D1 head,ADT_F4-80_A0114,0.6038033819668855
2037,totalVI likelihood-consistent + D1 head,ADT_FceRIa_A0115,0.54310696410925
2037,totalVI likelihood-consistent + D1 head,ADT_FolateReceptorb(FR-b)_A0564,0.5680700388294246
2037,totalVI likelihood-consistent + D1 head,ADT_H-2KbboundtoSIINFEKL_A0231,0.5303846501941832
2037,totalVI likelihood-consistent + D1 head,ADT_I-A-I-E_A0117,0.8765875991434029
2037,totalVI likelihood-consistent + D1 head,ADT_IRF4_A0249,0.5129068219381697
2037,totalVI likelihood-consistent + D1 head,ADT_IgD_A0571,0.7962567257762745
2037,totalVI likelihood-consistent + D1 head,ADT_IgM_A0450,0.5159765120716309
2037,totalVI likelihood-consistent + D1 head,ADT_Ly-6A-E(Sca-1)_A0130,1.0127247401360666
2037,totalVI likelihood-consistent + D1 head,ADT_Ly-6C_A0013,0.5588742091789304
2037,totalVI likelihood-consistent + D1 head,ADT_MAdCAM-1_A0232,0.5149432565055581
2037,totalVI likelihood-consistent + D1 head,ADT_MERTK(Mer)_A0565,0.5236930020712527
2037,totalVI likelihood-consistent + D1 head,ADT_NK-1.1_A0118,0.5753521078588364
2037,totalVI likelihood-consistent + D1 head,ADT_Notch1_A0442,0.491914941690101
2037,totalVI likelihood-consistent + D1 head,ADT_PanendothelialCellAntigen_A0381,0.5662250581600068
2037,totalVI likelihood-consistent + D1 head,ADT_SiglecH_A0119,0.5250182203683336
2037,totalVI likelihood-consistent + D1 head,ADT_TCRVb5.1_5.2_A0354,0.743576841192724
2037,totalVI likelihood-consistent + D1 head,ADT_TCRVb8.1_8.2_A0235,0.5933336819850068
2037,totalVI likelihood-consistent + D1 head,ADT_TCRVr1.1-Cr4_A0209,0.392745760641868
2037,totalVI likelihood-consistent + D1 head,ADT_TCRVr2_A0211,0.550926502252774
2037,totalVI likelihood-consistent + D1 head,ADT_TCRVr3_A0210,0.4237997974547321
2037,totalVI likelihood-consistent + D1 head,ADT_TCRbchain_A0120,0.6117858930000569
2037,totalVI likelihood-consistent + D1 head,ADT_TCRr-d_A0121,0.5451278469988832
2037,totalVI likelihood-consistent + D1 head,ADT_TER-119-ErythroidCells_A0122,0.46905802008059194
2037,totalVI likelihood-consistent + D1 head,ADT_Tim-4_A0567,0.5574366148074205
2037,totalVI likelihood-consistent + D1 head,ADT_XCR1_A0568,0.5355765300059704
2037,totalVI likelihood-consistent + D1 head,ADT_anti-P2RY12_A0415,0.5352823646140117
2037,totalVI likelihood-consistent + D1 head,ADT_integrinb7_A0214,0.680503110562583
2038,totalVI helper-uncorrected,ADT_CD102_A0104,0.851528177629332
2038,totalVI helper-uncorrected,ADT_CD103_A0201,1.055370443887275
2038,totalVI helper-uncorrected,ADT_CD106_A0226,0.9376274663172506
2038,totalVI helper-uncorrected,ADT_CD115(CSF-1R)_A0105,1.0439491871362783
2038,totalVI helper-uncorrected,ADT_CD117(c-Kit)_A0012,1.0587075908959418
2038,totalVI helper-uncorrected,ADT_CD11a_A0595,0.6556898613648426
2038,totalVI helper-uncorrected,ADT_CD11c_A0106,1.0480587007088134
2038,totalVI helper-uncorrected,ADT_CD122(IL-2Rb)_A0227,0.9929016909411764
2038,totalVI helper-uncorrected,ADT_CD127(IL-7Ra)_A0198,0.9225124397994071
2038,totalVI helper-uncorrected,ADT_CD134(OX-40)_A0195,1.172626614175579
2038,totalVI helper-uncorrected,ADT_CD135_A0098,1.096164507849471
2038,totalVI helper-uncorrected,ADT_CD137_A0194,1.1222575569219624
2038,totalVI helper-uncorrected,ADT_CD14_A0424,1.0902842162375157
2038,totalVI helper-uncorrected,ADT_CD140a_A0573,1.0770758283446384
2038,totalVI helper-uncorrected,ADT_CD15(SSEA-1)_A0076,1.1753456921663985
2038,totalVI helper-uncorrected,ADT_CD150(SLAM)_A0203,0.9949414230404665
2038,totalVI helper-uncorrected,ADT_CD16-32_A0109,1.0788881033379814
2038,totalVI helper-uncorrected,ADT_CD169(Siglec-1)_A0440,1.1157920961768582
2038,totalVI helper-uncorrected,ADT_CD172a(SIRPa)_A0422,1.0800213955939648
2038,totalVI helper-uncorrected,ADT_CD183(CXCR3)_A0228,1.0781938002641376
2038,totalVI helper-uncorrected,ADT_CD184(CXCR4)_A0444,1.0035707948926278
2038,totalVI helper-uncorrected,ADT_CD19_A0093,0.7903506958852421
2038,totalVI helper-uncorrected,ADT_CD192(CCR2)_A0426,0.9870352687346983
2038,totalVI helper-uncorrected,ADT_CD195(CCR5)_A0376,1.1569257937262882
2038,totalVI helper-uncorrected,ADT_CD196(CCR6)_A0225,0.9871938813813241
2038,totalVI helper-uncorrected,ADT_CD197(CCR7)_A0377,1.0958297660888827
2038,totalVI helper-uncorrected,ADT_CD20_A0192,1.0037272220740967
2038,totalVI helper-uncorrected,ADT_CD200(OX2)_A0079,1.0557008430561883
2038,totalVI helper-uncorrected,ADT_CD201(EPCR)_A0439,1.0611358741981733
2038,totalVI helper-uncorrected,ADT_CD204(Msr1)_A0448,0.682717672631853
2038,totalVI helper-uncorrected,ADT_CD206(MMR)_A0173,1.2198687815269753
2038,totalVI helper-uncorrected,ADT_CD21-CD35(CR2-CR1)_A0107,1.193112613517806
2038,totalVI helper-uncorrected,ADT_CD223(LAG-3)_A0378,1.071693607574165
2038,totalVI helper-uncorrected,ADT_CD23_A0108,1.1908113969473413
2038,totalVI helper-uncorrected,ADT_CD24_A0212,1.1366358593980537
2038,totalVI helper-uncorrected,ADT_CD25_A0097,0.8662286762438965
2038,totalVI helper-uncorrected,ADT_CD274(B7-H1_PD-L1)_A0190,0.8726935212290307
2038,totalVI helper-uncorrected,ADT_CD278(ICOS)_A0171,1.0087912521147626
2038,totalVI helper-uncorrected,ADT_CD279(PD-1)_A0004,1.104337276248859
2038,totalVI helper-uncorrected,ADT_CD28_A0204,1.0680047301224396
2038,totalVI helper-uncorrected,ADT_CD29_A0570,0.8975720681795905
2038,totalVI helper-uncorrected,ADT_CD300LG(Nepmucin)_A0416,1.0935716731943241
2038,totalVI helper-uncorrected,ADT_CD301a(MGL1)_A0551,1.1733920764118213
2038,totalVI helper-uncorrected,ADT_CD301b(MGL2)_A0566,1.0731454469568937
2038,totalVI helper-uncorrected,ADT_CD304(Neuropilin-1)_A0552,1.1969335067202576
2038,totalVI helper-uncorrected,ADT_CD326(Ep-CAM)_A0449,1.0419347805347359
2038,totalVI helper-uncorrected,ADT_CD335(NKp46)_A0184,1.2025487447575562
2038,totalVI helper-uncorrected,ADT_CD357(GITR)_A0193,1.013613352191944
2038,totalVI helper-uncorrected,ADT_CD36_A0555,1.0430317236605962
2038,totalVI helper-uncorrected,ADT_CD366(Tim-3)_A0003,0.9178917176527853
2038,totalVI helper-uncorrected,ADT_CD370(CLEC9A_DNGR1)_A0556,1.0759228520943036
2038,totalVI helper-uncorrected,ADT_CD38_A0557,0.9275266603913208
2038,totalVI helper-uncorrected,ADT_CD4_A0001,1.3592543006585491
2038,totalVI helper-uncorrected,ADT_CD41_A0443,1.3675640523684205
2038,totalVI helper-uncorrected,ADT_CD43_A0110,0.9585176578169138
2038,totalVI helper-uncorrected,ADT_CD45_A0096,1.176661396420569
2038,totalVI helper-uncorrected,ADT_CD45.1_A0178,1.107253967436871
2038,totalVI helper-uncorrected,ADT_CD45.2_A0157,1.1426844626577175
2038,totalVI helper-uncorrected,ADT_CD45R-B220_A0103,0.9915553124222113
2038,totalVI helper-uncorrected,ADT_CD48_A0429,0.7988971137542009
2038,totalVI helper-uncorrected,ADT_CD49d_A0078,0.9110850733273343
2038,totalVI helper-uncorrected,ADT_CD5_A0111,1.0514557964797067
2038,totalVI helper-uncorrected,ADT_CD54_A0074,0.9253993546156005
2038,totalVI helper-uncorrected,ADT_CD55(DAF)_A0558,1.0416783586871814
2038,totalVI helper-uncorrected,ADT_CD62L_A0112,1.0604652394606113
2038,totalVI helper-uncorrected,ADT_CD62P(P-selectin)_A0229,1.1732765529678586
2038,totalVI helper-uncorrected,ADT_CD63_A0559,1.10209555942061
2038,totalVI helper-uncorrected,ADT_CD64(FcrRI)_A0202,0.9676260427012785
2038,totalVI helper-uncorrected,ADT_CD68_A0560,0.740301754513946
2038,totalVI helper-uncorrected,ADT_CD69_A0197,0.9686437153908584
2038,totalVI helper-uncorrected,ADT_CD71_A0441,1.112311932319231
2038,totalVI helper-uncorrected,ADT_CD73_A0077,1.1628155567114342
2038,totalVI helper-uncorrected,ADT_CD79b(Igb)_A0561,1.0293016662264691
2038,totalVI helper-uncorrected,ADT_CD83_A0562,0.5414313630087424
2038,totalVI helper-uncorrected,ADT_CD86_A0200,1.1619493483812717
2038,totalVI helper-uncorrected,ADT_CD8a_A0002,1.2884672197494407
2038,totalVI helper-uncorrected,ADT_CD8b(Ly-3)_A0230,1.4135439515654855
2038,totalVI helper-uncorrected,ADT_CD90.1(Thy-1.1)_A0380,0.6155568989326865
2038,totalVI helper-uncorrected,ADT_CD90.2_A0075,1.1822069391866823
2038,totalVI helper-uncorrected,ADT_CD93(AA4.1_earlyBlineage)_A0113,1.1375774480374172
2038,totalVI helper-uncorrected,ADT_CX3CR1_A0563,0.8226419363955756
2038,totalVI helper-uncorrected,ADT_ESAM_A0596,1.0824659142632562
2038,totalVI helper-uncorrected,ADT_F4-80_A0114,1.077759283803605
2038,totalVI helper-uncorrected,ADT_FceRIa_A0115,1.0855505180503953
2038,totalVI helper-uncorrected,ADT_FolateReceptorb(FR-b)_A0564,1.103063298093455
2038,totalVI helper-uncorrected,ADT_H-2KbboundtoSIINFEKL_A0231,1.0883785317046044
2038,totalVI helper-uncorrected,ADT_I-A-I-E_A0117,1.4388219554839234
2038,totalVI helper-uncorrected,ADT_IRF4_A0249,1.0583495763391273
2038,totalVI helper-uncorrected,ADT_IgD_A0571,1.1434694833287056
2038,totalVI helper-uncorrected,ADT_IgM_A0450,1.1047999384070213
2038,totalVI helper-uncorrected,ADT_Ly-6A-E(Sca-1)_A0130,1.3098665067893809
2038,totalVI helper-uncorrected,ADT_Ly-6C_A0013,1.057046761666832
2038,totalVI helper-uncorrected,ADT_MAdCAM-1_A0232,1.1031331218854263
2038,totalVI helper-uncorrected,ADT_MERTK(Mer)_A0565,1.1306507707367637
2038,totalVI helper-uncorrected,ADT_NK-1.1_A0118,1.2531580849384878
2038,totalVI helper-uncorrected,ADT_Notch1_A0442,1.1657080860371156
2038,totalVI helper-uncorrected,ADT_PanendothelialCellAntigen_A0381,1.0844559479812002
2038,totalVI helper-uncorrected,ADT_SiglecH_A0119,1.0907582028309177
2038,totalVI helper-uncorrected,ADT_TCRVb5.1_5.2_A0354,1.6315803105339333
2038,totalVI helper-uncorrected,ADT_TCRVb8.1_8.2_A0235,1.1156658082419892
2038,totalVI helper-uncorrected,ADT_TCRVr1.1-Cr4_A0209,0.6081569682727064
2038,totalVI helper-uncorrected,ADT_TCRVr2_A0211,1.0923673888387366
2038,totalVI helper-uncorrected,ADT_TCRVr3_A0210,1.045576021144947
2038,totalVI helper-uncorrected,ADT_TCRbchain_A0120,1.2311045389014046
2038,totalVI helper-uncorrected,ADT_TCRr-d_A0121,1.1141608164342196
2038,totalVI helper-uncorrected,ADT_TER-119-ErythroidCells_A0122,0.8169346795676912
2038,totalVI helper-uncorrected,ADT_Tim-4_A0567,1.079440077214874
2038,totalVI helper-uncorrected,ADT_XCR1_A0568,1.0641069178806908
2038,totalVI helper-uncorrected,ADT_anti-P2RY12_A0415,1.0977138177215355
2038,totalVI helper-uncorrected,ADT_integrinb7_A0214,0.8508753859287865
2038,totalVI likelihood-consistent,ADT_CD102_A0104,0.5081837611706911
2038,totalVI likelihood-consistent,ADT_CD103_A0201,0.5150930686507682
2038,totalVI likelihood-consistent,ADT_CD106_A0226,0.5795043720794972
2038,totalVI likelihood-consistent,ADT_CD115(CSF-1R)_A0105,0.5938033459170471
2038,totalVI likelihood-consistent,ADT_CD117(c-Kit)_A0012,0.5632341469616647
2038,totalVI likelihood-consistent,ADT_CD11a_A0595,0.5928495116211747
2038,totalVI likelihood-consistent,ADT_CD11c_A0106,0.6091795465798466
2038,totalVI likelihood-consistent,ADT_CD122(IL-2Rb)_A0227,0.5455388480631973
2038,totalVI likelihood-consistent,ADT_CD127(IL-7Ra)_A0198,0.5370966676293456
2038,totalVI likelihood-consistent,ADT_CD134(OX-40)_A0195,0.4178231135932485
2038,totalVI likelihood-consistent,ADT_CD135_A0098,0.5052781299846181
2038,totalVI likelihood-consistent,ADT_CD137_A0194,0.4545874237985459
2038,totalVI likelihood-consistent,ADT_CD14_A0424,0.5815310220988954
2038,totalVI likelihood-consistent,ADT_CD140a_A0573,0.3804236679808412
2038,totalVI likelihood-consistent,ADT_CD15(SSEA-1)_A0076,0.5673582429828904
2038,totalVI likelihood-consistent,ADT_CD150(SLAM)_A0203,0.6220169765534337
2038,totalVI likelihood-consistent,ADT_CD16-32_A0109,0.5549232777267078
2038,totalVI likelihood-consistent,ADT_CD169(Siglec-1)_A0440,0.4630352003969019
2038,totalVI likelihood-consistent,ADT_CD172a(SIRPa)_A0422,0.515048084314069
2038,totalVI likelihood-consistent,ADT_CD183(CXCR3)_A0228,0.600526839993294
2038,totalVI likelihood-consistent,ADT_CD184(CXCR4)_A0444,0.4734124667239295
2038,totalVI likelihood-consistent,ADT_CD19_A0093,0.5996932269123556
2038,totalVI likelihood-consistent,ADT_CD192(CCR2)_A0426,0.45039770615719715
2038,totalVI likelihood-consistent,ADT_CD195(CCR5)_A0376,0.5564466968658639
2038,totalVI likelihood-consistent,ADT_CD196(CCR6)_A0225,0.5576451398425541
2038,totalVI likelihood-consistent,ADT_CD197(CCR7)_A0377,0.4974495947721927
2038,totalVI likelihood-consistent,ADT_CD20_A0192,0.44874497056106133
2038,totalVI likelihood-consistent,ADT_CD200(OX2)_A0079,0.5645437689983795
2038,totalVI likelihood-consistent,ADT_CD201(EPCR)_A0439,0.5149925600173783
2038,totalVI likelihood-consistent,ADT_CD204(Msr1)_A0448,0.41962792002630006
2038,totalVI likelihood-consistent,ADT_CD206(MMR)_A0173,0.5580744911841932
2038,totalVI likelihood-consistent,ADT_CD21-CD35(CR2-CR1)_A0107,0.7009985542333981
2038,totalVI likelihood-consistent,ADT_CD223(LAG-3)_A0378,0.3916491530580756
2038,totalVI likelihood-consistent,ADT_CD23_A0108,0.6786635297722473
2038,totalVI likelihood-consistent,ADT_CD24_A0212,0.5861919924749236
2038,totalVI likelihood-consistent,ADT_CD25_A0097,0.5295839240050606
2038,totalVI likelihood-consistent,ADT_CD274(B7-H1_PD-L1)_A0190,0.49318932348357536
2038,totalVI likelihood-consistent,ADT_CD278(ICOS)_A0171,0.4711055892147143
2038,totalVI likelihood-consistent,ADT_CD279(PD-1)_A0004,0.44281910969571325
2038,totalVI likelihood-consistent,ADT_CD28_A0204,0.4909234488944944
2038,totalVI likelihood-consistent,ADT_CD29_A0570,0.599676019180896
2038,totalVI likelihood-consistent,ADT_CD300LG(Nepmucin)_A0416,0.39722000093238446
2038,totalVI likelihood-consistent,ADT_CD301a(MGL1)_A0551,0.6261374088052992
2038,totalVI likelihood-consistent,ADT_CD301b(MGL2)_A0566,0.47959125765336796
2038,totalVI likelihood-consistent,ADT_CD304(Neuropilin-1)_A0552,0.6248590370472388
2038,totalVI likelihood-consistent,ADT_CD326(Ep-CAM)_A0449,0.6235823061928824
2038,totalVI likelihood-consistent,ADT_CD335(NKp46)_A0184,0.4207389323362898
2038,totalVI likelihood-consistent,ADT_CD357(GITR)_A0193,0.5832843825230831
2038,totalVI likelihood-consistent,ADT_CD36_A0555,0.5725847328639088
2038,totalVI likelihood-consistent,ADT_CD366(Tim-3)_A0003,0.5236128317006609
2038,totalVI likelihood-consistent,ADT_CD370(CLEC9A_DNGR1)_A0556,0.5612841673727975
2038,totalVI likelihood-consistent,ADT_CD38_A0557,0.7231516244060656
2038,totalVI likelihood-consistent,ADT_CD4_A0001,0.8678028915727716
2038,totalVI likelihood-consistent,ADT_CD41_A0443,0.7061292712271915
2038,totalVI likelihood-consistent,ADT_CD43_A0110,0.5580288364838134
2038,totalVI likelihood-consistent,ADT_CD45_A0096,0.4578132752997102
2038,totalVI likelihood-consistent,ADT_CD45.1_A0178,0.5786027403967541
2038,totalVI likelihood-consistent,ADT_CD45.2_A0157,0.39037416066869884
2038,totalVI likelihood-consistent,ADT_CD45R-B220_A0103,0.5054142353878257
2038,totalVI likelihood-consistent,ADT_CD48_A0429,0.4585915768158237
2038,totalVI likelihood-consistent,ADT_CD49d_A0078,0.5421116370960639
2038,totalVI likelihood-consistent,ADT_CD5_A0111,0.6380920906940554
2038,totalVI likelihood-consistent,ADT_CD54_A0074,0.6722887179400371
2038,totalVI likelihood-consistent,ADT_CD55(DAF)_A0558,0.6693411242040185
2038,totalVI likelihood-consistent,ADT_CD62L_A0112,0.8577492200009262
2038,totalVI likelihood-consistent,ADT_CD62P(P-selectin)_A0229,0.4778417185515466
2038,totalVI likelihood-consistent,ADT_CD63_A0559,0.47973321276077174
2038,totalVI likelihood-consistent,ADT_CD64(FcrRI)_A0202,0.55520873466905
2038,totalVI likelihood-consistent,ADT_CD68_A0560,0.4624094699246651
2038,totalVI likelihood-consistent,ADT_CD69_A0197,0.5258309195093913
2038,totalVI likelihood-consistent,ADT_CD71_A0441,0.5572000851673945
2038,totalVI likelihood-consistent,ADT_CD73_A0077,0.6982754087400252
2038,totalVI likelihood-consistent,ADT_CD79b(Igb)_A0561,0.541265717779562
2038,totalVI likelihood-consistent,ADT_CD83_A0562,0.3653565713417835
2038,totalVI likelihood-consistent,ADT_CD86_A0200,0.7542085329897719
2038,totalVI likelihood-consistent,ADT_CD8a_A0002,0.7360640686872381
2038,totalVI likelihood-consistent,ADT_CD8b(Ly-3)_A0230,0.9013904924373609
2038,totalVI likelihood-consistent,ADT_CD90.1(Thy-1.1)_A0380,0.38466322044259704
2038,totalVI likelihood-consistent,ADT_CD90.2_A0075,0.7448377093312366
2038,totalVI likelihood-consistent,ADT_CD93(AA4.1_earlyBlineage)_A0113,0.5946429856023161
2038,totalVI likelihood-consistent,ADT_CX3CR1_A0563,0.5005309071954656
2038,totalVI likelihood-consistent,ADT_ESAM_A0596,0.5370802474532822
2038,totalVI likelihood-consistent,ADT_F4-80_A0114,0.6136675458861729
2038,totalVI likelihood-consistent,ADT_FceRIa_A0115,0.5676577030536464
2038,totalVI likelihood-consistent,ADT_FolateReceptorb(FR-b)_A0564,0.5740269239529592
2038,totalVI likelihood-consistent,ADT_H-2KbboundtoSIINFEKL_A0231,0.5429045574788625
2038,totalVI likelihood-consistent,ADT_I-A-I-E_A0117,0.8641402285014781
2038,totalVI likelihood-consistent,ADT_IRF4_A0249,0.5149383384538516
2038,totalVI likelihood-consistent,ADT_IgD_A0571,0.7142028331739085
2038,totalVI likelihood-consistent,ADT_IgM_A0450,0.5380582387731077
2038,totalVI likelihood-consistent,ADT_Ly-6A-E(Sca-1)_A0130,0.8604477942858475
2038,totalVI likelihood-consistent,ADT_Ly-6C_A0013,0.5212700610874191
2038,totalVI likelihood-consistent,ADT_MAdCAM-1_A0232,0.5300473317545186
2038,totalVI likelihood-consistent,ADT_MERTK(Mer)_A0565,0.546069948893586
2038,totalVI likelihood-consistent,ADT_NK-1.1_A0118,0.6317877150139866
2038,totalVI likelihood-consistent,ADT_Notch1_A0442,0.5190279442345785
2038,totalVI likelihood-consistent,ADT_PanendothelialCellAntigen_A0381,0.5759627593543305
2038,totalVI likelihood-consistent,ADT_SiglecH_A0119,0.5433952905657065
2038,totalVI likelihood-consistent,ADT_TCRVb5.1_5.2_A0354,0.9419342094083587
2038,totalVI likelihood-consistent,ADT_TCRVb8.1_8.2_A0235,0.6215900479902804
2038,totalVI likelihood-consistent,ADT_TCRVr1.1-Cr4_A0209,0.39875549626531126
2038,totalVI likelihood-consistent,ADT_TCRVr2_A0211,0.5679933379413886
2038,totalVI likelihood-consistent,ADT_TCRVr3_A0210,0.42474610003091007
2038,totalVI likelihood-consistent,ADT_TCRbchain_A0120,0.6341068689379558
2038,totalVI likelihood-consistent,ADT_TCRr-d_A0121,0.5603181228761591
2038,totalVI likelihood-consistent,ADT_TER-119-ErythroidCells_A0122,0.48990978049882145
2038,totalVI likelihood-consistent,ADT_Tim-4_A0567,0.5532803569447595
2038,totalVI likelihood-consistent,ADT_XCR1_A0568,0.5454281347658335
2038,totalVI likelihood-consistent,ADT_anti-P2RY12_A0415,0.5438248000742925
2038,totalVI likelihood-consistent,ADT_integrinb7_A0214,0.5560181981901968
2038,totalVI-X affine,ADT_CD102_A0104,0.6345290551979694
2038,totalVI-X affine,ADT_CD103_A0201,0.5273295317203277
2038,totalVI-X affine,ADT_CD106_A0226,0.6339036495312153
2038,totalVI-X affine,ADT_CD115(CSF-1R)_A0105,0.5951257073069165
2038,totalVI-X affine,ADT_CD117(c-Kit)_A0012,0.5588771287067014
2038,totalVI-X affine,ADT_CD11a_A0595,0.7250921304049264
2038,totalVI-X affine,ADT_CD11c_A0106,0.5995972968744664
2038,totalVI-X affine,ADT_CD122(IL-2Rb)_A0227,0.541090086921343
2038,totalVI-X affine,ADT_CD127(IL-7Ra)_A0198,0.5623073666573419
2038,totalVI-X affine,ADT_CD134(OX-40)_A0195,0.39380616653537404
2038,totalVI-X affine,ADT_CD135_A0098,0.4905991398239203
2038,totalVI-X affine,ADT_CD137_A0194,0.439555837794222
2038,totalVI-X affine,ADT_CD14_A0424,0.5692203351645584
2038,totalVI-X affine,ADT_CD140a_A0573,0.3753297763634452
2038,totalVI-X affine,ADT_CD15(SSEA-1)_A0076,0.5323696520632099
2038,totalVI-X affine,ADT_CD150(SLAM)_A0203,0.7108015078895195
2038,totalVI-X affine,ADT_CD16-32_A0109,0.5347142764428036
2038,totalVI-X affine,ADT_CD169(Siglec-1)_A0440,0.4580891208978229
2038,totalVI-X affine,ADT_CD172a(SIRPa)_A0422,0.510293527184005
2038,totalVI-X affine,ADT_CD183(CXCR3)_A0228,0.5793238194479734
2038,totalVI-X affine,ADT_CD184(CXCR4)_A0444,0.48536768067287844
2038,totalVI-X affine,ADT_CD19_A0093,0.6843757196765217
2038,totalVI-X affine,ADT_CD192(CCR2)_A0426,0.471530074669061
2038,totalVI-X affine,ADT_CD195(CCR5)_A0376,0.5275474456419212
2038,totalVI-X affine,ADT_CD196(CCR6)_A0225,0.5591264270869957
2038,totalVI-X affine,ADT_CD197(CCR7)_A0377,0.4871750298294716
2038,totalVI-X affine,ADT_CD20_A0192,0.47557849286314774
2038,totalVI-X affine,ADT_CD200(OX2)_A0079,0.5879815224795792
2038,totalVI-X affine,ADT_CD201(EPCR)_A0439,0.5093952915931307
2038,totalVI-X affine,ADT_CD204(Msr1)_A0448,0.407959248433334
2038,totalVI-X affine,ADT_CD206(MMR)_A0173,0.5275713275530104
2038,totalVI-X affine,ADT_CD21-CD35(CR2-CR1)_A0107,0.7270375994295109
2038,totalVI-X affine,ADT_CD223(LAG-3)_A0378,0.3874193772230323
2038,totalVI-X affine,ADT_CD23_A0108,0.7041537588157053
2038,totalVI-X affine,ADT_CD24_A0212,0.6079613951903309
2038,totalVI-X affine,ADT_CD25_A0097,0.5146225402245421
2038,totalVI-X affine,ADT_CD274(B7-H1_PD-L1)_A0190,0.5896269178119625
2038,totalVI-X affine,ADT_CD278(ICOS)_A0171,0.5114672705645408
2038,totalVI-X affine,ADT_CD279(PD-1)_A0004,0.43002171739276446
2038,totalVI-X affine,ADT_CD28_A0204,0.48682708194769225
2038,totalVI-X affine,ADT_CD29_A0570,0.7064366414651057
2038,totalVI-X affine,ADT_CD300LG(Nepmucin)_A0416,0.3884350597978729
2038,totalVI-X affine,ADT_CD301a(MGL1)_A0551,0.5832163563033502
2038,totalVI-X affine,ADT_CD301b(MGL2)_A0566,0.47340039221763197
2038,totalVI-X affine,ADT_CD304(Neuropilin-1)_A0552,0.5827754236180318
2038,totalVI-X affine,ADT_CD326(Ep-CAM)_A0449,0.6117645695000538
2038,totalVI-X affine,ADT_CD335(NKp46)_A0184,0.401059500419579
2038,totalVI-X affine,ADT_CD357(GITR)_A0193,0.6225220799001103
2038,totalVI-X affine,ADT_CD36_A0555,0.5694941613360472
2038,totalVI-X affine,ADT_CD366(Tim-3)_A0003,0.4930469797215623
2038,totalVI-X affine,ADT_CD370(CLEC9A_DNGR1)_A0556,0.5468191059492655
2038,totalVI-X affine,ADT_CD38_A0557,0.7984282958546601
2038,totalVI-X affine,ADT_CD4_A0001,0.8750376066652544
2038,totalVI-X affine,ADT_CD41_A0443,0.6291454273282462
2038,totalVI-X affine,ADT_CD43_A0110,0.6313053505707723
2038,totalVI-X affine,ADT_CD45_A0096,0.4446239548270353
2038,totalVI-X affine,ADT_CD45.1_A0178,0.544105238997678
2038,totalVI-X affine,ADT_CD45.2_A0157,0.376592410715089
2038,totalVI-X affine,ADT_CD45R-B220_A0103,0.5464053877970382
2038,totalVI-X affine,ADT_CD48_A0429,0.5583717709394801
2038,totalVI-X affine,ADT_CD49d_A0078,0.6554954511774538
2038,totalVI-X affine,ADT_CD5_A0111,0.7187530734777632
2038,totalVI-X affine,ADT_CD54_A0074,0.8462123104228739
2038,totalVI-X affine,ADT_CD55(DAF)_A0558,0.7338116005147691
2038,totalVI-X affine,ADT_CD62L_A0112,1.0102739573474557
2038,totalVI-X affine,ADT_CD62P(P-selectin)_A0229,0.4573595433440169
2038,totalVI-X affine,ADT_CD63_A0559,0.47368019313185433
2038,totalVI-X affine,ADT_CD64(FcrRI)_A0202,0.5376854361287099
2038,totalVI-X affine,ADT_CD68_A0560,0.4470629481574696
2038,totalVI-X affine,ADT_CD69_A0197,0.5516308792843876
2038,totalVI-X affine,ADT_CD71_A0441,0.5781896409380545
2038,totalVI-X affine,ADT_CD73_A0077,0.7285965905196325
2038,totalVI-X affine,ADT_CD79b(Igb)_A0561,0.5732823109717493
2038,totalVI-X affine,ADT_CD83_A0562,0.36114446515918874
2038,totalVI-X affine,ADT_CD86_A0200,0.8282468026998016
2038,totalVI-X affine,ADT_CD8a_A0002,0.7118742568122567
2038,totalVI-X affine,ADT_CD8b(Ly-3)_A0230,0.8697551323728222
2038,totalVI-X affine,ADT_CD90.1(Thy-1.1)_A0380,0.37463292123392766
2038,totalVI-X affine,ADT_CD90.2_A0075,0.7802514043416579
2038,totalVI-X affine,ADT_CD93(AA4.1_earlyBlineage)_A0113,0.5671567905133109
2038,totalVI-X affine,ADT_CX3CR1_A0563,0.4898715506980055
2038,totalVI-X affine,ADT_ESAM_A0596,0.5278276221866608
2038,totalVI-X affine,ADT_F4-80_A0114,0.6051404879634475
2038,totalVI-X affine,ADT_FceRIa_A0115,0.5436941893599659
2038,totalVI-X affine,ADT_FolateReceptorb(FR-b)_A0564,0.5691394235079028
2038,totalVI-X affine,ADT_H-2KbboundtoSIINFEKL_A0231,0.5282353887568735
2038,totalVI-X affine,ADT_I-A-I-E_A0117,0.8592402857034362
2038,totalVI-X affine,ADT_IRF4_A0249,0.5124830778395165
2038,totalVI-X affine,ADT_IgD_A0571,0.7857845958446357
2038,totalVI-X affine,ADT_IgM_A0450,0.5168893352220788
2038,totalVI-X affine,ADT_Ly-6A-E(Sca-1)_A0130,0.9912381986116486
2038,totalVI-X affine,ADT_Ly-6C_A0013,0.5448474085565115
2038,totalVI-X affine,ADT_MAdCAM-1_A0232,0.5170959298794923
2038,totalVI-X affine,ADT_MERTK(Mer)_A0565,0.5240344639217417
2038,totalVI-X affine,ADT_NK-1.1_A0118,0.5749766263893089
2038,totalVI-X affine,ADT_Notch1_A0442,0.49246039812332015
2038,totalVI-X affine,ADT_PanendothelialCellAntigen_A0381,0.5652974110399841
2038,totalVI-X affine,ADT_SiglecH_A0119,0.5253080897646338
2038,totalVI-X affine,ADT_TCRVb5.1_5.2_A0354,0.7426136377226321
2038,totalVI-X affine,ADT_TCRVb8.1_8.2_A0235,0.5931913645303553
2038,totalVI-X affine,ADT_TCRVr1.1-Cr4_A0209,0.39153095165305396
2038,totalVI-X affine,ADT_TCRVr2_A0211,0.5482995473950973
2038,totalVI-X affine,ADT_TCRVr3_A0210,0.4248981787171337
2038,totalVI-X affine,ADT_TCRbchain_A0120,0.6090668050343451
2038,totalVI-X affine,ADT_TCRr-d_A0121,0.5423056860343304
2038,totalVI-X affine,ADT_TER-119-ErythroidCells_A0122,0.47230852723862865
2038,totalVI-X affine,ADT_Tim-4_A0567,0.5552275716487589
2038,totalVI-X affine,ADT_XCR1_A0568,0.5352398166700012
2038,totalVI-X affine,ADT_anti-P2RY12_A0415,0.5357095344765336
2038,totalVI-X affine,ADT_integrinb7_A0214,0.6815452037044378
2038,totalVI likelihood-consistent + D1 head,ADT_CD102_A0104,0.6351521031687652
2038,totalVI likelihood-consistent + D1 head,ADT_CD103_A0201,0.5276406034230539
2038,totalVI likelihood-consistent + D1 head,ADT_CD106_A0226,0.6333605157786116
2038,totalVI likelihood-consistent + D1 head,ADT_CD115(CSF-1R)_A0105,0.5951676381623162
2038,totalVI likelihood-consistent + D1 head,ADT_CD117(c-Kit)_A0012,0.5594470318749502
2038,totalVI likelihood-consistent + D1 head,ADT_CD11a_A0595,0.7254147393571378
2038,totalVI likelihood-consistent + D1 head,ADT_CD11c_A0106,0.5982993142798849
2038,totalVI likelihood-consistent + D1 head,ADT_CD122(IL-2Rb)_A0227,0.5409772778120832
2038,totalVI likelihood-consistent + D1 head,ADT_CD127(IL-7Ra)_A0198,0.5635942810997732
2038,totalVI likelihood-consistent + D1 head,ADT_CD134(OX-40)_A0195,0.393778329891752
2038,totalVI likelihood-consistent + D1 head,ADT_CD135_A0098,0.4905664959082474
2038,totalVI likelihood-consistent + D1 head,ADT_CD137_A0194,0.4395182125326018
2038,totalVI likelihood-consistent + D1 head,ADT_CD14_A0424,0.5689445457262654
2038,totalVI likelihood-consistent + D1 head,ADT_CD140a_A0573,0.3753107680562424
2038,totalVI likelihood-consistent + D1 head,ADT_CD15(SSEA-1)_A0076,0.5322369150950796
2038,totalVI likelihood-consistent + D1 head,ADT_CD150(SLAM)_A0203,0.7119508345795778
2038,totalVI likelihood-consistent + D1 head,ADT_CD16-32_A0109,0.5347063695520505
2038,totalVI likelihood-consistent + D1 head,ADT_CD169(Siglec-1)_A0440,0.45811456210998003
2038,totalVI likelihood-consistent + D1 head,ADT_CD172a(SIRPa)_A0422,0.5104119832099083
2038,totalVI likelihood-consistent + D1 head,ADT_CD183(CXCR3)_A0228,0.5782369382010581
2038,totalVI likelihood-consistent + D1 head,ADT_CD184(CXCR4)_A0444,0.4854105443651406
2038,totalVI likelihood-consistent + D1 head,ADT_CD19_A0093,0.6872264803054611
2038,totalVI likelihood-consistent + D1 head,ADT_CD192(CCR2)_A0426,0.47148056108779174
2038,totalVI likelihood-consistent + D1 head,ADT_CD195(CCR5)_A0376,0.5273871992931326
2038,totalVI likelihood-consistent + D1 head,ADT_CD196(CCR6)_A0225,0.5590538841811714
2038,totalVI likelihood-consistent + D1 head,ADT_CD197(CCR7)_A0377,0.4871399216879
2038,totalVI likelihood-consistent + D1 head,ADT_CD20_A0192,0.47603797929869923
2038,totalVI likelihood-consistent + D1 head,ADT_CD200(OX2)_A0079,0.5893552093375395
2038,totalVI likelihood-consistent + D1 head,ADT_CD201(EPCR)_A0439,0.5093574814406797
2038,totalVI likelihood-consistent + D1 head,ADT_CD204(Msr1)_A0448,0.40789887703266997
2038,totalVI likelihood-consistent + D1 head,ADT_CD206(MMR)_A0173,0.5275955846846592
2038,totalVI likelihood-consistent + D1 head,ADT_CD21-CD35(CR2-CR1)_A0107,0.7272599894062368
2038,totalVI likelihood-consistent + D1 head,ADT_CD223(LAG-3)_A0378,0.3873974265757379
2038,totalVI likelihood-consistent + D1 head,ADT_CD23_A0108,0.7031485131268318
2038,totalVI likelihood-consistent + D1 head,ADT_CD24_A0212,0.6074318060181642
2038,totalVI likelihood-consistent + D1 head,ADT_CD25_A0097,0.5136737605668863
2038,totalVI likelihood-consistent + D1 head,ADT_CD274(B7-H1_PD-L1)_A0190,0.5889345218574985
2038,totalVI likelihood-consistent + D1 head,ADT_CD278(ICOS)_A0171,0.5117438365732473
2038,totalVI likelihood-consistent + D1 head,ADT_CD279(PD-1)_A0004,0.4301215628435642
2038,totalVI likelihood-consistent + D1 head,ADT_CD28_A0204,0.4870350245299278
2038,totalVI likelihood-consistent + D1 head,ADT_CD29_A0570,0.7054591144501471
2038,totalVI likelihood-consistent + D1 head,ADT_CD300LG(Nepmucin)_A0416,0.38840130556397817
2038,totalVI likelihood-consistent + D1 head,ADT_CD301a(MGL1)_A0551,0.5827219066788338
2038,totalVI likelihood-consistent + D1 head,ADT_CD301b(MGL2)_A0566,0.47350294324383024
2038,totalVI likelihood-consistent + D1 head,ADT_CD304(Neuropilin-1)_A0552,0.5824019408378249
2038,totalVI likelihood-consistent + D1 head,ADT_CD326(Ep-CAM)_A0449,0.6115614690687361
2038,totalVI likelihood-consistent + D1 head,ADT_CD335(NKp46)_A0184,0.40099125245014977
2038,totalVI likelihood-consistent + D1 head,ADT_CD357(GITR)_A0193,0.6234324319658507
2038,totalVI likelihood-consistent + D1 head,ADT_CD36_A0555,0.5691996385363266
2038,totalVI likelihood-consistent + D1 head,ADT_CD366(Tim-3)_A0003,0.49303777629512885
2038,totalVI likelihood-consistent + D1 head,ADT_CD370(CLEC9A_DNGR1)_A0556,0.5465635318165949
2038,totalVI likelihood-consistent + D1 head,ADT_CD38_A0557,0.7989915086606735
2038,totalVI likelihood-consistent + D1 head,ADT_CD4_A0001,0.8688788040401693
2038,totalVI likelihood-consistent + D1 head,ADT_CD41_A0443,0.6295597387210449
2038,totalVI likelihood-consistent + D1 head,ADT_CD43_A0110,0.6317667806022067
2038,totalVI likelihood-consistent + D1 head,ADT_CD45_A0096,0.44461975539080817
2038,totalVI likelihood-consistent + D1 head,ADT_CD45.1_A0178,0.544079615676995
2038,totalVI likelihood-consistent + D1 head,ADT_CD45.2_A0157,0.3765935467711628
2038,totalVI likelihood-consistent + D1 head,ADT_CD45R-B220_A0103,0.5479161130876982
2038,totalVI likelihood-consistent + D1 head,ADT_CD48_A0429,0.5583373471777006
2038,totalVI likelihood-consistent + D1 head,ADT_CD49d_A0078,0.6554138280448829
2038,totalVI likelihood-consistent + D1 head,ADT_CD5_A0111,0.7191548115935411
2038,totalVI likelihood-consistent + D1 head,ADT_CD54_A0074,0.848017867483006
2038,totalVI likelihood-consistent + D1 head,ADT_CD55(DAF)_A0558,0.7338438311343896
2038,totalVI likelihood-consistent + D1 head,ADT_CD62L_A0112,1.0117930434972515
2038,totalVI likelihood-consistent + D1 head,ADT_CD62P(P-selectin)_A0229,0.4573916867749114
2038,totalVI likelihood-consistent + D1 head,ADT_CD63_A0559,0.47357821748195605
2038,totalVI likelihood-consistent + D1 head,ADT_CD64(FcrRI)_A0202,0.5376915156156202
2038,totalVI likelihood-consistent + D1 head,ADT_CD68_A0560,0.4474462799491483
2038,totalVI likelihood-consistent + D1 head,ADT_CD69_A0197,0.5515607273675603
2038,totalVI likelihood-consistent + D1 head,ADT_CD71_A0441,0.5790329425896559
2038,totalVI likelihood-consistent + D1 head,ADT_CD73_A0077,0.7283034810416934
2038,totalVI likelihood-consistent + D1 head,ADT_CD79b(Igb)_A0561,0.5742749796349572
2038,totalVI likelihood-consistent + D1 head,ADT_CD83_A0562,0.3609841399513814
2038,totalVI likelihood-consistent + D1 head,ADT_CD86_A0200,0.8290155688806694
2038,totalVI likelihood-consistent + D1 head,ADT_CD8a_A0002,0.7067976355011841
2038,totalVI likelihood-consistent + D1 head,ADT_CD8b(Ly-3)_A0230,0.8588122838956495
2038,totalVI likelihood-consistent + D1 head,ADT_CD90.1(Thy-1.1)_A0380,0.3746773928356494
2038,totalVI likelihood-consistent + D1 head,ADT_CD90.2_A0075,0.7795931545022446
2038,totalVI likelihood-consistent + D1 head,ADT_CD93(AA4.1_earlyBlineage)_A0113,0.5667086311337612
2038,totalVI likelihood-consistent + D1 head,ADT_CX3CR1_A0563,0.48865679661664524
2038,totalVI likelihood-consistent + D1 head,ADT_ESAM_A0596,0.527685668856197
2038,totalVI likelihood-consistent + D1 head,ADT_F4-80_A0114,0.6043571116085646
2038,totalVI likelihood-consistent + D1 head,ADT_FceRIa_A0115,0.5435291854816944
2038,totalVI likelihood-consistent + D1 head,ADT_FolateReceptorb(FR-b)_A0564,0.5690984346627268
2038,totalVI likelihood-consistent + D1 head,ADT_H-2KbboundtoSIINFEKL_A0231,0.5282645199238133
2038,totalVI likelihood-consistent + D1 head,ADT_I-A-I-E_A0117,0.8589134022897392
2038,totalVI likelihood-consistent + D1 head,ADT_IRF4_A0249,0.5124938141741524
2038,totalVI likelihood-consistent + D1 head,ADT_IgD_A0571,0.7855364621128476
2038,totalVI likelihood-consistent + D1 head,ADT_IgM_A0450,0.5168851681263961
2038,totalVI likelihood-consistent + D1 head,ADT_Ly-6A-E(Sca-1)_A0130,0.9913473501184146
2038,totalVI likelihood-consistent + D1 head,ADT_Ly-6C_A0013,0.5437604053671484
2038,totalVI likelihood-consistent + D1 head,ADT_MAdCAM-1_A0232,0.5170646964421047
2038,totalVI likelihood-consistent + D1 head,ADT_MERTK(Mer)_A0565,0.5239986157731168
2038,totalVI likelihood-consistent + D1 head,ADT_NK-1.1_A0118,0.5746932103228208
2038,totalVI likelihood-consistent + D1 head,ADT_Notch1_A0442,0.4924695650195778
2038,totalVI likelihood-consistent + D1 head,ADT_PanendothelialCellAntigen_A0381,0.5655160275719103
2038,totalVI likelihood-consistent + D1 head,ADT_SiglecH_A0119,0.5249922853329144
2038,totalVI likelihood-consistent + D1 head,ADT_TCRVb5.1_5.2_A0354,0.7425223597859124
2038,totalVI likelihood-consistent + D1 head,ADT_TCRVb8.1_8.2_A0235,0.5932084680086145
2038,totalVI likelihood-consistent + D1 head,ADT_TCRVr1.1-Cr4_A0209,0.39155995341415706
2038,totalVI likelihood-consistent + D1 head,ADT_TCRVr2_A0211,0.5481518411982551
2038,totalVI likelihood-consistent + D1 head,ADT_TCRVr3_A0210,0.4248429481634543
2038,totalVI likelihood-consistent + D1 head,ADT_TCRbchain_A0120,0.6077225280540688
2038,totalVI likelihood-consistent + D1 head,ADT_TCRr-d_A0121,0.542137446796615
2038,totalVI likelihood-consistent + D1 head,ADT_TER-119-ErythroidCells_A0122,0.46958127312473963
2038,totalVI likelihood-consistent + D1 head,ADT_Tim-4_A0567,0.5552289883659446
2038,totalVI likelihood-consistent + D1 head,ADT_XCR1_A0568,0.5348093109913282
2038,totalVI likelihood-consistent + D1 head,ADT_anti-P2RY12_A0415,0.5354621082674096
2038,totalVI likelihood-consistent + D1 head,ADT_integrinb7_A0214,0.681781757077638
2039,totalVI helper-uncorrected,ADT_CD102_A0104,0.8623790825194481
2039,totalVI helper-uncorrected,ADT_CD103_A0201,1.0566350310133605
2039,totalVI helper-uncorrected,ADT_CD106_A0226,0.9480697384458471
2039,totalVI helper-uncorrected,ADT_CD115(CSF-1R)_A0105,1.0392880213756894
2039,totalVI helper-uncorrected,ADT_CD117(c-Kit)_A0012,1.0690366534543698
2039,totalVI helper-uncorrected,ADT_CD11a_A0595,0.662448030300263
2039,totalVI helper-uncorrected,ADT_CD11c_A0106,1.0491334487399118
2039,totalVI helper-uncorrected,ADT_CD122(IL-2Rb)_A0227,0.9942350708366744
2039,totalVI helper-uncorrected,ADT_CD127(IL-7Ra)_A0198,0.9257732281979714
2039,totalVI helper-uncorrected,ADT_CD134(OX-40)_A0195,1.1715929163887844
2039,totalVI helper-uncorrected,ADT_CD135_A0098,1.0901969203105604
2039,totalVI helper-uncorrected,ADT_CD137_A0194,1.1205231969117513
2039,totalVI helper-uncorrected,ADT_CD14_A0424,1.093034983963167
2039,totalVI helper-uncorrected,ADT_CD140a_A0573,1.073826759534811
2039,totalVI helper-uncorrected,ADT_CD15(SSEA-1)_A0076,1.179394168529481
2039,totalVI helper-uncorrected,ADT_CD150(SLAM)_A0203,1.0305217293073183
2039,totalVI helper-uncorrected,ADT_CD16-32_A0109,1.0792681234289776
2039,totalVI helper-uncorrected,ADT_CD169(Siglec-1)_A0440,1.1085412426272974
2039,totalVI helper-uncorrected,ADT_CD172a(SIRPa)_A0422,1.0691008107802287
2039,totalVI helper-uncorrected,ADT_CD183(CXCR3)_A0228,1.0946300066936496
2039,totalVI helper-uncorrected,ADT_CD184(CXCR4)_A0444,1.020245521317962
2039,totalVI helper-uncorrected,ADT_CD19_A0093,0.812019991331382
2039,totalVI helper-uncorrected,ADT_CD192(CCR2)_A0426,0.9890098416048904
2039,totalVI helper-uncorrected,ADT_CD195(CCR5)_A0376,1.156249277504943
2039,totalVI helper-uncorrected,ADT_CD196(CCR6)_A0225,0.9821456965109958
2039,totalVI helper-uncorrected,ADT_CD197(CCR7)_A0377,1.0931071533031629
2039,totalVI helper-uncorrected,ADT_CD20_A0192,1.0223419443821646
2039,totalVI helper-uncorrected,ADT_CD200(OX2)_A0079,1.082794988739091
2039,totalVI helper-uncorrected,ADT_CD201(EPCR)_A0439,1.0545292039243293
2039,totalVI helper-uncorrected,ADT_CD204(Msr1)_A0448,0.6846415565853325
2039,totalVI helper-uncorrected,ADT_CD206(MMR)_A0173,1.2195749099445015
2039,totalVI helper-uncorrected,ADT_CD21-CD35(CR2-CR1)_A0107,1.2078355967990193
2039,totalVI helper-uncorrected,ADT_CD223(LAG-3)_A0378,1.0712577537592578
2039,totalVI helper-uncorrected,ADT_CD23_A0108,1.2127675106885845
2039,totalVI helper-uncorrected,ADT_CD24_A0212,1.1515766046482638
2039,totalVI helper-uncorrected,ADT_CD25_A0097,0.8691401425357379
2039,totalVI helper-uncorrected,ADT_CD274(B7-H1_PD-L1)_A0190,0.8522482811349176
2039,totalVI helper-uncorrected,ADT_CD278(ICOS)_A0171,0.9990755482365451
2039,totalVI helper-uncorrected,ADT_CD279(PD-1)_A0004,1.1080852211118455
2039,totalVI helper-uncorrected,ADT_CD28_A0204,1.0635947981925422
2039,totalVI helper-uncorrected,ADT_CD29_A0570,0.8954159870806838
2039,totalVI helper-uncorrected,ADT_CD300LG(Nepmucin)_A0416,1.091828788657533
2039,totalVI helper-uncorrected,ADT_CD301a(MGL1)_A0551,1.170177625277795
2039,totalVI helper-uncorrected,ADT_CD301b(MGL2)_A0566,1.0766252823179827
2039,totalVI helper-uncorrected,ADT_CD304(Neuropilin-1)_A0552,1.1924246469630708
2039,totalVI helper-uncorrected,ADT_CD326(Ep-CAM)_A0449,1.0386986068377204
2039,totalVI helper-uncorrected,ADT_CD335(NKp46)_A0184,1.201091338712225
2039,totalVI helper-uncorrected,ADT_CD357(GITR)_A0193,1.0200526562566838
2039,totalVI helper-uncorrected,ADT_CD36_A0555,1.0485824162163961
2039,totalVI helper-uncorrected,ADT_CD366(Tim-3)_A0003,0.9146890807534317
2039,totalVI helper-uncorrected,ADT_CD370(CLEC9A_DNGR1)_A0556,1.07717293488125
2039,totalVI helper-uncorrected,ADT_CD38_A0557,0.9470280227677311
2039,totalVI helper-uncorrected,ADT_CD4_A0001,1.291306945039583
2039,totalVI helper-uncorrected,ADT_CD41_A0443,1.3793083183414303
2039,totalVI helper-uncorrected,ADT_CD43_A0110,0.967969996412881
2039,totalVI helper-uncorrected,ADT_CD45_A0096,1.1940442558232776
2039,totalVI helper-uncorrected,ADT_CD45.1_A0178,1.1096560747506359
2039,totalVI helper-uncorrected,ADT_CD45.2_A0157,1.1519906326961875
2039,totalVI helper-uncorrected,ADT_CD45R-B220_A0103,1.0189005523260735
2039,totalVI helper-uncorrected,ADT_CD48_A0429,0.822079750255013
2039,totalVI helper-uncorrected,ADT_CD49d_A0078,0.9278054686109649
2039,totalVI helper-uncorrected,ADT_CD5_A0111,1.0515960400264919
2039,totalVI helper-uncorrected,ADT_CD54_A0074,0.9516935975770203
2039,totalVI helper-uncorrected,ADT_CD55(DAF)_A0558,1.0573403889435413
2039,totalVI helper-uncorrected,ADT_CD62L_A0112,1.09026283860965
2039,totalVI helper-uncorrected,ADT_CD62P(P-selectin)_A0229,1.183980348112952
2039,totalVI helper-uncorrected,ADT_CD63_A0559,1.100988184241277
2039,totalVI helper-uncorrected,ADT_CD64(FcrRI)_A0202,0.9288088520337451
2039,totalVI helper-uncorrected,ADT_CD68_A0560,0.7349452870768024
2039,totalVI helper-uncorrected,ADT_CD69_A0197,0.967308865559609
2039,totalVI helper-uncorrected,ADT_CD71_A0441,1.1274464094717953
2039,totalVI helper-uncorrected,ADT_CD73_A0077,1.1849083635922406
2039,totalVI helper-uncorrected,ADT_CD79b(Igb)_A0561,1.038495331582061
2039,totalVI helper-uncorrected,ADT_CD83_A0562,0.5307283131212761
2039,totalVI helper-uncorrected,ADT_CD86_A0200,1.1669688155404987
2039,totalVI helper-uncorrected,ADT_CD8a_A0002,1.296673176395417
2039,totalVI helper-uncorrected,ADT_CD8b(Ly-3)_A0230,1.447497806957252
2039,totalVI helper-uncorrected,ADT_CD90.1(Thy-1.1)_A0380,0.6177885923748412
2039,totalVI helper-uncorrected,ADT_CD90.2_A0075,1.1736002351161388
2039,totalVI helper-uncorrected,ADT_CD93(AA4.1_earlyBlineage)_A0113,1.14084539308305
2039,totalVI helper-uncorrected,ADT_CX3CR1_A0563,0.8213554063738656
2039,totalVI helper-uncorrected,ADT_ESAM_A0596,1.0805446997737476
2039,totalVI helper-uncorrected,ADT_F4-80_A0114,1.0801522710345994
2039,totalVI helper-uncorrected,ADT_FceRIa_A0115,1.083806982184513
2039,totalVI helper-uncorrected,ADT_FolateReceptorb(FR-b)_A0564,1.1024933681748101
2039,totalVI helper-uncorrected,ADT_H-2KbboundtoSIINFEKL_A0231,1.092596241012184
2039,totalVI helper-uncorrected,ADT_I-A-I-E_A0117,1.4957806614589289
2039,totalVI helper-uncorrected,ADT_IRF4_A0249,1.056419682885205
2039,totalVI helper-uncorrected,ADT_IgD_A0571,1.169641489712793
2039,totalVI helper-uncorrected,ADT_IgM_A0450,1.101547801218098
2039,totalVI helper-uncorrected,ADT_Ly-6A-E(Sca-1)_A0130,1.28953701235298
2039,totalVI helper-uncorrected,ADT_Ly-6C_A0013,1.0991944486821903
2039,totalVI helper-uncorrected,ADT_MAdCAM-1_A0232,1.1015681768880772
2039,totalVI helper-uncorrected,ADT_MERTK(Mer)_A0565,1.1317967711877304
2039,totalVI helper-uncorrected,ADT_NK-1.1_A0118,1.2493694633328083
2039,totalVI helper-uncorrected,ADT_Notch1_A0442,1.1622491915770465
2039,totalVI helper-uncorrected,ADT_PanendothelialCellAntigen_A0381,1.0839687049793705
2039,totalVI helper-uncorrected,ADT_SiglecH_A0119,1.0894264046065072
2039,totalVI helper-uncorrected,ADT_TCRVb5.1_5.2_A0354,1.632995359267562
2039,totalVI helper-uncorrected,ADT_TCRVb8.1_8.2_A0235,1.1133715215029472
2039,totalVI helper-uncorrected,ADT_TCRVr1.1-Cr4_A0209,0.6072710996185433
2039,totalVI helper-uncorrected,ADT_TCRVr2_A0211,1.0948642715200336
2039,totalVI helper-uncorrected,ADT_TCRVr3_A0210,1.0477187488174926
2039,totalVI helper-uncorrected,ADT_TCRbchain_A0120,1.2255473915267967
2039,totalVI helper-uncorrected,ADT_TCRr-d_A0121,1.1198869022973128
2039,totalVI helper-uncorrected,ADT_TER-119-ErythroidCells_A0122,0.8187547044172715
2039,totalVI helper-uncorrected,ADT_Tim-4_A0567,1.0838523721436553
2039,totalVI helper-uncorrected,ADT_XCR1_A0568,1.0620899670782709
2039,totalVI helper-uncorrected,ADT_anti-P2RY12_A0415,1.0940682254802472
2039,totalVI helper-uncorrected,ADT_integrinb7_A0214,0.8722899586492174
2039,totalVI likelihood-consistent,ADT_CD102_A0104,0.4971938286948912
2039,totalVI likelihood-consistent,ADT_CD103_A0201,0.5129622350508387
2039,totalVI likelihood-consistent,ADT_CD106_A0226,0.5866310638690267
2039,totalVI likelihood-consistent,ADT_CD115(CSF-1R)_A0105,0.5908411310293471
2039,totalVI likelihood-consistent,ADT_CD117(c-Kit)_A0012,0.5657238507910308
2039,totalVI likelihood-consistent,ADT_CD11a_A0595,0.5862200145721393
2039,totalVI likelihood-consistent,ADT_CD11c_A0106,0.6124032404775273
2039,totalVI likelihood-consistent,ADT_CD122(IL-2Rb)_A0227,0.5452361502920794
2039,totalVI likelihood-consistent,ADT_CD127(IL-7Ra)_A0198,0.5381394568098881
2039,totalVI likelihood-consistent,ADT_CD134(OX-40)_A0195,0.41888417069836087
2039,totalVI likelihood-consistent,ADT_CD135_A0098,0.50417292179704
2039,totalVI likelihood-consistent,ADT_CD137_A0194,0.4527945138317299
2039,totalVI likelihood-consistent,ADT_CD14_A0424,0.5851895264619112
2039,totalVI likelihood-consistent,ADT_CD140a_A0573,0.38038085236767777
2039,totalVI likelihood-consistent,ADT_CD15(SSEA-1)_A0076,0.5688090521056044
2039,totalVI likelihood-consistent,ADT_CD150(SLAM)_A0203,0.6324469098235687
2039,totalVI likelihood-consistent,ADT_CD16-32_A0109,0.5560355799266569
2039,totalVI likelihood-consistent,ADT_CD169(Siglec-1)_A0440,0.46227761616251806
2039,totalVI likelihood-consistent,ADT_CD172a(SIRPa)_A0422,0.5167749906518386
2039,totalVI likelihood-consistent,ADT_CD183(CXCR3)_A0228,0.607923172917426
2039,totalVI likelihood-consistent,ADT_CD184(CXCR4)_A0444,0.47600065683310944
2039,totalVI likelihood-consistent,ADT_CD19_A0093,0.5875450864583741
2039,totalVI likelihood-consistent,ADT_CD192(CCR2)_A0426,0.45636814465595094
2039,totalVI likelihood-consistent,ADT_CD195(CCR5)_A0376,0.5574959192025792
2039,totalVI likelihood-consistent,ADT_CD196(CCR6)_A0225,0.5558140288092387
2039,totalVI likelihood-consistent,ADT_CD197(CCR7)_A0377,0.4968204463041237
2039,totalVI likelihood-consistent,ADT_CD20_A0192,0.4513508751176126
2039,totalVI likelihood-consistent,ADT_CD200(OX2)_A0079,0.5605063903890493
2039,totalVI likelihood-consistent,ADT_CD201(EPCR)_A0439,0.5148690337941311
2039,totalVI likelihood-consistent,ADT_CD204(Msr1)_A0448,0.41944943581531974
2039,totalVI likelihood-consistent,ADT_CD206(MMR)_A0173,0.5584860515704895
2039,totalVI likelihood-consistent,ADT_CD21-CD35(CR2-CR1)_A0107,0.6994636977331788
2039,totalVI likelihood-consistent,ADT_CD223(LAG-3)_A0378,0.3919996630692795
2039,totalVI likelihood-consistent,ADT_CD23_A0108,0.6786965559351829
2039,totalVI likelihood-consistent,ADT_CD24_A0212,0.5828029533345973
2039,totalVI likelihood-consistent,ADT_CD25_A0097,0.5292825126430027
2039,totalVI likelihood-consistent,ADT_CD274(B7-H1_PD-L1)_A0190,0.4969817378516276
2039,totalVI likelihood-consistent,ADT_CD278(ICOS)_A0171,0.4742112981734565
2039,totalVI likelihood-consistent,ADT_CD279(PD-1)_A0004,0.4424015433736609
2039,totalVI likelihood-consistent,ADT_CD28_A0204,0.4897801664477923
2039,totalVI likelihood-consistent,ADT_CD29_A0570,0.608015832566434
2039,totalVI likelihood-consistent,ADT_CD300LG(Nepmucin)_A0416,0.39610707970855075
2039,totalVI likelihood-consistent,ADT_CD301a(MGL1)_A0551,0.6238432171901306
2039,totalVI likelihood-consistent,ADT_CD301b(MGL2)_A0566,0.47920233653087063
2039,totalVI likelihood-consistent,ADT_CD304(Neuropilin-1)_A0552,0.6223385326674957
2039,totalVI likelihood-consistent,ADT_CD326(Ep-CAM)_A0449,0.6225297250644296
2039,totalVI likelihood-consistent,ADT_CD335(NKp46)_A0184,0.41981013657903854
2039,totalVI likelihood-consistent,ADT_CD357(GITR)_A0193,0.5819418133638222
2039,totalVI likelihood-consistent,ADT_CD36_A0555,0.5770478783056756
2039,totalVI likelihood-consistent,ADT_CD366(Tim-3)_A0003,0.5228344930868128
2039,totalVI likelihood-consistent,ADT_CD370(CLEC9A_DNGR1)_A0556,0.5628673460282975
2039,totalVI likelihood-consistent,ADT_CD38_A0557,0.714785556550586
2039,totalVI likelihood-consistent,ADT_CD4_A0001,0.830234463000128
2039,totalVI likelihood-consistent,ADT_CD41_A0443,0.7218510473889086
2039,totalVI likelihood-consistent,ADT_CD43_A0110,0.5595366126394371
2039,totalVI likelihood-consistent,ADT_CD45_A0096,0.4653225696244889
2039,totalVI likelihood-consistent,ADT_CD45.1_A0178,0.5791521355469306
2039,totalVI likelihood-consistent,ADT_CD45.2_A0157,0.39559755256581697
2039,totalVI likelihood-consistent,ADT_CD45R-B220_A0103,0.5017416965326452
2039,totalVI likelihood-consistent,ADT_CD48_A0429,0.4527384036388087
2039,totalVI likelihood-consistent,ADT_CD49d_A0078,0.5377133129669471
2039,totalVI likelihood-consistent,ADT_CD5_A0111,0.6437002987473045
2039,totalVI likelihood-consistent,ADT_CD54_A0074,0.6648251651461198
2039,totalVI likelihood-consistent,ADT_CD55(DAF)_A0558,0.6598816272609004
2039,totalVI likelihood-consistent,ADT_CD62L_A0112,0.8510306241369141
2039,totalVI likelihood-consistent,ADT_CD62P(P-selectin)_A0229,0.48238823229970185
2039,totalVI likelihood-consistent,ADT_CD63_A0559,0.4805575777442298
2039,totalVI likelihood-consistent,ADT_CD64(FcrRI)_A0202,0.5302994642611498
2039,totalVI likelihood-consistent,ADT_CD68_A0560,0.4609417921541539
2039,totalVI likelihood-consistent,ADT_CD69_A0197,0.5234094483881435
2039,totalVI likelihood-consistent,ADT_CD71_A0441,0.5594706356733945
2039,totalVI likelihood-consistent,ADT_CD73_A0077,0.7086702444265959
2039,totalVI likelihood-consistent,ADT_CD79b(Igb)_A0561,0.5413356466562333
2039,totalVI likelihood-consistent,ADT_CD83_A0562,0.36413775893753975
2039,totalVI likelihood-consistent,ADT_CD86_A0200,0.7504357484285569
2039,totalVI likelihood-consistent,ADT_CD8a_A0002,0.7504520246730962
2039,totalVI likelihood-consistent,ADT_CD8b(Ly-3)_A0230,0.9343747692960521
2039,totalVI likelihood-consistent,ADT_CD90.1(Thy-1.1)_A0380,0.3848019270368965
2039,totalVI likelihood-consistent,ADT_CD90.2_A0075,0.748003047908993
2039,totalVI likelihood-consistent,ADT_CD93(AA4.1_earlyBlineage)_A0113,0.5972577868084378
2039,totalVI likelihood-consistent,ADT_CX3CR1_A0563,0.5016028534032869
2039,totalVI likelihood-consistent,ADT_ESAM_A0596,0.5391441040580246
2039,totalVI likelihood-consistent,ADT_F4-80_A0114,0.6184295620491789
2039,totalVI likelihood-consistent,ADT_FceRIa_A0115,0.5668277676031805
2039,totalVI likelihood-consistent,ADT_FolateReceptorb(FR-b)_A0564,0.5751011923563463
2039,totalVI likelihood-consistent,ADT_H-2KbboundtoSIINFEKL_A0231,0.5441011245505153
2039,totalVI likelihood-consistent,ADT_I-A-I-E_A0117,0.8910530784968542
2039,totalVI likelihood-consistent,ADT_IRF4_A0249,0.5162214007009777
2039,totalVI likelihood-consistent,ADT_IgD_A0571,0.7120388955565973
2039,totalVI likelihood-consistent,ADT_IgM_A0450,0.5366520675228592
2039,totalVI likelihood-consistent,ADT_Ly-6A-E(Sca-1)_A0130,0.8550938385058675
2039,totalVI likelihood-consistent,ADT_Ly-6C_A0013,0.5478959830444886
2039,totalVI likelihood-consistent,ADT_MAdCAM-1_A0232,0.529873138490044
2039,totalVI likelihood-consistent,ADT_MERTK(Mer)_A0565,0.5478417539367507
2039,totalVI likelihood-consistent,ADT_NK-1.1_A0118,0.6309545339760461
2039,totalVI likelihood-consistent,ADT_Notch1_A0442,0.5182747969146847
2039,totalVI likelihood-consistent,ADT_PanendothelialCellAntigen_A0381,0.5733005173623265
2039,totalVI likelihood-consistent,ADT_SiglecH_A0119,0.5450131992095104
2039,totalVI likelihood-consistent,ADT_TCRVb5.1_5.2_A0354,0.9431553882651365
2039,totalVI likelihood-consistent,ADT_TCRVb8.1_8.2_A0235,0.6209371346433836
2039,totalVI likelihood-consistent,ADT_TCRVr1.1-Cr4_A0209,0.3980837912453004
2039,totalVI likelihood-consistent,ADT_TCRVr2_A0211,0.5723290611643945
2039,totalVI likelihood-consistent,ADT_TCRVr3_A0210,0.4250676089357916
2039,totalVI likelihood-consistent,ADT_TCRbchain_A0120,0.6356774594169372
2039,totalVI likelihood-consistent,ADT_TCRr-d_A0121,0.5636187441656577
2039,totalVI likelihood-consistent,ADT_TER-119-ErythroidCells_A0122,0.49108483158865607
2039,totalVI likelihood-consistent,ADT_Tim-4_A0567,0.5539324770742055
2039,totalVI likelihood-consistent,ADT_XCR1_A0568,0.5469044317946642
2039,totalVI likelihood-consistent,ADT_anti-P2RY12_A0415,0.5439284490148654
2039,totalVI likelihood-consistent,ADT_integrinb7_A0214,0.5475236345666203
2039,totalVI-X affine,ADT_CD102_A0104,0.6280515531213454
2039,totalVI-X affine,ADT_CD103_A0201,0.5235121712819258
2039,totalVI-X affine,ADT_CD106_A0226,0.6422147024688838
2039,totalVI-X affine,ADT_CD115(CSF-1R)_A0105,0.5953157441048182
2039,totalVI-X affine,ADT_CD117(c-Kit)_A0012,0.5643865434101258
2039,totalVI-X affine,ADT_CD11a_A0595,0.7317626494305468
2039,totalVI-X affine,ADT_CD11c_A0106,0.6020859308481906
2039,totalVI-X affine,ADT_CD122(IL-2Rb)_A0227,0.5416759482865758
2039,totalVI-X affine,ADT_CD127(IL-7Ra)_A0198,0.5629460306471143
2039,totalVI-X affine,ADT_CD134(OX-40)_A0195,0.3968075972364655
2039,totalVI-X affine,ADT_CD135_A0098,0.4910667404149462
2039,totalVI-X affine,ADT_CD137_A0194,0.4377841582008319
2039,totalVI-X affine,ADT_CD14_A0424,0.573267182154252
2039,totalVI-X affine,ADT_CD140a_A0573,0.3762932921370044
2039,totalVI-X affine,ADT_CD15(SSEA-1)_A0076,0.5308287071269144
2039,totalVI-X affine,ADT_CD150(SLAM)_A0203,0.7259680659212816
2039,totalVI-X affine,ADT_CD16-32_A0109,0.5371181864924521
2039,totalVI-X affine,ADT_CD169(Siglec-1)_A0440,0.4593713498186811
2039,totalVI-X affine,ADT_CD172a(SIRPa)_A0422,0.5128639449880729
2039,totalVI-X affine,ADT_CD183(CXCR3)_A0228,0.5847358460947625
2039,totalVI-X affine,ADT_CD184(CXCR4)_A0444,0.48924706853593675
2039,totalVI-X affine,ADT_CD19_A0093,0.6819631810495437
2039,totalVI-X affine,ADT_CD192(CCR2)_A0426,0.4793686592898609
2039,totalVI-X affine,ADT_CD195(CCR5)_A0376,0.5298410445030486
2039,totalVI-X affine,ADT_CD196(CCR6)_A0225,0.5589282936146902
2039,totalVI-X affine,ADT_CD197(CCR7)_A0377,0.4897281089828228
2039,totalVI-X affine,ADT_CD20_A0192,0.48106180318114955
2039,totalVI-X affine,ADT_CD200(OX2)_A0079,0.5887868967383524
2039,totalVI-X affine,ADT_CD201(EPCR)_A0439,0.5112196275877057
2039,totalVI-X affine,ADT_CD204(Msr1)_A0448,0.4072400639515784
2039,totalVI-X affine,ADT_CD206(MMR)_A0173,0.5265489374688241
2039,totalVI-X affine,ADT_CD21-CD35(CR2-CR1)_A0107,0.719308375078785
2039,totalVI-X affine,ADT_CD223(LAG-3)_A0378,0.3871798754243447
2039,totalVI-X affine,ADT_CD23_A0108,0.7025596578732082
2039,totalVI-X affine,ADT_CD24_A0212,0.6105006833310374
2039,totalVI-X affine,ADT_CD25_A0097,0.5139505519377336
2039,totalVI-X affine,ADT_CD274(B7-H1_PD-L1)_A0190,0.5879294156736236
2039,totalVI-X affine,ADT_CD278(ICOS)_A0171,0.5173150590218769
2039,totalVI-X affine,ADT_CD279(PD-1)_A0004,0.4292905763415908
2039,totalVI-X affine,ADT_CD28_A0204,0.48785261690457354
2039,totalVI-X affine,ADT_CD29_A0570,0.7246204479922059
2039,totalVI-X affine,ADT_CD300LG(Nepmucin)_A0416,0.38762771759078096
2039,totalVI-X affine,ADT_CD301a(MGL1)_A0551,0.5810955872197575
2039,totalVI-X affine,ADT_CD301b(MGL2)_A0566,0.4719870675610944
2039,totalVI-X affine,ADT_CD304(Neuropilin-1)_A0552,0.5821809690423777
2039,totalVI-X affine,ADT_CD326(Ep-CAM)_A0449,0.6111846286038973
2039,totalVI-X affine,ADT_CD335(NKp46)_A0184,0.40010165194261393
2039,totalVI-X affine,ADT_CD357(GITR)_A0193,0.6192109220873626
2039,totalVI-X affine,ADT_CD36_A0555,0.5714406534437677
2039,totalVI-X affine,ADT_CD366(Tim-3)_A0003,0.4936555844594722
2039,totalVI-X affine,ADT_CD370(CLEC9A_DNGR1)_A0556,0.547404927828806
2039,totalVI-X affine,ADT_CD38_A0557,0.7956608981940462
2039,totalVI-X affine,ADT_CD4_A0001,0.8492132662959764
2039,totalVI-X affine,ADT_CD41_A0443,0.6244437561460535
2039,totalVI-X affine,ADT_CD43_A0110,0.6399906110199649
2039,totalVI-X affine,ADT_CD45_A0096,0.4483491942108627
2039,totalVI-X affine,ADT_CD45.1_A0178,0.5435610735535056
2039,totalVI-X affine,ADT_CD45.2_A0157,0.3771066403769883
2039,totalVI-X affine,ADT_CD45R-B220_A0103,0.5463679997777348
2039,totalVI-X affine,ADT_CD48_A0429,0.5752897835600953
2039,totalVI-X affine,ADT_CD49d_A0078,0.6608782140481408
2039,totalVI-X affine,ADT_CD5_A0111,0.7252251300075033
2039,totalVI-X affine,ADT_CD54_A0074,0.8728619542695101
2039,totalVI-X affine,ADT_CD55(DAF)_A0558,0.7219236952070405
2039,totalVI-X affine,ADT_CD62L_A0112,1.0064554495301503
2039,totalVI-X affine,ADT_CD62P(P-selectin)_A0229,0.4567454449386931
2039,totalVI-X affine,ADT_CD63_A0559,0.4757507377550619
2039,totalVI-X affine,ADT_CD64(FcrRI)_A0202,0.5168141398455093
2039,totalVI-X affine,ADT_CD68_A0560,0.4465891487767082
2039,totalVI-X affine,ADT_CD69_A0197,0.5486751081442123
2039,totalVI-X affine,ADT_CD71_A0441,0.5869430315079068
2039,totalVI-X affine,ADT_CD73_A0077,0.733332555095026
2039,totalVI-X affine,ADT_CD79b(Igb)_A0561,0.5730308719090093
2039,totalVI-X affine,ADT_CD83_A0562,0.361147278686216
2039,totalVI-X affine,ADT_CD86_A0200,0.8302370413905247
2039,totalVI-X affine,ADT_CD8a_A0002,0.7276878086736629
2039,totalVI-X affine,ADT_CD8b(Ly-3)_A0230,0.9031807606884835
2039,totalVI-X affine,ADT_CD90.1(Thy-1.1)_A0380,0.3754696500245866
2039,totalVI-X affine,ADT_CD90.2_A0075,0.78817010984684
2039,totalVI-X affine,ADT_CD93(AA4.1_earlyBlineage)_A0113,0.5687585062315851
2039,totalVI-X affine,ADT_CX3CR1_A0563,0.491405824881413
2039,totalVI-X affine,ADT_ESAM_A0596,0.5307970743731588
2039,totalVI-X affine,ADT_F4-80_A0114,0.6113951922770895
2039,totalVI-X affine,ADT_FceRIa_A0115,0.542004427473199
2039,totalVI-X affine,ADT_FolateReceptorb(FR-b)_A0564,0.5699117823489477
2039,totalVI-X affine,ADT_H-2KbboundtoSIINFEKL_A0231,0.5292107648994923
2039,totalVI-X affine,ADT_I-A-I-E_A0117,0.8783714514247932
2039,totalVI-X affine,ADT_IRF4_A0249,0.5148407556183434
2039,totalVI-X affine,ADT_IgD_A0571,0.7800845026266173
2039,totalVI-X affine,ADT_IgM_A0450,0.515910785932973
2039,totalVI-X affine,ADT_Ly-6A-E(Sca-1)_A0130,0.9936835718205995
2039,totalVI-X affine,ADT_Ly-6C_A0013,0.5594489774229844
2039,totalVI-X affine,ADT_MAdCAM-1_A0232,0.5154766993434546
2039,totalVI-X affine,ADT_MERTK(Mer)_A0565,0.5256283660857604
2039,totalVI-X affine,ADT_NK-1.1_A0118,0.5753998837904039
2039,totalVI-X affine,ADT_Notch1_A0442,0.49141839397403303
2039,totalVI-X affine,ADT_PanendothelialCellAntigen_A0381,0.5623068415321004
2039,totalVI-X affine,ADT_SiglecH_A0119,0.5267103493324471
2039,totalVI-X affine,ADT_TCRVb5.1_5.2_A0354,0.7414511281111954
2039,totalVI-X affine,ADT_TCRVb8.1_8.2_A0235,0.5944270938439702
2039,totalVI-X affine,ADT_TCRVr1.1-Cr4_A0209,0.3910091572975469
2039,totalVI-X affine,ADT_TCRVr2_A0211,0.551542086743137
2039,totalVI-X affine,ADT_TCRVr3_A0210,0.42486763778251463
2039,totalVI-X affine,ADT_TCRbchain_A0120,0.6122667349652894
2039,totalVI-X affine,ADT_TCRr-d_A0121,0.5460001488386129
2039,totalVI-X affine,ADT_TER-119-ErythroidCells_A0122,0.4734630043494937
2039,totalVI-X affine,ADT_Tim-4_A0567,0.5568677009749575
2039,totalVI-X affine,ADT_XCR1_A0568,0.5376674982334195
2039,totalVI-X affine,ADT_anti-P2RY12_A0415,0.5380662327518216
2039,totalVI-X affine,ADT_integrinb7_A0214,0.6800693712084731
2039,totalVI likelihood-consistent + D1 head,ADT_CD102_A0104,0.6285681084784571
2039,totalVI likelihood-consistent + D1 head,ADT_CD103_A0201,0.5238948021926648
2039,totalVI likelihood-consistent + D1 head,ADT_CD106_A0226,0.641341155407825
2039,totalVI likelihood-consistent + D1 head,ADT_CD115(CSF-1R)_A0105,0.5955832613545466
2039,totalVI likelihood-consistent + D1 head,ADT_CD117(c-Kit)_A0012,0.5647964433065247
2039,totalVI likelihood-consistent + D1 head,ADT_CD11a_A0595,0.7320283096089839
2039,totalVI likelihood-consistent + D1 head,ADT_CD11c_A0106,0.600997454981246
2039,totalVI likelihood-consistent + D1 head,ADT_CD122(IL-2Rb)_A0227,0.5415456430467278
2039,totalVI likelihood-consistent + D1 head,ADT_CD127(IL-7Ra)_A0198,0.5641216067120584
2039,totalVI likelihood-consistent + D1 head,ADT_CD134(OX-40)_A0195,0.39677591936466244
2039,totalVI likelihood-consistent + D1 head,ADT_CD135_A0098,0.49103587077386057
2039,totalVI likelihood-consistent + D1 head,ADT_CD137_A0194,0.4377465862233853
2039,totalVI likelihood-consistent + D1 head,ADT_CD14_A0424,0.5729142881213909
2039,totalVI likelihood-consistent + D1 head,ADT_CD140a_A0573,0.37626488398721764
2039,totalVI likelihood-consistent + D1 head,ADT_CD15(SSEA-1)_A0076,0.5308313163663114
2039,totalVI likelihood-consistent + D1 head,ADT_CD150(SLAM)_A0203,0.727167893082653
2039,totalVI likelihood-consistent + D1 head,ADT_CD16-32_A0109,0.5371006146621573
2039,totalVI likelihood-consistent + D1 head,ADT_CD169(Siglec-1)_A0440,0.4594114398535608
2039,totalVI likelihood-consistent + D1 head,ADT_CD172a(SIRPa)_A0422,0.5129864256989535
2039,totalVI likelihood-consistent + D1 head,ADT_CD183(CXCR3)_A0228,0.5835353482073172
2039,totalVI likelihood-consistent + D1 head,ADT_CD184(CXCR4)_A0444,0.4893323758322617
2039,totalVI likelihood-consistent + D1 head,ADT_CD19_A0093,0.6844769999655909
2039,totalVI likelihood-consistent + D1 head,ADT_CD192(CCR2)_A0426,0.47951225009200454
2039,totalVI likelihood-consistent + D1 head,ADT_CD195(CCR5)_A0376,0.529708237480867
2039,totalVI likelihood-consistent + D1 head,ADT_CD196(CCR6)_A0225,0.5590385528694866
2039,totalVI likelihood-consistent + D1 head,ADT_CD197(CCR7)_A0377,0.4897572626679971
2039,totalVI likelihood-consistent + D1 head,ADT_CD20_A0192,0.481572950268074
2039,totalVI likelihood-consistent + D1 head,ADT_CD200(OX2)_A0079,0.5898097839496997
2039,totalVI likelihood-consistent + D1 head,ADT_CD201(EPCR)_A0439,0.51120050327507
2039,totalVI likelihood-consistent + D1 head,ADT_CD204(Msr1)_A0448,0.4072539560417149
2039,totalVI likelihood-consistent + D1 head,ADT_CD206(MMR)_A0173,0.5265747281085023
2039,totalVI likelihood-consistent + D1 head,ADT_CD21-CD35(CR2-CR1)_A0107,0.7186013214930327
2039,totalVI likelihood-consistent + D1 head,ADT_CD223(LAG-3)_A0378,0.3871896692765751
2039,totalVI likelihood-consistent + D1 head,ADT_CD23_A0108,0.701051106470015
2039,totalVI likelihood-consistent + D1 head,ADT_CD24_A0212,0.6098168940427086
2039,totalVI likelihood-consistent + D1 head,ADT_CD25_A0097,0.5125588586052322
2039,totalVI likelihood-consistent + D1 head,ADT_CD274(B7-H1_PD-L1)_A0190,0.5872934341079353
2039,totalVI likelihood-consistent + D1 head,ADT_CD278(ICOS)_A0171,0.5175834060452413
2039,totalVI likelihood-consistent + D1 head,ADT_CD279(PD-1)_A0004,0.4293825257822971
2039,totalVI likelihood-consistent + D1 head,ADT_CD28_A0204,0.4880724539306876
2039,totalVI likelihood-consistent + D1 head,ADT_CD29_A0570,0.7235177120833869
2039,totalVI likelihood-consistent + D1 head,ADT_CD300LG(Nepmucin)_A0416,0.3876080154462492
2039,totalVI likelihood-consistent + D1 head,ADT_CD301a(MGL1)_A0551,0.5807890624906966
2039,totalVI likelihood-consistent + D1 head,ADT_CD301b(MGL2)_A0566,0.47197900825539085
2039,totalVI likelihood-consistent + D1 head,ADT_CD304(Neuropilin-1)_A0552,0.5817730364977727
2039,totalVI likelihood-consistent + D1 head,ADT_CD326(Ep-CAM)_A0449,0.6113481199980405
2039,totalVI likelihood-consistent + D1 head,ADT_CD335(NKp46)_A0184,0.4000534524948821
2039,totalVI likelihood-consistent + D1 head,ADT_CD357(GITR)_A0193,0.6197626204254236
2039,totalVI likelihood-consistent + D1 head,ADT_CD36_A0555,0.5711172994188538
2039,totalVI likelihood-consistent + D1 head,ADT_CD366(Tim-3)_A0003,0.49354263797713577
2039,totalVI likelihood-consistent + D1 head,ADT_CD370(CLEC9A_DNGR1)_A0556,0.5471344181747005
2039,totalVI likelihood-consistent + D1 head,ADT_CD38_A0557,0.7957715882274969
2039,totalVI likelihood-consistent + D1 head,ADT_CD4_A0001,0.8442214435889326
2039,totalVI likelihood-consistent + D1 head,ADT_CD41_A0443,0.6249513856508765
2039,totalVI likelihood-consistent + D1 head,ADT_CD43_A0110,0.640322518486642
2039,totalVI likelihood-consistent + D1 head,ADT_CD45_A0096,0.448358743711077
2039,totalVI likelihood-consistent + D1 head,ADT_CD45.1_A0178,0.5435423441094098
2039,totalVI likelihood-consistent + D1 head,ADT_CD45.2_A0157,0.3771633698941862
2039,totalVI likelihood-consistent + D1 head,ADT_CD45R-B220_A0103,0.5472774785064998
2039,totalVI likelihood-consistent + D1 head,ADT_CD48_A0429,0.5751413210697391
2039,totalVI likelihood-consistent + D1 head,ADT_CD49d_A0078,0.6610290402268246
2039,totalVI likelihood-consistent + D1 head,ADT_CD5_A0111,0.7255103871995926
2039,totalVI likelihood-consistent + D1 head,ADT_CD54_A0074,0.8737463034803354
2039,totalVI likelihood-consistent + D1 head,ADT_CD55(DAF)_A0558,0.7217997759489618
2039,totalVI likelihood-consistent + D1 head,ADT_CD62L_A0112,1.0076883566004515
2039,totalVI likelihood-consistent + D1 head,ADT_CD62P(P-selectin)_A0229,0.45678011625382753
2039,totalVI likelihood-consistent + D1 head,ADT_CD63_A0559,0.47559453709286065
2039,totalVI likelihood-consistent + D1 head,ADT_CD64(FcrRI)_A0202,0.5168541715562063
2039,totalVI likelihood-consistent + D1 head,ADT_CD68_A0560,0.44675122449487153
2039,totalVI likelihood-consistent + D1 head,ADT_CD69_A0197,0.5485862648297102
2039,totalVI likelihood-consistent + D1 head,ADT_CD71_A0441,0.5879584691712615
2039,totalVI likelihood-consistent + D1 head,ADT_CD73_A0077,0.7324501571134004
2039,totalVI likelihood-consistent + D1 head,ADT_CD79b(Igb)_A0561,0.573801429368569
2039,totalVI likelihood-consistent + D1 head,ADT_CD83_A0562,0.3612330770648738
2039,totalVI likelihood-consistent + D1 head,ADT_CD86_A0200,0.8306305844533984
2039,totalVI likelihood-consistent + D1 head,ADT_CD8a_A0002,0.7223990261278972
2039,totalVI likelihood-consistent + D1 head,ADT_CD8b(Ly-3)_A0230,0.891230864016481
2039,totalVI likelihood-consistent + D1 head,ADT_CD90.1(Thy-1.1)_A0380,0.37560054724578856
2039,totalVI likelihood-consistent + D1 head,ADT_CD90.2_A0075,0.7871806270568776
2039,totalVI likelihood-consistent + D1 head,ADT_CD93(AA4.1_earlyBlineage)_A0113,0.5682363266467586
2039,totalVI likelihood-consistent + D1 head,ADT_CX3CR1_A0563,0.4903359728263706
2039,totalVI likelihood-consistent + D1 head,ADT_ESAM_A0596,0.5307421087951952
2039,totalVI likelihood-consistent + D1 head,ADT_F4-80_A0114,0.6104400537401513
2039,totalVI likelihood-consistent + D1 head,ADT_FceRIa_A0115,0.5419602771845351
2039,totalVI likelihood-consistent + D1 head,ADT_FolateReceptorb(FR-b)_A0564,0.5695834099621676
2039,totalVI likelihood-consistent + D1 head,ADT_H-2KbboundtoSIINFEKL_A0231,0.529210196499998
2039,totalVI likelihood-consistent + D1 head,ADT_I-A-I-E_A0117,0.8775905909455674
2039,totalVI likelihood-consistent + D1 head,ADT_IRF4_A0249,0.5148992171639074
2039,totalVI likelihood-consistent + D1 head,ADT_IgD_A0571,0.7793294599010507
2039,totalVI likelihood-consistent + D1 head,ADT_IgM_A0450,0.5158995080270197
2039,totalVI likelihood-consistent + D1 head,ADT_Ly-6A-E(Sca-1)_A0130,0.9937475267342312
2039,totalVI likelihood-consistent + D1 head,ADT_Ly-6C_A0013,0.5583071387304366
2039,totalVI likelihood-consistent + D1 head,ADT_MAdCAM-1_A0232,0.5154967131123319
2039,totalVI likelihood-consistent + D1 head,ADT_MERTK(Mer)_A0565,0.5255299896159057
2039,totalVI likelihood-consistent + D1 head,ADT_NK-1.1_A0118,0.5751503331036035
2039,totalVI likelihood-consistent + D1 head,ADT_Notch1_A0442,0.49143039945413164
2039,totalVI likelihood-consistent + D1 head,ADT_PanendothelialCellAntigen_A0381,0.5625262848195326
2039,totalVI likelihood-consistent + D1 head,ADT_SiglecH_A0119,0.5264478004166189
2039,totalVI likelihood-consistent + D1 head,ADT_TCRVb5.1_5.2_A0354,0.7412658625894842
2039,totalVI likelihood-consistent + D1 head,ADT_TCRVb8.1_8.2_A0235,0.5944674838251572
2039,totalVI likelihood-consistent + D1 head,ADT_TCRVr1.1-Cr4_A0209,0.391011568200284
2039,totalVI likelihood-consistent + D1 head,ADT_TCRVr2_A0211,0.551570431028041
2039,totalVI likelihood-consistent + D1 head,ADT_TCRVr3_A0210,0.42482262050439484
2039,totalVI likelihood-consistent + D1 head,ADT_TCRbchain_A0120,0.6108525127312154
2039,totalVI likelihood-consistent + D1 head,ADT_TCRr-d_A0121,0.5457541514567747
2039,totalVI likelihood-consistent + D1 head,ADT_TER-119-ErythroidCells_A0122,0.4710869743256554
2039,totalVI likelihood-consistent + D1 head,ADT_Tim-4_A0567,0.5566246325725986
2039,totalVI likelihood-consistent + D1 head,ADT_XCR1_A0568,0.5371241797660006
2039,totalVI likelihood-consistent + D1 head,ADT_anti-P2RY12_A0415,0.537878073313636
2039,totalVI likelihood-consistent + D1 head,ADT_integrinb7_A0214,0.6804090057079811
2040,totalVI helper-uncorrected,ADT_CD102_A0104,0.8548789921031833
2040,totalVI helper-uncorrected,ADT_CD103_A0201,1.0551233969698153
2040,totalVI helper-uncorrected,ADT_CD106_A0226,0.9467296827254097
2040,totalVI helper-uncorrected,ADT_CD115(CSF-1R)_A0105,1.038723512645898
2040,totalVI helper-uncorrected,ADT_CD117(c-Kit)_A0012,1.0733809363525266
2040,totalVI helper-uncorrected,ADT_CD11a_A0595,0.6574100835205542
2040,totalVI helper-uncorrected,ADT_CD11c_A0106,1.0497888381952003
2040,totalVI helper-uncorrected,ADT_CD122(IL-2Rb)_A0227,0.988598190380262
2040,totalVI helper-uncorrected,ADT_CD127(IL-7Ra)_A0198,0.9254404478002193
2040,totalVI helper-uncorrected,ADT_CD134(OX-40)_A0195,1.176547744587938
2040,totalVI helper-uncorrected,ADT_CD135_A0098,1.0909990609300197
2040,totalVI helper-uncorrected,ADT_CD137_A0194,1.1209548415320212
2040,totalVI helper-uncorrected,ADT_CD14_A0424,1.0856237465011311
2040,totalVI helper-uncorrected,ADT_CD140a_A0573,1.0751248025102202
2040,totalVI helper-uncorrected,ADT_CD15(SSEA-1)_A0076,1.1732162824088757
2040,totalVI helper-uncorrected,ADT_CD150(SLAM)_A0203,0.9979661503989009
2040,totalVI helper-uncorrected,ADT_CD16-32_A0109,1.0749516101807326
2040,totalVI helper-uncorrected,ADT_CD169(Siglec-1)_A0440,1.1089614793551716
2040,totalVI helper-uncorrected,ADT_CD172a(SIRPa)_A0422,1.0776731075514285
2040,totalVI helper-uncorrected,ADT_CD183(CXCR3)_A0228,1.0873451951201605
2040,totalVI helper-uncorrected,ADT_CD184(CXCR4)_A0444,1.0015794490387853
2040,totalVI helper-uncorrected,ADT_CD19_A0093,0.7953127904468749
2040,totalVI helper-uncorrected,ADT_CD192(CCR2)_A0426,0.9937708268037113
2040,totalVI helper-uncorrected,ADT_CD195(CCR5)_A0376,1.159435645791428
2040,totalVI helper-uncorrected,ADT_CD196(CCR6)_A0225,0.98600904352355
2040,totalVI helper-uncorrected,ADT_CD197(CCR7)_A0377,1.0942594061648836
2040,totalVI helper-uncorrected,ADT_CD20_A0192,1.0170962919767914
2040,totalVI helper-uncorrected,ADT_CD200(OX2)_A0079,1.062271013178428
2040,totalVI helper-uncorrected,ADT_CD201(EPCR)_A0439,1.0577638706718078
2040,totalVI helper-uncorrected,ADT_CD204(Msr1)_A0448,0.6869779004574137
2040,totalVI helper-uncorrected,ADT_CD206(MMR)_A0173,1.2262016602185355
2040,totalVI helper-uncorrected,ADT_CD21-CD35(CR2-CR1)_A0107,1.190714418124189
2040,totalVI helper-uncorrected,ADT_CD223(LAG-3)_A0378,1.0732777976628531
2040,totalVI helper-uncorrected,ADT_CD23_A0108,1.1869253195498826
2040,totalVI helper-uncorrected,ADT_CD24_A0212,1.136782838036672
2040,totalVI helper-uncorrected,ADT_CD25_A0097,0.871008729854877
2040,totalVI helper-uncorrected,ADT_CD274(B7-H1_PD-L1)_A0190,0.8776019468433139
2040,totalVI helper-uncorrected,ADT_CD278(ICOS)_A0171,1.00196798911484
2040,totalVI helper-uncorrected,ADT_CD279(PD-1)_A0004,1.10770270006632
2040,totalVI helper-uncorrected,ADT_CD28_A0204,1.0712393871186618
2040,totalVI helper-uncorrected,ADT_CD29_A0570,0.9015723214119449
2040,totalVI helper-uncorrected,ADT_CD300LG(Nepmucin)_A0416,1.0903043869565456
2040,totalVI helper-uncorrected,ADT_CD301a(MGL1)_A0551,1.1694405646262331
2040,totalVI helper-uncorrected,ADT_CD301b(MGL2)_A0566,1.0822448434163021
2040,totalVI helper-uncorrected,ADT_CD304(Neuropilin-1)_A0552,1.1932463416844257
2040,totalVI helper-uncorrected,ADT_CD326(Ep-CAM)_A0449,1.0439430074980167
2040,totalVI helper-uncorrected,ADT_CD335(NKp46)_A0184,1.2037096598840469
2040,totalVI helper-uncorrected,ADT_CD357(GITR)_A0193,1.02163502818688
2040,totalVI helper-uncorrected,ADT_CD36_A0555,1.0542471296229141
2040,totalVI helper-uncorrected,ADT_CD366(Tim-3)_A0003,0.9182258747294222
2040,totalVI helper-uncorrected,ADT_CD370(CLEC9A_DNGR1)_A0556,1.0768676970650828
2040,totalVI helper-uncorrected,ADT_CD38_A0557,0.9315624125357884
2040,totalVI helper-uncorrected,ADT_CD4_A0001,1.3669073897747877
2040,totalVI helper-uncorrected,ADT_CD41_A0443,1.3728476591079561
2040,totalVI helper-uncorrected,ADT_CD43_A0110,0.9702103022658325
2040,totalVI helper-uncorrected,ADT_CD45_A0096,1.179649177182717
2040,totalVI helper-uncorrected,ADT_CD45.1_A0178,1.1143780828243715
2040,totalVI helper-uncorrected,ADT_CD45.2_A0157,1.1542413260543427
2040,totalVI helper-uncorrected,ADT_CD45R-B220_A0103,0.9931398591226321
2040,totalVI helper-uncorrected,ADT_CD48_A0429,0.8096300782981288
2040,totalVI helper-uncorrected,ADT_CD49d_A0078,0.9158132064409272
2040,totalVI helper-uncorrected,ADT_CD5_A0111,1.064431828664294
2040,totalVI helper-uncorrected,ADT_CD54_A0074,0.947358203130896
2040,totalVI helper-uncorrected,ADT_CD55(DAF)_A0558,1.0311664390250515
2040,totalVI helper-uncorrected,ADT_CD62L_A0112,1.078058262541364
2040,totalVI helper-uncorrected,ADT_CD62P(P-selectin)_A0229,1.1846501854766798
2040,totalVI helper-uncorrected,ADT_CD63_A0559,1.10332487829564
2040,totalVI helper-uncorrected,ADT_CD64(FcrRI)_A0202,0.9265508733331611
2040,totalVI helper-uncorrected,ADT_CD68_A0560,0.7356129416161619
2040,totalVI helper-uncorrected,ADT_CD69_A0197,0.9688658526699336
2040,totalVI helper-uncorrected,ADT_CD71_A0441,1.1187603021628372
2040,totalVI helper-uncorrected,ADT_CD73_A0077,1.170749026585939
2040,totalVI helper-uncorrected,ADT_CD79b(Igb)_A0561,1.0376202729985917
2040,totalVI helper-uncorrected,ADT_CD83_A0562,0.5392877534197422
2040,totalVI helper-uncorrected,ADT_CD86_A0200,1.1812131922139204
2040,totalVI helper-uncorrected,ADT_CD8a_A0002,1.2747539082031207
2040,totalVI helper-uncorrected,ADT_CD8b(Ly-3)_A0230,1.376795149468607
2040,totalVI helper-uncorrected,ADT_CD90.1(Thy-1.1)_A0380,0.6184128493244054
2040,totalVI helper-uncorrected,ADT_CD90.2_A0075,1.2036413209837837
2040,totalVI helper-uncorrected,ADT_CD93(AA4.1_earlyBlineage)_A0113,1.1399136280342481
2040,totalVI helper-uncorrected,ADT_CX3CR1_A0563,0.8151871947024626
2040,totalVI helper-uncorrected,ADT_ESAM_A0596,1.0876321366406159
2040,totalVI helper-uncorrected,ADT_F4-80_A0114,1.0787820627774438
2040,totalVI helper-uncorrected,ADT_FceRIa_A0115,1.0900764685294049
2040,totalVI helper-uncorrected,ADT_FolateReceptorb(FR-b)_A0564,1.1021342632710158
2040,totalVI helper-uncorrected,ADT_H-2KbboundtoSIINFEKL_A0231,1.0774045207009768
2040,totalVI helper-uncorrected,ADT_I-A-I-E_A0117,1.4401884784169385
2040,totalVI helper-uncorrected,ADT_IRF4_A0249,1.0617609760250901
2040,totalVI helper-uncorrected,ADT_IgD_A0571,1.1415673526166308
2040,totalVI helper-uncorrected,ADT_IgM_A0450,1.1071238689540945
2040,totalVI helper-uncorrected,ADT_Ly-6A-E(Sca-1)_A0130,1.3249502065814014
2040,totalVI helper-uncorrected,ADT_Ly-6C_A0013,1.0816024112886815
2040,totalVI helper-uncorrected,ADT_MAdCAM-1_A0232,1.1024505696770568
2040,totalVI helper-uncorrected,ADT_MERTK(Mer)_A0565,1.129192421920614
2040,totalVI helper-uncorrected,ADT_NK-1.1_A0118,1.2534854463438134
2040,totalVI helper-uncorrected,ADT_Notch1_A0442,1.165586731431517
2040,totalVI helper-uncorrected,ADT_PanendothelialCellAntigen_A0381,1.0870515705834756
2040,totalVI helper-uncorrected,ADT_SiglecH_A0119,1.0872726963229018
2040,totalVI helper-uncorrected,ADT_TCRVb5.1_5.2_A0354,1.6382999601144874
2040,totalVI helper-uncorrected,ADT_TCRVb8.1_8.2_A0235,1.1181422348355374
2040,totalVI helper-uncorrected,ADT_TCRVr1.1-Cr4_A0209,0.6078329816544888
2040,totalVI helper-uncorrected,ADT_TCRVr2_A0211,1.117858222366226
2040,totalVI helper-uncorrected,ADT_TCRVr3_A0210,1.044909620600967
2040,totalVI helper-uncorrected,ADT_TCRbchain_A0120,1.2364951507402933
2040,totalVI helper-uncorrected,ADT_TCRr-d_A0121,1.1184601898298927
2040,totalVI helper-uncorrected,ADT_TER-119-ErythroidCells_A0122,0.8238389019768485
2040,totalVI helper-uncorrected,ADT_Tim-4_A0567,1.087541364476625
2040,totalVI helper-uncorrected,ADT_XCR1_A0568,1.0649187609389195
2040,totalVI helper-uncorrected,ADT_anti-P2RY12_A0415,1.093004019883243
2040,totalVI helper-uncorrected,ADT_integrinb7_A0214,0.8481156152701724
2040,totalVI likelihood-consistent,ADT_CD102_A0104,0.5026063714748608
2040,totalVI likelihood-consistent,ADT_CD103_A0201,0.5126191160232703
2040,totalVI likelihood-consistent,ADT_CD106_A0226,0.5825211554377396
2040,totalVI likelihood-consistent,ADT_CD115(CSF-1R)_A0105,0.5920515437472508
2040,totalVI likelihood-consistent,ADT_CD117(c-Kit)_A0012,0.5646365222437977
2040,totalVI likelihood-consistent,ADT_CD11a_A0595,0.5926577681240431
2040,totalVI likelihood-consistent,ADT_CD11c_A0106,0.611557760924527
2040,totalVI likelihood-consistent,ADT_CD122(IL-2Rb)_A0227,0.5467467135199956
2040,totalVI likelihood-consistent,ADT_CD127(IL-7Ra)_A0198,0.5378569833574687
2040,totalVI likelihood-consistent,ADT_CD134(OX-40)_A0195,0.4196261615296922
2040,totalVI likelihood-consistent,ADT_CD135_A0098,0.504062579964306
2040,totalVI likelihood-consistent,ADT_CD137_A0194,0.4535435883496546
2040,totalVI likelihood-consistent,ADT_CD14_A0424,0.5809784083055193
2040,totalVI likelihood-consistent,ADT_CD140a_A0573,0.38043189731263855
2040,totalVI likelihood-consistent,ADT_CD15(SSEA-1)_A0076,0.5660767173434756
2040,totalVI likelihood-consistent,ADT_CD150(SLAM)_A0203,0.6366952871016
2040,totalVI likelihood-consistent,ADT_CD16-32_A0109,0.5544726125437454
2040,totalVI likelihood-consistent,ADT_CD169(Siglec-1)_A0440,0.4614649420087782
2040,totalVI likelihood-consistent,ADT_CD172a(SIRPa)_A0422,0.5144810633309552
2040,totalVI likelihood-consistent,ADT_CD183(CXCR3)_A0228,0.6031604921047689
2040,totalVI likelihood-consistent,ADT_CD184(CXCR4)_A0444,0.4745955342428308
2040,totalVI likelihood-consistent,ADT_CD19_A0093,0.5927025269953311
2040,totalVI likelihood-consistent,ADT_CD192(CCR2)_A0426,0.4521751816042316
2040,totalVI likelihood-consistent,ADT_CD195(CCR5)_A0376,0.5575103209463346
2040,totalVI likelihood-consistent,ADT_CD196(CCR6)_A0225,0.5584757831555466
2040,totalVI likelihood-consistent,ADT_CD197(CCR7)_A0377,0.4971763492422474
2040,totalVI likelihood-consistent,ADT_CD20_A0192,0.4471717963949748
2040,totalVI likelihood-consistent,ADT_CD200(OX2)_A0079,0.5639486746791178
2040,totalVI likelihood-consistent,ADT_CD201(EPCR)_A0439,0.5146767950497255
2040,totalVI likelihood-consistent,ADT_CD204(Msr1)_A0448,0.4200920119153514
2040,totalVI likelihood-consistent,ADT_CD206(MMR)_A0173,0.5610491852430598
2040,totalVI likelihood-consistent,ADT_CD21-CD35(CR2-CR1)_A0107,0.6961202988826463
2040,totalVI likelihood-consistent,ADT_CD223(LAG-3)_A0378,0.39164145174150883
2040,totalVI likelihood-consistent,ADT_CD23_A0108,0.6777302796319251
2040,totalVI likelihood-consistent,ADT_CD24_A0212,0.5803529491955572
2040,totalVI likelihood-consistent,ADT_CD25_A0097,0.5319791947417527
2040,totalVI likelihood-consistent,ADT_CD274(B7-H1_PD-L1)_A0190,0.4844127622275233
2040,totalVI likelihood-consistent,ADT_CD278(ICOS)_A0171,0.4754675316530805
2040,totalVI likelihood-consistent,ADT_CD279(PD-1)_A0004,0.44259507046380286
2040,totalVI likelihood-consistent,ADT_CD28_A0204,0.49049092688047163
2040,totalVI likelihood-consistent,ADT_CD29_A0570,0.5965880079712005
2040,totalVI likelihood-consistent,ADT_CD300LG(Nepmucin)_A0416,0.39514410961333607
2040,totalVI likelihood-consistent,ADT_CD301a(MGL1)_A0551,0.6217031414094064
2040,totalVI likelihood-consistent,ADT_CD301b(MGL2)_A0566,0.48091519930221827
2040,totalVI likelihood-consistent,ADT_CD304(Neuropilin-1)_A0552,0.6230343394130717
2040,totalVI likelihood-consistent,ADT_CD326(Ep-CAM)_A0449,0.6227023151667627
2040,totalVI likelihood-consistent,ADT_CD335(NKp46)_A0184,0.42063226789270075
2040,totalVI likelihood-consistent,ADT_CD357(GITR)_A0193,0.5810999364473513
2040,totalVI likelihood-consistent,ADT_CD36_A0555,0.5759772687330815
2040,totalVI likelihood-consistent,ADT_CD366(Tim-3)_A0003,0.5249717822023483
2040,totalVI likelihood-consistent,ADT_CD370(CLEC9A_DNGR1)_A0556,0.5629278703679255
2040,totalVI likelihood-consistent,ADT_CD38_A0557,0.7194935542418917
2040,totalVI likelihood-consistent,ADT_CD4_A0001,0.8674138404554149
2040,totalVI likelihood-consistent,ADT_CD41_A0443,0.715588198458813
2040,totalVI likelihood-consistent,ADT_CD43_A0110,0.558605541497429
2040,totalVI likelihood-consistent,ADT_CD45_A0096,0.45973647861520595
2040,totalVI likelihood-consistent,ADT_CD45.1_A0178,0.5802237922287322
2040,totalVI likelihood-consistent,ADT_CD45.2_A0157,0.3926089679019194
2040,totalVI likelihood-consistent,ADT_CD45R-B220_A0103,0.5029607458082714
2040,totalVI likelihood-consistent,ADT_CD48_A0429,0.4541633831606342
2040,totalVI likelihood-consistent,ADT_CD49d_A0078,0.5408924681582167
2040,totalVI likelihood-consistent,ADT_CD5_A0111,0.6415088572506104
2040,totalVI likelihood-consistent,ADT_CD54_A0074,0.6598964057656649
2040,totalVI likelihood-consistent,ADT_CD55(DAF)_A0558,0.6592315853810744
2040,totalVI likelihood-consistent,ADT_CD62L_A0112,0.8524500118550059
2040,totalVI likelihood-consistent,ADT_CD62P(P-selectin)_A0229,0.4819213559864936
2040,totalVI likelihood-consistent,ADT_CD63_A0559,0.48005323216409473
2040,totalVI likelihood-consistent,ADT_CD64(FcrRI)_A0202,0.5293223287714988
2040,totalVI likelihood-consistent,ADT_CD68_A0560,0.46131426309363577
2040,totalVI likelihood-consistent,ADT_CD69_A0197,0.5226669083659462
2040,totalVI likelihood-consistent,ADT_CD71_A0441,0.5629189667302185
2040,totalVI likelihood-consistent,ADT_CD73_A0077,0.7010773655781758
2040,totalVI likelihood-consistent,ADT_CD79b(Igb)_A0561,0.539215747760418
2040,totalVI likelihood-consistent,ADT_CD83_A0562,0.3649867854871328
2040,totalVI likelihood-consistent,ADT_CD86_A0200,0.7477756639739974
2040,totalVI likelihood-consistent,ADT_CD8a_A0002,0.7310173869586235
2040,totalVI likelihood-consistent,ADT_CD8b(Ly-3)_A0230,0.8764207319376182
2040,totalVI likelihood-consistent,ADT_CD90.1(Thy-1.1)_A0380,0.3850651997729897
2040,totalVI likelihood-consistent,ADT_CD90.2_A0075,0.7550041610965011
2040,totalVI likelihood-consistent,ADT_CD93(AA4.1_earlyBlineage)_A0113,0.5973017460303043
2040,totalVI likelihood-consistent,ADT_CX3CR1_A0563,0.500536014264662
2040,totalVI likelihood-consistent,ADT_ESAM_A0596,0.5397184712390061
2040,totalVI likelihood-consistent,ADT_F4-80_A0114,0.6170614871011236
2040,totalVI likelihood-consistent,ADT_FceRIa_A0115,0.5678300130276888
2040,totalVI likelihood-consistent,ADT_FolateReceptorb(FR-b)_A0564,0.5729553880145383
2040,totalVI likelihood-consistent,ADT_H-2KbboundtoSIINFEKL_A0231,0.5404006148027627
2040,totalVI likelihood-consistent,ADT_I-A-I-E_A0117,0.8650841736967639
2040,totalVI likelihood-consistent,ADT_IRF4_A0249,0.5160529939750625
2040,totalVI likelihood-consistent,ADT_IgD_A0571,0.7127507086091067
2040,totalVI likelihood-consistent,ADT_IgM_A0450,0.5384202038895807
2040,totalVI likelihood-consistent,ADT_Ly-6A-E(Sca-1)_A0130,0.8547115180460847
2040,totalVI likelihood-consistent,ADT_Ly-6C_A0013,0.5246646817918328
2040,totalVI likelihood-consistent,ADT_MAdCAM-1_A0232,0.5293138147891082
2040,totalVI likelihood-consistent,ADT_MERTK(Mer)_A0565,0.5463861522164373
2040,totalVI likelihood-consistent,ADT_NK-1.1_A0118,0.6323871946934975
2040,totalVI likelihood-consistent,ADT_Notch1_A0442,0.5198229603394963
2040,totalVI likelihood-consistent,ADT_PanendothelialCellAntigen_A0381,0.5745565770535308
2040,totalVI likelihood-consistent,ADT_SiglecH_A0119,0.5430831706905053
2040,totalVI likelihood-consistent,ADT_TCRVb5.1_5.2_A0354,0.9472441885971535
2040,totalVI likelihood-consistent,ADT_TCRVb8.1_8.2_A0235,0.6217549433371761
2040,totalVI likelihood-consistent,ADT_TCRVr1.1-Cr4_A0209,0.39893334345041515
2040,totalVI likelihood-consistent,ADT_TCRVr2_A0211,0.5767244976669756
2040,totalVI likelihood-consistent,ADT_TCRVr3_A0210,0.4238879340645213
2040,totalVI likelihood-consistent,ADT_TCRbchain_A0120,0.6370712438103109
2040,totalVI likelihood-consistent,ADT_TCRr-d_A0121,0.559882294212629
2040,totalVI likelihood-consistent,ADT_TER-119-ErythroidCells_A0122,0.4921312782377852
2040,totalVI likelihood-consistent,ADT_Tim-4_A0567,0.5521147241026849
2040,totalVI likelihood-consistent,ADT_XCR1_A0568,0.5453200390437056
2040,totalVI likelihood-consistent,ADT_anti-P2RY12_A0415,0.5422385336377887
2040,totalVI likelihood-consistent,ADT_integrinb7_A0214,0.554699914136627
2040,totalVI-X affine,ADT_CD102_A0104,0.6434380929882477
2040,totalVI-X affine,ADT_CD103_A0201,0.5207647837568506
2040,totalVI-X affine,ADT_CD106_A0226,0.6336813662690362
2040,totalVI-X affine,ADT_CD115(CSF-1R)_A0105,0.594960745447242
2040,totalVI-X affine,ADT_CD117(c-Kit)_A0012,0.5659395674802101
2040,totalVI-X affine,ADT_CD11a_A0595,0.7401076143343693
2040,totalVI-X affine,ADT_CD11c_A0106,0.5995821425136596
2040,totalVI-X affine,ADT_CD122(IL-2Rb)_A0227,0.5436568896772477
2040,totalVI-X affine,ADT_CD127(IL-7Ra)_A0198,0.5636130125827207
2040,totalVI-X affine,ADT_CD134(OX-40)_A0195,0.3953599032176493
2040,totalVI-X affine,ADT_CD135_A0098,0.49141937782059303
2040,totalVI-X affine,ADT_CD137_A0194,0.43798012045337575
2040,totalVI-X affine,ADT_CD14_A0424,0.5694655008962185
2040,totalVI-X affine,ADT_CD140a_A0573,0.375201856284267
2040,totalVI-X affine,ADT_CD15(SSEA-1)_A0076,0.5304086035146597
2040,totalVI-X affine,ADT_CD150(SLAM)_A0203,0.7295122371969002
2040,totalVI-X affine,ADT_CD16-32_A0109,0.5359337228872697
2040,totalVI-X affine,ADT_CD169(Siglec-1)_A0440,0.4558855823724376
2040,totalVI-X affine,ADT_CD172a(SIRPa)_A0422,0.5097793989864877
2040,totalVI-X affine,ADT_CD183(CXCR3)_A0228,0.5824779544464128
2040,totalVI-X affine,ADT_CD184(CXCR4)_A0444,0.4862670370381155
2040,totalVI-X affine,ADT_CD19_A0093,0.6877013563451692
2040,totalVI-X affine,ADT_CD192(CCR2)_A0426,0.4745972694864478
2040,totalVI-X affine,ADT_CD195(CCR5)_A0376,0.5274490616840563
2040,totalVI-X affine,ADT_CD196(CCR6)_A0225,0.5594715510924033
2040,totalVI-X affine,ADT_CD197(CCR7)_A0377,0.4886125880916536
2040,totalVI-X affine,ADT_CD20_A0192,0.4796362998463443
2040,totalVI-X affine,ADT_CD200(OX2)_A0079,0.5931317425233724
2040,totalVI-X affine,ADT_CD201(EPCR)_A0439,0.5099036068840594
2040,totalVI-X affine,ADT_CD204(Msr1)_A0448,0.4078962454569993
2040,totalVI-X affine,ADT_CD206(MMR)_A0173,0.5281242050866909
2040,totalVI-X affine,ADT_CD21-CD35(CR2-CR1)_A0107,0.7206418894751627
2040,totalVI-X affine,ADT_CD223(LAG-3)_A0378,0.3861072710100437
2040,totalVI-X affine,ADT_CD23_A0108,0.7072680960328889
2040,totalVI-X affine,ADT_CD24_A0212,0.6117447951149648
2040,totalVI-X affine,ADT_CD25_A0097,0.5165510596942163
2040,totalVI-X affine,ADT_CD274(B7-H1_PD-L1)_A0190,0.5858349026915401
2040,totalVI-X affine,ADT_CD278(ICOS)_A0171,0.5203398486866926
2040,totalVI-X affine,ADT_CD279(PD-1)_A0004,0.42919301323139053
2040,totalVI-X affine,ADT_CD28_A0204,0.4865802397657893
2040,totalVI-X affine,ADT_CD29_A0570,0.7148839604142031
2040,totalVI-X affine,ADT_CD300LG(Nepmucin)_A0416,0.3866919842713484
2040,totalVI-X affine,ADT_CD301a(MGL1)_A0551,0.5780082823873754
2040,totalVI-X affine,ADT_CD301b(MGL2)_A0566,0.4726399336410866
2040,totalVI-X affine,ADT_CD304(Neuropilin-1)_A0552,0.5822335207800181
2040,totalVI-X affine,ADT_CD326(Ep-CAM)_A0449,0.6103154472664414
2040,totalVI-X affine,ADT_CD335(NKp46)_A0184,0.400754778720771
2040,totalVI-X affine,ADT_CD357(GITR)_A0193,0.6170834981036409
2040,totalVI-X affine,ADT_CD36_A0555,0.5691490973135455
2040,totalVI-X affine,ADT_CD366(Tim-3)_A0003,0.49509334570561575
2040,totalVI-X affine,ADT_CD370(CLEC9A_DNGR1)_A0556,0.5473719897836852
2040,totalVI-X affine,ADT_CD38_A0557,0.7969378987008957
2040,totalVI-X affine,ADT_CD4_A0001,0.884514126270297
2040,totalVI-X affine,ADT_CD41_A0443,0.6242814695644685
2040,totalVI-X affine,ADT_CD43_A0110,0.6464647411206775
2040,totalVI-X affine,ADT_CD45_A0096,0.4466658012329985
2040,totalVI-X affine,ADT_CD45.1_A0178,0.5426707992913237
2040,totalVI-X affine,ADT_CD45.2_A0157,0.37398086769278405
2040,totalVI-X affine,ADT_CD45R-B220_A0103,0.5491813995249016
2040,totalVI-X affine,ADT_CD48_A0429,0.5837894749970155
2040,totalVI-X affine,ADT_CD49d_A0078,0.6618704723384622
2040,totalVI-X affine,ADT_CD5_A0111,0.7210032772409709
2040,totalVI-X affine,ADT_CD54_A0074,0.8630210922218013
2040,totalVI-X affine,ADT_CD55(DAF)_A0558,0.7193386372403069
2040,totalVI-X affine,ADT_CD62L_A0112,1.029900406019607
2040,totalVI-X affine,ADT_CD62P(P-selectin)_A0229,0.45501207859293435
2040,totalVI-X affine,ADT_CD63_A0559,0.4733790055772773
2040,totalVI-X affine,ADT_CD64(FcrRI)_A0202,0.5162047882211901
2040,totalVI-X affine,ADT_CD68_A0560,0.4462822389416904
2040,totalVI-X affine,ADT_CD69_A0197,0.5479492334129296
2040,totalVI-X affine,ADT_CD71_A0441,0.591209456566836
2040,totalVI-X affine,ADT_CD73_A0077,0.7214524430118571
2040,totalVI-X affine,ADT_CD79b(Igb)_A0561,0.578624837257384
2040,totalVI-X affine,ADT_CD83_A0562,0.36107415145693855
2040,totalVI-X affine,ADT_CD86_A0200,0.8290341056930574
2040,totalVI-X affine,ADT_CD8a_A0002,0.7092191486453776
2040,totalVI-X affine,ADT_CD8b(Ly-3)_A0230,0.8533619966280097
2040,totalVI-X affine,ADT_CD90.1(Thy-1.1)_A0380,0.3748445649240278
2040,totalVI-X affine,ADT_CD90.2_A0075,0.7948071750428319
2040,totalVI-X affine,ADT_CD93(AA4.1_earlyBlineage)_A0113,0.5680844144172954
2040,totalVI-X affine,ADT_CX3CR1_A0563,0.4912254103811997
2040,totalVI-X affine,ADT_ESAM_A0596,0.5290938430929077
2040,totalVI-X affine,ADT_F4-80_A0114,0.607925266504471
2040,totalVI-X affine,ADT_FceRIa_A0115,0.5419820792406485
2040,totalVI-X affine,ADT_FolateReceptorb(FR-b)_A0564,0.5642300584955564
2040,totalVI-X affine,ADT_H-2KbboundtoSIINFEKL_A0231,0.5280773263796228
2040,totalVI-X affine,ADT_I-A-I-E_A0117,0.8674975457114382
2040,totalVI-X affine,ADT_IRF4_A0249,0.5125717764371295
2040,totalVI-X affine,ADT_IgD_A0571,0.7897965893041455
2040,totalVI-X affine,ADT_IgM_A0450,0.5161821135435807
2040,totalVI-X affine,ADT_Ly-6A-E(Sca-1)_A0130,1.0002367770269165
2040,totalVI-X affine,ADT_Ly-6C_A0013,0.5514116567314603
2040,totalVI-X affine,ADT_MAdCAM-1_A0232,0.5162258799403807
2040,totalVI-X affine,ADT_MERTK(Mer)_A0565,0.524848334551894
2040,totalVI-X affine,ADT_NK-1.1_A0118,0.5751110094402409
2040,totalVI-X affine,ADT_Notch1_A0442,0.4913308427958278
2040,totalVI-X affine,ADT_PanendothelialCellAntigen_A0381,0.5627453379823136
2040,totalVI-X affine,ADT_SiglecH_A0119,0.5250909127609343
2040,totalVI-X affine,ADT_TCRVb5.1_5.2_A0354,0.739307982744811
2040,totalVI-X affine,ADT_TCRVb8.1_8.2_A0235,0.5930737730707237
2040,totalVI-X affine,ADT_TCRVr1.1-Cr4_A0209,0.39182828525627217
2040,totalVI-X affine,ADT_TCRVr2_A0211,0.5517687772683592
2040,totalVI-X affine,ADT_TCRVr3_A0210,0.42425846263390077
2040,totalVI-X affine,ADT_TCRbchain_A0120,0.6121787465186351
2040,totalVI-X affine,ADT_TCRr-d_A0121,0.5417498683637919
2040,totalVI-X affine,ADT_TER-119-ErythroidCells_A0122,0.4744794551465635
2040,totalVI-X affine,ADT_Tim-4_A0567,0.5542537285983811
2040,totalVI-X affine,ADT_XCR1_A0568,0.5348104628313276
2040,totalVI-X affine,ADT_anti-P2RY12_A0415,0.5347452164112236
2040,totalVI-X affine,ADT_integrinb7_A0214,0.6797931078375578
2040,totalVI likelihood-consistent + D1 head,ADT_CD102_A0104,0.6440990743993437
2040,totalVI likelihood-consistent + D1 head,ADT_CD103_A0201,0.5211001962420903
2040,totalVI likelihood-consistent + D1 head,ADT_CD106_A0226,0.6332313031533187
2040,totalVI likelihood-consistent + D1 head,ADT_CD115(CSF-1R)_A0105,0.5953786828372103
2040,totalVI likelihood-consistent + D1 head,ADT_CD117(c-Kit)_A0012,0.5662198001101745
2040,totalVI likelihood-consistent + D1 head,ADT_CD11a_A0595,0.7403302038479473
2040,totalVI likelihood-consistent + D1 head,ADT_CD11c_A0106,0.5984972368298648
2040,totalVI likelihood-consistent + D1 head,ADT_CD122(IL-2Rb)_A0227,0.5435304563795837
2040,totalVI likelihood-consistent + D1 head,ADT_CD127(IL-7Ra)_A0198,0.5648430985090409
2040,totalVI likelihood-consistent + D1 head,ADT_CD134(OX-40)_A0195,0.39531124163868975
2040,totalVI likelihood-consistent + D1 head,ADT_CD135_A0098,0.49136550063530354
2040,totalVI likelihood-consistent + D1 head,ADT_CD137_A0194,0.43794329874029375
2040,totalVI likelihood-consistent + D1 head,ADT_CD14_A0424,0.5691539176125034
2040,totalVI likelihood-consistent + D1 head,ADT_CD140a_A0573,0.3751768100413036
2040,totalVI likelihood-consistent + D1 head,ADT_CD15(SSEA-1)_A0076,0.5303807019157327
2040,totalVI likelihood-consistent + D1 head,ADT_CD150(SLAM)_A0203,0.7304453079351386
2040,totalVI likelihood-consistent + D1 head,ADT_CD16-32_A0109,0.5358937505314888
2040,totalVI likelihood-consistent + D1 head,ADT_CD169(Siglec-1)_A0440,0.45590002603045965
2040,totalVI likelihood-consistent + D1 head,ADT_CD172a(SIRPa)_A0422,0.5098573847125456
2040,totalVI likelihood-consistent + D1 head,ADT_CD183(CXCR3)_A0228,0.5812541481880195
2040,totalVI likelihood-consistent + D1 head,ADT_CD184(CXCR4)_A0444,0.48633881505296944
2040,totalVI likelihood-consistent + D1 head,ADT_CD19_A0093,0.6907690560720817
2040,totalVI likelihood-consistent + D1 head,ADT_CD192(CCR2)_A0426,0.47457104840787157
2040,totalVI likelihood-consistent + D1 head,ADT_CD195(CCR5)_A0376,0.5272558199586014
2040,totalVI likelihood-consistent + D1 head,ADT_CD196(CCR6)_A0225,0.5592432466016234
2040,totalVI likelihood-consistent + D1 head,ADT_CD197(CCR7)_A0377,0.4886285766301716
2040,totalVI likelihood-consistent + D1 head,ADT_CD20_A0192,0.4800643198979096
2040,totalVI likelihood-consistent + D1 head,ADT_CD200(OX2)_A0079,0.5943756089432144
2040,totalVI likelihood-consistent + D1 head,ADT_CD201(EPCR)_A0439,0.5098452528703202
2040,totalVI likelihood-consistent + D1 head,ADT_CD204(Msr1)_A0448,0.4078933389918921
2040,totalVI likelihood-consistent + D1 head,ADT_CD206(MMR)_A0173,0.528130279965401
2040,totalVI likelihood-consistent + D1 head,ADT_CD21-CD35(CR2-CR1)_A0107,0.7208686061158638
2040,totalVI likelihood-consistent + D1 head,ADT_CD223(LAG-3)_A0378,0.38609625730021596
2040,totalVI likelihood-consistent + D1 head,ADT_CD23_A0108,0.7064318594277004
2040,totalVI likelihood-consistent + D1 head,ADT_CD24_A0212,0.6112009720781613
2040,totalVI likelihood-consistent + D1 head,ADT_CD25_A0097,0.5149132927895417
2040,totalVI likelihood-consistent + D1 head,ADT_CD274(B7-H1_PD-L1)_A0190,0.5852018269898317
2040,totalVI likelihood-consistent + D1 head,ADT_CD278(ICOS)_A0171,0.5207218421737301
2040,totalVI likelihood-consistent + D1 head,ADT_CD279(PD-1)_A0004,0.42928142611793096
2040,totalVI likelihood-consistent + D1 head,ADT_CD28_A0204,0.4867292172572441
2040,totalVI likelihood-consistent + D1 head,ADT_CD29_A0570,0.7136323498641183
2040,totalVI likelihood-consistent + D1 head,ADT_CD300LG(Nepmucin)_A0416,0.3866746994230546
2040,totalVI likelihood-consistent + D1 head,ADT_CD301a(MGL1)_A0551,0.5778754268477913
2040,totalVI likelihood-consistent + D1 head,ADT_CD301b(MGL2)_A0566,0.47269475694860363
2040,totalVI likelihood-consistent + D1 head,ADT_CD304(Neuropilin-1)_A0552,0.5820382768557683
2040,totalVI likelihood-consistent + D1 head,ADT_CD326(Ep-CAM)_A0449,0.6101964195758186
2040,totalVI likelihood-consistent + D1 head,ADT_CD335(NKp46)_A0184,0.40070145479204916
2040,totalVI likelihood-consistent + D1 head,ADT_CD357(GITR)_A0193,0.6179754269407147
2040,totalVI likelihood-consistent + D1 head,ADT_CD36_A0555,0.5688876736915374
2040,totalVI likelihood-consistent + D1 head,ADT_CD366(Tim-3)_A0003,0.4949470642689145
2040,totalVI likelihood-consistent + D1 head,ADT_CD370(CLEC9A_DNGR1)_A0556,0.5471534244951015
2040,totalVI likelihood-consistent + D1 head,ADT_CD38_A0557,0.7973334088640643
2040,totalVI likelihood-consistent + D1 head,ADT_CD4_A0001,0.8781362803150753
2040,totalVI likelihood-consistent + D1 head,ADT_CD41_A0443,0.6245139779396206
2040,totalVI likelihood-consistent + D1 head,ADT_CD43_A0110,0.6468054804569678
2040,totalVI likelihood-consistent + D1 head,ADT_CD45_A0096,0.44667670784946534
2040,totalVI likelihood-consistent + D1 head,ADT_CD45.1_A0178,0.5426096037588772
2040,totalVI likelihood-consistent + D1 head,ADT_CD45.2_A0157,0.37404590625635975
2040,totalVI likelihood-consistent + D1 head,ADT_CD45R-B220_A0103,0.5510440250816379
2040,totalVI likelihood-consistent + D1 head,ADT_CD48_A0429,0.583643657845077
2040,totalVI likelihood-consistent + D1 head,ADT_CD49d_A0078,0.6620099238677715
2040,totalVI likelihood-consistent + D1 head,ADT_CD5_A0111,0.7210972502530061
2040,totalVI likelihood-consistent + D1 head,ADT_CD54_A0074,0.864167453041483
2040,totalVI likelihood-consistent + D1 head,ADT_CD55(DAF)_A0558,0.7194925245410729
2040,totalVI likelihood-consistent + D1 head,ADT_CD62L_A0112,1.0311955136305588
2040,totalVI likelihood-consistent + D1 head,ADT_CD62P(P-selectin)_A0229,0.4550024212427699
2040,totalVI likelihood-consistent + D1 head,ADT_CD63_A0559,0.47318459655126477
2040,totalVI likelihood-consistent + D1 head,ADT_CD64(FcrRI)_A0202,0.5162134155892971
2040,totalVI likelihood-consistent + D1 head,ADT_CD68_A0560,0.4469760291826581
2040,totalVI likelihood-consistent + D1 head,ADT_CD69_A0197,0.5479439301591601
2040,totalVI likelihood-consistent + D1 head,ADT_CD71_A0441,0.5923319020894309
2040,totalVI likelihood-consistent + D1 head,ADT_CD73_A0077,0.7204823257910705
2040,totalVI likelihood-consistent + D1 head,ADT_CD79b(Igb)_A0561,0.5797987913940988
2040,totalVI likelihood-consistent + D1 head,ADT_CD83_A0562,0.3610249253733206
2040,totalVI likelihood-consistent + D1 head,ADT_CD86_A0200,0.8295035335627751
2040,totalVI likelihood-consistent + D1 head,ADT_CD8a_A0002,0.7054796603878563
2040,totalVI likelihood-consistent + D1 head,ADT_CD8b(Ly-3)_A0230,0.844404143876803
2040,totalVI likelihood-consistent + D1 head,ADT_CD90.1(Thy-1.1)_A0380,0.3748655181296477
2040,totalVI likelihood-consistent + D1 head,ADT_CD90.2_A0075,0.7936527431753557
2040,totalVI likelihood-consistent + D1 head,ADT_CD93(AA4.1_earlyBlineage)_A0113,0.567534296470628
2040,totalVI likelihood-consistent + D1 head,ADT_CX3CR1_A0563,0.4902520028706387
2040,totalVI likelihood-consistent + D1 head,ADT_ESAM_A0596,0.528843113641675
2040,totalVI likelihood-consistent + D1 head,ADT_F4-80_A0114,0.6071132772238821
2040,totalVI likelihood-consistent + D1 head,ADT_FceRIa_A0115,0.5419198533766961
2040,totalVI likelihood-consistent + D1 head,ADT_FolateReceptorb(FR-b)_A0564,0.563952290852567
2040,totalVI likelihood-consistent + D1 head,ADT_H-2KbboundtoSIINFEKL_A0231,0.5280838865083356
2040,totalVI likelihood-consistent + D1 head,ADT_I-A-I-E_A0117,0.8669525877407226
2040,totalVI likelihood-consistent + D1 head,ADT_IRF4_A0249,0.5125974471601468
2040,totalVI likelihood-consistent + D1 head,ADT_IgD_A0571,0.7897065503396989
2040,totalVI likelihood-consistent + D1 head,ADT_IgM_A0450,0.5161643991312997
2040,totalVI likelihood-consistent + D1 head,ADT_Ly-6A-E(Sca-1)_A0130,1.000202250985643
2040,totalVI likelihood-consistent + D1 head,ADT_Ly-6C_A0013,0.5502101083541362
2040,totalVI likelihood-consistent + D1 head,ADT_MAdCAM-1_A0232,0.5161287091178988
2040,totalVI likelihood-consistent + D1 head,ADT_MERTK(Mer)_A0565,0.5248170419545549
2040,totalVI likelihood-consistent + D1 head,ADT_NK-1.1_A0118,0.5749127069987999
2040,totalVI likelihood-consistent + D1 head,ADT_Notch1_A0442,0.4913404772072807
2040,totalVI likelihood-consistent + D1 head,ADT_PanendothelialCellAntigen_A0381,0.5627781505966004
2040,totalVI likelihood-consistent + D1 head,ADT_SiglecH_A0119,0.5248403528772698
2040,totalVI likelihood-consistent + D1 head,ADT_TCRVb5.1_5.2_A0354,0.7391149725261312
2040,totalVI likelihood-consistent + D1 head,ADT_TCRVb8.1_8.2_A0235,0.593098518874995
2040,totalVI likelihood-consistent + D1 head,ADT_TCRVr1.1-Cr4_A0209,0.39182989705712856
2040,totalVI likelihood-consistent + D1 head,ADT_TCRVr2_A0211,0.5518326499103704
2040,totalVI likelihood-consistent + D1 head,ADT_TCRVr3_A0210,0.42421626673104024
2040,totalVI likelihood-consistent + D1 head,ADT_TCRbchain_A0120,0.6107741399383027
2040,totalVI likelihood-consistent + D1 head,ADT_TCRr-d_A0121,0.5414092769326752
2040,totalVI likelihood-consistent + D1 head,ADT_TER-119-ErythroidCells_A0122,0.4717709090961614
2040,totalVI likelihood-consistent + D1 head,ADT_Tim-4_A0567,0.5540027086832078
2040,totalVI likelihood-consistent + D1 head,ADT_XCR1_A0568,0.5345302264945586
2040,totalVI likelihood-consistent + D1 head,ADT_anti-P2RY12_A0415,0.5346609784210173
2040,totalVI likelihood-consistent + D1 head,ADT_integrinb7_A0214,0.6800607883166073
2041,totalVI helper-uncorrected,ADT_CD102_A0104,0.8523776534740922
2041,totalVI helper-uncorrected,ADT_CD103_A0201,1.0641076395793618
2041,totalVI helper-uncorrected,ADT_CD106_A0226,0.9330152592752525
2041,totalVI helper-uncorrected,ADT_CD115(CSF-1R)_A0105,1.0418623117293762
2041,totalVI helper-uncorrected,ADT_CD117(c-Kit)_A0012,1.0716605899618372
2041,totalVI helper-uncorrected,ADT_CD11a_A0595,0.6590498000290053
2041,totalVI helper-uncorrected,ADT_CD11c_A0106,1.0473679206440534
2041,totalVI helper-uncorrected,ADT_CD122(IL-2Rb)_A0227,0.9906584299830101
2041,totalVI helper-uncorrected,ADT_CD127(IL-7Ra)_A0198,0.922814289757016
2041,totalVI helper-uncorrected,ADT_CD134(OX-40)_A0195,1.1782257533781626
2041,totalVI helper-uncorrected,ADT_CD135_A0098,1.0952282135791729
2041,totalVI helper-uncorrected,ADT_CD137_A0194,1.1208703760610577
2041,totalVI helper-uncorrected,ADT_CD14_A0424,1.090083668487731
2041,totalVI helper-uncorrected,ADT_CD140a_A0573,1.0710702365945086
2041,totalVI helper-uncorrected,ADT_CD15(SSEA-1)_A0076,1.1716982603094226
2041,totalVI helper-uncorrected,ADT_CD150(SLAM)_A0203,1.0113040518490894
2041,totalVI helper-uncorrected,ADT_CD16-32_A0109,1.0710415788999366
2041,totalVI helper-uncorrected,ADT_CD169(Siglec-1)_A0440,1.1075652845078137
2041,totalVI helper-uncorrected,ADT_CD172a(SIRPa)_A0422,1.0643624846546422
2041,totalVI helper-uncorrected,ADT_CD183(CXCR3)_A0228,1.0947374223378827
2041,totalVI helper-uncorrected,ADT_CD184(CXCR4)_A0444,1.0101644837792654
2041,totalVI helper-uncorrected,ADT_CD19_A0093,0.8054942559148954
2041,totalVI helper-uncorrected,ADT_CD192(CCR2)_A0426,0.9846851284486643
2041,totalVI helper-uncorrected,ADT_CD195(CCR5)_A0376,1.1510714243450337
2041,totalVI helper-uncorrected,ADT_CD196(CCR6)_A0225,0.9726385149662359
2041,totalVI helper-uncorrected,ADT_CD197(CCR7)_A0377,1.09247846961709
2041,totalVI helper-uncorrected,ADT_CD20_A0192,1.0122419024548408
2041,totalVI helper-uncorrected,ADT_CD200(OX2)_A0079,1.0628351124207331
2041,totalVI helper-uncorrected,ADT_CD201(EPCR)_A0439,1.0530868541592648
2041,totalVI helper-uncorrected,ADT_CD204(Msr1)_A0448,0.6827761063639622
2041,totalVI helper-uncorrected,ADT_CD206(MMR)_A0173,1.2197765276812294
2041,totalVI helper-uncorrected,ADT_CD21-CD35(CR2-CR1)_A0107,1.2188759764234562
2041,totalVI helper-uncorrected,ADT_CD223(LAG-3)_A0378,1.0727370848459934
2041,totalVI helper-uncorrected,ADT_CD23_A0108,1.2124801581870381
2041,totalVI helper-uncorrected,ADT_CD24_A0212,1.1211139673379371
2041,totalVI helper-uncorrected,ADT_CD25_A0097,0.8688410859852173
2041,totalVI helper-uncorrected,ADT_CD274(B7-H1_PD-L1)_A0190,0.8651210947063914
2041,totalVI helper-uncorrected,ADT_CD278(ICOS)_A0171,0.9912390264738417
2041,totalVI helper-uncorrected,ADT_CD279(PD-1)_A0004,1.1050455671141228
2041,totalVI helper-uncorrected,ADT_CD28_A0204,1.0591933581739559
2041,totalVI helper-uncorrected,ADT_CD29_A0570,0.8826614625703952
2041,totalVI helper-uncorrected,ADT_CD300LG(Nepmucin)_A0416,1.0849629631945232
2041,totalVI helper-uncorrected,ADT_CD301a(MGL1)_A0551,1.1721217153747725
2041,totalVI helper-uncorrected,ADT_CD301b(MGL2)_A0566,1.0822822264971252
2041,totalVI helper-uncorrected,ADT_CD304(Neuropilin-1)_A0552,1.1907957360560752
2041,totalVI helper-uncorrected,ADT_CD326(Ep-CAM)_A0449,1.0442698972921407
2041,totalVI helper-uncorrected,ADT_CD335(NKp46)_A0184,1.2014964085190212
2041,totalVI helper-uncorrected,ADT_CD357(GITR)_A0193,1.0155231163562213
2041,totalVI helper-uncorrected,ADT_CD36_A0555,1.0450129694291148
2041,totalVI helper-uncorrected,ADT_CD366(Tim-3)_A0003,0.9162220685715435
2041,totalVI helper-uncorrected,ADT_CD370(CLEC9A_DNGR1)_A0556,1.0773023652040734
2041,totalVI helper-uncorrected,ADT_CD38_A0557,0.9444442262719646
2041,totalVI helper-uncorrected,ADT_CD4_A0001,1.3333011885866604
2041,totalVI helper-uncorrected,ADT_CD41_A0443,1.3736663043718977
2041,totalVI helper-uncorrected,ADT_CD43_A0110,0.950776025644351
2041,totalVI helper-uncorrected,ADT_CD45_A0096,1.1858536683327408
2041,totalVI helper-uncorrected,ADT_CD45.1_A0178,1.1082638755563476
2041,totalVI helper-uncorrected,ADT_CD45.2_A0157,1.1529858280120633
2041,totalVI helper-uncorrected,ADT_CD45R-B220_A0103,1.0090408851584036
2041,totalVI helper-uncorrected,ADT_CD48_A0429,0.8068622959381879
2041,totalVI helper-uncorrected,ADT_CD49d_A0078,0.9119147206703317
2041,totalVI helper-uncorrected,ADT_CD5_A0111,1.0461153199513469
2041,totalVI helper-uncorrected,ADT_CD54_A0074,0.9317777224172226
2041,totalVI helper-uncorrected,ADT_CD55(DAF)_A0558,1.0562244641531364
2041,totalVI helper-uncorrected,ADT_CD62L_A0112,1.089732629163696
2041,totalVI helper-uncorrected,ADT_CD62P(P-selectin)_A0229,1.1868414058464134
2041,totalVI helper-uncorrected,ADT_CD63_A0559,1.0920277566705705
2041,totalVI helper-uncorrected,ADT_CD64(FcrRI)_A0202,0.9274430017510195
2041,totalVI helper-uncorrected,ADT_CD68_A0560,0.7359827215129994
2041,totalVI helper-uncorrected,ADT_CD69_A0197,0.9648900171835529
2041,totalVI helper-uncorrected,ADT_CD71_A0441,1.123211998027485
2041,totalVI helper-uncorrected,ADT_CD73_A0077,1.1759572957760267
2041,totalVI helper-uncorrected,ADT_CD79b(Igb)_A0561,1.0326161609094116
2041,totalVI helper-uncorrected,ADT_CD83_A0562,0.5345959414230393
2041,totalVI helper-uncorrected,ADT_CD86_A0200,1.1732384409447856
2041,totalVI helper-uncorrected,ADT_CD8a_A0002,1.2984619865877136
2041,totalVI helper-uncorrected,ADT_CD8b(Ly-3)_A0230,1.425138869823718
2041,totalVI helper-uncorrected,ADT_CD90.1(Thy-1.1)_A0380,0.6163832885836342
2041,totalVI helper-uncorrected,ADT_CD90.2_A0075,1.181585074390659
2041,totalVI helper-uncorrected,ADT_CD93(AA4.1_earlyBlineage)_A0113,1.1357506568854967
2041,totalVI helper-uncorrected,ADT_CX3CR1_A0563,0.8121870650641188
2041,totalVI helper-uncorrected,ADT_ESAM_A0596,1.0815958458814334
2041,totalVI helper-uncorrected,ADT_F4-80_A0114,1.0717624025369794
2041,totalVI helper-uncorrected,ADT_FceRIa_A0115,1.0902740598967167
2041,totalVI helper-uncorrected,ADT_FolateReceptorb(FR-b)_A0564,1.1015415054799877
2041,totalVI helper-uncorrected,ADT_H-2KbboundtoSIINFEKL_A0231,1.088974065062044
2041,totalVI helper-uncorrected,ADT_I-A-I-E_A0117,1.4694439212084918
2041,totalVI helper-uncorrected,ADT_IRF4_A0249,1.0556310051923652
2041,totalVI helper-uncorrected,ADT_IgD_A0571,1.182773331984987
2041,totalVI helper-uncorrected,ADT_IgM_A0450,1.1007712737388067
2041,totalVI helper-uncorrected,ADT_Ly-6A-E(Sca-1)_A0130,1.3105126499725033
2041,totalVI helper-uncorrected,ADT_Ly-6C_A0013,1.0991021976704172
2041,totalVI helper-uncorrected,ADT_MAdCAM-1_A0232,1.1014636629400942
2041,totalVI helper-uncorrected,ADT_MERTK(Mer)_A0565,1.1324144984773572
2041,totalVI helper-uncorrected,ADT_NK-1.1_A0118,1.2538529544920516
2041,totalVI helper-uncorrected,ADT_Notch1_A0442,1.163518139861393
2041,totalVI helper-uncorrected,ADT_PanendothelialCellAntigen_A0381,1.0863450322660302
2041,totalVI helper-uncorrected,ADT_SiglecH_A0119,1.0868116122173768
2041,totalVI helper-uncorrected,ADT_TCRVb5.1_5.2_A0354,1.622230175636236
2041,totalVI helper-uncorrected,ADT_TCRVb8.1_8.2_A0235,1.1145707538185843
2041,totalVI helper-uncorrected,ADT_TCRVr1.1-Cr4_A0209,0.6183088333508039
2041,totalVI helper-uncorrected,ADT_TCRVr2_A0211,1.0962366019357008
2041,totalVI helper-uncorrected,ADT_TCRVr3_A0210,1.0431262243972916
2041,totalVI helper-uncorrected,ADT_TCRbchain_A0120,1.2331530558085089
2041,totalVI helper-uncorrected,ADT_TCRr-d_A0121,1.1213484880377451
2041,totalVI helper-uncorrected,ADT_TER-119-ErythroidCells_A0122,0.8047658922472978
2041,totalVI helper-uncorrected,ADT_Tim-4_A0567,1.0755329886982297
2041,totalVI helper-uncorrected,ADT_XCR1_A0568,1.061751942294989
2041,totalVI helper-uncorrected,ADT_anti-P2RY12_A0415,1.0919961458209346
2041,totalVI helper-uncorrected,ADT_integrinb7_A0214,0.8577178585830546
2041,totalVI likelihood-consistent,ADT_CD102_A0104,0.503432267792593
2041,totalVI likelihood-consistent,ADT_CD103_A0201,0.516974511868871
2041,totalVI likelihood-consistent,ADT_CD106_A0226,0.5787189056334698
2041,totalVI likelihood-consistent,ADT_CD115(CSF-1R)_A0105,0.592908951317211
2041,totalVI likelihood-consistent,ADT_CD117(c-Kit)_A0012,0.5610340422694668
2041,totalVI likelihood-consistent,ADT_CD11a_A0595,0.5952459830565067
2041,totalVI likelihood-consistent,ADT_CD11c_A0106,0.6083761096572258
2041,totalVI likelihood-consistent,ADT_CD122(IL-2Rb)_A0227,0.5452224081072417
2041,totalVI likelihood-consistent,ADT_CD127(IL-7Ra)_A0198,0.5373735036869354
2041,totalVI likelihood-consistent,ADT_CD134(OX-40)_A0195,0.4192019987198188
2041,totalVI likelihood-consistent,ADT_CD135_A0098,0.505230561457551
2041,totalVI likelihood-consistent,ADT_CD137_A0194,0.452744266156502
2041,totalVI likelihood-consistent,ADT_CD14_A0424,0.5818675994261219
2041,totalVI likelihood-consistent,ADT_CD140a_A0573,0.37853684539383115
2041,totalVI likelihood-consistent,ADT_CD15(SSEA-1)_A0076,0.5656675239709013
2041,totalVI likelihood-consistent,ADT_CD150(SLAM)_A0203,0.6316901887131051
2041,totalVI likelihood-consistent,ADT_CD16-32_A0109,0.5526521710884076
2041,totalVI likelihood-consistent,ADT_CD169(Siglec-1)_A0440,0.46017569185719187
2041,totalVI likelihood-consistent,ADT_CD172a(SIRPa)_A0422,0.5128645301481931
2041,totalVI likelihood-consistent,ADT_CD183(CXCR3)_A0228,0.6071156323189817
2041,totalVI likelihood-consistent,ADT_CD184(CXCR4)_A0444,0.4727658502403774
2041,totalVI likelihood-consistent,ADT_CD19_A0093,0.5916135314851267
2041,totalVI likelihood-consistent,ADT_CD192(CCR2)_A0426,0.4475847094316909
2041,totalVI likelihood-consistent,ADT_CD195(CCR5)_A0376,0.5542941022960299
2041,totalVI likelihood-consistent,ADT_CD196(CCR6)_A0225,0.5520947316615236
2041,totalVI likelihood-consistent,ADT_CD197(CCR7)_A0377,0.49567967786491723
2041,totalVI likelihood-consistent,ADT_CD20_A0192,0.44759958857373844
2041,totalVI likelihood-consistent,ADT_CD200(OX2)_A0079,0.5618632202099464
2041,totalVI likelihood-consistent,ADT_CD201(EPCR)_A0439,0.5132125478581981
2041,totalVI likelihood-consistent,ADT_CD204(Msr1)_A0448,0.41913381991435544
2041,totalVI likelihood-consistent,ADT_CD206(MMR)_A0173,0.5581244176232847
2041,totalVI likelihood-consistent,ADT_CD21-CD35(CR2-CR1)_A0107,0.7002550029721388
2041,totalVI likelihood-consistent,ADT_CD223(LAG-3)_A0378,0.39062529697339154
2041,totalVI likelihood-consistent,ADT_CD23_A0108,0.6853189876749698
2041,totalVI likelihood-consistent,ADT_CD24_A0212,0.5815063448161658
2041,totalVI likelihood-consistent,ADT_CD25_A0097,0.5255938254695125
2041,totalVI likelihood-consistent,ADT_CD274(B7-H1_PD-L1)_A0190,0.4899286147226181
2041,totalVI likelihood-consistent,ADT_CD278(ICOS)_A0171,0.47333974685582964
2041,totalVI likelihood-consistent,ADT_CD279(PD-1)_A0004,0.44052392524588446
2041,totalVI likelihood-consistent,ADT_CD28_A0204,0.48876863153094424
2041,totalVI likelihood-consistent,ADT_CD29_A0570,0.6049419586564577
2041,totalVI likelihood-consistent,ADT_CD300LG(Nepmucin)_A0416,0.39460666500920355
2041,totalVI likelihood-consistent,ADT_CD301a(MGL1)_A0551,0.6244764124217647
2041,totalVI likelihood-consistent,ADT_CD301b(MGL2)_A0566,0.48247217011627486
2041,totalVI likelihood-consistent,ADT_CD304(Neuropilin-1)_A0552,0.6228174060179089
2041,totalVI likelihood-consistent,ADT_CD326(Ep-CAM)_A0449,0.6229521574703567
2041,totalVI likelihood-consistent,ADT_CD335(NKp46)_A0184,0.4194219900252181
2041,totalVI likelihood-consistent,ADT_CD357(GITR)_A0193,0.5786150400373454
2041,totalVI likelihood-consistent,ADT_CD36_A0555,0.5722597814619025
2041,totalVI likelihood-consistent,ADT_CD366(Tim-3)_A0003,0.5234866316950654
2041,totalVI likelihood-consistent,ADT_CD370(CLEC9A_DNGR1)_A0556,0.561474069172004
2041,totalVI likelihood-consistent,ADT_CD38_A0557,0.7107358993443624
2041,totalVI likelihood-consistent,ADT_CD4_A0001,0.8487304176658261
2041,totalVI likelihood-consistent,ADT_CD41_A0443,0.7101360904472901
2041,totalVI likelihood-consistent,ADT_CD43_A0110,0.5589177316035465
2041,totalVI likelihood-consistent,ADT_CD45_A0096,0.46079710385420003
2041,totalVI likelihood-consistent,ADT_CD45.1_A0178,0.5785984906791553
2041,totalVI likelihood-consistent,ADT_CD45.2_A0157,0.39189399529674507
2041,totalVI likelihood-consistent,ADT_CD45R-B220_A0103,0.5034707561715576
2041,totalVI likelihood-consistent,ADT_CD48_A0429,0.4519584928828028
2041,totalVI likelihood-consistent,ADT_CD49d_A0078,0.5396817232736267
2041,totalVI likelihood-consistent,ADT_CD5_A0111,0.6382437110303733
2041,totalVI likelihood-consistent,ADT_CD54_A0074,0.6588972181107144
2041,totalVI likelihood-consistent,ADT_CD55(DAF)_A0558,0.662903273302293
2041,totalVI likelihood-consistent,ADT_CD62L_A0112,0.8569140275052091
2041,totalVI likelihood-consistent,ADT_CD62P(P-selectin)_A0229,0.48335328635632624
2041,totalVI likelihood-consistent,ADT_CD63_A0559,0.4759045617676979
2041,totalVI likelihood-consistent,ADT_CD64(FcrRI)_A0202,0.530238611903689
2041,totalVI likelihood-consistent,ADT_CD68_A0560,0.46088356585488705
2041,totalVI likelihood-consistent,ADT_CD69_A0197,0.5259735693562932
2041,totalVI likelihood-consistent,ADT_CD71_A0441,0.5538938555799857
2041,totalVI likelihood-consistent,ADT_CD73_A0077,0.6987916561158556
2041,totalVI likelihood-consistent,ADT_CD79b(Igb)_A0561,0.5424446956507404
2041,totalVI likelihood-consistent,ADT_CD83_A0562,0.363699783989097
2041,totalVI likelihood-consistent,ADT_CD86_A0200,0.7530851064450066
2041,totalVI likelihood-consistent,ADT_CD8a_A0002,0.7440202780119165
2041,totalVI likelihood-consistent,ADT_CD8b(Ly-3)_A0230,0.9111534877121285
2041,totalVI likelihood-consistent,ADT_CD90.1(Thy-1.1)_A0380,0.3844895258638079
2041,totalVI likelihood-consistent,ADT_CD90.2_A0075,0.7457031803694502
2041,totalVI likelihood-consistent,ADT_CD93(AA4.1_earlyBlineage)_A0113,0.5953519355458992
2041,totalVI likelihood-consistent,ADT_CX3CR1_A0563,0.4970930063487642
2041,totalVI likelihood-consistent,ADT_ESAM_A0596,0.5359610454005914
2041,totalVI likelihood-consistent,ADT_F4-80_A0114,0.6121428591835836
2041,totalVI likelihood-consistent,ADT_FceRIa_A0115,0.5683916426031226
2041,totalVI likelihood-consistent,ADT_FolateReceptorb(FR-b)_A0564,0.5725991432646176
2041,totalVI likelihood-consistent,ADT_H-2KbboundtoSIINFEKL_A0231,0.5432545158664042
2041,totalVI likelihood-consistent,ADT_I-A-I-E_A0117,0.8701106602958424
2041,totalVI likelihood-consistent,ADT_IRF4_A0249,0.5147086185418452
2041,totalVI likelihood-consistent,ADT_IgD_A0571,0.7205718512378678
2041,totalVI likelihood-consistent,ADT_IgM_A0450,0.536801760466802
2041,totalVI likelihood-consistent,ADT_Ly-6A-E(Sca-1)_A0130,0.8577598130725321
2041,totalVI likelihood-consistent,ADT_Ly-6C_A0013,0.5452860254667343
2041,totalVI likelihood-consistent,ADT_MAdCAM-1_A0232,0.5291828167572429
2041,totalVI likelihood-consistent,ADT_MERTK(Mer)_A0565,0.5469877212280849
2041,totalVI likelihood-consistent,ADT_NK-1.1_A0118,0.6332045743063325
2041,totalVI likelihood-consistent,ADT_Notch1_A0442,0.5184386163845143
2041,totalVI likelihood-consistent,ADT_PanendothelialCellAntigen_A0381,0.5743801820421514
2041,totalVI likelihood-consistent,ADT_SiglecH_A0119,0.5426239011818793
2041,totalVI likelihood-consistent,ADT_TCRVb5.1_5.2_A0354,0.9357790572362197
2041,totalVI likelihood-consistent,ADT_TCRVb8.1_8.2_A0235,0.6212494655470293
2041,totalVI likelihood-consistent,ADT_TCRVr1.1-Cr4_A0209,0.4041500681190752
2041,totalVI likelihood-consistent,ADT_TCRVr2_A0211,0.5708916018611649
2041,totalVI likelihood-consistent,ADT_TCRVr3_A0210,0.42407911559194955
2041,totalVI likelihood-consistent,ADT_TCRbchain_A0120,0.6398222712139777
2041,totalVI likelihood-consistent,ADT_TCRr-d_A0121,0.5619046727484632
2041,totalVI likelihood-consistent,ADT_TER-119-ErythroidCells_A0122,0.4858002443391915
2041,totalVI likelihood-consistent,ADT_Tim-4_A0567,0.5490667748432071
2041,totalVI likelihood-consistent,ADT_XCR1_A0568,0.5448455159200819
2041,totalVI likelihood-consistent,ADT_anti-P2RY12_A0415,0.5419456274486049
2041,totalVI likelihood-consistent,ADT_integrinb7_A0214,0.5546084094872902
2041,totalVI-X affine,ADT_CD102_A0104,0.6352231012110089
2041,totalVI-X affine,ADT_CD103_A0201,0.5337534360572559
2041,totalVI-X affine,ADT_CD106_A0226,0.6305587718696107
2041,totalVI-X affine,ADT_CD115(CSF-1R)_A0105,0.59423774916341
2041,totalVI-X affine,ADT_CD117(c-Kit)_A0012,0.5617285620620671
2041,totalVI-X affine,ADT_CD11a_A0595,0.7452669240093889
2041,totalVI-X affine,ADT_CD11c_A0106,0.5965327932589513
2041,totalVI-X affine,ADT_CD122(IL-2Rb)_A0227,0.5422252686820521
2041,totalVI-X affine,ADT_CD127(IL-7Ra)_A0198,0.5609907199648397
2041,totalVI-X affine,ADT_CD134(OX-40)_A0195,0.3951405929055124
2041,totalVI-X affine,ADT_CD135_A0098,0.4908270148317639
2041,totalVI-X affine,ADT_CD137_A0194,0.43766032772946784
2041,totalVI-X affine,ADT_CD14_A0424,0.5686980952472289
2041,totalVI-X affine,ADT_CD140a_A0573,0.3745548218228655
2041,totalVI-X affine,ADT_CD15(SSEA-1)_A0076,0.530837640458651
2041,totalVI-X affine,ADT_CD150(SLAM)_A0203,0.7232276694145371
2041,totalVI-X affine,ADT_CD16-32_A0109,0.5350306243985761
2041,totalVI-X affine,ADT_CD169(Siglec-1)_A0440,0.45665975629870115
2041,totalVI-X affine,ADT_CD172a(SIRPa)_A0422,0.5081667866798942
2041,totalVI-X affine,ADT_CD183(CXCR3)_A0228,0.5833289783278475
2041,totalVI-X affine,ADT_CD184(CXCR4)_A0444,0.48449988921065046
2041,totalVI-X affine,ADT_CD19_A0093,0.6916384066836117
2041,totalVI-X affine,ADT_CD192(CCR2)_A0426,0.4709775909361345
2041,totalVI-X affine,ADT_CD195(CCR5)_A0376,0.5282742176003872
2041,totalVI-X affine,ADT_CD196(CCR6)_A0225,0.556016348964876
2041,totalVI-X affine,ADT_CD197(CCR7)_A0377,0.4870186967272417
2041,totalVI-X affine,ADT_CD20_A0192,0.4763071069812046
2041,totalVI-X affine,ADT_CD200(OX2)_A0079,0.5912319712930995
2041,totalVI-X affine,ADT_CD201(EPCR)_A0439,0.5092975632783279
2041,totalVI-X affine,ADT_CD204(Msr1)_A0448,0.40738090415175593
2041,totalVI-X affine,ADT_CD206(MMR)_A0173,0.5277830896602793
2041,totalVI-X affine,ADT_CD21-CD35(CR2-CR1)_A0107,0.7224649998506159
2041,totalVI-X affine,ADT_CD223(LAG-3)_A0378,0.38529313137106597
2041,totalVI-X affine,ADT_CD23_A0108,0.7161481332894858
2041,totalVI-X affine,ADT_CD24_A0212,0.6131659971478891
2041,totalVI-X affine,ADT_CD25_A0097,0.5099633120048109
2041,totalVI-X affine,ADT_CD274(B7-H1_PD-L1)_A0190,0.5810763409770077
2041,totalVI-X affine,ADT_CD278(ICOS)_A0171,0.5125641724503852
2041,totalVI-X affine,ADT_CD279(PD-1)_A0004,0.42725734194159826
2041,totalVI-X affine,ADT_CD28_A0204,0.4868256685347437
2041,totalVI-X affine,ADT_CD29_A0570,0.7111529150475062
2041,totalVI-X affine,ADT_CD300LG(Nepmucin)_A0416,0.38731186908992693
2041,totalVI-X affine,ADT_CD301a(MGL1)_A0551,0.581743526647292
2041,totalVI-X affine,ADT_CD301b(MGL2)_A0566,0.4744959649185597
2041,totalVI-X affine,ADT_CD304(Neuropilin-1)_A0552,0.5841753622083448
2041,totalVI-X affine,ADT_CD326(Ep-CAM)_A0449,0.6108360823107042
2041,totalVI-X affine,ADT_CD335(NKp46)_A0184,0.4001041467517026
2041,totalVI-X affine,ADT_CD357(GITR)_A0193,0.615312711310946
2041,totalVI-X affine,ADT_CD36_A0555,0.5679776351724392
2041,totalVI-X affine,ADT_CD366(Tim-3)_A0003,0.4939673668085789
2041,totalVI-X affine,ADT_CD370(CLEC9A_DNGR1)_A0556,0.5461405385395588
2041,totalVI-X affine,ADT_CD38_A0557,0.7897850099015012
2041,totalVI-X affine,ADT_CD4_A0001,0.8559228794250606
2041,totalVI-X affine,ADT_CD41_A0443,0.6230332128000138
2041,totalVI-X affine,ADT_CD43_A0110,0.6492056618395599
2041,totalVI-X affine,ADT_CD45_A0096,0.44717923072288857
2041,totalVI-X affine,ADT_CD45.1_A0178,0.5439235489341928
2041,totalVI-X affine,ADT_CD45.2_A0157,0.3747412080131679
2041,totalVI-X affine,ADT_CD45R-B220_A0103,0.5518232298086245
2041,totalVI-X affine,ADT_CD48_A0429,0.5834877186634395
2041,totalVI-X affine,ADT_CD49d_A0078,0.670920693225712
2041,totalVI-X affine,ADT_CD5_A0111,0.7241298296820999
2041,totalVI-X affine,ADT_CD54_A0074,0.8262603882155214
2041,totalVI-X affine,ADT_CD55(DAF)_A0558,0.7254969389119107
2041,totalVI-X affine,ADT_CD62L_A0112,1.0409534406650618
2041,totalVI-X affine,ADT_CD62P(P-selectin)_A0229,0.456925557273541
2041,totalVI-X affine,ADT_CD63_A0559,0.4713126804219515
2041,totalVI-X affine,ADT_CD64(FcrRI)_A0202,0.5166031238398004
2041,totalVI-X affine,ADT_CD68_A0560,0.44728109695107793
2041,totalVI-X affine,ADT_CD69_A0197,0.5485561572308116
2041,totalVI-X affine,ADT_CD71_A0441,0.5764336206950257
2041,totalVI-X affine,ADT_CD73_A0077,0.7213478626296239
2041,totalVI-X affine,ADT_CD79b(Igb)_A0561,0.5809280493673449
2041,totalVI-X affine,ADT_CD83_A0562,0.35974981185195243
2041,totalVI-X affine,ADT_CD86_A0200,0.8195371558597518
2041,totalVI-X affine,ADT_CD8a_A0002,0.7209348353532328
2041,totalVI-X affine,ADT_CD8b(Ly-3)_A0230,0.885099915057357
2041,totalVI-X affine,ADT_CD90.1(Thy-1.1)_A0380,0.3738102751583987
2041,totalVI-X affine,ADT_CD90.2_A0075,0.7927237033928836
2041,totalVI-X affine,ADT_CD93(AA4.1_earlyBlineage)_A0113,0.5675972467746422
2041,totalVI-X affine,ADT_CX3CR1_A0563,0.4871635853858483
2041,totalVI-X affine,ADT_ESAM_A0596,0.5261121691319735
2041,totalVI-X affine,ADT_F4-80_A0114,0.6027932022965314
2041,totalVI-X affine,ADT_FceRIa_A0115,0.5418695533855818
2041,totalVI-X affine,ADT_FolateReceptorb(FR-b)_A0564,0.5650954228111887
2041,totalVI-X affine,ADT_H-2KbboundtoSIINFEKL_A0231,0.5291024152403285
2041,totalVI-X affine,ADT_I-A-I-E_A0117,0.8499116437136742
2041,totalVI-X affine,ADT_IRF4_A0249,0.512700197812045
2041,totalVI-X affine,ADT_IgD_A0571,0.7981446123240414
2041,totalVI-X affine,ADT_IgM_A0450,0.5164186978686832
2041,totalVI-X affine,ADT_Ly-6A-E(Sca-1)_A0130,0.9747348368288347
2041,totalVI-X affine,ADT_Ly-6C_A0013,0.5570420766939093
2041,totalVI-X affine,ADT_MAdCAM-1_A0232,0.5159125189640886
2041,totalVI-X affine,ADT_MERTK(Mer)_A0565,0.5247741751683042
2041,totalVI-X affine,ADT_NK-1.1_A0118,0.576188262748806
2041,totalVI-X affine,ADT_Notch1_A0442,0.4914604616433331
2041,totalVI-X affine,ADT_PanendothelialCellAntigen_A0381,0.5630824989857773
2041,totalVI-X affine,ADT_SiglecH_A0119,0.5249728378560955
2041,totalVI-X affine,ADT_TCRVb5.1_5.2_A0354,0.7397720051392735
2041,totalVI-X affine,ADT_TCRVb8.1_8.2_A0235,0.5938124684966416
2041,totalVI-X affine,ADT_TCRVr1.1-Cr4_A0209,0.39673954862356553
2041,totalVI-X affine,ADT_TCRVr2_A0211,0.5494330192780026
2041,totalVI-X affine,ADT_TCRVr3_A0210,0.42517564256285945
2041,totalVI-X affine,ADT_TCRbchain_A0120,0.6153399238025715
2041,totalVI-X affine,ADT_TCRr-d_A0121,0.5429233163458007
2041,totalVI-X affine,ADT_TER-119-ErythroidCells_A0122,0.4692032932935875
2041,totalVI-X affine,ADT_Tim-4_A0567,0.5490184570389423
2041,totalVI-X affine,ADT_XCR1_A0568,0.5354909132574232
2041,totalVI-X affine,ADT_anti-P2RY12_A0415,0.5359493337743436
2041,totalVI-X affine,ADT_integrinb7_A0214,0.6954975504371099
2041,totalVI likelihood-consistent + D1 head,ADT_CD102_A0104,0.6359198778750219
2041,totalVI likelihood-consistent + D1 head,ADT_CD103_A0201,0.5340692676683162
2041,totalVI likelihood-consistent + D1 head,ADT_CD106_A0226,0.6299406571828379
2041,totalVI likelihood-consistent + D1 head,ADT_CD115(CSF-1R)_A0105,0.594489086432193
2041,totalVI likelihood-consistent + D1 head,ADT_CD117(c-Kit)_A0012,0.5618746891578735
2041,totalVI likelihood-consistent + D1 head,ADT_CD11a_A0595,0.7454576470025243
2041,totalVI likelihood-consistent + D1 head,ADT_CD11c_A0106,0.5957657702919978
2041,totalVI likelihood-consistent + D1 head,ADT_CD122(IL-2Rb)_A0227,0.5420029513481659
2041,totalVI likelihood-consistent + D1 head,ADT_CD127(IL-7Ra)_A0198,0.5621012612142805
2041,totalVI likelihood-consistent + D1 head,ADT_CD134(OX-40)_A0195,0.39509578811631435
2041,totalVI likelihood-consistent + D1 head,ADT_CD135_A0098,0.4907700647580025
2041,totalVI likelihood-consistent + D1 head,ADT_CD137_A0194,0.4376049070867302
2041,totalVI likelihood-consistent + D1 head,ADT_CD14_A0424,0.56845008145033
2041,totalVI likelihood-consistent + D1 head,ADT_CD140a_A0573,0.37450583536134435
2041,totalVI likelihood-consistent + D1 head,ADT_CD15(SSEA-1)_A0076,0.5307871865543552
2041,totalVI likelihood-consistent + D1 head,ADT_CD150(SLAM)_A0203,0.7245521821271985
2041,totalVI likelihood-consistent + D1 head,ADT_CD16-32_A0109,0.5350486159459319
2041,totalVI likelihood-consistent + D1 head,ADT_CD169(Siglec-1)_A0440,0.4566688074432469
2041,totalVI likelihood-consistent + D1 head,ADT_CD172a(SIRPa)_A0422,0.5084246572365582
2041,totalVI likelihood-consistent + D1 head,ADT_CD183(CXCR3)_A0228,0.5819058219712371
2041,totalVI likelihood-consistent + D1 head,ADT_CD184(CXCR4)_A0444,0.4845022560965757
2041,totalVI likelihood-consistent + D1 head,ADT_CD19_A0093,0.6949308164409551
2041,totalVI likelihood-consistent + D1 head,ADT_CD192(CCR2)_A0426,0.47103384021932426
2041,totalVI likelihood-consistent + D1 head,ADT_CD195(CCR5)_A0376,0.5280711993752615
2041,totalVI likelihood-consistent + D1 head,ADT_CD196(CCR6)_A0225,0.5562523901068516
2041,totalVI likelihood-consistent + D1 head,ADT_CD197(CCR7)_A0377,0.4869996245791139
2041,totalVI likelihood-consistent + D1 head,ADT_CD20_A0192,0.4767904502270322
2041,totalVI likelihood-consistent + D1 head,ADT_CD200(OX2)_A0079,0.5923728285898433
2041,totalVI likelihood-consistent + D1 head,ADT_CD201(EPCR)_A0439,0.5092315395774946
2041,totalVI likelihood-consistent + D1 head,ADT_CD204(Msr1)_A0448,0.40742320761005774
2041,totalVI likelihood-consistent + D1 head,ADT_CD206(MMR)_A0173,0.5278036478115049
2041,totalVI likelihood-consistent + D1 head,ADT_CD21-CD35(CR2-CR1)_A0107,0.7219819812902964
2041,totalVI likelihood-consistent + D1 head,ADT_CD223(LAG-3)_A0378,0.38526976370277494
2041,totalVI likelihood-consistent + D1 head,ADT_CD23_A0108,0.7150230215929166
2041,totalVI likelihood-consistent + D1 head,ADT_CD24_A0212,0.6131805529024793
2041,totalVI likelihood-consistent + D1 head,ADT_CD25_A0097,0.5079370682742143
2041,totalVI likelihood-consistent + D1 head,ADT_CD274(B7-H1_PD-L1)_A0190,0.5803878489463795
2041,totalVI likelihood-consistent + D1 head,ADT_CD278(ICOS)_A0171,0.5129104007934077
2041,totalVI likelihood-consistent + D1 head,ADT_CD279(PD-1)_A0004,0.4273374344168565
2041,totalVI likelihood-consistent + D1 head,ADT_CD28_A0204,0.48702150011218825
2041,totalVI likelihood-consistent + D1 head,ADT_CD29_A0570,0.7098593666326474
2041,totalVI likelihood-consistent + D1 head,ADT_CD300LG(Nepmucin)_A0416,0.3873068574934507
2041,totalVI likelihood-consistent + D1 head,ADT_CD301a(MGL1)_A0551,0.5814287489316029
2041,totalVI likelihood-consistent + D1 head,ADT_CD301b(MGL2)_A0566,0.47462481999240475
2041,totalVI likelihood-consistent + D1 head,ADT_CD304(Neuropilin-1)_A0552,0.583780619657278
2041,totalVI likelihood-consistent + D1 head,ADT_CD326(Ep-CAM)_A0449,0.6106877785997178
2041,totalVI likelihood-consistent + D1 head,ADT_CD335(NKp46)_A0184,0.40004947903129845
2041,totalVI likelihood-consistent + D1 head,ADT_CD357(GITR)_A0193,0.6161737956565472
2041,totalVI likelihood-consistent + D1 head,ADT_CD36_A0555,0.567523396538846
2041,totalVI likelihood-consistent + D1 head,ADT_CD366(Tim-3)_A0003,0.49399207975160137
2041,totalVI likelihood-consistent + D1 head,ADT_CD370(CLEC9A_DNGR1)_A0556,0.5459059276518304
2041,totalVI likelihood-consistent + D1 head,ADT_CD38_A0557,0.7905856256159357
2041,totalVI likelihood-consistent + D1 head,ADT_CD4_A0001,0.8504213493463342
2041,totalVI likelihood-consistent + D1 head,ADT_CD41_A0443,0.6231773533928154
2041,totalVI likelihood-consistent + D1 head,ADT_CD43_A0110,0.6495908833215988
2041,totalVI likelihood-consistent + D1 head,ADT_CD45_A0096,0.4471941223633875
2041,totalVI likelihood-consistent + D1 head,ADT_CD45.1_A0178,0.5439066239362119
2041,totalVI likelihood-consistent + D1 head,ADT_CD45.2_A0157,0.37483959429173297
2041,totalVI likelihood-consistent + D1 head,ADT_CD45R-B220_A0103,0.5536051910689556
2041,totalVI likelihood-consistent + D1 head,ADT_CD48_A0429,0.5834127668242658
2041,totalVI likelihood-consistent + D1 head,ADT_CD49d_A0078,0.6711042489280644
2041,totalVI likelihood-consistent + D1 head,ADT_CD5_A0111,0.724697788285491
2041,totalVI likelihood-consistent + D1 head,ADT_CD54_A0074,0.828318825403636
2041,totalVI likelihood-consistent + D1 head,ADT_CD55(DAF)_A0558,0.7258942946515676
2041,totalVI likelihood-consistent + D1 head,ADT_CD62L_A0112,1.0425792972845642
2041,totalVI likelihood-consistent + D1 head,ADT_CD62P(P-selectin)_A0229,0.4569302318526781
2041,totalVI likelihood-consistent + D1 head,ADT_CD63_A0559,0.47117416719564686
2041,totalVI likelihood-consistent + D1 head,ADT_CD64(FcrRI)_A0202,0.5167977726990512
2041,totalVI likelihood-consistent + D1 head,ADT_CD68_A0560,0.44763446739568785
2041,totalVI likelihood-consistent + D1 head,ADT_CD69_A0197,0.5485306853746801
2041,totalVI likelihood-consistent + D1 head,ADT_CD71_A0441,0.5771190999353298
2041,totalVI likelihood-consistent + D1 head,ADT_CD73_A0077,0.7204967281954499
2041,totalVI likelihood-consistent + D1 head,ADT_CD79b(Igb)_A0561,0.5820675469485288
2041,totalVI likelihood-consistent + D1 head,ADT_CD83_A0562,0.3596642832355069
2041,totalVI likelihood-consistent + D1 head,ADT_CD86_A0200,0.8203620693169992
2041,totalVI likelihood-consistent + D1 head,ADT_CD8a_A0002,0.7156431495025829
2041,totalVI likelihood-consistent + D1 head,ADT_CD8b(Ly-3)_A0230,0.8733145954036459
2041,totalVI likelihood-consistent + D1 head,ADT_CD90.1(Thy-1.1)_A0380,0.3739118154332258
2041,totalVI likelihood-consistent + D1 head,ADT_CD90.2_A0075,0.7920901818023518
2041,totalVI likelihood-consistent + D1 head,ADT_CD93(AA4.1_earlyBlineage)_A0113,0.5671125347403996
2041,totalVI likelihood-consistent + D1 head,ADT_CX3CR1_A0563,0.4863664741401811
2041,totalVI likelihood-consistent + D1 head,ADT_ESAM_A0596,0.5259215408604082
2041,totalVI likelihood-consistent + D1 head,ADT_F4-80_A0114,0.6021722764597137
2041,totalVI likelihood-consistent + D1 head,ADT_FceRIa_A0115,0.5418269424701934
2041,totalVI likelihood-consistent + D1 head,ADT_FolateReceptorb(FR-b)_A0564,0.5646484779403388
2041,totalVI likelihood-consistent + D1 head,ADT_H-2KbboundtoSIINFEKL_A0231,0.5291137296659335
2041,totalVI likelihood-consistent + D1 head,ADT_I-A-I-E_A0117,0.8494790834642141
2041,totalVI likelihood-consistent + D1 head,ADT_IRF4_A0249,0.512686421612522
2041,totalVI likelihood-consistent + D1 head,ADT_IgD_A0571,0.7977486904728273
2041,totalVI likelihood-consistent + D1 head,ADT_IgM_A0450,0.5164196103905939
2041,totalVI likelihood-consistent + D1 head,ADT_Ly-6A-E(Sca-1)_A0130,0.9748521009744757
2041,totalVI likelihood-consistent + D1 head,ADT_Ly-6C_A0013,0.5557779939489365
2041,totalVI likelihood-consistent + D1 head,ADT_MAdCAM-1_A0232,0.515883339381971
2041,totalVI likelihood-consistent + D1 head,ADT_MERTK(Mer)_A0565,0.5247412134275378
2041,totalVI likelihood-consistent + D1 head,ADT_NK-1.1_A0118,0.5760179024522891
2041,totalVI likelihood-consistent + D1 head,ADT_Notch1_A0442,0.4914735142285936
2041,totalVI likelihood-consistent + D1 head,ADT_PanendothelialCellAntigen_A0381,0.5632029902289062
2041,totalVI likelihood-consistent + D1 head,ADT_SiglecH_A0119,0.5247652281754948
2041,totalVI likelihood-consistent + D1 head,ADT_TCRVb5.1_5.2_A0354,0.739643056754647
2041,totalVI likelihood-consistent + D1 head,ADT_TCRVb8.1_8.2_A0235,0.5938533143464407
2041,totalVI likelihood-consistent + D1 head,ADT_TCRVr1.1-Cr4_A0209,0.3967297214668587
2041,totalVI likelihood-consistent + D1 head,ADT_TCRVr2_A0211,0.5493739285270907
2041,totalVI likelihood-consistent + D1 head,ADT_TCRVr3_A0210,0.4251159423851486
2041,totalVI likelihood-consistent + D1 head,ADT_TCRbchain_A0120,0.6140807304809793
2041,totalVI likelihood-consistent + D1 head,ADT_TCRr-d_A0121,0.5425954672517638
2041,totalVI likelihood-consistent + D1 head,ADT_TER-119-ErythroidCells_A0122,0.46734527642138557
2041,totalVI likelihood-consistent + D1 head,ADT_Tim-4_A0567,0.5490197735277335
2041,totalVI likelihood-consistent + D1 head,ADT_XCR1_A0568,0.535132007107171
2041,totalVI likelihood-consistent + D1 head,ADT_anti-P2RY12_A0415,0.5357678013559019
2041,totalVI likelihood-consistent + D1 head,ADT_integrinb7_A0214,0.6957252866689473
